:020000041000EA
:1000000000B5324B212058609868022188439860DF
:10001000D860186158612E4B002199600221596106
:100020000121F02299502B49196001219960352056
:1000300000F044F80222904214D00621196600F024
:1000400034F8196E01211966002018661A6600F04E
:100050002CF8196E196E196E052000F02FF8012189
:100060000842F9D1002199601B49196000215960AB
:100070001A491B48016001219960EB211966A021F2
:10008000196600F012F800219960164914480160C1
:100090000121996001BC002800D000471248134993
:1000A000086003C880F30888084703B5996A0420EC
:1000B0000142FBD001200142F8D103BD02B5186610
:1000C0001866FFF7F2FF186E186E02BD00000240BE
:1000D000000000180000070000035F00212200005C
:1000E000F4000018222000A00001001008ED00E03C
:1000F00000000000000000000000000074B24E7A12
:1001000000200420F7010010CB010010CD010010E9
:10011000C9010010C9010010C9010010C901001077
:10012000C9010010C9010010C9010010CF01001061
:10013000C9010010C9010010D1010010D301001045
:10014000C1010010C1010010C1010010C101001067
:10015000C1010010C1010010C1010010C101001057
:10016000C1010010C1010010C1010010C101001047
:10017000C1010010C1010010C1010010C101001037
:10018000C1010010C1010010C1010010C101001027
:10019000C1010010C1010010C1010010C101001017
:1001A000C1010010C1010010C1010010C101001007
:1001B000C1010010C1010010C1010010C1010010F7
:1001C000EFF30580103800BE00BE00BE00BE00BECA
:1001D00000BE00BEF2EB8871904C0110BC4C0110C7
:1001E0003802001090A31AE71E481F49086006C88D
:1001F00081F3088810471D480068002801D019487D
:10020000F3E70DA40ECC002902D000F012F8F9E7B4
:100210001749184A002000E001C19142FCD116495B
:100220008847164988471649884700BEFDE701C937
:1002300001C29A42FBD37047BC4C0110C0000020A1
:10024000301900202C65011000000420000004205B
:100250002C65011000100420001004200000000094
:10026000704700000000000008ED00E0000000D032
:10027000301900205030002061510010E90B0010AF
:1002800021510010F8B5C0460448054B10B5834213
:1002900003D0044B002B00D0984710BD301900202C
:1002A000301900200000000006480749091A8B1089
:1002B000C90FC91810B5491003D0044B002B00D04A
:1002C000984710BD301900203019002000000000B0
:1002D00010B5074C2378002B09D1FFF7D5FF054B4C
:1002E000002B02D0044800E000BF0123237010BDA2
:1002F000681D002000000000200C0110054B10B507
:10030000002B03D00449054800E000BFFFF7CCFFF5
:1003100010BDC046000000006C1D0020200C011024
:1003200010B500240100C06982B08068009408F014
:100330001FFD02B010BDC046F0B54546DE4657462B
:100340004E46E0B51F001823984604008BB0804449
:100350000D00160041460822684603F0A3FA20006B
:100360002269636908F05CFB002800D0F0E0002FF0
:1003700000DAE5E0149B002B03D01A00DB680133A0
:10038000D360002D00D1F2E02B7F002B03D12A6A2D
:100390006B6AB6185F414146082268460296039789
:1003A00003F080FA2269636906A808F0B5F8069B95
:1003B00020009B46079B9A46089B9946AB6A05938B
:1003C000EB6A049308F0CAFB3023149A8561C2617A
:1003D000EB5C8046002B59D1049B002B67DB2B7F05
:1003E000002B15D1A86BE96B002803D180231B06D5
:1003F00099420DD0059A049B08F02AF807000E00D8
:10040000514500DDBBE000D1B6E0BB4500D1C3E003
:100410005B4606935346210007934B46102210314A
:100420006846089303F03EFA099B0799089A0698D4
:1004300008F056F84342584181444B46102206A921
:100440004046089303F02EFA0822684608A903F0F4
:1004500029FA2000069A079B08F0E2FA002866D1E4
:100460002800102206A9383003F01CFA4146A06C7F
:1004700009F0E2FF606F431C00D571E063670BB0C9
:10048000F0BCBB46B246A946A046F0BD08F0A0F8B5
:1004900080197941236A9B46636A9A46994261DDD5
:1004A00083468A4600239946049B002B97DA5B46D5
:1004B0000693534607934B4606A9102240460893DD
:1004C00003F0F0F94146A06C09F0BAFF00289FD074
:1004D0004E464746A8465D4601365346102206A9B9
:1004E000380007930896069503F0DCF93900A06CF4
:1004F00009F0A6FF01360028EFD10822684608A9B6
:1005000003F0D0F92000069A079B4546B84608F04C
:1005100087FA00280BD12800102206A9383003F0F2
:10052000C1F93900A06C09F087FF0020A7E71498F3
:1005300009F068FA2000414608F002FC00209EE71E
:1005400032003B0036480AF0A7F80026002711E7E2
:10055000149809F057FA33480AF09EF800208EE705
:1005600001238BE799429DD158459BD998E7149870
:1005700009F048FA002082E7584500D845E74823AB
:10058000EB5C022B29D0032B0FD0012BCFD0002303
:10059000BB46B24699463BE7B24500D038E7059BDB
:1005A000049A134300D033E7E9E7200008F0D6FAB5
:1005B0002900060010223831856103F073F93100FB
:1005C000A06C09F03DFF011E02D0A06C09F044FFB1
:1005D0003100200008F0B4FB1AE7200008F0BEFA52
:1005E0002900814638311022856103F05BF94946C4
:1005F000A06C09F025FF00280CD0149908F0AEFB80
:100600004146200008F09CFB2000494608F098FB7A
:10061000002034E74946200008F092FBB7E7C046C7
:10062000480C0110200C011070B5050004000600F4
:100630000A4B40358366280009F01EFBE36C183630
:10064000002B05D001222800A16E09F00FF9E0640B
:1006500030000023024AFFF763FE70BD900C0110CA
:1006600000943577F8B505009426040007000B4B7D
:100670006C358351280009F0FFFAA36F1837002B5F
:1006800005D001222800A15909F0F0F8A067380030
:100690000023034AFFF744FEF8BDC046A00C01103A
:1006A00000943577F8B50400806809F079FC1D4B9B
:1006B0002000E35C18305A1E93412C22A354A3233C
:1006C0009B00E15800292BD00B685A1E9341DBB2E6
:1006D000382227002600A35409F072F9A06809F017
:1006E00063FC114D40373800A56609F0C5FAE36C8C
:1006F0006C36002B05D001223800A16E09F0B6F847
:10070000E06494273000E55109F0B6FAA36F002B9E
:1007100005D001223000E15909F0A8F8A067F8BD22
:100720000023D5E7C902000018100110B620F8B563
:10073000800008F0FFF8A0239B00C3180363012387
:1007400098225B42C363DB1840638350C0328350FE
:1007500002006132FF32FA33C250683A3C3BC25069
:100760008025030000242D06E0331C605D60E82234
:1007700000230600C0218350C136E73A4250FF36BD
:100780009031465046183C39465001003931FF310E
:100790000C604D60A021B0264900435028394250DA
:1007A00050314350264976008151B221E02749005B
:1007B0004050403143500431435022495436815116
:1007C00004368351103682511F4E7F00C651E226F7
:1007D0007600805140368351043683510C36815166
:1007E000BF3F04368351FF3F103687518827174E8D
:1007F000BF00C6518926B600805140368351043669
:1008000083510C3681519E2189004350403141185B
:100810000C604D60B021890043503900C419B031DB
:10082000445044183C394450043142501831435428
:10083000303943508361A4239B00C2508262F8BDCB
:1008400029060010B00C011065060010A506001066
:1008500010B50AF039FE10BD70B504000AF0E6FDCF
:100860000AF06CFE002804D10AF06EFE002816D1B2
:1008700070BD2500230001227C3354351A702800F6
:1008800009F0FAF9236E002BEED001222800E16F67
:1008900008F0ECFF20660AF057FE0028E8D025009B
:1008A00023000122AC3384351A70280009F0E4F9E2
:1008B000EB68002BDCD0AC2301222800E15808F0C3
:1008C000D5FFE860D4E7C046A020F8B5800008F066
:1008D00031F8030028330362C0220023B821C0642A
:1008E00083502F4A90244250BC228C2580504032A5
:1008F00083502C49043283500C328150043283508F
:10090000103AFF3A64000251274C6D0044518E2486
:100910006400005140340351043403510C3401513C
:10092000B82149004350010080250024B1312D0633
:10093000FF310C604D600600DC2119364900435040
:10094000FF361031465046183C394650043142506B
:100950000431425488260100B600B8318151183E56
:100960008619346075608426B60083511036871965
:100970003C3E8751043682510436835574368619BD
:10098000346075609A24A40003519E239B00C150DB
:10099000C1183C3BC1500433C250183BC250F8BD93
:1009A00051080010B00C0110590800108023F0B558
:1009B0008769C5583433C4583B7DC66C83B0002B5F
:1009C0000CD1337D002B1AD12B7D002B28D1237D18
:1009D000002B36D10AF0CCFB03B0F0BD00238022FF
:1009E00000210020009310330AF02AFB012300228B
:1009F0000021B86A0AF0D0F8337D002BE4D0002340
:100A0000802210210020009310330AF019FB0123EB
:100A100010220021B06A0AF0BFF82B7D002BD6D03F
:100A20000023802220210020009310330AF008FBCD
:100A3000012320220021A86A0AF0AEF8237D002BB2
:100A4000C8D00023802200933021002010330AF008
:100A5000F7FA012330220021A06A0AF09DF8B9E7D5
:100A6000084B10B51A78002A00D010BD01321A7058
:100A70000AF010F804480AF007F800200AF016F807
:100A8000F3E7C04641300020002D0110F0B5D8201A
:100A9000C646800000B507F04DFF03002033836198
:100AA00002003433C3648023883240648067C250BC
:100AB0002C33C05034320833C2502C33C050F02293
:100AC0000023E8218350454AA8244250EC22A42563
:100AD0008050403283504249043283500C3281505E
:100AE00004328350403AFF3A640002513D4C6D009D
:100AF0004451A6246400005140340351043403518E
:100B00000C340151D021040049004350E8345831DD
:100B10004450010080250024E1312D06FF310C6096
:100B20004D600600F421F93649004350FF362C3958
:100B300046500431425004314354743141180C6022
:100B40004D60902189004350B03E10314650471807
:100B50003C3947500431802742500421BF00C15125
:100B60009037C7193C607D60A627BF00C35110377E
:100B7000BC46844488466146C6513C3FC15141460B
:100B80000437C251183FC151BA21890047183C604F
:100B90007D60BC27BF00C3511037BC46844461460A
:100BA000C6513C3FC15141460437C251183FC15163
:100BB000D021890047183C607D60D224A4000351F5
:100BC000D6239B00C650C4183C3BC4500433C250CB
:100BD0004246183BC25080BCB846F0BD610A0010C6
:100BE000B00C0110AD09001010B50021002009F073
:100BF0005FF910BD7047C046002210B505240A4BAE
:100C00008AB01B680892079206920592039202929C
:100C100002320192013A00920449002204940448ED
:100C200008F082FF0AB010BD3C220020B40C011075
:100C3000B01A0020014B036001207047B01A002059
:100C4000F0B5DE4657464E464546E0B587B0FFF75D
:100C50006DFDFE4B002298468360A82300219B0077
:100C6000C31819605A60AA239B000600C31801200C
:100C70004042C11718605960AE23802500249B00B4
:100C80002D06F3181C605D6000239946B02348468A
:100C90009B00F0500C33F0504C3BF018002108F052
:100CA00097FD30000021183008F092FD4846E84BCF
:100CB000F05433009933FF331C605D601C665D6641
:100CC00096239B00F3181C605D60FFF7FDFD434613
:100CD00083600023DF4A07008261C36180239B4653
:100CE000823B9A46B02150465B46F85078504346C6
:100CF0007862584619583B0038009933B830FF33B2
:100D000008600022190000230A604B600023D14ACA
:100D10008A60CB6043463A009B6F7932FF321A609B
:100D2000E2234A465B00FA503B00F0331C605D60F2
:100D30001C665D66FFF7AAFE434683605346514634
:100D4000C36103658633C1503433C15059464346AD
:100D500002005B58E8325A6003002133FF331C6005
:100D60005D601C665D66BC4B4946F360C023013480
:100D70005B0071613200F45001900431012007F0F2
:100D8000BBFDC621490070508A4689393200FF39BF
:100D9000012007F0B1FDC421542549007050853968
:100DA0003200FF39012007F0A7FDAC46C223B4444E
:100DB00061465B00F0505C3301603200F4500291F8
:100DC0000120042107F098FD9935FF35705132005C
:100DD0000421012007F090FDF4236D3D5B00F050ED
:100DE00032000421FF3D012007F086FDAC46F223CE
:100DF000B44465465B00F0500395056002255C3302
:100E0000F55032000421022007F076FD93239B0069
:100E1000F05032000421022007F06EFD92239B0067
:100E2000F05032000421022007F066FD91239B0060
:100E3000F050039B02994360884B0160FB60484679
:100E4000D8237E61F8506033FD503A00042102300F
:100E500007F052FD4335FF3578513A000421022056
:100E600007F04AFDAB46043D78513A0004210220C8
:100E700007F042FD68218C469822BC4461469446A6
:100E80009E23BC4462465B00F85005924260744B5E
:100E9000019A0160D360842348465B005661D050BC
:100EA0006033D050DC3B893034667666FF30F450D6
:100EB0000433F65033588838320004911C60042102
:100EC000FF3807F019FD5346F35880221860019B44
:100ED00092009C4662440260F42040003358E83897
:100EE00092461C6032000421FF3807F005FDF6220F
:100EF0005200B3586C321860019B04219C46624436
:100F0000026092208000335891461C60320001201C
:100F100007F0F2FC93239B00F358320018609220F4
:100F20008000335804215C60012007F0E5FC932326
:100F300052469B00F358042158601B681A604B46C8
:100F40000360A4237C67BF67FC500433FF507B59C8
:100F50003A001C60012007F0CFFC5B46FB583A00CA
:100F600018607B5904215C605C46012007F0C4FCDA
:100F70003B59340058601B68A8341C60731CFF3355
:100F800003603800A0235430F05030305C33F05010
:100F90003000019A403003009061404601242C3318
:100FA000D3640299036D039D1960049928485D601C
:100FB000D9602C4D0599644232189A601961022259
:100FC0002000290008F06EFB33007133FF331860F6
:100FD000596003222000290008F064FB3300D1335C
:100FE000FF331860596004222000290008F05AFBE2
:100FF0008C239B00F3181860596000222000290000
:1010000008F050FB3B00C8331860596001222000F3
:10101000290008F047FB3B002933FF331860596073
:1010200000222000290008F03DFB019E052233002C
:10103000F833186059602000290008F033FB593656
:10104000FF363060716007B00EE0C046B01A002075
:10105000C902000000E1F505C80C0110D40C011014
:10106000DC0C0110FFFFFF7FF0BCBB46B246A94677
:10107000A046F0BD7047C046094A83009A1810B5D3
:1010800014684022544080322240064CC000A446DE
:1010900063441A60044B9C466044416010BDC046E6
:1010A00004C0014004D0014000400140074B8000D3
:1010B000C3181B68C90092000A435A400C2313400E
:1010C000034A9446604403607047C04604C0014030
:1010D00004D001400123D022834012069362936121
:1010E000094A83009A1811684022514080320A4010
:1010F0000649C0008C4663441A60054B9C46052394
:10110000604443607047C04604C0014004D00140C1
:10111000004001408023DB051868000F7047C0467F
:101120000FB400B5084883B004F0E2F9049B002B2B
:1011300007D005A91800019103F088FF034804F0C7
:10114000D7F9012003F09AFFE40C0110D41101102B
:10115000EFF3108072B6034A1368002BFCD0BFF384
:101160005F8F70472C0100D0BFF35F8F0022024BCE
:101170001A6080F3108870472C0100D070B5EFF32F
:10118000108C72B60D4D2B68002BFCD0BFF35F8F17
:101190000724CB08C618C05C01230C40A3401C00E8
:1011A0000440034207D118433070BFF35F8F2C60B7
:1011B0008CF3108870BD1000FFF7B2FF2C0100D037
:1011C000F8B54746CE46884680B5EFF3108C72B628
:1011D000214D2C68002CFCD0BFF35F8F9A422CD895
:1011E000D4080727055D061901241740BC402C428E
:1011F0001FD007210127894609E0D408055D06199B
:101200004C4639001440A1400C00294211D0013253
:101210009342F2D201204042BFF35F8F00220E4B77
:101220001A608CF3108800280FDBC0BCB946B046AA
:10123000F8BD254310003570EEE7BFF35F8F002344
:101240002B608CF31088012040424346002BECD0E9
:101250000898FFF765FFC0462C0100D0044A1078BB
:10126000431CDBB2172B00D9102313707047C04604
:101270002811002010B5064B064C82B001000093E7
:1012800018221F232000FFF79BFF02B010BDC046AD
:10129000F40C01106C2700200021044B044ABFF31A
:1012A0005F8F02C39342FAD17047C046000100D05D
:1012B000800100D0054B064A1360064A1360536054
:1012C0009360D36013615361936170478080808025
:1012D00000E400E004E400E01F2318401E3B8340CC
:1012E000002905D0C021044A4900535013607047BB
:1012F000802201498B50FAE700E100E001228240A0
:10130000034B1B6813405A1E9341D8B27047C04626
:1013100000E100E001238340014A13607047C046AA
:1013200000E200E0064B10309B688000C358054A7D
:1013300000209B1A2F229A424041C0B27047C046FB
:1013400000ED00E02C11002070B50D00EFF31086C9
:1013500072B60F4A1368002BFCD0BFF35F8F0D4BA2
:1013600010309B6884001B590B4A934203D09D4266
:1013700001D001F0B7F9074B9B681D51BFF35F8F98
:10138000BFF35F8F0022024B1A6086F3108870BD96
:10139000240100D000ED00E0C1010010F0B5574677
:1013A0004E46DE464546E0B585B006000091170082
:1013B000EFF3108B72B66A4A1368002BFCD0BFF3B0
:1013C0005F8F0025674B5D579A46002D00DAA9E034
:1013D0006B00654C01935B199B009846A146C14484
:1013E0004B4652469B7910361370604BB6009B6893
:1013F00099590B1B2F2B33D95D4B994200D0ACE090
:10140000019B42469C465B4B6544AD0063535A4B7F
:101410000232A218043B9B1A1B05584A5B0D651942
:1014200013436B80564B0121AB80FF23AB71009BB4
:10143000EF71AB604B460B4319004C4B9B689951C5
:10144000BFF35F8FBFF35F8F0022454B1A608BF3B2
:10145000108805B0F0BCBB46B246A946A046F0BD18
:1014600001200A008243D3798C46BB4231D84546DD
:10147000130044491B1B5B415943090D3D4B63530A
:101480003D4B02356519043B5B1B1B053B4D5B0D5A
:101490002B43AA464D466B800425AC465546E04496
:1014A000131F44441B1B1B055B0D1D434B469971C9
:1014B00000999D8099604946DF71334B0143136069
:1014C000BBE75800C01880002018C179B9422FD955
:1014D00002000623D356002BF3DA02932B4B61460E
:1014E0000393131D9A4604235B429C46E1445046F5
:1014F0004B461B1A1B055B0D9C46204B957198466D
:101500006346404603439380019B5A199200039B14
:10151000A418A380029B1C4AA371009B2260E77160
:10152000A3608AE701F0DEF8002553465D574FE7D8
:10153000908802934005131D9A46031561469C4608
:101540004046D444634604302018181AE0230005AE
:10155000400D1B0218430390C5E701F0C3F84FE7A5
:10156000240100D0473000202C11002000ED00E0C5
:10157000C101001000A1FFFF5C11002000E0FFFF8F
:1015800001BDFFFFAAAA00000148804701BD00007D
:10159000F0B5DE4657464E464546E0B50C0083B0F2
:1015A000EFF3108872B6634A1368002BFCD0BFF3C8
:1015B0005F8F614B61499A68030010339F00D559D2
:1015C00000938D4243D0A54254D05D4EAA1B2F2AD2
:1015D0003DD85C4B9C461B689A4601231A009946ED
:1015E0008240534613401F2201934B4602409340D2
:1015F0009A468022634650469850BFF35F8FEFF3C0
:1016000005839B46002B37D0009B5B4501D001F042
:1016100069F82A004B469A439068844208D177E0E3
:101620004B005B189B00F3189868844236D01A0070
:10163000062151560029F3DA844255D0019B002B34
:1016400027D0C02251463F4B5200995019603A4B67
:101650009B68DD51BFF35F8FBFF35F8F0022354B77
:101660001A6088F3108803B0F0BCBB46B246A946A6
:10167000A046F0BD0D00EAE72A004B469A43906869
:101680008442D5D106201056130000280ADA0D0036
:1016900032E0802351462B4AD150D8E70620185615
:1016A000002822DB42001118890074188946A168BD
:1016B0009960E179D971062161569971002925DB7C
:1016C000A488F11A640524154C440919E02409057D
:1016D000490D24022143998013181B4A9B0011785D
:1016E000F31899711070A9E713005946002914D115
:1016F000FF3191711549918013490A789A71144A02
:101700009B1B5B415A43120D0A7097E71149E2E7B0
:101710000620105613000028C4DA0F4A0F49D21AC7
:10172000083A5002400D014399800D4952080A437E
:10173000DA8083E7240100D000ED00E0C101001051
:101740002C11002000E100E04730002001BDFFFF28
:10175000AAAA000001BD00006611002000F0FFFFF2
:1017600000F8FFFF70B501240443EFF30581EFF3A8
:10177000108C72B6214A1368002BFCD0BFF35F8F28
:101780001F4B05001F4AED1A6D416A43120D1E4D95
:101790008900AE6852B27658A6421CD0062159562E
:1017A00091421CD012215956914222D01E215956E5
:1017B000914220D02A2159560324914210D0134B34
:1017C00019781A708171BFF35F8F00220B4B1A607A
:1017D0008CF3108870BDAB680D4C5C50EFE70024B3
:1017E0006100091989005B18FF21997109499980E5
:1017F000E5E70124F4E70224F2E7C046240100D023
:101800002C110020AAAA000000ED00E047300020C3
:10181000C101001001BDFFFF10B5084B084C82B09C
:1018200001000093002205232000FFF7C9FC0028D7
:1018300001DB1F23181A02B010BDC046100D0110A5
:101840004D30002070B504000E001500FFF706FDB6
:101850000100200000F006F8A680E580BFF35F8F4E
:1018600070BDC046024B9C466144890001607047D0
:101870004000003470B5114C114DAC420FD2FF2620
:101880002368002B0CD0FFF7E9FC01002000FFF7D4
:10189000E9FFA680BFF35F8F0834AC42F0D370BD80
:1018A000FFF7DCFC01002000FFF7DCFF2671BFF32F
:1018B0005F8F0834AC42E3D3F1E7C0462019002023
:1018C0003019002010B50400FFF7C8FC010020000B
:1018D000FFF7C8FFFF232371BFF35F8F10BDC04622
:1018E00010B504000120FFF7C5FC034BC3189B0093
:1018F0002360BFF35F8F10BD40000034034B9C4654
:10190000614489000160BFF35F8F7047400000347D
:101910000A4B1968EFF3108072B60A68002AFCD0EF
:10192000BFF35F8F1B68BFF35F8F00221A6080F3E5
:10193000108840BF002000217047C04614300020AE
:10194000F0B5DE4657464E464546E0B583B0EFF368
:10195000058203231340B54A9900525800919046DE
:1019600001229A409346B24B1A60B24B01935B46F8
:10197000B1484363434608229B5E9946002B3ADAFE
:1019800043469B881BB2002B00DB9DE043469B79BE
:10199000002B00D0E1E0434608241C5F002C20DB34
:1019A00043465A6963001B19DB00D3189D68DC6845
:1019B0006B1C00D103E1A048009984466144826A0F
:1019C0000B69AE1A9B1A9E4213D35A46036A1A42F7
:1019D0000FD0994800F0A8FB8C4202DCC7D18542A9
:1019E000C5D940BF03B0F0BCBB46B246A946A0462D
:1019F000F0BD0D61EDE7424652695B0092464B44F3
:101A0000DB009A4453469E68DF6800F08DFB8F42EE
:101A1000B6DC00D1F8E0002F00DAD9E05246534698
:101A200054691B69019A934200D1CCE04146524669
:101A30000820085E528800042100104398470400E3
:101A40000D0023002B4300D1C2E0002D00DBDFE0BE
:101A500030003900001BA94153469860D96000222C
:101A60009A5E002A00DA8BE743465D6953009C18B2
:101A7000E4002C19A768E4688C4200DD80E702D1FD
:101A8000874200D97CE74646328108360DE08C4219
:101A900000D1C6E01E000023F25E002A0ADB5300DC
:101AA0009C18E4002C19A768E4689B18DB00EB186D
:101AB0008C42ECDD53461A804B46338043469B886C
:101AC0001BB2002B00DA61E743461A69EFF310817D
:101AD00072B61368002BFCD0BFF35F8F43469E881D
:101AE000012342465B42938036B21369BFF35F8F96
:101AF00000221A6081F31088002E00DA46E7434680
:101B00005D69083342469C467700BF19FF00EF1914
:101B1000BB68604698460823D15E9246FC6800295F
:101B200007DA0EE0A24246D018000023C15E002969
:101B300006DB4B005B18DB00EB18DA68A242F1DD34
:101B4000524606800023FE5E3980002EDCDA904685
:101B500043469B79002B00D11DE700234246937139
:101B6000434646460821595E08364B1C00D138E7EB
:101B700047468946556902E006004B1C18D04B00C9
:101B80005B18DB00E8180A008C46E95E43881BB24C
:101B9000002BF1DA01235B42DC178360C4604A4505
:101BA00003D031803B8903803A81E1464B1CE6D16A
:101BB000B8464C46F2E69A684245B5D9C0E7631C80
:101BC00000D0F8E605E7200023699847002825D1D2
:101BD000534642461B8813811269EFF3108372B695
:101BE00011680029FCD0BFF35F8F424651465288EE
:101BF0000A804246494651801269BFF35F8F002137
:101C0000116083F31088BBE6864200D803E7B7E68D
:101C1000094800F089FA001969411DE765682468E0
:101C20000FE7874200D835E744E7C046F42F00208D
:101C30003C700540411900100040054070B52E4C25
:101C40002569002D04D00A212C48FFF70BFE70BD3A
:101C50002B4E0321300000F05DFAE660FFF7FEFA3C
:101C6000284B03229C46D02322701B061B680121AF
:101C70006370254B6044A3600F2380002061022025
:101C8000638063694942A180198002311986473116
:101C90001D83585218315A5275325C399952183294
:101CA0000131995218320131995218320131995249
:101CB000083518329D5202311832995218320131CA
:101CC0009952183201319952183201319952183211
:101CD000013199521832013199520C4B0C49DC6098
:101CE00001303562FFF730FB01210320FFF7F4FAE2
:101CF000084B1D60A7E7C046741100201430002077
:101D00000040054040000034FFFF1000F42F002089
:101D100041190010386005400048704774110020D8
:101D2000F8B51F0008AB1B7804001600002B08D183
:101D300000F002FA32003B00121A8B41002B00DA4D
:101D400053E02269EFF3108072B61368002BFCD0C9
:101D5000BFF35F8F0223E15E63694A005218D2002D
:101D60009B18002937DB1A8862802269BFF35F8FD6
:101D70000025156080F31088069A9E60DF601A6166
:101D8000079A5A615A8801325204520C101C002AD8
:101D90001FD082B25880080410432669EFF31087E1
:101DA00072B63268002AFCD0BFF35F8FA2881A8017
:101DB000A1802369BFF35F8F00221A6087F3108828
:101DC0000B4923788C4601329A40E36863441A60D9
:101DD000F8BD0120DDE72369BFF35F8F00221A60A1
:101DE00080F3108801204042F2E70020F0E7C0466F
:101DF0003C20000070B501000469EFF3108C72B64E
:101E000020680028FCD0BFF35F8F02200D5E4C6974
:101E100068004019C0002418002D37DB2088488056
:101E20000869BFF35F8F002606608CF31088E360BB
:101E300063880498013320615B0405985B0CA26001
:101E400060611A1C002B1FD093B2280462801843D3
:101E50000A69EFF3108C72B61368002BFCD0BFF345
:101E60005F8F8B8823808D800B69BFF35F8F00228B
:101E70001A608CF310880B7801329A40CB680849BD
:101E80008C4663441A6070BD0122DDE70B69BFF325
:101E90005F8F00221A608CF3108801204042F2E725
:101EA0003C20000010B543890A1493421ADD530008
:101EB0009B184269DB00D3180469EFF3108C72B6EB
:101EC0002268002AFCD0BFF35F8F5A88090494B2BD
:101ED000090C8A4208D00369BFF35F8F00221A60A1
:101EE0008CF31088002010BD8022120214435C8005
:101EF000012302698371BFF35F8F002111608CF3AE
:101F00001088044902788C469340C26801206244DC
:101F10001360E8E73C20000040787047F0B504000B
:101F20000D0006267642F717C64636196F4100B5F2
:101F300082B08F4214D811D000F0FEF832003B007E
:101F4000121A8B41002B17DC002B47D020002900F0
:101F500000F030F902B080BCB846F0BD8642EBD943
:101F60000022002316001F0000F0E6F832003B00BC
:101F7000121A8B41002BE7DD00F0DEF832003B0047
:101F8000121A8B41002B0ADB00230193154B320000
:101F9000009315483B00FFF72DFF0028D6DB0023F8
:101FA0009C46B046114A124E736A9F4204D8B16AE9
:101FB0008845CBD99F42C9D11168EFF3108072B622
:101FC0000B68002BFCD0BFF35F8F1368BFF35F8FEC
:101FD0006146196080F3108820BFE5E7002AB5D07C
:101FE000CAE7C046111900107411002014300020F7
:101FF0000040054070B504000D0000F09DF88023FE
:10200000001969411B06994202D30120024940424E
:10201000FFF784FF70BDC046FFFFFF7FF0B5D646D7
:102020004F464646C0B504000D0082B0EFF3058769
:102030008946002F0ED0344900204B6AAB4203D3AF
:102040008A6A0130A24226D302B0E0BCBA46B14649
:10205000A846F0BD2D4B9846DB689A46434650464D
:102060001E7800F061F80B00514602000436B600FD
:10207000715820008E1A2900801A99418F4211DC74
:102080000ED020BF204A0020536A4B45DCD3926A11
:102090000130A242D8D25B1B5A1E9341D8B2D3E77B
:1020A0008642EED900F048F822002B00121A8B412C
:1020B000002B1ADB00230193154B220000934046AE
:1020C0002B00FFF797FE011E0FDD0F4B5A6A4A45A2
:1020D00017D39B6AA34212D34046FFF7E3FE0A4A96
:1020E0000020536A4B45AFD3D1E7074A0020536A1B
:1020F0004B45A9D3926A0120A242A5D2CBE74A451B
:10210000EAD120BFE8E7C046004005407411002036
:102110001119001010B5024A0248FFF72FF810BD40
:102120002C0D0110702700200300416A0A00986AF4
:10213000596A8A42FAD17047034B596A0A00986A71
:10214000596A9142FAD170470040054070B50400C9
:102150000D00174A536A1900966A536A8B42FAD1E6
:102160003000190024184D41AB4216D813D0104A44
:102170002B00526A954203D90D494A6A9A42FCD310
:102180009A4207D10A4A02E0516A994202D1916A01
:10219000A142F9D370BDA642E9D9054B5B6A1C0088
:1021A0005A1CEFD0012301246442E5175B42E3E7A8
:1021B00000400540064A536A9942FCD807D1044BB7
:1021C00002E05A6A914202D19A6A8242F9D3704778
:1021D00000400540F8B5040006200D0000F078F935
:1021E000002844D0374B3849E3185A1E93418022C7
:1021F000120494465B429B0D344A9B056344136072
:10220000334A136018000A689043FBD12D4B314AC2
:10221000E31859424B4180215B0049000620995246
:1022200000F056F92900C00000F0B4FB0130C309EA
:102230001ED1402701226262A362266BF30722D4DB
:10224000E36A254B0620E51800232B60266300F087
:102250003FF93900800000F09DFB7023E26A5A408C
:102260000E3313402B601D4B23630323A364F8BD7F
:102270001B4A93421ED900231A4A1B4F6262A36273
:10228000266BF307DCD5194B144AE3181A60656A0C
:10229000A36A0620AD01ED1800F01AF9144900F008
:1022A00079FBAD020100280000F074FB0021FFF76C
:1022B0004DFFC5E74006800E9F011A003F1803003E
:1022C000B9E7C0460080FCBF08C0004000E0004005
:1022D00000F00040203000202C100000010300001E
:1022E000FEFF0000FFFF0000C0FF3F003030000095
:1022F0004E0E0000F8B5DE464E4657464546E0B560
:102300008B4605000A991800160000F043FB0A9B53
:102310006C001F02324B64199C46A400644463683D
:1023200081469F4200D967602B1FDBB29846012B84
:1023300030D9C02380229B01E31812011A60294B77
:10234000AD0059599A4600291BD17301E026226835
:1023500053401E40802342465B01E3181E60012A61
:1023600030D9802380229B01E31812011A60534662
:102370004A4667605A51F0BCBB46B246A946A046E1
:10238000F8BD586900F006FB013043001B18033B01
:10239000FDD2DAE75B46012BCBD1C02303229B01A0
:1023A000E3181A60023AA3681A42FCD07301E026CF
:1023B0002268AD0053401E4080230A4A5B019246CA
:1023C000E3181E605A462168514003220A401A60F1
:1023D00001225B469A40A3681A42FCD0C1E7C0467E
:1023E0000080004078270020F0B546464F46D6468C
:1023F000C0B51F00344B44009C462418A40064441C
:10240000636888461600FF2B02D880235B00636058
:10241000031FDBB29A46012B30D9C02380229B01D7
:10242000E31812011A60294B850059599946002971
:102430001BD17301E026226853401E408023524680
:102440005B01E3181E60012A30D9802380229B01A2
:10245000E31812011A6080235B0063604B465F51F2
:10246000E0BCBA46B146A846F0BD586900F092FA01
:10247000013043001B18033BFDD2DAE74346012B32
:10248000CBD1C02303229B01E3181A60023AA36850
:102490001A42FCD07301E0262268850053401E409A
:1024A00080230A4A5B019146E3181E604246216878
:1024B000514003220A401A60012342469340A26819
:1024C0001342FCD0C1E7C0460080004078270020BE
:1024D000014B8000C058704778270020F8B50400F1
:1024E00021481E0017000D0000F054FA01003800CA
:1024F00000F050FA069B36041B031E432368002B92
:1025000020DB1A4B1A49E3185A1E9341802292018C
:1025100094465B421B0B174A1B0363441360164A25
:1025200013601F000A689743FBD1144B2560E21823
:102530002123A06013602368002BFCDA0823E660E7
:102540001360F8BD3F2322681340AB42D9D1A36882
:102550001B051B0D8342D4D1EE22E368D202134047
:10256000B342CED1EDE7C046001BB7000040FDBF2F
:1025700008C0004000E0004000F0004004300000CF
:1025800010B580241C4BE4051C6000281AD00123E0
:102590001A4C18431A4BDC611A4C44401C625962B5
:1025A00098628021144BC9051960174817490860C3
:1025B000E021C9041960002A07D18022144B1206B9
:1025C0001A6010BD0E4BD861EBE753019B1A9B00BC
:1025D0009A18802312015B049A4209D213000D4914
:1025E0000B60074B5A608022094BD2051A60E8E75E
:1025F000094B1A00F3E7C04600B00540D3C007B04E
:10260000008005402D3FF84FFCFF010008200140ED
:1026100000A00540E42F0020FFFFFF008023024AB6
:102620009B000B43D362704700800540142310B514
:102630000100188804331B88984710BD162310B575
:102640000100188802331B88984710BDF8B547462B
:10265000CE4680B50F1E19D01423994604330400CA
:102660000025012698464B461888434621681B885A
:10267000984701C4431E9841013540420640AF428D
:10268000F1D13000C0BCB946B046F8BD0126F8E72C
:10269000142370B50400188804331B880D00054905
:1026A000984703000020002C01DB0130A0402900E6
:1026B0009847C04655420000AA23064A1B011360F2
:1026C0008D235B00D3600449044B19605368002BD1
:1026D000FCDA70470040024000B0FA00006002409F
:1026E0007047C04610B50148FEF71AFD500D0110A5
:1026F00070B5074D074EB54209D20024013E761B46
:10270000B60808CD984723000134B342F9D170BD13
:10271000D80B0110140C0110054B064A06491A602B
:10272000064A074B1A6010000B689843FBD17047AC
:1027300000E00040BFCDFBFE08C00040FE7F3C0033
:1027400000F00040044BDB6C002B03D18022034BD4
:10275000D2021A607047C046000011504C20115040
:10276000044A054B1A60054A1368DB018033FBD12C
:102770007047C046FFFFFF0100F0004008C0004066
:102780004022034B9A675A671A67DA667047C04659
:1027900000F0014010B5FEF77FFD10BDF8B52749E8
:1027A000274C284D641AA6103200302E00D9302252
:1027B0002800920001F076F8BC2C3BD830202F2363
:1027C0002C196407204A801BE40F9B1B052B16D98C
:1027D0003700002C02D0B300771CEA50001B3319DD
:1027E0009B004108EB18C900C9181A605A600833E9
:1027F0009942FAD1012303421CD09843C619B30071
:10280000EA50731C2F2E15D09B00EA50B31C2E2EBD
:1028100010D09B00EA50F31C2D2E0BD09B00EA50E9
:10282000331D2C2E06D09B00EA50731D2B2E01D099
:102830009B00EA50054B9D60F8BDC04600010010AA
:10284000C001001000000020C101001000ED00E0F8
:10285000002310B5294C82B0A367FFF72DFF01229A
:10286000274B1A60636C012BFCD10322254B1A60A5
:10287000224A936B012BFCD1013300930121224AA0
:1028800022480433FFF72AFE052301210093204A42
:102890002048FFF723FE0022022104201E4BFFF7F1
:1028A000A3FD0022012105201C4BFFF79DFD002206
:1028B000002107201A4BFFF797FD00220021082076
:1028C000174BFFF791FD8023DB00009300220021CE
:1028D0000920134BFFF70EFD0022104B00210620AC
:1028E000FFF782FD0420FFF7F3FD0E4900F052F8D8
:1028F00001000020FFF792FE02B010BD00800040F2
:102900003CB0004030B00040002F685900800240C9
:10291000008C864700C00240001BB7004059730777
:10292000006CDC0240420F0001480421014B1847B3
:10293000901100204D260010014B9B6818470000A5
:1029400090110020124A936F9B0815D29066D166B1
:10295000002905D0FFE7FFE7FFE7516F106F7047D1
:1029600004B580210906C2175140002800D0C84391
:102970000EF0D2F8002104BDF0B5146E556E576FFD
:10298000166FFFF7E3FF1466556657671667F0BDCD
:10299000000000D0114A936F9B0813D21066516655
:1029A000002905D0FFE7FFE7FFE7516F106F704781
:1029B00004B5002801D00020C0430EF0ADF800217E
:1029C00004BDC046F0B5146E556E576F166FFFF715
:1029D000E5FF1466556657671667F0BD000000D026
:1029E00094464A4A926F9208624601D228E0C04655
:1029F000F0B5464E346E756E776F366F00F020F886
:102A00009446424A14665566576716676246F0BD9B
:102A100094463E4A926F9208624601D254E0C04604
:102A2000F0B53A4E346E756E776F366F00F04CF835
:102A30009446364A14665566576716676246F0BD77
:102A4000002B24DB11D000293EDA00B5C9434042F7
:102A500000D1013100F038F8C943404200D10131C2
:102A6000DB43524200D1013300BD002AEBD10028E4
:102A700001D1002905D00020C90FC90701D1C043E9
:102A8000410800B50EF038F80022002300BD00B563
:102A900000290ADBDB43524200D1013300F014F875
:102AA000C943404200D1013100BDC943404200D179
:102AB0000131DB43524200D1013300F005F8DB4322
:102AC000524200D1013300BD002923D1002B18D17F
:102AD000002A0CD0BC460D4F38667A6600210023D0
:102AE000FFE7FFE7FFE77A6F386F67467047002818
:102AF00001D00748010000B50DF0FEFF00220023C1
:102B000000BD02000B00002000217047000000D033
:102B1000FFFFFFFF002B00D0BFE0130C28D1002ADD
:102B2000E7D080B4114F39667A66FFE7FFE730B42B
:102B3000040C7B6F396F1B0423433B667A66FFE707
:102B4000FFE7FFE7C04684B27B6F3D6F1B04234362
:102B50003B667A66FFE7FFE7C04600232C042D0C96
:102B60007A6F386F00196941B0BC7047000000D01F
:102B7000F0B594460025140E01D112020835140F49
:102B800001D112010435940F01D192000235D40F06
:102B900001D152000135D40B0134254F7C66254C00
:102BA0003C660E0C93B2FFE7FFE7FFE73C6F66431E
:102BB000360C7703BE467343DF0B5B04C01AB94182
:102BC000130C7343DB18C91ACE086643360CB6449F
:102BD00093B273431F0F1B01C01AB941130C734307
:102BE0001F0B1B05C01AB941860D8F023E43664379
:102BF000360C092D24DB520A7243801A7703460AE9
:102C00006643360C16235B1BDE40DF40BF1964466B
:102C10006643821B7046043506330100D940A84044
:102C2000C01900D30131A24206D20023F0BD00003A
:102C3000000000D0FFFFFFFF121B0130F3D3F1E7CC
:102C400009277F1BFE406446A2B27243801A00D25D
:102C50000139220C7243130C1204821A99410B00A1
:102C60007046043513370100F940A840801900D39D
:102C70000131002B02D1A2420AD2F0BD013000D3B3
:102C80000131121BFAD2013BF8D1A24200D2F0BDB1
:102C9000013000D30131121BF7E7F0B51C0C00D056
:102CA00080E00CB400251C0A04D11B02160E33432D
:102CB000120208351C0B04D11B01160F33431201FD
:102CC00004359C0B04D19B00960F334392000235D0
:102CD000DC0B02D192185B4101351C00971864414E
:102CE0000134464F7C66464C3C660E0CFFE7FFE71E
:102CF000FFE7C0463C6F6643360C7703BE4697B28B
:102D00007743C01B00D20139C01B00D201399FB2EA
:102D10007743C91BC91B170C77437E04FF0B801B2D
:102D2000B941CE086643360C0C2D33DBB644120B8A
:102D30001F053A431B0B97B27743C01B00D20139E2
:102D40009FB27743C91B170C77433E043F0C801B8F
:102D5000B941860D8F023E43664329277F1BFE4003
:102D60000C3D7746AF40BF1930BCA2B2ABB2724344
:102D70007343801A9941220C7243130C1204801A77
:102D8000994102000B000137001BA941F9D2781EBE
:102D90000021F0BD0C277F1BFE4077467F0BAF4024
:102DA000FF19E0E700245D1C07D0144F7D663966EB
:102DB000FFE7FFE7FFE7FFE73C6F95B29EB2654391
:102DC0006643401BB141150C1E0C65436643360437
:102DD0002F0C3E432D04401BB141994204D2020006
:102DE0000B0020000021F0BD01D19042F7D3801AE2
:102DF000994101349942F2D3F6E70000000000D077
:102E0000FFFFFFFF48404140484018B41B4B5B6840
:102E1000FC46019308BD04DFBF30001018B4174B07
:102E20001B68FC46019308BD00DFC93000109446C2
:102E3000134A926F920809D2624618B40F4BDB68AE
:102E4000FC46019308BD0CDF813300100C4AF0B53D
:102E5000146E556E576F166F6246FFF7EEFF084A05
:102E60001466556657671667F0BD18B4034B9B6828
:102E7000FC46019308BD08DF25320010681B0020C6
:102E8000000000D0FFB550404240504059404B40F8
:102E9000594000E0FFB5154F4C00640D03D0BC4213
:102EA00004D10C0314D80020090D09055C00640D41
:102EB00003D0BC4204D11C030AD800221B0D1B0501
:102EC00001264B4009D44B4003D58B4200D18242AE
:102ED000FFBD9942FCD19042FFBD0B43DB18034379
:102EE0001343F5D0C9434918FFBD0000FF07000098
:102EF00000B5FFF7CFFF01D0002000BD012000BDCD
:102F000000B5FFF7C7FF804100BDC04600B5FFF721
:102F1000C1FF01D9002000BD012000BD00B5FFF7B1
:102F2000B1FF01D9002000BD012000BD00B5FFF7B1
:102F3000A9FF804100BD012040054A00121804D8B5
:102F40005A00121801D80020704701207047000075
:102F50000021002805D17047C1174840401AFAD017
:102F6000C90713B5064B1B6898470CBC441CA2400C
:102F70001005120B0349091B09051943114310BD24
:102F8000103000201F04000010B54C00620D80239B
:102F9000D218DB00D21A5B057E2A10DD9E3A13DAC6
:102FA000CC170903490819435242D1406400013447
:102FB0001532202A05DAD0400843604310BD0020B6
:102FC00010BD0846604310BDC80FC018013810BDC1
:102FD00018B4044B5B6AFC46019308BD24DF31350D
:102FE00000100000681B0020132370B51D78012D10
:102FF00019D014DD1F48FFF721FB06001E48FFF71C
:103000001DFB1E4C80223100200000F04BFC022DE5
:103010002DD01B48FFF70AFB1A4B186070BD1A4BE6
:10302000164CA364F5E7184B144C23606360A3604F
:10303000E36023616361A361E36123626362A3626E
:10304000E36223636363A363E36323646364A3644E
:10305000E36423656365A365E36523666366A3662E
:10306000E36623676367A367E367A364D1E7064B5F
:10307000A364CEE75344000053460000681B0020C1
:103080004C330000103000208D30001007B5604632
:1030900001880A0A0230DF2AFAD1C9B2820804D3B1
:1030A000028840880004104300E00068014A505044
:1030B000039007BD681B00200FB403BC0CBCF0B527
:1030C0000124E407634000E0F0B50C0DCF0F661E4D
:1030D0003605891B640503D3C943404200D301313F
:1030E000640D03D0661CF60A07D0E41B00207F00A5
:1030F000791C89078912803C24031D0DDF0F6E1E89
:1031000036059B1B6D0503D3DB43524200D30133CD
:103110006D0D03D06E1CF60A07D0ED1B00227F0058
:103120007B1C9B079B12803D2D032F1B661B58D4D5
:10313000A446202E46DA20371400BC401D00BD40B6
:10314000F24033412A4380185941CB0F05D0C9437F
:10315000C043002264425041514162464D0D28D186
:103160000D0D07D100281FD0241940414941013AD3
:103170000D0DF9D0640006D3013000D30131002CCD
:1031800001D140084000013A0BD4941CE40A04D158
:1031900012051144DB071944F0BDD907204B194330
:1031A00000E0D9070020F0BD0029DDD1002CDBD1E3
:1031B000F0BD0132C6074008CD0728434908002E5C
:1031C000E1D0D9E73C2E29DA203E40371400BC403C
:1031D00000D00124F24014431A00BB401C43D31713
:1031E000ACE7AC46202F08DA20360400B4400D00CE
:1031F000B540F84039412843A5E73C2F0CDA203F81
:1032000040360400B44000D00124F84004430800D4
:10321000B1400C43C117EAE710001900002494E7FD
:103220000000F07FF0B50C0D661E3605891BE60A1E
:103230006405640D02D0651CED0A04D00020012154
:103240000905803C2403A4461C0D671E3F05DB1BBB
:10325000E70A6405640D02D0651CED0A04D0002263
:1032600001231B05803C24037740644497B484B257
:1032700096B27443070C7E43150C6F4380B26843CB
:10328000361802D3012000043F183004350C001911
:103290007D41844688B29AB250430C0C62431F0CA5
:1032A0007C438EB27E43921902D301263604A419C0
:1032B0001604170C3618674101BC81B29AB251430B
:1032C000040C62431B0C5C4380B25843121802D3B7
:1032D0000120000424181004130C401863412D1819
:1032E0005E410020474106BC88B293B258430C0CA3
:1032F0006343120C544389B251435B1802D301213A
:103300000904641819041A0C091862416D18564111
:103310000020474118BCF902720D1143F0026A0DFA
:103320001043ED020A0D03D16D1940414941013BA3
:10333000124E9B1B7600B3420ED26D0007D30130B4
:10334000002671416646354301D1400840001B0507
:10335000C918E4072144F0BD0BDA013306D101306E
:1033600004D101314F0D01D04908F2E7E1070020F7
:10337000F0BD013631050020EBE70000FF0300003F
:10338000F0B51C0D671E3F05DB1BE70A6405640DE5
:1033900002D0661CF60A04D0002201231B05803CE3
:1033A0002403D0252D060026F6432E661E096E66E0
:1033B000CE0FF619B44649004F0D02D07E1CF60A16
:1033C00003D000200021403F3F033E1BB600B44421
:1033D000013F7F05C91B49082E6F013676089C0204
:1033E000950D25437543ED137543AD1301356D10F0
:1033F000F603761B0CB4CC02450D2C43A2B2B3B23B
:103400005A43270C7B43350C6F43A4B26C431B1902
:1034100002D3012424043F191C041D0CA4187D416F
:1034200024196D41009A91B2ACB26143170C7C43F0
:103430002B0C5F4392B25A43A41802D30122120408
:10344000BF182204230C52187B41019C6C431B19AA
:10345000520ED9010A434401A01A81B2B2B25143BB
:1034600003145A43360C734387B27743D617D219E5
:1034700000277E4136049B191704160C7F185E4105
:103480007316ED18F301002680337541A90F06D19C
:103490006400690AE8055B0A184309D22FE0042298
:1034A000944480337541A90AA8059B0A184326D382
:1034B000404149412404009A019B0D005543641B7F
:1034C0004343E41A95B286B27543170C7E43030C4E
:1034D0005F4392B25A43B61802D301221204BF18B6
:1034E0003204330C52197B4152429C41002C02D4CD
:1034F0000022013051414008CA071043490802B078
:103500006246D7079210084BD218084B9A4203D252
:1035100012058918C919F0BD0020002A01DC390004
:10352000F0BD01331905F5E7FD030000FE070000BB
:10353000002200B5203200F004F8080000BD0000B1
:1035400000220B150AD410B5944600F031F814147B
:10355000013400DA0021CB17144C20470020002151
:1035600070476244343A0CD40C2A07DA04009140C4
:10357000904052422032D440214310BDD843D94319
:1035800010BD203207D40C469440524220321141E3
:10359000D040204310BD0800C917203203D4524246
:1035A0002032104110BD1800190010BD6335001005
:1035B0000A0DCC0F531E1B05C91A520503D3C9436C
:1035C000404200D30131520D03D0531CDB0A07D017
:1035D000121B00206400611C89078912803A1203C3
:1035E000014BD21A70470000FF03000051434343D0
:1035F000C9188C46110C83B24B4310B4040C6143C0
:1036000092B280B2504362431C041B0C001910BCE0
:1036100059411304120CC018514161447047000015
:103620004840414048400E4B5B6818470C4B1B68B4
:1036300018470C4A936F9B0802D2094BDB68184766
:10364000F0B5146E556E576F166FFFF7F6FF054A0B
:103650001466556657671667F0BD014B9B6818479F
:10366000681C0020000000D007B548404140484099
:1036700001E0C04607B54200120E03D0FF2A03D175
:10368000420218D8C00DC0054A00120E03D0FF2A0E
:1036900003D14A020FD8C90DC9050122414005D402
:1036A000414001D5814207BD884207BD0143491809
:1036B00001D0C043001807BD00B5FFF7D5FF01D901
:1036C000002000BD012000BD491A002808D108468D
:1036D00070470000C10FC90700D54042002817D02D
:1036E000F44603B40B4B1B68984706BC81409E38D8
:1036F0004042803107D20B0607D04900490AC00575
:103700001043084360470130F8E7490A8902F5E7AA
:103710007047000010300020132310B512481C78A9
:10372000FEF78CFF0100012C0AD003DD80220F4838
:1037300000F0B8F80E48FEF779FF0E4B186010BD88
:103740000A4C5422200000F0ADF80B4B6365A365D2
:10375000E36523666366A366E36623676367A3671F
:10376000E3672362E361E5E753460000681C00203D
:103770004C330000103000207D37001007B5604644
:1037800001880A0A0230DF2AFAD1C9B2820804D3BA
:10379000028840880004104300E00068014A50504D
:1037A000039007BD681C002070B504000A4E30006D
:1037B0000DF002FA20000BF01FFB050030000DF0A9
:1037C00093F9002D05D0054B2C199C4201D82800F7
:1037D00070BD0348FDF7A4FC201900200000042060
:1037E0005C0D0110F8B506000C000C4F38000DF010
:1037F000E3F92100300009F0AFFC050038000DF0BE
:1038000073F97443002D05D0054B2C199C4201D847
:103810002800F8BD0348FDF783FCC04620190020AE
:10382000000004205C0D011070B505000C000B4E6B
:1038300030000DF0C1F92800210009F0F3FC05006B
:1038400030000DF051F9002D05D0054B2C199C428C
:1038500001D8280070BD0348FDF762FC2019002044
:10386000000004205C0D011070B50400054D280017
:103870000DF0A2F920000BF0C9FA28000DF034F980
:1038800070BDC0462019002001480421014B184793
:10389000A01100204D260010014B1B6818470000A6
:1038A000A0110020014B5B6818470000A011002008
:1038B0009A4200D2885470477047C046F8B55746C0
:1038C000DE464E464546E0B599460A9B07009A46B5
:1038D0000D9B884693460B9C9B073BD10C9B9C42BF
:1038E0003DD21E1B0B9415000C005E442A004B4673
:1038F000013521002020B847B542F7D1A0460B9CE6
:10390000002C20D0454636195346321B013C185D29
:1039100029004B46B847002CF6D12B0035009846BD
:103920000D9B9B070FD55B46EC1A0C9BA3420AD953
:10393000464698462A004B46310020200134B847BD
:1039400001354445F6D32800F0BCBB46B246A94633
:10395000A046F8BD16001500002CD3D1E0E71600F4
:10396000002CCFD11500EEE7F0B54F464646D646BF
:10397000C0B584B098460EAB1B7894469946129B0E
:103980000D9C109F119E9A0725D4002E65D1BC4234
:1039900021D201221A409246202C00D1E9E00C9A53
:1039A000551E302202E0202C00D17BE001342A5544
:1039B000A742F8D85246002A0DD0B4420BD20C9A36
:1039C000551E3022202C02D171E0202C2DD0013444
:1039D0002A55B442F9D1DA063CD55A052ED4002C2A
:1039E00028D10F9A102A00D1B6E0022A00D1BCE0FB
:1039F00030220C9C227001244A46002A65D15A07C5
:103A000000D499E02B220C9D2A55013403930C9B82
:103A100062460093029643460194FFF74FFF04B0BD
:103A2000E0BCBA46B146A846F0BD2024DA06EDD582
:103A30005A0503D4A74266D0B44264D00F9A102A24
:103A400071D0022A57D0202CE0D02200013430253A
:103A50000C9FBD54202CD9D0CEE7012215001D406B
:103A6000AA461A4236D04A46002A4AD10C321A4295
:103A700047D1BC42A1D2202C91D1202E17D820248E
:103A8000DA06C3D55A051BD4202F01D0202ED5D15C
:103A90001F220F9D102D6FD0022DD8D162250C9FB3
:103AA000BD54D0E75246002A79D0202EBDD920241B
:103AB000DA06ABD55A0503D4202FE9D0202EE7D063
:103AC0000F9A102AA2D12024A0E72D220C9D2A555E
:103AD00001349BE7BC4200D37DE7202C00D05EE799
:103AE000DA06F0D55A05EED4202F62D0202EEAD186
:103AF00034001F22CDE7202C00D187E722000134BB
:103B0000CCE7013EB5E7621E012CC2D10F9A102A04
:103B100000D06AE79A063BD558220C9C2270283ABE
:103B20006270022468E79A060ED4202CCBD078224B
:103B30000C9D2A55013486E71A0700D466E7202237
:103B40000C9D2A55013461E7202CBCD058250C9AD5
:103B500012191570013476E79A0608D558220C9C84
:103B6000227030226270022446E76032F7E7782242
:103B7000F5E7002A83D1B3E7A21E013C9D0603D4DA
:103B800078250C9FBD5460E758250C9FBD545CE719
:103B900078220C9C2270483A627002242CE7DA06E4
:103BA00000D433E75A058BD4202F00D044E71F22DE
:103BB0006FE73C001F226CE710B5002800D110BD54
:103BC00001F04AFCFBE7C0460B0010B5002802D00C
:103BD00049681B68984710BDF0B557464E464546A4
:103BE000DE46E0B599B08246894690460893229A0F
:103BF000239B10001900FFF79EF9002800D0CDE0AC
:103C0000229823990122D94B5242FFF78FF90028BD
:103C100000D0C3E0229823990122D54B5242FFF7EE
:103C20006FF9002800D0B9E02298239900220023E0
:103C3000FFF766F9002800D0F1E1229E239F802340
:103C4000269ADB001A400D92269A1A4201D10623C9
:103C500024938023269A1B011A403B009346099621
:103C6000334300D0B3E0002A00D0C2E10023002497
:103C70000A930B94002304250993259B0024AB424F
:103C800000D95C1B0223269A1A400C92269A1342F2
:103C900003D06B426B415B421C40099B002B07D059
:103CA0000A9A0B9B30003900FFF7C1F806000F009D
:103CB0002298239900220023FFF722F9002803D03D
:103CC000802109067B181F00269AAA4B00960197AF
:103CD0001340089E0493249B0394029342463300AE
:103CE0004946504600F0AAF90400002D67D0202074
:103CF000269A4946024013005A4253415B42621CD5
:103D000018400A92330022004530D047099A6F1EAE
:103D1000D317D4185C40D30F9B46002501E0202D1B
:103D200013D008AA94461F23200063440A210135BA
:103D30005E19FEF72FFE3031317020000A21FEF7A8
:103D400029FE26000400092EE9D805230693002346
:103D500004930A3303935B46089E029310AB0A9ABE
:103D6000009349463300504605970195FFF7FCFD47
:103D70000C9A0400002A22D04246851A259AAA42AB
:103D80001DD9B0465746160022004346494620201A
:103D90000135B8470134AE42F6D810E0269B4246C2
:103DA0000493259B49460393249B50460293229BF0
:103DB000239C00930194089B00F040F9040020002C
:103DC00019B0F0BCBB46B246A946A046F0BD6A4B4E
:103DD00078009C46400D6044FFF7BEF8674A684B88
:103DE000FFF743F8674A684BFFF718F8674A3B0349
:103DF0001B0B1A4304000D0009981100644B0022AC
:103E0000FFF703F8634A644BFFF72FF802000B003B
:103E100020002900FFF702F8FFF7B6F80990FFF736
:103E20009BF85E4A5E4B04000D00FFF71EF800226F
:103E30005C4BFEF7F3FFFFF7A7F85B4A5B4B2900EB
:103E40000C902000FFF711F804000C980D00FFF70C
:103E500083F8574A574BFFF708F802000B00200081
:103E60002900FEF7D2FF04000D0002000B000A94A7
:103E70000B95FEF7FAFF04000D000A980B9902005B
:103E80000B00FEF7CBFF00220E900F914A4B200053
:103E90002900FEF7CCFF0022484BFEF7BFFF0200CF
:103EA0000B0020002900FEF7C2FF0022444BFEF762
:103EB000B5FF02000B0020002900FEF7B8FF0A9AA8
:103EC0000B9B0D0080210400C9050020FEF79DFF1B
:103ED00002000B0020002900FEF7A0FF02000B00EB
:103EE0000E980F99FEF7A3FF0022284BFEF796FFCE
:103EF000344B0C9C9C46644423050022FEF7B5FF1E
:103F000004000D0002000B00300039000A940B95EC
:103F1000FEF7F6FF00285DD123002A00C625099987
:103F200063318D42AD4159466D420435002900D1BF
:103F3000A3E6134363D030003900234A234BFEF736
:103F4000EDFF002807D0002230003900204BFEF79B
:103F5000D7FF002853D1249B002B00D18DE60D9B69
:103F60005A1E9341249AD31A249386E6FFFFEF7FCB
:103F7000FFFFEFFFFFF7FFFF01FCFFFFFB799F5003
:103F80001344D33FB3C8608B288AC63F0000F03F7C
:103F90000000F83F61436F63A787D23F71A379099F
:103FA0004F930A400000E03F1655B5BBB16B02408D
:103FB000EF39FAFE422EE63F00002C40000024407C
:103FC00000001840FF0300002D431CEBE2361A3FAF
:103FD00080842E41099B0022013B09932000164B4F
:103FE0002900FEF724FF0A00010003000A910B924A
:103FF00094E7002300240A930B9400230993249A46
:10400000099B9A4214DDD31A013B24938023269AFC
:10401000DB001A4300230025269209932DE6802217
:1040200012069446229B1E00239B63441F0006E653
:1040300000232493EAE7C04600002440F0B545463B
:10404000DE464E465746E0B595B08B4690469946BB
:104050001E9A1F9B0A9019001000209DFEF76BFF0F
:10406000002800D0B0E11E981F990122C74B524290
:10407000FEF746FF002800D037E11E981F99012265
:10408000C34B5242FEF752FF002800D0A7E01E9813
:104090001F990022BF4BFEF749FF002800D088E09F
:1040A0001E981F990022BC4BFEF72AFF002800D063
:1040B0007FE01E981F9900220023FEF721FF0028B1
:1040C00000D0FAE000230B938023229C229ADB008D
:1040D0001C401A4200D102E1092D00D87CE106A95A
:1040E0008C462C00172200233021093C6244013306
:1040F000D154EF1A202B00D132E1A342F7D1002294
:10410000A44B069207931E981F99FEF73DFF0500EA
:10411000FEF722FF02000B001E981F99FEF775FEA6
:10412000069A079BFEF7A1FE08900991FEF750FF43
:104130000600FEF70DFF02000B0008980999FEF734
:1041400064FE0022954B08900991FEF7EFFE0028CF
:1041500000D1D2E001363000FEF7FAFE069A079B46
:10416000FEF7DCFE002801D000260135AA46002F0C
:1041700000D098E02800FEF7EFFE02000B001E982A
:104180001F99FEF742FE854B002206000F00FEF746
:10419000B7FE0CAB9A46002845D10022300039000A
:1041A0007E4BFEF7C3FE00283DD1EB073BD5013522
:1041B00039E0229B42460493219B594603930A9877
:1041C0001E9B1F9C0295009301944B46FFF704FD34
:1041D00015B0F0BCBB46B246A946A046F0BD229B36
:1041E0005B0767D403226E4B2299019203912199B8
:1041F0000291009342464B4659460A98FFF75EFBF0
:10420000E6E706AA94461723280063440A210134EE
:104210001E19FEF797FB3031280031700A21FEF796
:1042200091FB051E76D0202CEBD10323229A13405C
:10423000012B1DD1219B002B1AD00B9B002B00D0F2
:10424000BBE0229A0C33134200D0B6E0219BA3427C
:1042500000D887E006AB9C4617223023624404E076
:104260002199013413558C4259D0202CF8D12024A7
:10427000229B01940393219B02935346B9E706AA1C
:10428000944617230A216344300001341D19FEF7B8
:1042900081FB3031297030000A21013FFEF77AFBA3
:1042A000092E46D90600202CE9D155460CAB202416
:1042B0009A46B8E704223B4B96E71E9A1F9B0020C4
:1042C0000021FEF7A2FD01230B938023229C229A5A
:1042D000DB001E901F911C401A4200D0FCE6002219
:1042E000314B0627069207930DE7229B0393219BF0
:1042F0000293042301932D4B7BE700220898099930
:10430000264BFEF7FDFD002800D02FE7002E4FD1F1
:1043100001362BE70323229A1340012B66D0202C71
:10432000A6D00B9B002B1FD02D23524613550134D2
:104330009EE75546202CB9D030233A19002F08D0DB
:10434000172006A9013409180B55202CAED0944231
:10435000F6D10CAB9A462E2352461355013462E730
:104360002024CCE6202C83D0229B5B0708D4229B00
:104370001B0700D47CE7202352461355013477E70E
:104380002B2352461355013472E7C046FFFFEFFF5F
:10439000FFFFEF7F65CDCD4165CDCDC10000E03F92
:1043A000B80D0110B00D011080842E41C00D011018
:1043B000F30700D4DAE60136D8E6219B013B2193CE
:1043C000A34200D946E7AAE7229B0393219B0293CD
:1043D00003230193074B0CE7074BEA009B185C682B
:1043E0001B682F000693079400248CE6219B002B6A
:1043F00095D022E7BC0D011048190110F0B55746C1
:10440000DE464E464546E0B5A5B01F002E9B9146C0
:104410000D93CA4ACA4B82468B461A60002900D1C6
:1044200029E2002338789846002800D12BE2C54BBA
:1044300044460C93C44B55464E460E930AE0631C0B
:104440009846220033005946A84744463878002849
:1044500000D187E001372528F1D108239A46043B93
:104460009946023B9846013B00229C460B943878C3
:10447000791C0300203BDBB2102B03D80C9C9B0063
:10448000E3589F460300303B0B9C0B92092B3AD913
:10449000002398462A2800D1DDE000239A462E28E2
:1044A0004BD00300683BDBB2122B1ED80E9A9B0048
:1044B000D3589F4663460F001A43D8E743460F0080
:1044C0001A43D4E74B460F001A43D0E710230F00DE
:1044D0001A43CCE753460F001A43C8E780235B001A
:1044E0000B9A78781A430B9201310F0067284FD846
:1044F0002428A4D90300253BDBB2422B9FD8934943
:104500009B00CB589F46002398460B9B47469C46F2
:1045100000E00131BB00DB195B001F180878303F59
:104520000300303B092BF4D963460B930023B846B4
:104530009A460F0001312E28B3D180200B9AC0007B
:1045400002430B9230225242944678780B00844406
:104550006246092A00D8AAE12A2800D1B9E10F0051
:1045600001319EE7A046AA46B146C84503D30123C0
:104570005B424B4498464B46424659460020D04742
:10458000200025B0F0BCBB46B246A946A046F0BD0F
:1045900001006939C9B20F2900D950E701238B40C6
:1045A0009C466B4B994663464A4613400F936246BE
:1045B0004B461A4200D068E10A2956D0072900D09C
:1045C0003DE70D9B02CB9846002900D092E10B9B62
:1045D00010211A008A4310001131084381468020BF
:1045E0001A00C0000240110003421CD114AB9C46CB
:1045F0001F220F2362440D959C4615000F9B0B94C0
:1046000002E0202B0CD0110064460C402000373013
:10461000092C00D807380133E8540A090F29F0D8CB
:104620000B9C0D9D0F934B46082206935346059213
:1046300008320392002204930F9B029201931CAB59
:1046400022000093594633002800FFF78DF94346B6
:1046500004000D93FAE60D9B04CB9046002A79DB0B
:1046600078780D930F00013117E70D9B02CB14935F
:104670000B789C4618005346002B00D134E10028EB
:1046800015D05346013B013399460D940B9C894448
:104690004A460B00A14601E0934203D05C78013307
:1046A000002CF9D14A465B1A0D9C0B920F93802384
:1046B000DB0099460B9A13400D934B461A4204D0E7
:1046C0000F9B534501D953460F93022399460B9AEA
:1046D00013400B934B46134200D1F5E16346002B88
:1046E00000D1D6E10D9B002B00D182E10B1BD146FE
:1046F00031009A463B00A1442E005F464D46220001
:104700009B46894609E04B463900541CB047534646
:10471000185D002800D192E122009542F3D14B466A
:104720005A46A946BB46350017001E004C460B9B57
:10473000002B00D0ADE1149B0D9387E6FD430010E4
:10474000E02F0020AC170110F01701103C180110E9
:10475000419000000B9A283802430B924246524285
:10476000787890460F000D93013196E678786C28A2
:1047700000D15DE180230B9A5B001A430B9201315B
:10478000B3E680239B00ABE67878682800D148E147
:1047900080230B9A01311A430B92A6E6672800D1B9
:1047A000B2E0472800D11AE1452800D11CE10B9A5C
:1047B0000721049242460D9B0392073352468B43D6
:1047C000190002920CC92800009201930D91220059
:1047D00033005946FFF700FA040037E6462800D1B7
:1047E0008DE00B9A0721049242460D9B03920733FA
:1047F00052468B43190002920CC928000092019383
:104800000D91220033005946FFF718FC04001DE605
:10481000631C98462200330059462520A847444689
:1048200014E60D9B04330F93631C99460B9B9A0768
:1048300000D40AE10D9B2200187859463300A8479E
:1048400043464444012B00D86FE1B0462E002500BA
:104850004C46B9465F4622004346013439002020C9
:10486000B047AC42F7D12C00BB4635004F46464618
:104870000F9B0D93EAE5D64B38789A46002398466D
:10488000002800D0D3E500246FE66F2842D000D87E
:10489000FDE11023782800D19BE00B9A9A430B92FC
:1048A0000A239C46002314930A330F9338E057469B
:1048B0000B9AB900C919490001330F181878303F15
:1048C000010030390929F4D9BA460B921F00591C4E
:1048D000E7E50D9BB87804CB0237D143C9170A40EE
:1048E00092460D93791CDCE5002800D1DFE6022317
:1048F0005B42C8E621200B9A0243914676E62023CC
:104900000B9A1A430B926CE780230B9A1B011A43F4
:104910000B924CE708239C460023149308330F9313
:104920000B9880230200DB001A401100020018429D
:1049300000D080E00C239A431000802302009B00EB
:104940001A400B92184200D0F1E0802302005B0075
:104950001A4091460D9A04321492184200D0C3E2D4
:10496000430600D5D7E0030600D421E30D9B1B8846
:104970000993002B00D02DE110339843002900D17A
:1049800028E10023994643460593534604930F9B21
:1049900006900393002302934B4601931CAB220025
:1049A0000093594633002800FEF7DEFF0400C2E6FC
:1049B000582809D0622800D0E3E202239C46002355
:1049C000149302330F93ABE720230B9A1A430B92F5
:1049D000103B9C460023149310330F93A0E78023D1
:1049E0000B9A1B011A430B9220230B9A1A430B922A
:1049F000DDE60B1B9A460F9B99463B0037005E464F
:104A00009B4622003B003100A84753460134185D05
:104A10000028F6D14B460F935B46B3463E001F007D
:104A200085E6C0230B9AB8781A430B92F91C5CE513
:104A3000C0239B00F6E70D239A4310007DE75B46F9
:104A40003500BB464E461F0071E64346012B66D932
:104A5000631E434432002E001D003B00A2465F4609
:104A600091469B4622004B46013439002020B04736
:104A7000AC42F7D15B463500BB464E46A146544694
:104A80001F000D9B4A461878594633004444A847F6
:104A9000EEE60F9BA146984500D84CE64444E41A44
:104AA000B0462E0025004C46B9465F4622004346DC
:104AB000013439002020B047AC42F7D12C00BB466E
:104AC00035004F46464636E60F98804500D873E2DB
:104AD0004346E218131A32002E001D003B00914697
:104AE0005F469B460F9122004B460134390020203F
:104AF000B047AC42F7D15B46BB461F0043460F9917
:104B000001330F930B7835009C464E4660460028D3
:104B100000D0E7E50FE60D9B1B78099329E70D9B75
:104B20002200187859463300A8474C46A0E60D9A53
:104B3000FA3BFF3B07329A430133994691444B4677
:104B40000D931368526815921A4306D110329043A0
:104B500000220992002900D083E06122810600D55D
:104B60004122D2B20A9214AA91460A9A00210A3A24
:104B70000B9242461792524618925A46B2460991F3
:104B80001E001F31149B4944BB4616941A950024FD
:104B9000674698468946159D19901B920AE0303267
:104BA000D2B24B4601341A55A8454CD0202C4CD0DB
:104BB00006000D003A00002330002900FDF728FF11
:104BC000D2B2092AEBD90B9B9C466244D2B2E8E7E9
:104BD000B93800106123820600D54123DBB20A3BBD
:104BE0000B93434614A91F228C46159353466244E7
:104BF000B2460D9417974C468046A9461700099D6A
:104C00000F9E169308E03033DBB201343B55B542BA
:104C10000ED3202C0CD0050031002800FDF7BAFE81
:104C2000CBB20929EFD90B9A94466344DBB2ECE787
:104C3000159B40469846169B4D465646A1469A46B9
:104C40000D9C179F9FE6B742B0D9179B56469846D2
:104C5000189B5F469A461B9B09949B46169C199885
:104C60001A9D43460593534604930F9B0690039366
:104C700000230293099B01931CAB22000093594629
:104C800033002800FEF770FE0400FFF7DFFB10235F
:104C90000B9A9A430F92692800D091E10B998023D7
:104CA0000A00DB001A4010000A00194203D011214B
:104CB00018008A430F920F9A802311009B0019401D
:104CC0008C461A425BD1802311005B001940894653
:104CD0000D9904310B911A4200D0B2E013005B062B
:104CE00000D4EDE00D9B1B781A00D90F0D91002B1D
:104CF00000D1A3E0100014AA944642461F23159247
:104D000052466344A846BA464D461494B146040040
:104D10001F00169201E0202D0FD020000A21FDF780
:104D200039FE01357E193031317020000A21FDF73E
:104D300031FE26000400092EEDD8159B4E46A946EB
:104D400045469846169B57469A46149C0F9B0693D9
:104D500043460593534604930A2303930D9B029302
:104D60004B4601931CAB22000093594633002800A8
:104D7000FEF7FAFD0B9B04000D93FFF767FB07227C
:104D80000D9B07339343013294469C4462460D9237
:104D90000CCBD90F0B911100194300D19BE0D9170F
:104DA00013911291514010911399594011911098FB
:104DB0001199129A139B801A99411090119114AA7B
:104DC0009446424600231592524699461692320066
:104DD0001F336344A8464E46BA4614941F00109CE5
:104DE000119D914601E0202E10D0200029000A22BA
:104DF0000023FDF70DFE013630322B00BA550D00B1
:104E000022000400002BEED1092AECD8159B109447
:104E10001195454698464B46169AB14657461E0090
:104E20009246149C0F9B0693434605935346049366
:104E30000A2303930B9B02934B461CE7002885D162
:104E400059E70D9B1B68DA0F1100002B00D1A6E07B
:104E5000DA179818504014AA91461F2342464B4433
:104E6000A8460D94169704006546B1461F0014919C
:104E7000159201E0202D0FD020000A21FDF78AFDB8
:104E800001357E193031317020000A21FDF782FD95
:104E900026000400092EEDD8159BAC4645469846E1
:104EA000149B4E4619000D9C169F0F9B0291069372
:104EB00043460593534604930A230393634650E7FE
:104EC00013001B066ED50D9B00229B5ED9175A1846
:104ED0004A4092B209E7002399460028A2D1002255
:104EE0000023109211936AE70D9B1B689946002BD3
:104EF00003D110339843002938D16123820600D5AD
:104F00004123DBB20A3B0D9343461693534614A943
:104F10001F228C4617932B0062444D46B2461594CF
:104F200018978046170099460B9C0F9E08E0303377
:104F3000DBB201343B55B5420ED3202C0CD005001A
:104F400031002800FDF726FDCBB20929EFD90D9AD3
:104F500094466344DBB2ECE7169B40469846179BA9
:104F600056464D469A460B94189F159C434605930A
:104F7000534604930F9B06900393002302930B9BCD
:104F80000BE50B9980230A00DB001A4010000A0091
:104F9000194200D08BE610239A430F928BE600282B
:104FA00083D158E70D9B1B68D9175A184A409CE6D5
:104FB0000D9B1B680993DCE4030001330F93A5E507
:104FC0000B926DE40CB430B585B008AC08CC064D3E
:104FD0000A000094010028000394FFF70FFA05B0BF
:104FE00030BC08BC02B01847B138001000B585B01D
:104FF0000391012102900093034813004A4202A941
:10500000FFF7FCF905B000BDC93B00100FB430B587
:105010000C4985B008AA08CA0D680392002D0CD06F
:1050200000920122084C5242200002A9A847012008
:1050300005B030BC08BC04B01847180000F058FA9E
:105040000020F5E7E02F0020B93B001010B5094A19
:105050000300146884B0002C08D001220091064897
:10506000524203A9A047012004B010BD00F040FA4D
:105070000020F9E7E02F0020B93B001000BEFDE75B
:10508000094A03001068002805D00849C3188B425C
:1050900007D81360704706480449C31810608B4254
:1050A000F7D901204042F5E7DC2B00200000042066
:1050B00050300020030010B508001100002B05D16E
:1050C000044B1A685B6800F065F910BD012040428E
:1050D000FBE7C046501701100300013B10B5080064
:1050E0001400012B06D801230022210000F0D2F881
:1050F000200010BD01204042FBE7C0460120404295
:105100007047C046012040427047C04601204042DF
:105110007047C0460300022200209A424041704777
:1051200010B5FFF7ABFFC04630B50D0083B01900D6
:10513000002A0BD0074B084C0192009302002B0071
:105140002000FFF763FF0120FFF798FF034B1A00D1
:10515000F1E7C046C80D0110D80D0110181001105C
:1051600070B5FDF7C5FA074D074EB54209D20024C8
:10517000013E761BB60808CD984723000134B342A0
:10518000F9D170BD140C0110200C0110030010B5F2
:10519000080011001B68984710BDC046F0B5C64610
:1051A00000B5437D07000D001600002B38D0002A03
:1051B0002EDD00216A1E90466A5C037D4C1C002097
:1051C0000A2A0CD0A64216D043461B5D21000D3B97
:1051D0005A4253416A5CDBB24C1C0A2AF2D1002BC2
:1051E000F0D1884217DB022110483B689847A6425D
:1051F00007D02000E8E7864203DD311A3B68281813
:105200009847AD19013D2B780D3B5A4253413B75F0
:1052100080BCB846F0BD091A3B6828189847E2E7F9
:105220000368110028009847F2E7C046981901105A
:10523000F0B5C6460B6806000C0000B5802B06D002
:105240005A1C2260E418267180BCB846F0BD0F4B92
:105250001D68002D16D00B1D98460D4F02E02D69DC
:10526000002D0FD02B68002BF9D03B68002B01D00C
:10527000AB42F4D1280041462268FFF78FFF2D6929
:10528000002DEFD101220023DBE7C046D02B002008
:10529000D82B0020F0B5DE4657464E464546E0B5D1
:1052A00085B017001C0006000D00FCF745FF002329
:1052B000314A12184B41802109068B4202D3012248
:1052C0002E4B52422E4908008A460BF055FC0190A5
:1052D0006B1C03D130000AF09DF80500002C26D08D
:1052E000284B9846284B1C68002C15D0002F21D144
:1052F000264F02E02469002C0ED02368002BF9D041
:105300003B68002B01D09C42F4D120002A003100E0
:10531000C0472469002CF0D1019B002B28D1280024
:1053200005B0F0BCBB46B246A946A046F0BD184B3E
:105330009846D7E7154B994602ABDF1D0A239B46DB
:1053400002E02469002CE7D02368002BF9D04B46FB
:105350001B68002B01D0A342F3D12A0031002000AA
:10536000C0475B460122390020003B70C047E8E798
:1053700050460BF0B9FBD2E740420F00FFFFFF7F22
:10538000281900209D510010D02B0020D82B002080
:105390008D510010F8B557464E464546DE469846B4
:1053A0001A4BE0B59B461A4B07000E0091469A46F1
:1053B000184D5B461C68002C03D115E02469002CB5
:1053C00012D02B68002B01D0A342F7D1A368002B89
:1053D000F4D03100380098470028EFDDF0BCBB4620
:1053E000B246A946A046F8BD53465B6A984508D820
:1053F0005246926A4A4502D302204042EEE798455F
:10540000FAD101200021FCF7A1FED2E7D02B002029
:1054100000400540D82B00200A4A1368002B05D114
:105420000CE01A001B691032002B07D09842F8D10B
:10543000002902D103691360016170470029FCD083
:105440001060FAE7D02B002010B500F0B3F900F09F
:10545000FBFB012010BDC046F0B5CE46474680B5E7
:1054600083B06B460600DD1D2870FCF765FE002347
:105470001A4A12184B41802109068B4202D301229D
:10548000174B52421749080088460BF075FB164B24
:1054900081461C68002C14D0144F02E02469002CB3
:1054A0000FD02368002BF9D03B68002B01D09C4221
:1054B000F4D1200001222900FFF770FE2469002C9E
:1054C000EFD14B46002B05D1300003B0C0BCB9462C
:1054D000B046F0BD40460BF007FBF5E740420F0039
:1054E000FFFFFF7F28190020D02B0020D82B0020A1
:1054F00070B5040009F08EFF0123010005000122B0
:105500002000FFF7C7FE084B1C68002C06D063681C
:10551000002B05D098472469002CF8D1280070BDD5
:105520002469002CF3D1F9E7D02B0020F0B5CE464A
:10553000474680B5A3B004000D00FCF7FDFD002335
:10554000294A12184B41802109068B4202D30122BD
:10555000264B5242264F38000BF00EFB002306006C
:10556000019322002B00234801A9FFF73FFD019B77
:105570008046002B14D1204B1C68002C06D0636899
:10558000002B0BD098472469002CF8D1002E25D190
:10559000404623B0C0BCB946B046F0BD2469ECE734
:1055A000154B1D689946002D1CD0144C02E02D6946
:1055B000002D0FD02B68002BF9D02368002B01D0D1
:1055C000AB42F4D12800019A02A9FFF7E7FD2D694B
:1055D000002DEFD14B4601951C68CEE738000BF04B
:1055E00083FAD5E70195D1E740420F00FFFFFF7F27
:1055F0002819002031520010D02B0020D82B002079
:105600000FB400B583B004A901C90191FFF78EFF63
:1056100003B008BC04B01847F0B5002915DD0E4BE7
:105620000D271A680D4B0E4CD3185D426B4145187F
:1056300020215B001E5F0478A64207D093691942BF
:10564000FCD101301460A842F5D1F0BD9369194234
:10565000FCD11760F2E7C046243000200080FCBF78
:1056600020300020204B70B504000D1E1E682ADD7E
:10567000002010211D4B013C1A689369194214D176
:10568000013093691942FCD1136823548542F4D147
:10569000002E08D050239363516B183B0B401449E4
:1056A0008C466244136028000CE0002E08D0502382
:1056B0009363516B183B0B400D498C466244136059
:1056C00000280DD070BD002E0AD05022074B1B6859
:1056D0009A63596B183A0A4005498C4663441A602C
:1056E00003204042EEE7C0465C2700202430002023
:1056F00034100000064B10B51B68002B06D00021AB
:10570000044A12689163044A1068984710BDC04665
:105710005C27002024300020642700200822034B4F
:1057200019688B691A42FCD17047C04624300020AA
:10573000F8B51A4F1A4B3A680500D318584243413E
:10574000184E14331C003368002D02D0002B0FD0EC
:10575000F8BD002BFCD0002120009563FBF7BCFDB9
:1057600020001149FBF714FF104B35601D60EFE777
:105770000E4B200019600C493560FBF7E5FD012157
:105780002000FBF7A9FD50223B689A63596B183A39
:105790000A4007498C4663441A60D9E72430002048
:1057A0000080FCBF5C270020F55600106427002015
:1057B000341000000D4B10B51B780D4B0D4C1B78B1
:1057C0000D4B02211B780D4B00202360FBF754FC8E
:1057D00002210120FBF750FCE12120684902FCF77F
:1057E000F9FC01210648FFF717FE10BDB44C01106B
:1057F000B04C011024300020AC4C0110004003409C
:10580000B01100207047C0460022014B1A7070474B
:10581000483000204B790020FF2B0BD18B79002BD7
:1058200008D1CB79012B05D1082A03D9024B8A78FC
:1058300009301A707047C046483000200120704778
:1058400010B5012901D0012010BD134953791079F9
:1058500009781B02034300209942F5D15378012BAC
:1058600008D0022BF0D1002064220021FCF788FE32
:105870000120E9E7D37891781B021943DB0507D5AE
:105880004A0A100001231A407E331940FCF700FF3A
:1058900001204A0A4042F5E748300020004870479E
:1058A000801A011070B5050014000120012909D1EA
:1058B00053780020012B05D1637912791B02134321
:1058C000072B00D070BD21002800024A9F3301F051
:1058D0005FFAF7E7D81901100123037000487047F9
:1058E000B81901104B780A781B0213438A7810B557
:1058F00012041A43CB781B0613439622D20093421C
:1059000000D010BD0022012011004042FCF7C0FE73
:10591000024B1860024B19607047C0466027002098
:105920006827002010B5024B1878FBF7F3FC10BD78
:105930004A300020154B70B51A68002A22D0EFF3C8
:10594000108172B610680028FCD0BFF35F8F002072
:105950000F4A596010701B68BFF35F8F186081F3A6
:105960001088002400250B4E3078FBF7C7FC002878
:1059700004D1002400252900200070BD3078FBF7F9
:10598000C9FCF8E7FA240025A400ECE7EC2F00207E
:105990004B3000204A30002070B5040000200E007B
:1059A00001F016FB002836D0002001F027FB00286C
:1059B00031D0FCF7C1FB0023184A12184B4180215B
:1059C00009068B4216D2164D28000BF0D5F8002898
:1059D00021D0002001F0FCFA00280FD10120002185
:1059E000404200F009FD0324644228000BF07CF8DB
:1059F000200070BD01220B4B5242E4E7002001F071
:105A0000FDFA0028EAD021003200002001F000FB5E
:105A1000041EEAD1E7E703246442E9E740420F00AD
:105A200018300020FFFFFF7F10B5FCF785FB002337
:105A30000E4A12184B41802109068B4202D30122E3
:105A40000B4B52420B4C20000BF096F800280CD068
:105A500001200021404200F0CFFC002001F022FB99
:105A60000028F5D120000BF03FF810BD40420F0098
:105A7000FFFFFF7F18300020F8B5DE46574680B59F
:105A800005000C00FCF758FB0023374A12184B4165
:105A9000802109068B4202D30122344B5242344901
:105AA00008008A460BF068F8002803D1C0BCBB464A
:105AB000B246F8BD002001F08BFA00284AD000263B
:105AC000002C43DD2B4B9B4614E0A919002001F06C
:105AD00023FB070001200021404200F08DFC002044
:105AE00001F0E0FAFCF728FB224BF6191860596028
:105AF000B4422BDD002001F02FFBA71B0200B842AF
:105B000000DD3A00002AE0D101200021404200F0EF
:105B100073FC002001F0C6FA002001F059FA0028B9
:105B200014D0002001F018FB0028E1D1FCF704FBA1
:105B30005B460F001A685B68002184460E48121805
:105B40004B419F4202D8D3D19445D1D950460AF057
:105B5000CBFFABE700200021064B18605960504690
:105B60000AF0C2FFA2E7C04640420F00FFFFFF7FDE
:105B700018300020601B002020A1070030B52B4CFE
:105B800085B0002120000AF0D7FF00281CD1284B47
:105B90001A68002A16D0EFF3108172B61068002838
:105BA000FCD0BFF35F8F01242248596002781B6844
:105BB000D2B20470BFF35F8F0020186081F31088A9
:105BC000002A17D005B030BD01200021404200F06E
:105BD00013FC002001F012FA050020000AF084FFF7
:105BE000002DEFD0144B1B68002BEBD0134A10682C
:105BF0009847E7E7FCF790F80400FCF79DFAFA22D3
:105C00000023920012184B41802109068B4202D3D7
:105C100001220B4B524201210291002101910949BD
:105C200020000091FCF77CF8CCE7C046183000203B
:105C3000EC2F00204B300020602700206827002038
:105C4000FFFFFF7F35590010D02310B51B0684B02D
:105C50001C68FCF761F8FCF75FF9A04202D0002055
:105C600004B010BD2A4B002100201B7801F070FD0C
:105C700028480368002B47D00120FBF7CDFDFF2308
:105C8000254C264920701840FBF75EFB2078012147
:105C9000FBF722FB0520FBF745FB002826D1082255
:105CA00000211F48FDF7F8FDFCF736F80400FCF76B
:105CB00043FAFA220023920012184B418021090670
:105CC0008B4202D30122174B524201210291002143
:105CD0000191154920000091FCF722F80028BEDB55
:105CE00012480121FFF798FB0120B9E70120FBF7DB
:105CF000C1FA0B4B01001800FBF700FE0022052043
:105D00000B49FBF74BFBEBE7FBF7DCFDB4E7C046C9
:105D1000B84C0110183000204A3000207D5B001084
:105D2000EC2F0020FFFFFF7F35590010C811002025
:105D300025590010004870471C1B0110004870478F
:105D4000C81A011010B5040017480378002B20D0A2
:105D5000002C06D1154B16484380063BFF3B0380C1
:105D600010BD052C19D8134BA400E058124901238B
:105D7000013804E001330A800231142B0FD0C25CD9
:105D8000002AF7D1C022DBB25B009200084813431F
:105D9000E5E7112100F01AF8DAE70020E0E7CA236E
:105DA00003489B00DBE7C0462830002009040000C0
:105DB000A8270020B01A0110AA27002010B5024819
:105DC00000F0D8F810BDC0460830002030B54B1E9A
:105DD000012900D1A7E0664A11780D092C00303462
:105DE0009F2900D9A2E00470012B00D1BEE00F2151
:105DF000147821400C003034092900D998E044700F
:105E0000022B00D1B2E054782509290030319F2CB3
:105E100000D990E08170032B00D1A7E00F21214031
:105E20000C003034092900D987E0C470042B00D15C
:105E30009CE094782509290030319F2C00D97FE01F
:105E40000171052B00D191E00F2121400C0030346D
:105E5000092900D976E04471062B00D186E0D47878
:105E60002509290030319F2C00D96EE08171072B64
:105E700000D17BE00F2121400C003034092966D885
:105E8000C471082B00D171E0147925092900303143
:105E90009F2C5FD80172092B68D00F2121400C0084
:105EA0003034092958D844720A2B5FD05479250917
:105EB000290030319F2C52D881720B2B56D00F21E4
:105EC00021400C00303409294BD8C4720C2B4DD022
:105ED00094792509290030319F2C00D907310173AD
:105EE0000D2B43D00F2121400C003034092901D95A
:105EF00037310C0044730E2B38D0D1790C092200B5
:105F000030329F2900D9073282730F2B2ED00F22F7
:105F10000A4011003731092A01D830321100C1730B
:105F2000102B23D010300023037030BD07345AE704
:105F300037310C0063E707316CE737310C0074E749
:105F400007317DE737310C0085E707318EE73731C0
:105F50000C0095E707319DE737310C00A3E70731C7
:105F6000AAE737310C00C4720C2BB1D1C018DAE7A4
:105F70000830002010B588B004000D2200216846CA
:105F8000FDF78AFC0D22002104A8FDF785FC4B23B8
:105F90006A466846137004A90D220AF09DFD15217A
:105FA000082220006944FDF77DFC08B010BDC04602
:105FB000F8B500F043F90C23194DFF22AB6705201B
:105FC0001849FBF7EBF9184C402200212000FDF79F
:105FD00063FC4027002301262121144A6670278391
:105FE000A260136063545F31618445396354104A81
:105FF00010496360E2602787A1620B606362E2621E
:106000000AF0CAFD80239B052E64EB6490230A4AA4
:106010000120EA508022094B5202DA64F8BDC046E2
:10602000000011501D060020E02B002084001050BD
:10603000000110508000105010D0010000201150BD
:1060400010B501210520FBF747F910BD10B500225E
:106050000021024800F012F910BDC046002C0020BB
:10606000044B1970002904D080219023024A890230
:10607000D150704742300020002011500B785B0651
:1060800002D14B78052B00D070478A78014B1A60FB
:10609000FAE7C04600001150F0B5C646C87800B512
:1060A0008007830F1800012B60D08F780A794B7915
:1060B0007F213940FC091B024E001343334D321936
:1060C0005201AA18977001276740577000275B0597
:1060D0005B0DD7701383D076B846CA00012C32D03E
:1060E0002B4FBC468F016244BC46AC446746BA6045
:1060F00047461760002932D0264AC90090466246BA
:10610000414451603F223F339343022837D0224914
:1061100037190A687F01D3180B602049EF19FA601C
:106120008B422ED836197601AD19EB7E1C499B06A1
:106130004A4013438022120613436A681360012009
:1061400080BCB846F0BD174FBC468F016244BC46C8
:10615000AC446746BA6247461760002908D100235D
:1061600064012C196360104BE360E8E70020E7E767
:106170000B4AC9009046624641445162C2E75B0047
:10618000C5E7FCF7AFFAFA68CCE7C046E02B002081
:106190008400105004001050E82F0020FF0F105012
:1061A00000001050800010500001105010B50AF08F
:1061B000F3FC10BD10B57F200C0020404000E40926
:1061C000110000191A00034B4001C01800F056F8E6
:1061D000012010BDE02B00207F23180010B50840DF
:1061E000CA090B4203D107497D3B9B1A8B664000CD
:1061F00080188022044B40010021C01812010AF0CF
:10620000D3FC10BD00201150E02B00207F22130092
:1062100010B50B400A4200D110BDC9095B005B18E4
:1062200004485B01C018002300220349C3700AF030
:10623000BBFCF1E7E02B0020FFF7FFFF80220A4BB9
:10624000520410B51A60094B09491A6010000B6816
:106250009843FBD18022002152010648FDF71CFB28
:106260000922054B5A6710BD00E0004000F00040D5
:1062700008C000400000105000001150002310B56D
:10628000C382013382828376016104000AF04CFCF0
:10629000002804D080219023074A8902D150200091
:1062A0000AF05AFC002802D00123237710BD2000F9
:1062B0000AF06AFCFAE7C046002011507047C04659
:1062C0007047C04600207047002070477047C046A6
:1062D0007047C0467047C0467047C046024B58786A
:1062E000431E9841C0B2704764220020024B1878C8
:1062F0004007C00F7047C04664220020F0B5D64664
:106300004F464646C0B5314B07009A461B780E00F3
:10631000FF2B01D0012044E0002941D0002154226C
:106320002B48FDF7B9FA00222A4C2B4B20001A709B
:10633000FBF7C8FA294B1C60294C2000143CFBF7E2
:10634000CFFA200001F00CFE264B274D1C60274B96
:10635000002B2BD02800FFF7BFFA254B2A781860B6
:1063600024490024894622490023884610E04346F8
:106370001B6862019B18002B12D05B68002B0FD0AA
:1063800098472A780134E4B2511C2300A1420FDB64
:10639000A242ECD89B1A5B014B445B68002BEFD107
:1063A0000020E0BCBA46B146A846F0BD2A78D7E73F
:1063B0005346310038001F70FFF7FAFD0028EFD078
:1063C0003800FFF73DFE0120EBE7C046FC1100203E
:1063D000642200205C22002043300020B8220020EC
:1063E000F4110020BC2200203E300020D9580010BB
:1063F0008C200020D81B0110F0B5DE4657464E46D3
:106400004546E0B5C84B91B002931B78FF2B00D1F5
:106410003EE1C64BC64E9B465F46C64B0DAC019354
:10642000C54B009335686A69EFF3108172B6136843
:10643000002BFCD0BFF35F8FA9612800210001F081
:10644000BDFB6A69AB69BFF35F8F0021116083F305
:106450001088002800D11BE16378082BE2D89B004C
:10646000FB589F466368002BDCD0A0689847D9E7AB
:106470007F222179AF4D0A405300EB189846C80996
:10648000804440460123303005799D4305710579EC
:1064900003339D430571002A00D100E14346A74A1A
:1064A0001B7D1278934200D3EFE0A54A5B0115688B
:1064B000ED18002D00D1EBE0A36862792078AD697A
:1064C000A847AFE79F4A1378002B00D1E0E013788C
:1064D000013BDBB213701378002BA3D10122954D41
:1064E00001212B78042013432B703423EA5C8A4368
:1064F000EA54EA5C8243EA540133EA5C8A43EA5490
:10650000EA5C8243EA54237800209B4600F0A0FC1A
:10651000602223791A40602A00D1EFE0402A00D19E
:10652000F5E0DB06DB0E012B00D113E1022B00D1DD
:10653000C7E0002B00D0E1E0202A00D11CE2002AB5
:1065400000D0DBE06379092B00D9D7E07E4A9B00BD
:10655000D3589F46774D2B78DB0700D462E7FFF7CF
:10656000BBFE5FE7019BDB78DB0700D45AE760687E
:10657000FFF7A6FE56E76F4D2B78DB0700D451E7F7
:1065800028780007C00FFFF7A5FE4BE723786A497C
:1065900099468B46694B6A4998468A4639001A786B
:1065A00047460023B04600254E46894610E0534634
:1065B0001B686A019B18002B00D176E0DB68300075
:1065C00098473A780135EDB2511C2B008D4244DCDE
:1065D0009542ECD39B1A5B015B44EFE72378584963
:1065E0009946564B8A4698463100BB464E461A7825
:1065F00000250023474689460FE053461B686A0181
:106600009B18002B55D0DB68300098473A7801354D
:10661000EDB2511C2B008D4207DC9542EDD39B1A45
:10662000009A5B0194466344EDE7019D54220021EA
:106630002800FDF731F91022FF214448FDF72CF91D
:1066400028002022FF2114304E465F46FDF724F932
:1066500000F0F4FBFFF73CFEE4E6364D5422002147
:106660002800FDF719F91022FF21281DFDF714F964
:1066700028002022FF21143046464F46FDF70CF932
:1066800000F0DCFB2379AB70CCE6501C984213DAA7
:1066900011B0F0BCBB46B246A946A046F0BDA36807
:1066A0006279207800F0E8FBBCE646464F46214D73
:1066B000E6E74E465F46CBE71F4D9B1A5B015D192F
:1066C000FAE67023217A0B4218D1C80982460F33AB
:1066D0000B405B0098461948EB1853441B7D00782B
:1066E0009946834266D216485B0100688146994408
:1066F000002A00D15FE14B46002B68D120780021B1
:10670000FFF76AFD80212078FFF766FD8AE61048D2
:1067100000F09EFB012158460EAAFFF7C3F800289F
:1067200000D07FE6EAE7C046FC110020301B0110D4
:10673000BC22002064220020D81B01103E30002023
:106740008C20002043300020541B011068220020C0
:10675000A5580010237A0F2BD0D8CF4AEB181B79FD
:106760001578AB423ED3691C9942C7DB5D1BCB4B0E
:106770006D01ED18686900F06BFB012158466B69EB
:106780000EAA9847002800D04CE660221500237915
:106790001D401A42B2D163790A3B012BAED800F0FA
:1067A00057FB63790A2B00D199E158460EA900F0F6
:1067B000D9FA37E6431C4B4500DAF7E04B461B1A83
:1067C0005B019946B5488144002A00D1F3E04B466D
:1067D000586900F03DFB4B46012158465B690EAA03
:1067E00098479CE7AE4A5B011568ED18002DC1D1B2
:1067F00084E7A37999466B789945D6D06B78002BBE
:1068000000D033E14B466B70002B00D12BE14846A2
:106810000138C0B2FFF792FA002800D17EE1437838
:106820000793022B00D079E10122C179B1468B1187
:10683000491113400A40302112015B0113432A78A9
:10684000A8468A4313432B7009239A46824456462E
:10685000BA46C37882781B021343C31805938E4B44
:1068600004938E4B08938E4B09938E4B0A93059B92
:10687000B34200D855E1737801220B2B03D1337852
:10688000F278F6187378042B00D044E1059B0027BA
:106890009B1B9BB20693049B0B921D7800230393D2
:1068A0001BE0099A7B011568ED18002D00D132E13B
:1068B000310058462B69069A98478446082803D920
:1068C000069A824200D313E1049B01371D78FFB280
:1068D0006B1C03979F4200DD1DE1BD42E1D8039B85
:1068E0005D1B089B6D019C466544E1E76B780CAA33
:1068F00002321370584601230EA900F049FA91E5BF
:10690000E3881A0AD8B20F2A00D9F7E6664993003D
:10691000CB589F460EA800F0A1FA5846A179FFF780
:1069200095FB02222B7813432B707BE5E388012B28
:1069300000D0E3E608222B78584693430EA92B702B
:1069400000F010FA6EE5022029780CAB9A1C8B0639
:106950008908DB0F01400B431380584602230EA920
:1069600000F016FA5EE5E388012B00D0C6E60822A7
:106970002B7813432B7018E7237A0F2B00D9BDE631
:10698000EB181D79444B1B789D4228D2444B6D0176
:106990001B685D19002D00D1B0E6686900F058FA57
:1069A000012158466B690EAA9847B8E6002A00D024
:1069B000A4E60023994662790220130003928343E0
:1069C000012B15D0002A00D098E62B0043445344F5
:1069D00030331B790CAA9B07DB0F0232BCE75A1C31
:1069E000AA4200DA8AE6ED1A2C4B6D01ED18D4E7C5
:1069F000E388002B12D1029B1878039B012B23D034
:106A0000FFF7EAFB43460221EB18534430331A796F
:106A10000A4301211A711A790A431A714B46002B55
:106A200000D1FFE4586900F013FA4B4601215B697D
:106A30000EAA58469847002000F00AFA3523EB5C6E
:106A4000DB0700D5EEE4B0E6FFF7E0FB43460221AA
:106A5000EB18534430331A798A431A711A7903991F
:106A60008A431A71DAE7FFF733FC9EE600215846A5
:106A7000FFF7F6FA5846FFF799FBAB7807490393FF
:106A80000491054B064998461A7805910023290080
:106A90001D008A461BE0C0463E300020D81B011076
:106AA0008C200020782200207C1B0110059B6A01AD
:106AB0001B689B18002B4DD0DB685846984743460F
:106AC0001A780135EDB2511C2B008D422EDC954217
:106AD000ECD39B1A049A5B0194466344ECE70CAB3D
:106AE0009A1C584601230EA9157000F051F999E43B
:106AF0000B9A012A4FD0002A3CD00023B07804E042
:106B00000133DBB20F71934234D2C118C9B2414490
:106B10000D79FF2DF4D04E464546574600236B7045
:106B2000ECE54E465746FFF7D1FB3EE6554654226C
:106B300000212800FCF7B0FE1022FF21281DFCF7E1
:106B4000ABFE28002022FF211430FCF7A5FE039B9A
:106B5000AB7057E65546FAE7FEF7A0FE021E00D1DD
:106B6000CCE5D37891781B020B4358460EA900F070
:106B70000FF9D4E565463B002A0031000A9800F081
:106B80008DFEAC46049B039A1B7866440133934206
:106B900000DB6CE6BFE7174B29699942ADD1079A34
:106BA000ABE7FFF78FFB021E00D1A7E5584613782D
:106BB0000EA900F0EDF8B2E52189FFF7C3F8021E37
:106BC000F4D19BE5022A0FD0FFF77EFB021EC8D14D
:106BD00094E5FFF7AFF8021E00D18FE51223584667
:106BE0000EA900F0D5F89AE5FFF7A8F8021EB8D173
:106BF00084E5C0465D720010F8B557464E46DE4645
:106C000045460C00E0B516001F00002A3CD01F4B83
:106C100000259A46702399461D4B9B4617E05B461C
:106C20002000997800F0FCFD00281FD0210040468C
:106C3000FFF732FA002819D0A378DA09012A1CD00C
:106C40000A9A013513702378E418B5421CDA637888
:106C5000052B0BD1E3789B079B0FBB4206D1534614
:106C60004A461B789846A3781A42D8D00020F0BC38
:106C7000BB46B246A946A046F8BD0B9A0135137033
:106C80002378E418B542E2DB0120F0E7FC11002094
:106C900064220020702270B5094B0C001D788B789F
:106CA0001A4201D0002070BD064B2000997800F0F8
:106CB000B7FD0028F6D021002800FFF7EDF9F2E734
:106CC000FC110020642200200B007F2010B518402A
:106CD000DB0934334000044AC018044B1168C01863
:106CE00000F05AFD10BDC046B822002064220020EA
:106CF0000B007F2010B51840DB0934334000044AF4
:106D0000C018044B1168C01800F06EFD10BDC046DD
:106D1000B82200206422002070B57F240F480C4068
:106D200064000419CD09641930342079C00701D5F5
:106D3000002070BD0126257909483543007825716A
:106D4000FFF738FA0028F4D1012223799343237105
:106D50002379033293432371EAE7C046642200207B
:106D6000FC11002070B5094C0600082220000D001F
:106D7000FCF798FD00238021E360A3602B783000AE
:106D8000994300220023FFF7C7FF70BD1C2200209B
:106D9000F8B5CE4647469046264E80B58146082235
:106DA00030000D001F00FCF77DFD4346B36000235B
:106DB000F381EC79AB7924021C43231CBC4200D93B
:106DC0003B1C9FB2B381002C0ED0002F18D043463D
:106DD000002B2CD03B1C402F1BD89FB233787F2B2D
:106DE0001CD80021144A0FE080212B7800229943FF
:106DF00048460023FFF790FFC0BCB946B046F8BD37
:106E00007F230022317899433B004846FFF784FFF7
:106E1000F2E740239FB233787F2BE2D9064C3A0049
:106E200041462000FCF73EFD80212200ECE70020D7
:106E3000E2E7C0461C220020DC21002010B514220D
:106E400000210248FCF728FD10BDC0461C2200208E
:106E5000014B18617047C0461C22002010B5054C3C
:106E6000010008222000FCF71DFD0023A360E36061
:106E700010BDC0461C22002070B5384C1D00237880
:106E80000600DA09C9098A4210D00020002D00D07E
:106E900070BD21003000FFF7F1F82369002B03D00B
:106EA00022000321300098470120F1E7A0687F2BE2
:106EB00005D8002834D02A002949FCF7F3FCE289E0
:106EC000A1685219E38892B24919E281A160934204
:106ED00014D03F2D12D9A389981A051C80B24028DE
:106EE0002AD82078ADB27F2828D800219A4232D003
:106EF0001B4A2B003000FFF70FFFC9E72369002B67
:106F000005D0220002213000984700280AD08021B5
:106F100023780022994330000023FFF7FDFEB7E7F6
:106F20000020B5E700213000FFF756F9300080213E
:106F3000FFF752F90120ABE74025D2E79A4207D08C
:106F4000074C2A002000FCF7ADFC80212200D0E78E
:106F500080210022CDE70022CBE7C0461C22002082
:106F6000DC21002070B50500FFF7B8F9002800D13A
:106F700070BDFFF7BBF90028FAD1C8236B43124C50
:106F8000E618F1780029F3D010331C19200000F026
:106F9000FFFD3F28ECD90020F178FFF795FE00288F
:106FA000E6D0200000F0F4FD3F2808D9074BEA01A5
:106FB000D218F17840230020FFF7AEFED8E7F17831
:106FC0000020FFF795FED3E7142100209020002039
:106FD00010B50400FFF782F9002801D1002010BD90
:106FE000FFF784F90028F9D1C8226243024B01302F
:106FF0009B181B791840F2E714210020C82310B514
:1070000043430248181800F0A5FD10BD24210020BC
:10701000F0B5C824C646802344431F4F10340500F2
:1070200000B53C195B029A4200D31C4A200092B280
:1070300000F012FE8046FFF751F9002803D14046C8
:1070400080BCB846F0BDFFF751F90028F7D1C8263B
:107050006E43BE19F378002BF1D0200000F098FDAC
:107060003F28ECD90020F178FFF72EFE0028E6D06B
:10707000200000F08DFD3F2808D9094BEA01D21805
:10708000F17840230020FFF747FED8E7F178002091
:10709000FFF72EFED3E7C04614210020FFFF0000BB
:1070A00090200020F8B50600FFF718F9002801D15C
:1070B0000020F8BDFFF71AF90028F9D1C82474435D
:1070C0002500134F2435ED19280000F043FD00285A
:1070D000EED03F190020B978FFF7F6FD0028E7D081
:1070E0000C4BF401E41821002800402200F0B4FD0C
:1070F000B978051E08D0030022000020FFF70CFE1F
:107100000028D5D02800D4E70020FFF7F1FDCFE715
:1071100014210020D020002070B5C82444430C4B1B
:107120000500E41880235B029A4200D3094A20003C
:1071300092B200F059FE0600200000F00BFD3F283F
:1071400001D8300070BD2800FFF7ACFFF9E7C0465A
:1071500038210020FFFF0000C82310B54343024838
:10716000181800F015FD10BD38210020F0B50025DD
:10717000184C83B0C82200212000FCF78DFB164B71
:1071800021001D70FF236371E1235B02A3602000D7
:1071900008234022A37338310095073B103000F0DC
:1071A000A3FC270001232100200026004022783183
:1071B0000093B837243000F097FCC0363800FAF757
:1071C00081FB3000FAF77EFBE56127622663656389
:1071D00003B0F0BD14210020102100200B4B196BCF
:1071E00000290AD01A6A002A0DD000221A621A63F6
:1071F000DA6100225A63012070471A6A002AFAD025
:10720000D9611962F7E71A63F3E7C0461421002039
:1072100070B50F4C052200212000FCF73DFB0D4D01
:107220002B78DA0707D50C4C9B070CD501212000E1
:1072300000F0B6FE70BD2000103000F091FE2B78FB
:10724000054C9B07F2D4200000F08AFEEEE7C04612
:10725000142100201021002038210020F0B54B79A6
:10726000060083B0022B02D18B79022B03D00025BC
:10727000280003B0F0BD214FBB78002BF7D18B78ED
:1072800009253B700C780C196378242B0BD1082A44
:1072900002D80FE0AA420DD32378E4185D19637871
:1072A000ADB2242BF6D0052B08D0042B02D1637984
:1072B0000A2B11D00020FFF755FED9E7210030003E
:1072C000FFF7E8FC0028D2D0A3787B7023785D1903
:1072D000E4186378ADB2E8E7094B277801930133EE
:1072E0000093022202233000E119FFF785FC0028F9
:1072F000BDD00E35ED19ADB2DCE7C046142100203B
:1073000016210020F8B56023140012780500134000
:107310000020202B07D1304A6379277916781B0289
:107320003B439E4200D0F8BD6378222B1AD007D889
:10733000202B34D0212BF6D101293ED00120F2E7B9
:10734000232BF0D1012940D00329F7D1234B002B67
:10735000F4D0E178A37809020020194300E000BFCF
:107360000120E0E7012930D00329E7D101252E00D3
:10737000A378E478023924021C4314712640243295
:107380001000714000F00CFE154B002BD6D06208A7
:10739000002031002A4000E000BF0120C3E701299E
:1073A0000BD00329CAD10F4B002BC7D008320020C5
:1073B0001100FEF797FA0120B5E707232100280006
:1073C000094AFFF7E5FC0120ADE721002800FFF79F
:1073D000C9FC0120A7E7C0461421002000000000DE
:1073E00000000000E55800101C210020F0B54F46B9
:1073F0004646D646364DC0B5EA781F0080460C009A
:10740000AB788A423BD08B4210D00020E0BCBA4619
:10741000B146A846F0BD2F4B002B04D02E4800F0FB
:10742000AFFB002851D00020FFF79CFDAB78A342B2
:1074300001D00120EAE7294B002B02D0002000E018
:1074400000BF0020FFF72EFE0028F2D1244C2000C0
:1074500000F080FB0028ECD1002FEAD0BF06E8D175
:10746000243C4046A178FFF72FFC0028E1D0002300
:1074700000224046A178FFF74FFC0120C6E7102309
:107480009A46184EAA4431005046BAB200F0ACFCFD
:10749000154B002BBFD06B79FF2BBCD0002FBAD07F
:1074A000F219914603E00136B145B4D06B793278D8
:1074B0009A42F8D1504600F063FB0028F3D15346BE
:1074C000103B597900E000BFEDE700E000BFAAE7FC
:1074D00014210020000000002421002000000000F2
:1074E0003821002090200020000000009322F0B5F9
:1074F000134C85B0002120009200FCF7CDF9230049
:107500002000802640270F4D4D337600FF33293071
:107510000295009300220023002103970196FF307B
:1075200000F0D6F94035201D283400230122002127
:10753000039702950196009400F0CAF905B0F0BDDA
:10754000082400208823002010B5054C200000F0FE
:10755000F5F920002538FF3800F0F0F9012010BDC2
:107560003025002070B5084C002520003130FF3058
:10757000257000F0F5FC20000C3000F0F1FC2A230F
:10758000FF33E554657170BD08240020F8B55746F7
:107590004546DE464E46E0B54B7980460F00FF2B50
:1075A00027D1424B0C7899462A234946FF33CB5CBE
:1075B000002B1ED14E79002E1BD1BB783C190B70CD
:1075C0003B79002B12D098235B004B449A460C2346
:1075D0004B449B46A5186378052B05D110E0237812
:1075E000E4186378052B0BD0A542F8D8E01B80B2D5
:1075F00000E00020F0BCBB46B246A946A046F8BD5C
:10760000A542F3D921004046FFF744FB0028F0D003
:10761000A3780136F6B2DB09012B29D0504600F0E1
:107620009FFC2A234946A278FF33CA546379227902
:107630001B0213431E4A5B0594465B0D9421634471
:107640005A4253414A4602204900525C5B00824341
:1076500013434A46535451464046083900F0D6F980
:107660000028C6D02378E4183B79B342B3D8BDE7ED
:10767000584600F075FC5A46A3780C3A537163796A
:1076800021791B020B430A495B058C465B0D634461
:1076900059424B41022011795B0081430B4359460B
:1076A00000200839137100F07FF9DBE7082400207F
:1076B00000FEFFFF70B505002A201F4CFF30205C44
:1076C0001E006379884203D000208B421DD070BD1C
:1076D0009A235B00E35A002B0DD1184B002B04D0EA
:1076E00000201749B2B200E000BF2800154900F0A1
:1076F0008DF90120EBE72000962331305B00E15843
:10770000B2B2FF3000F070FBE7E70F4B002B04D064
:1077100031040020090C00E000BF0C4C28002100BF
:1077200000F042F90028E4D132002100280000F0E6
:1077300007F90120CBE7C046082400200000000024
:107740008823002030250020000000000C240020A9
:1077500000B5030083B0002910D00020012B07D80A
:107760000A78002A04D00B48C2540120012A01D013
:1077700003B000BD1800FEF7C1FDF9E7012301A920
:1077800000200B80FEF7BAFD0028F1D00122014B4A
:107790001A70EDE758220020037870B5DB0704006B
:1077A0000E00DD0F002B17D103785B0701D52800F1
:1077B00070BD01213000494209F0C6F92378DB078A
:1077C000DD0F002B0AD123785B0708D4042223782D
:1077D00001251343237002E00025E8E7002530006F
:1077E00009F082F9E3E7C04670B50C0001210600FC
:1077F0004942200009F0A8F933785B07DD0F002B20
:1078000004DB200009F070F9280070BD3378DB0735
:1078100004D40422337893433370F2E70025F0E771
:10782000437902791B021343C2785B0592075B0D13
:10783000920F022A1DD0032A0CD00020012A08D161
:1078400002394A425141124A9446614499424041A8
:10785000C0B2704702394A1E91410E4A4942114056
:107860008022D20094460020614499424041C0B237
:10787000EFE7022905D0002040229A424041C0B2E1
:10788000E7E7054A981843425841C0B2E1E7C046CD
:10789000FF03000040FCFFFF00FEFFFF8A1870B5E9
:1078A000914207D27F264C78052C04D00C78091918
:1078B0008A42F8D870BD34008D782C4064000419D9
:1078C000ED0963550C7809198A42ECD8F2E7C046F5
:1078D000F0B5C64600B582B0150008AA40CA04003B
:1078E00017880BAA1288012090460A0021780240CE
:1078F00081432000114321703A000093310001239D
:10790000083000F0F1F8002E01D0002F08D10A9BBA
:10791000012063604346638002B080BCB846F0BD7E
:1079200026001C363000F9F7CDFF0023002D01D0D2
:10793000330000266361A661E9E7C0460120704775
:10794000F8B502240B7807001C4063425C41144BDD
:1079500064421C40134B08009C4608300D00160082
:10796000644400F0F7F8002807D1002E05D0344217
:1079700003D101242B781C4201D00020F8BD38002F
:107980006978FFF7A1F90028F7D02B781C42F4D1D1
:107990000023002238006978FFF7BEF9EEE7C04601
:1079A00040FEFFFFFF010000F8B50D00083506009E
:1079B00028000C0000F0CEF8002803D0012723781F
:1079C0001F4201D00020F8BD30006178FFF77CF93C
:1079D0000028F7D028006288616800F03DF923781C
:1079E000051E0BD01F42EDD10300626830006178A4
:1079F000FFF792F90028E5D02800E4E71F42E1D123
:107A000030006178FFF774F9DCE7C046F8B5CE4680
:107A1000474680B58A8905000C000B78002A07D1FB
:107A200001261E423FD00020C0BCB946B046F8BD7A
:107A30009B0734D5FE2380261B029946B6002700FB
:107A40000837380000F0A4F88642ECD801222378E9
:107A500090461A42E7D128006178FFF735F90028EF
:107A6000E1D0380000F094F8864231D841462378BE
:107A700062881942D7D14B461840061C904200D963
:107A8000161CB6B200226178002E00D06268330066
:107A90002800FFF741F90028C5D03000C4E7114B9A
:107AA00040269946CBE74978FFF70EF90028BAD06F
:107AB000227863881642B6D100226178002B00D06C
:107AC00062682800FFF728F90028ACD06088ABE78F
:107AD000424623781A42A6D128006178FFF708F9B8
:107AE000A1E7C046C0FF0000F0B5C64600B50400DF
:107AF00006A805788020884617001E0000028242F2
:107B000026D8E068002803D00121494209F01CF87A
:107B10002069002803D00121494209F015F84346A5
:107B2000236073045B0CED031D430023E068638155
:107B3000A780E5802381002801D008F0D5FF2069C7
:107B4000002801D008F0D0FF012080BCB846F0BD6D
:107B50000020FAE710B5048941898288A3B288B26F
:107B60008C4207D31B1A9BB2101C9A4200D9181CD6
:107B700080B210BD5100091A5B189BB2F4E7C046F1
:107B800003894089181A43425841C0B27047C04621
:107B900010B5048941898288A3B288B28C4207D388
:107BA0001B1A9BB200209A4201D9D21A90B210BD82
:107BB0005100091A5B189BB2F4E7C04670B5040087
:107BC00000690E00002803D00121494208F0BCFFE3
:107BD00025896089A288A9B283B285422CD3CD1AA7
:107BE000ADB2002D2ED0AA4208D2914230D3891ACC
:107BF0008BB263819A4203D89B1A9BB29A42FBD9FB
:107C0000E28821685204520C53433000C918FBF734
:107C100049FE63890125591C89B2A2888B4213D978
:107C200000215200891A89B220696181002801D09F
:107C300008F05AFF280070BD5500ED1A4D19ADB27D
:107C4000002DD0D1618989B252009142ECDBE9E785
:107C500089188BB26381CDE7F0B546464F46D646CC
:107C6000C0B50600006989469046002803D001216E
:107C7000494208F069FF31897289B5888BB294B2A4
:107C8000914254D31F1BBFB2002F4AD0BD4205D230
:107C9000AB4251D25B199CB22F0074814346B84568
:107CA0003DD89FB2A54203D8641BA4B2A542FBD91C
:107CB000F28831685204520C904662432B1B9BB2EF
:107CC000891842469F4225D953439BB21A00484621
:107CD0009A46FBF7E7FD434648467D1B64195C4323
:107CE00031685044A2B2FBF7DDFD7189B588CB192C
:107CF0009BB26A00994216D99B1A9BB23069738174
:107D0000002801D008F0F0FE3800E0BCBA46B146C9
:107D1000A846F0BD48467A43FBF7C4FDE5E73B1CA7
:107D2000BFE773899BB26A009342E7DBE4E76F0029
:107D30003F1BDF19BFB2A7E75B1B9CB2ACE7C04695
:107D4000F8B50400C0680E00002803D001214942A4
:107D500008F0FAFE258920896189A288ADB283B234
:107D60008FB2884229D3DB1B9BB29A4209D8E779AC
:107D7000FF0906D1E068002801D008F0B5FE380000
:107D8000F8BD95421ED32B009B1A9BB29342FBD2A7
:107D9000E28820685204520C53433100C018FBF7AC
:107DA00081FD6B1C9BB2A2889D4218D90023520012
:107DB0009B1A9BB201272381DCE75100C91B5B188A
:107DC0009BB2D2E72B00E28820685204520C534346
:107DD0003100C018FBF766FD0135A288ABB2520036
:107DE0009342E7DBE4E7C046F0B557464546DE463A
:107DF0004E46E0B5140005000F0083B0002A75D090
:107E0000C068002803D00121494208F09DFE2E8958
:107E1000E9796A89AB88B6B292B2C90945D196426E
:107E200000D36DE059008A1AB21892B20021894637
:107E30009A4234D29A1A111C92B2A24200D9211C41
:107E40008AB29146EA885204520C90464A46B218C9
:107E500092B292464A46D21A92B2934634009E4259
:107E600003D3E41AA4B29C42FBD242466243286880
:107E70001B1B9BB2801842464B4554D34B463900DE
:107E80005A43FBF70FFDAB885B00564501D89A4576
:107E900003DB5246D31A9BB29A4653462B81E868BD
:107EA000002825D008F020FE22E0E9884904490C8A
:107EB00088469C4227D2964247D3B11A89B28C4653
:107EC0005800E11A89B28B4661460919814208DBE4
:107ED000D11889B20E1BB6B28A46B2423BD9361AC5
:107EE000B6B2A21992B29246A146B7E700239946CC
:107EF000484603B0F0BCBB46B246A946A046F0BD1A
:107F0000B21A92B292E700218946002BC7D04146AF
:107F1000E41A4C431600D118002289B28A469946C9
:107F200093463F199AE753439BB21A0039005C44C9
:107F30000193FBF7B7FC414622004A43019B2868A6
:107F400092B2F918FBF7AEFC9DE75800811A711840
:107F500089B28C46B5E7A146B04200DD7EE7BEE7B8
:107F600010B50400C068002803D00121494208F080
:107F7000EBFD2069002803D00121494208F0E4FD0F
:107F80000023E06863812381002801D008F0ACFD64
:107F90002069002801D008F0A7FD012010BDC046CF
:107FA00070B50400C0680D00002803D001214942CB
:107FB00008F0CAFD2069002803D00121494208F0D9
:107FC000C3FD7F21E379ED011940E0682943E171A8
:107FD000002801D008F088FD2069002801D008F0B1
:107FE00083FD012070BDC04610B50A4B0A4AC41873
:107FF000240DA40082B0009208482200E31CF9F787
:10800000DFF8844202DC001B02B010BD01204042B8
:10801000FAE7C0460000E0AFD00E01107427002040
:10802000F0B55746DE464E4645468846E0B583B035
:1080300006000524F9F78CF8434684461C57187946
:10804000364B374AF3181B0D9B009246D758012236
:108050008240013A002C42DB2021091A8C423BDC91
:108060001100A14025000F4236D1414609688946DA
:108070004146897900294DD1AA4093463A423FD1E1
:108080008021890100228846002816D06146A44636
:1080900034004E469946030001915100705A404504
:1080A00000D240195119123189000132085193420E
:1080B000F3D8019B64469C464B465A4617435246AA
:1080C000D7506046F9F750F8200003B0F0BCBB462B
:1080D000B246A946A046F0BD01246442F1E720243F
:1080E000241A0DD41100A14025008B46394205D138
:1080F00009E01100A14025000F42B6D0013CF8D2A2
:1081000009246442DDE7424612689146424692796C
:10811000002AB5D014246442D3E7C0460000E0AF83
:1081200080230020F0B5DE4657464E464546E0B572
:108130001600DC22924685B01C004B0002935B18AF
:10814000DB00C518AA445246834628001268CC308A
:10815000009202682B0001921B4A80209446800204
:1081600063441860002C1DD08023DB049946012352
:10817000D83598462B00E02755469A463F02039192
:108180002000FAF7D9FB4A46430113432B60330022
:108190004246C340134052463B431360631E1C409B
:1081A000EED10399029B5B18DB005B441A00009937
:1081B000DC321160019ACC331A6005B0F0BCBB46CA
:1081C000B246A946A046F0BDCC300000F0B5DE4670
:1081D00057464E464546E0B51600DC22924685B02D
:1081E0001C004B0002935B18DB00C518AA445246E2
:1081F000834628001268CC30009202682B0001925E
:108200001B4A80209446800263441860002C1CD0D6
:108210008023DB0499460123D83598462B00554628
:108220009A46144F03912000FAF786FB4A46430111
:1082300013432B6033004246C340134052463B4336
:108240001360631E1C40EED10399029B5B18DB0098
:108250005B441A000099DC321160019ACC331A6039
:1082600005B0F0BCBB46B246A946A046F0BDC0462C
:10827000CC30000080E00000F0B501258D4004689E
:10828000AC430460002B2ED04D006C18E4000419A0
:1082900026001F68C83637609F68043677605F68BD
:1082A000DB68DC34376023606B18184DDB00AC46AC
:1082B0008025C41864442D0625602560144C0D1DCE
:1082C0008C40846001242600AE40802508318C401B
:1082D0001F21AD014519C0180A40D8302E602C600E
:1082E00002600020F0BD4D006C18E4000419260067
:1082F0008027C8367F023760C0273F03B760F82762
:1083000004367F02DC3437602360CDE7D0100000F4
:1083100001010101484B02009C466244531E9A41F0
:108320008023F0B54E46DE46574645465B029C46E6
:10833000E0B5424B1204624485B002901A60404B93
:108340000E0040491A6010000B689843FBD10620CC
:10835000FAF7BEF80223029904008C464A6801909D
:108360001A4003920A1D9046374AF10D6244914625
:108370001360700200295AD1A04258D880246400AA
:108380000227A246B446B30DB20204E0019E964213
:108390000AD322002B000237574505D004000D00F8
:1083A000A4185D41002BF1D06646019B80259A46BA
:1083B000B3463C02E41B6D002E00013D002D38D079
:1083C00021005046FAF7E6FAE41B8345F4D2310067
:1083D00079432D02029CFF228026A4462761236850
:1083E00012026B4076016644134033608023039A87
:1083F0009B0143441A604D460222072760682A60A9
:10840000256810406F40CF253D40356018600F480B
:10841000844603206444206001981A60FAF7BAFA8F
:1084200005B0F0BCBB46B246A946A046F0BD022747
:10843000BBE73900CEE7C0460040FCBF00E000408B
:1084400000F0004008C0004004300000242000007C
:10845000F0B504000D0016001F00002838D0002ED3
:1084600031D0631C1ED0731C22D02000290080193B
:1084700079418D4203DD002F10DC0DD0F0BD8D421F
:1084800007D0A9421ADD002FF8DA80210020090662
:10849000F4E78442F5D9EEE7002EEFD001200F4932
:1084A0004042EBE70D4B9D42DDD120002900E5E77E
:1084B0000A4B9F42D9D130003900DFE7A942DDD114
:1084C000A042E0D8DAE780231B069F42C9D1F2E739
:1084D00080231B069942C2D1E7E7C046FFFFFF7F1A
:1084E00084B0059B0292049A8B4212DC0FD0994211
:1084F0000BDC08D0029B069883420AD39842804145
:10850000404204B070479042F4D90120F9E782421A
:10851000EDD901204042F4E782B0F0B585B00A926F
:108520000B9304000A9E0B9F0C9D002E23D00F9BE3
:10853000002B24DB0E980F9901221C4B5242121A79
:108540008B41BB4221DD102268460AA9FBF7AAF93C
:108550000E9B0F9A0135134321D11022694620004A
:10856000009601970295FBF79DF9200005B0F0BC3D
:1085700008BC02B0184780231B069F42D7D11022A7
:1085800020000AA9FBF78EF9EFE7BB4201D1B24206
:10859000D9D8102220000649FBF784F9E5E70E9AA6
:1085A0000F9B0025B6185F41D7E7C046FFFFFF7F4E
:1085B000181C0110416900697047C046034B4169AE
:1085C00000691A685B68801A9941704700120020A0
:1085D00000B583B0684600F04FF90098019903B0E8
:1085E00000BDC04600B583B0684600F045F900986C
:1085F0000199034B1A685B68801A994103B000BD6A
:1086000000120020F0B54E464546DE465746E0B51E
:108610001D0013000400160093B02B4300D1C1E0ED
:10862000002D00DAABE00492FA220023300029008A
:1086300092000595FAF7D4F980460F00002D00DC72
:10864000C3E0069007910023300029007A4AFAF728
:10865000C7F982468946002D00DCAAE053460893FC
:108660004B463000099329000023744AFAF7B8F901
:1086700080460F00002D00DCB3E00A900B91E82348
:10868000300029006E4AFAF7ABF982468946E82D98
:1086900000DCB1E053460C934B4630000D932900AB
:1086A000684B694AFAF79CF9664B834603919D42F1
:1086B00000DCAAE05B460E93039B30000F93290079
:1086C000624B634AFAF78CF9604B80460F009D427B
:1086D00000DCA5E00625072610901191032399469A
:1086E000013B9B46013B9A46023EFA224046390036
:1086F00000239200FAF774F9564990460092200040
:108700000A00019305211F00FCF75CFC002F0BDC25
:1087100007D003DC56D14346092B53D9D94602343E
:1087200003E04346632BF6D90334002D1FDDF3002D
:1087300004AAD518484B3700984628686968FA2279
:1087400000239200FAF74CF92000009201930821CF
:108750004246FCF737FC04343B00083D013F002B48
:10876000EBDCF343DB171E400136B600B14448464C
:1087700013B0F0BCBB46B246A946A046F0BD0222EB
:108780003649FBF78FF8029B022698460423012501
:108790009946013B9B46013B9A46039F0134764232
:1087A0006D42A2E702222E49FBF77CF8012399468D
:1087B000DDE7002D03D12B4B9E4200D94EE701256A
:1087C00002268BE7D1460134AFE7002D04D1FA230E
:1087D0009B009E4200D334E7B0462F0001260025BF
:1087E0007CE7002D03D1204B9E4200D945E7D046BF
:1087F0004F460225032671E7E82D03D11B4B9E420D
:1088000000D947E70325042668E79D4203D1184BAA
:108810009E4200D94EE7D0464F46042505265DE727
:108820009D4203D1134B9E4200D953E7D8460525FC
:108830000626039F52E7C04640420F0000CA9A3BFB
:108840000010A5D47E8D03000080C6A4B3B6E00D51
:10885000000064A7F80E0110000F0110F40E0110C3
:10886000880D01103F420F00FFC99A3BFF0FA5D4AE
:10887000FF7FC6A4FFFF63A7D0B5D6464F4680B59D
:1088800082B0040002F084FF824600282AD1174BF0
:10889000994600220023484603F000F80B00616867
:1088A000020020688B4202DC14D1824212D90126D8
:1088B0000027B6185F41484626606760009601971A
:1088C00003F002F80028E4D0504602B0C0BCBA461B
:1088D000B146D0BD00900191484602F0F5FF002856
:1088E000D7D0F1E701235B429A46EDE7081200205A
:1088F00010B502F05FFF10BD70B51500FAF772FFFA
:10890000041E0DD0002D09D008210120FAF76AFFBE
:10891000061E09D02B6834602E607360200070BD85
:10892000034801F02DFFEDE7014801F029FFF1E7D1
:10893000080F0110010070B50120FAF753FF051E62
:108940000CD008210120FAF74DFF041E0AD0074B76
:1089500028001A6825601C60626070BD044801F040
:108960000FFFEEE7024801F00BFFF0E74022002086
:10897000080F011082B010B5303084B001000692AB
:108980000400102268460793FAF78CFF06980799AF
:10899000089A099BFFF7A4FD002804DA10222000A2
:1089A00006A9FAF77FFF04B010BC08BC02B0184754
:1089B000F8B543780500002B00D1F8BD01F03AF876
:1089C000E96D6A6DAB6D914201DD11002B6D0029DF
:1089D00006DD00208900591804CB10709942FBD1A4
:1089E0002B6E002B18D02E0060363000002400279C
:1089F00001F004FB84420FD22100300001F0D8FACC
:108A0000002803D00368002B00D01F603000013421
:108A100001F0F4FA8442EFD30023EB65CDE7C046C2
:108A2000010082B000B585B0069268461022303150
:108A30000793FAF737FF099B06980799089AFFF7FB
:108A40004FFDC317181AC00F05B008BC02B0184775
:108A5000F0B5DE46474680B5804685B0806C01F0B3
:108A6000F3FC10234344041E9B4653D04746102278
:108A700059466846FAF716FF0FCCFFF731FD041E82
:108A800048D1B86C01F0E4FC05008069002853D09F
:108A9000EB6982699846002A0BDD436930269C46C3
:108AA0006146A300C9588B5D002B38D00134944235
:108AB000F6DB49230122C254037F002B04D0C36A92
:108AC000826A002B42DC3FD0380001215C3002F08A
:108AD000D9FE7A6D0300A8699A4204DD0100BA6DDF
:108AE0009B0049319950414600F06AFF404600F032
:108AF00089FF00210022002329606A60A961EA61E0
:108B0000AB602900F86C01F097FCB86C01F09CFC9C
:108B1000041EACD105B0C0BCBB46B046F0BD0122BE
:108B20003800524201F0D2F8A86901348269A242A9
:108B3000BFDD43699C46B3E700230024A8602B6097
:108B40006C60AB61EC61DCE7002ABDD000210091D4
:108B500001003800F7F7F0FBA869C4E710B5C06C56
:108B600001F076FC041E01D0200010BD2021012060
:108B7000FAF738FE041EF7D1014801F001FEF3E7D1
:108B8000080F0110F0B54746CE4680B50E6A4F6A11
:108B9000330080460D0089B03B4332D18B690024FD
:108BA000002B0CDD6B69A200D158012240465242D5
:108BB00001F08CF8AB690134A342F3DC0124AE6A06
:108BC000EF6A33003B4316D04046FFF7F3FC3618FC
:108BD0004F414146002310223031684606930496E7
:108BE0000597FAF75FFE04980599069A079BFFF729
:108BF00077FC002807DD200009B0C0BCB946B046AC
:108C0000F0BD0024E0E74346D86C01F021FC011ED2
:108C100009D000238B6043460E604F60986C8D61D5
:108C200001F00AFCE7E720310120FAF7DBFD81467D
:108C3000011EEED1024801F0A3FD4B469D61FFDE0F
:108C4000080F011070B50500C06F002825DD002455
:108C50000026AB6FA200D158002906D02800FFF7EC
:108C600091FF002800D00600E86F01348442F0DB59
:108C7000002801DC300070BDE86C01F0E9FB011E4A
:108C80000DD00022002300208A61CB6188600A6039
:108C90004B60E86C01F0D0FBECE70026EAE72031FE
:108CA0000120FAF79FFD0400011EEAD1034801F0FC
:108CB00067FD0022002322606360FFDE080F0110C1
:108CC000F8B584230500C058002480268427002896
:108CD00003DC13E00134844210DAAB59A200D1580E
:108CE0000029F7D08B6D002BF4D1012228005242CD
:108CF00000F0ECFFE85901348442EEDBF8BDC046D9
:108D0000F8B58C230500C058002488268C2700283D
:108D100003DC13E00134844210DAAB59A200D158CD
:108D20000029F7D08B6D002BF4D10122280052428C
:108D300000F0CCFFE85901348442EEDBF8BDC046B8
:108D40000022002310B500248A61CB610A604B60C9
:108D50008C60C06C01F070FB10BDC04670B50400A3
:108D6000C0690D00884201D000F04CFEE56170BD85
:108D7000F0B504001D000F00160083B001F010F9DB
:108D8000089BB9693200009320002B00F7F7D4FA52
:108D90000500200001F000F9200001F005F928008D
:108DA00003B0F0BD82B0F0B5070087B00C920CA9FB
:108DB000102268460D93FAF775FD38697969BA692A
:108DC000FB69FFF78DFB00280ADA3800102210300B
:108DD0000CA9FAF767FD07B0F0BC08BC02B0184751
:108DE000B9690A4B0A4E1C685D6804913869796953
:108DF000001BA9410C9A0D9B029003910E99121B26
:108E0000AB413000009101F0BBFCE4E70012002010
:108E1000180F0110486810B50C000B6841609847A6
:108E2000002263685A6010BDF0B5DE4657464E46D4
:108E30004546E0B592460A6A81468B4685B0002ACF
:108E400070D000270024390002E00134944255D24A
:108E50005B465B6AA0001B58002BF6D01B78002BEA
:108E6000F3D05B46DB6A1B5898465B469B6A1D58ED
:108E7000002DEADD42460023019203941A0002907D
:108E800002E00132AA4233DA01989300C658002E5C
:108E9000F7D0B369002BF4DD002490460FE00029E1
:108EA00003D05246484600F011FF2900524648467A
:108EB00000F00CFF0021B36901349C4210DA7269A2
:108EC000A0008558002DF7D08D42F5D00137012F35
:108ED000E5D1EA695A45E2D1013429009C42EEDB32
:108EE0005B4642469B6A029801321D58AA42CBDB80
:108EF0005B46039C1A6A01349442A9D30F1E11D019
:108F0000CB6B002B15DA78683B68476098470022E6
:108F10007B6839005A6048465246FFF785FF402378
:108F20000022FA5405B0F0BCBB46B246A946A046A2
:108F3000F0BDFFF74DFBBA6B0C001100FB6B050099
:108F400019430AD17B6C002BE9D0786898475246C8
:108F500039004846FFF768FFE1E749460869496973
:108F6000FFF776FA8C42EDDCCDD18542EAD8CAE72C
:108F7000F8B505001B480E00FCF7BAFA1A48FCF7D2
:108F8000B7FA1A48FCF7B4FA1948FCF7B1FA1948CD
:108F9000FCF7AEFA1848FCF7ABFA1848FCF7A8FA49
:108FA0001748FCF7A5FA1748FCF7A2FA1648FCF791
:108FB0009FFA1648FCF79CFA1548FCF799FA1548F1
:108FC000FCF796FA002D09DD0024134FA3003800AA
:108FD000F1580134FCF714FBA542F7D10F48FCF718
:108FE00087FAF8BDA40F0110C00F0110DC0F0110AB
:108FF0001C100110401001108C100110DC10011029
:10900000F01001103C110110501101108C110110D1
:109010009C110110D8110110E8110110D411011098
:10902000F0B5DE4657464E464546E0B5012489B0C8
:10903000012824DD80460D00BF4B0093BF4B0193F8
:10904000A600AF59631C9A463B7899462D2B1ED13A
:109050007B78662B1BD1BB78002B18D1D04500DC68
:10906000DCE0AE1976680099300003F015FF0028A7
:109070004ED10122B24B1A700234A045E0DC01202F
:1090800009B0F0BCBB46B246A946A046F0BD3800C8
:10909000AC4903F001FF0028E0D04B462D2B40D116
:1090A0007B786F2B3DD1BB78002B3AD1A31C434575
:1090B00000DBF1E0AE1973689B46B36858469946E9
:1090C00005F0BCFE06000F009F4B9A461E605F60D5
:1090D00003000B4304D15B461B78302B00D0F5E036
:1090E0004B461B789B46732B44D14B465B78652BD4
:1090F00040D14B469B78632B3CD1944A00233000EF
:109100003900FAF773FA5346186059600334B4E72C
:109110003000019903F0C0FE002826D1884B18705A
:10912000AAE738008A4903F0B7FE0028BED038000D
:10913000884903F0B1FE0028B8D04B462D2B66D0ED
:109140003800854903F0A8FE00287CD1D04500DC1A
:10915000E5E0AE1976687849300003F09DFE0028FE
:1091600068D101227D4B1A7086E731007C4801F0FE
:109170001FFA81E7042248467A4903F0B3FF00282A
:1091800026D1F30E7A011A43730103920293029AD5
:10919000039B921BBB41D10D58020843530205901B
:1091A0000493049A059B92197B41910E9801084300
:1091B00091010790069106980799801A99410B0032
:1091C0000200514692197B4103340A604B6054E718
:1091D00004224846644903F085FF002802D1FA22A0
:1091E00092008BE704224846604903F07BFF002889
:1091F0008CD05B466D2B40D14B465B78692B3CD1C4
:109200004B469B786E2B38D10D23594A77E77B78F4
:109210006B2B95D1BB78002B98D091E72B0045465E
:109220009846544801F0C4F928004146FFF7A0FED3
:10923000002025E73000414903F02EFE002826D10A
:10924000464B187018E74B462D2B02D17B78772BB5
:1092500051D03800484903F01FFE002843D1D045C3
:1092600000DCA9E0AE1976680234300005F0F0FCAD
:1092700000284EDD414B1860FFE604224846404975
:1092800003F030FF002813D13E4A3F4B37E731004F
:109290003E4801F08DF9EFE62B00454698463C48E4
:1092A00001F086F928004146FFF762FE0020E7E65C
:1092B0005B46642B23D14B465B78612B1FD14B4619
:1092C0009B78792B1BD1334A334B18E72B0045464B
:1092D00098465946314801F06BF928004146FFF79E
:1092E00047FE0020CCE638002D4903F0D5FD0028CC
:1092F0006ED15446C1E6BB78002BB0D0A9E704225A
:109300004846284903F0EEFE00286ED1264A274B36
:10931000F5E62748310001F04BF90120AAE72B00C0
:1093200045469846234801F043F928004146FFF797
:109330001FFE0020A4E6C0460C12011014120110FA
:1093400046300020EC1101101012002000CA9A3B98
:109350003C12011048120110CC12011049300020BB
:109360001C1201108C120110941201109C12011099
:10937000005847F8F41101101C1301103C22002082
:10938000A412011000A0B83046030000F81201102A
:109390005412011000004F91944E000074120110FD
:1093A0007C130110AC120110000029F90F260200F5
:1093B00050130110D81201102B0045469846114851
:1093C00001F0F6F828004146FFF7D2FD002057E6ED
:1093D0002B004546984639000B4801F0E9F8280073
:1093E0004146FFF7C5FD00204AE62B00454698465A
:1093F0004946064801F0DCF828004146FFF7B8FD71
:1094000000203DE62813011088130110B41201104A
:1094100010B5F7F715FC10BDF0B5DE4657464E46C1
:109420004546E0B5954B91B01A78002A06D011B0A8
:10943000F0BCBB46B246A946A046F0BD013207A823
:109440001A70F7F7F7FB80460798F7F713FE4346C5
:10945000002B00DC0FE100240025894B9946894B45
:109460000393894B0493894B0293079B1E191B5D41
:10947000002B00D183E04B461B78002B56D073782D
:10948000002B38D000F0D6FAF16D726DB36D9142B9
:1094900001DD1100336D002906DD00208900591817
:1094A00004CB10709942FBD1336E002B1FD0602388
:1094B0009A460023B2449B465346A2461C00200015
:1094C000002700F09BFD874210D23900200000F0F9
:1094D0006FFD002804D00368002B01D05A461A60A3
:1094E0002000013700F08AFD8742EED35446002366
:1094F000F365079E3619B06C002805D000F098FF80
:1095000000286CD1079E36193000FFF757F802008B
:109510000B1E0BDB08A8FFF775F8039808A9FCF7EA
:109520006FF8049A5368002B36DC32D00135B03422
:10953000A8459AD14B461B78002B00D177E700F065
:10954000C1F9534E3568002D37D02F68002F0BD04E
:109550003C68002C08D02068FAF786F9200064687F
:10956000FAF782F9002CF6D13800FAF77DF96C6829
:109570002800FAF779F9002C1FD02500E5E7B1683B
:109580000298013501F088F8B034A84500D06CE7A6
:10959000D0E71368002BC9D0FFF724F802000B00B6
:1095A00008A8FFF72FF801353A4808A9FCF728F872
:1095B000B034A84500D058E7BCE7002333604346E9
:1095C000002500244646002B00DC30E707980134D4
:1095D000401900F059FAB035A642F7D127E7079BAA
:1095E0001B19986C00F024FF83462B48594601F064
:1095F00053F8079B1B19986C00F026FF01002248C6
:109600000A684B688968066847682448921BBB4112
:10961000009101F041F800239A464B460026A946E6
:1096200000272500059316E0079B5B19986C00F056
:109630000FFF0400C069002801D000F0E3F9524692
:10964000A661E761079B21005B1926606760D86C03
:10965000A26000F0F1FE079B5B19986C00F0E8FE39
:109660000028E1D1059B59460D482C004D469946EE
:1096700001F012F846E7024B99465BE740300020C4
:109680003F3000209C14011000120020B013011084
:1096900040220020C8140110D41301101814011026
:1096A0006014011080235B02994207DA030C09045D
:1096B00019430004D317104319437047012102488E
:1096C00049421043F9E7C0460000FFFF70B50400AF
:1096D0000068002806D0A3685B68002B2FD098474D
:1096E00000232360002000F05BFC164D2868002852
:1096F00018D001F05BF880239B00984209D221002A
:10970000286801F081F8002807D0002000F04CFC08
:1097100070BD2000FAF7A8F8F7E721000A4800F02A
:10972000BBFFF2E7043001F04FF828600028E0D1D9
:1097300000F03AFC054801F023F82868D9E7FAF769
:1097400093F8CDE74C2200202C150110F4140110E1
:10975000F8B5CE464746804680B500200D0016007D
:1097600000F01EFC194B1868994600280AD001F039
:1097700033F9070001F03EF9002815DA3800FAF74E
:1097800073F8002000F010FC14210120FAF72AF8E9
:1097900004004346A3600023200066602560E36068
:1097A000C0BCB946B046F8BD380001F03FF94B46A1
:1097B00004001868210001F0E7F800233800236056
:1097C000FAF752F8002000F0EFFBE2E74C2200200D
:1097D00070B5040000200E0000F0E2FB214D286867
:1097E00000282AD0210001F00FF8002000F0DCFB57
:1097F000E568002D0DD0EB68012B14D1AB681A6819
:10980000B2421FD000232800EB60FFF75FFF002368
:10981000E3600022002120002660FFF799FF01236A
:10982000E060C36070BD002B04D129000E4800F039
:1098300033FFECE7013BEB60E9E7043000F0C4FFE5
:109840002860CFE72868002806D05B68002B06D088
:10985000984700232B60E5680123EB60E2E7FAF705
:1098600003F8F6E7502200206C150110F8B504004B
:1098700000200F00160000F093FBE568002D02D0D9
:10988000EB68012B0CD0002000F08EFB00220021A1
:109890002000FFF75DFF0123C36007604660F8BD4D
:1098A0002868002806D0AB685B68002B07D0984773
:1098B00000232B60002000F077FBE068EDE7F9F76C
:1098C000D3FFF5E7F0B5C646394C00B5206800284F
:1098D00011D0384D04E0FFF7F9FE206800280AD0C7
:1098E0000269C3682260002B55D0013BC360002B86
:1098F000F1D0101EF4D1002000F052FB2E4F38683A
:10990000002828D001F068F805002A4B2800984666
:10991000002601F06FF8002815DB280001F086F81A
:109920000400C068002808D0C368002B39D0013B70
:10993000C360002B01D1FFF7C9FEE660280001F0EB
:1099400059F80028E9DA2800F9F78EFF386800F0A6
:109950002FFF00233B60194D2868002815D001F027
:109960003BF8040004E0200001F060F8F9F77CFF08
:10997000200001F03FF80028F5DA2000F9F774FF25
:10998000286800F015FF00232B60002000F00CFB7E
:1099900080BCB846F0BD0100280000F07DFE2068C4
:1099A0009CE70100404600F077FEE660C6E7C0464F
:1099B000542200206C150110502200204C2200205F
:1099C00070B50C00C1680500A1420ED0002906D078
:1099D000CB68002B10D0013BCB60002B06D0002CB5
:1099E00002D0E3680133E360EC6070BD0800FFF76C
:1099F0006DFE002CF5D1F7E7014800F04DFEEEE7D3
:109A00006C15011010B5002806D0C368002B08D0D3
:109A1000013BC360002B01D0002010BDFFF756FEB4
:109A2000FAE7034B0100180000F036FEF4E7C046E9
:109A30006C15011070B50E4C2068002811D00D4D2A
:109A400004E0FFF743FE206800280AD00269C368DB
:109A50002260002B06D0013BC360002BF1D0101E0A
:109A6000F4D170BD0100280000F016FE2068EBE77D
:109A7000542200206C1501108B698069C01A434282
:109A8000584170477047C04610B504004068F9F768
:109A9000EBFEA06FF9F7E8FE8023E058F9F7E4FE4B
:109AA0008823E058F9F7E0FE9023E058F9F7DCFE50
:109AB000206DF9F7D9FEA06DF9F7D6FEA06C00F085
:109AC0009BFC04E0E06C00F0C3FCF9F7CDFEE06C19
:109AD00000F0AEFC0028F5D1E06C00F08DFCA8236E
:109AE000E05800F0D5FB10BD70B51900040000254A
:109AF0001000059B049A20616161A561206261628A
:109B0000A56222646364002B06DA20001022054956
:109B10003030F9F7C7FE70BDFEF79AFCA5632063ED
:109B20006163F8E7281C0110F0B5DE4600B584B08B
:109B300007000E0015000E9C002900D17AE00800F5
:109B400005F068FC431C18009B46F9F72DFE5A46A9
:109B50003100786001F0D0FE380010223B49BD6032
:109B60003030F9F79FFE0A9B0020FB67002B03DDD6
:109B700050211800F9F736FE84230B9AB8670020AD
:109B8000FA50002A03DD60211000F9F72BFE802334
:109B90000C9AF8500C330020FA50002A03DD6021A3
:109BA0001000F9F71FFE88230D9AF8500C3300209F
:109BB000FA50002A03DD60211000F9F713FE90230C
:109BC000F85000237C65FB65002C35DC00203B65EC
:109BD0009C23119AB865FA50002A05DD0421100073
:109BE000F9F700FEA023F8500126194D194C2B005F
:109BF000220019497E670A2000F0EAFB2B002200B0
:109C0000B86416490A2000F0E3FBF8641448154BC9
:109C100002901548154A01901548164900900A20EF
:109C200000F00CFBA823F85000203E7004B080BC6C
:109C3000BB46F0BD41608FE704212000F9F7D2FD5B
:109C4000042138652000F9F7CDFDC1E7281C01107B
:109C5000859A0010799A0010B5A300108DA4001009
:109C6000A9A40010A1A4001091A4001099A40010B0
:109C7000A5A4001061A40010436A30B5002B19D0D0
:109C80009A68D36D516D8B4215DB0133D365012387
:109C900003758369002B0DD0C16900290ADB1A689E
:109CA000002A07DB501C18605868904209D801222E
:109CB00052421A6030BD0500916D9C00143565500C
:109CC000E3E79B689200D150F4E7C0463023CA5CBA
:109CD00010B5002A00D010BD0132CA547833C058E4
:109CE00000F0EEFA0028F6D0014800F049FDF2E756
:109CF000A0150110F0B54F464646D6460223C0B522
:109D00000500A8263027994684B014E0FEF760FCD1
:109D1000A26B88461100E36B8246194324D1636C21
:109D2000002B06D060689847002221002800FFF72A
:109D30007BF80023E355A85900F0B4FA00281DD0A1
:109D4000A85900F013FB4B46C355C36B0400002B0E
:109D5000DCDA210028000022FFF75CF80022210055
:109D60002800FFF761F8E4E728696969FEF770FBEE
:109D70008845D4DCEDD18245D1D8EAE7290010220C
:109D8000684630311035F9F78DFD0FCDFEF7A8FB91
:109D9000C00F04B0E0BCBA46B146A846F0BDC0460C
:109DA000F0B504008DB001F029FDA06C00F04CFB73
:109DB000102205003A4904A8F9F774FD002D4AD095
:109DC0001022290004A8F9F76DFD2E686F6808229B
:109DD000684606A904960597F9F764FD2000049AE1
:109DE000059BFEF71DFE002807D021001022303110
:109DF00004A8F9F757FD266B676B2A4B1B78002BDD
:109E000031D006A90822684604960597F9F74AFD5D
:109E1000059B2000049AFEF7C5FF21001022303177
:109E20006846F9F73FFD20696169A269E369FEF7B9
:109E300057FB002802DB2000FEF762FF2000FEF740
:109E4000B7FD2000FEF704FE01F0F6FC2000FFF74E
:109E500051FF0DB0F0BD144B1B78002B0ED0012626
:109E6000124F7642B3E732003B002000FEF740FD80
:109E70000028C6D001F0E0FC0120EAE7226963690E
:109E800008920993A3690822013368460AA90A9334
:109E9000F9F708FD2000089A099BFEF76BFDDEE745
:109EA000381C01104630002049300020FFFFFF7FA2
:109EB00030B587B004000D00F6F79CFE01F058FCA9
:109EC0002E4B19682E4B1868FFF7AAF8002851D0BE
:109ED00029002000FFF7A4F800284BD0294805F0FE
:109EE00091FA002842D1F6F787FE05A8F6F7A2FE00
:109EF000FFF78EFAFEF76CFB0B0002002249059873
:109F00000CC122490C684D6800940195FFF7ECFDE7
:109F10000598FEF7D5FE0598FEF794FE059C1022E5
:109F20002100684630311034F9F7BCFC0FCCFEF745
:109F3000D7FA002802DB0598FEF7E2FE0123059818
:109F40004370FFF7D7FE002805D101220020104BF7
:109F50001A7007B030BD0598FFF722FF0028F4D033
:109F60000598FFF71DFF0028F5D1EEE7094800F03E
:109F700093FBB8E701204042EBE7C046A42700204E
:109F8000A0270020199400100012002010120020B9
:109F90003F300020CC15011010B501F069FC10BD58
:109FA00010B501F02BFC10BD10B501F045FC10BD43
:109FB000F8B505008E000068331D6F68C318BB42FA
:109FC00001D91F006B60AB68BB4215D8EC681B1A47
:109FD0000134EC605B10994202D35B009942FCD2E1
:109FE0009C0021003F1AF9F71FFC0023C719041930
:109FF0002B6128606F60AC608019F8BD09C8181A21
:10A0000080107047F0B5DE464E4645465746436AD7
:10A01000E0B58E009B5988469B460400036985B0D5
:10A020005846984743462268B1468A4601905D00EB
:10A03000954203D34DE098469B009946691C636A9C
:10A040000091914215D2E268AE00985923690292BC
:10A050009847636A04360390985923690F0098471C
:10A060000B00020039000398029FB847636A012879
:10A0700003D0002D30D0AE00009598592369E568D3
:10A08000984702000B0001985146A84701281CD1AF
:10A090004946636A9A595A50636A5858A3694146B7
:10A0A0009847009B22685D009542C4D31F00636AF5
:10A0B0005A469A5139005846A369984705B0F0BCF2
:10A0C000BB46B246A946A046F0BD4E464746636A27
:10A0D000EEE74746636AEBE74E464746E8E7C04689
:10A0E000F0B5DE4657464E464546436AE0B58E001B
:10A0F0009B590400984683B0036940460D00984779
:10A10000B14683468A466F08012D22D94346019302
:10A110000EE04246636A29009A583D009A51636AEC
:10A120009859A36998477B08012F21D01F00AE00E2
:10A13000E3689946BB0098464246636A985823698B
:10A1400098475A465346C8470128E2D0019AB1467B
:10A1500090464A464146636A40469950A3692900A1
:10A16000984703B0F0BCBB46B246A946A046F0BD36
:10A17000019B984604239946EBE7C046F8B557463D
:10A180004E46DE4645460400E0B50F0016000028A6
:10A190004BD0294B9B4638E02368B3423DD9636AD4
:10A1A000B200D558002D38D0E36828009A462369BC
:10A1B00098472369814638008846984702000B007B
:10A1C00048464146D047012827D0E36828009A46F0
:10A1D00023699847236981463800884698470200DA
:10A1E0000B0048464146D047002805D139002800D9
:10A1F000E3699847002811D1760032003900200029
:10A20000FFF7BCFF051E09D10136002EC4DA5846FF
:10A2100000F0B6FA2368B342C1D800252800F0BC8C
:10A22000BB46B246A946A046F8BD002AF5DA024868
:10A2300000F0A6FA0025F1E7F8150110F0B5C646C2
:10A24000050000B52820884617001E00F9F7ACFA73
:10A25000041E1BD00135A800F9F7A6FA6062002899
:10A2600011D0012323604346E360069BA560A361F0
:10A27000079B6560E361089B27616661236220009C
:10A2800080BCB846F0BD2000F9F7EEFA0024F6E7EE
:10A2900010B50400406AF9F7E7FA2000F9F7E4FA8C
:10A2A00010BDC046002802D0006801387047002069
:10A2B000FCE7C04610B50122FFF760FF10BDC046A5
:10A2C00070B504000E00002817D001686368406A6A
:10A2D000994209D3A5684D19A900F9F7A5FA0028F4
:10A2E0000BD02168606265604B1C23608B001E50A0
:10A2F0002000FFF7F5FE002070BD0120FCE7C046FE
:10A30000F8B5CE464746036804000D0080B5012B22
:10A3100023D0436908009847810088462368626A11
:10A32000013B23609B009B5806005350E3682800C4
:10A330009946236998474246636A070098582369FB
:10A340000D00984702000B0038002900C847310073
:10A35000012807D02000FFF755FE0020C0BCB946F9
:10A36000B046F8BD2000FFF7BBFEF6E710B50028A9
:10A370000ED00368012B0BD0426A013B5468036086
:10A380009B009B5801215360FFF73CFE200010BD4D
:10A390000024FBE7002805D00368012B02D0436AA4
:10A3A000586870470020FCE700217047006970473B
:10A3B0000161704710B5040084B011006846102296
:10A3C000F9F770FA0FCCFEF78BF804B010BDC04659
:10A3D00030B585B0054D064C0293064B01920093B3
:10A3E00022002B00FFF72AFF05B030BDADA30010FF
:10A3F000A9A30010B1A30010016870B505000124E5
:10A40000012903D810E001348C420DD26B6AA200FE
:10A41000D0580028F7D04369002BF4D0F9F724FA7C
:10A42000296801348C42F1D32800FFF731FF70BD59
:10A4300010B5FFF737FF10BD10B5FFF741FF10BD96
:10A4400010B5FFF737FF10BD10B5FFF7A3FF10BD24
:10A4500010B5FFF78BFF10BD10B5FFF751FF10BD12
:10A4600010B5994207D804D001248B4205D9604227
:10A4700010BD9042F8D90120FAE78B4201D00024A8
:10A48000F5E78242F3D80024F1E7C0460020704788
:10A49000401A434258417047416900697047C046BD
:10A4A00080697047816170477047C046F0B54F467C
:10A4B000D6464646C0B51700354A040010680D0060
:10A4C00086B0022800DA022098423ADB314B9946E6
:10A4D0001A88314B9A423AD005A8F6F7ABFB059B98
:10A4E00020005B68984604F095FF0600280004F001
:10A4F00091FF8246404604F08DFF56443018060016
:10A500002130F9F751F90A22824624494046203683
:10A5100002F0E8FD00282FD041464B4650461B88EC
:10A520001F4A0091029531000194FAF74BFD1D4B33
:10A530001B68002B24D03900504698475046F9F745
:10A5400093F906B0E0BCBA46B146A846F0BD20007B
:10A5500004F060FF0600280004F05CFF36183000AD
:10A560002130F9F721F9310023000F4A20310095FD
:10A570008246FAF727FDDAE70A239C46E044CBE758
:10A580000A4B3A001B685146986802F03FFCD5E739
:10A59000181200201C120020FFFF000040160110BE
:10A5A0004C160110043000203816011070120020E3
:10A5B0000FB4F0B54746CE4680B52F4E87B00EACEF
:10A5C00080CC32882D4B04949A423CD005A8F6F7F3
:10A5D00031FB059B38005B68984604F01BFF0500C3
:10A5E000404604F017FF2723994628188144283055
:10A5F000F9F7DAF80A2205002149404602F072FD17
:10A6000000281CD01F493388019141462800009141
:10A610001D4A49460297FAF7D5FC1C4B1B68002BD4
:10A6200021D02100280098472800F9F71DF907B02C
:10A63000C0BCB946B046F0BC08BC04B018470A23F9
:10A640009C46E044DEE7380004F0E4FE06002830D3
:10A65000F9F7AAF831000B4B0D4A27310097050096
:10A66000FAF7B0FCD9E70B4B22001B682900986869
:10A6700002F0CCFBD8E7C0461C120020FFFF000010
:10A6800040160110601601104C1601100430002015
:10A6900038160110701200200FB4F0B54746CE46B0
:10A6A00080B52F4E87B00EAC80CC32882D4B0494F1
:10A6B0009A423CD005A8F6F7BDFA059B38005B68C6
:10A6C000984604F0A7FE0500404604F0A3FE2923A7
:10A6D0009946281881442A30F9F766F80A220500BD
:10A6E0002149404602F0FEFC00281CD01F49338857
:10A6F00001914146280000911D4A49460297FAF708
:10A7000061FC1C4B1B68002B21D0210028009847BE
:10A710002800F9F7A9F807B0C0BCB946B046F0BCAC
:10A7200008BC04B018470A239C46E044DEE7380022
:10A7300004F070FE06002A30F9F736F831000B4BB2
:10A740000D4A293100970500FAF73CFCD9E70B4B7D
:10A7500022001B682900986802F058FBD8E7C04621
:10A760001C120020FFFF00004016011068160110A7
:10A770004C16011004300020381601107012002011
:10A780000FB400B583B004AA02CA002305480192A1
:10A79000FFF78CFE044B1B68986802F07BFC0120DD
:10A7A000FAF7BEFC741601107012002000697047A1
:10A7B00010B5041E04D0C068002801D0F9F754F881
:10A7C0002000F9F751F810BD70B5182105000120DF
:10A7D000F9F708F8041E14D005600120A840431EB4
:10A7E0000421A0606360F8F7FDFFE060002805D059
:10A7F0000022002322616361200070BD2000FFF76A
:10A80000D7FF0024F8E7C046F8B5DE4657464E4667
:10A810004546436904009C46E0B50069012924D9F6
:10A82000CB00CB186668DB00CB18E56833409A0094
:10A83000AA181768002F00D19CE0012252429046CE
:10A8400009E04F4A91464B4433409A00AA181768D2
:10A85000002F00D17DE0B94200D177E0012FF0D187
:10A860004246002AEDDA9846EBE701235B429A461E
:10A870006044F8F729FFA768051C3800F8F724FFA3
:10A880004049F8F7EAFE011C281CF8F715FF0028DC
:10A8900006D15046F0BCBB46B246A946A046F8BD1C
:10A8A0000120E36804219846236801339840451E3F
:10A8B0002360A0606560F8F795FF0023E0602361E6
:10A8C0006361002F36D0BF0047444646BC4630681F
:10A8D00001282CD9C300C318DB00C318E7682B403C
:10A8E0009A00BA181168002928D0012252429146D4
:10A8F00008E0234A93465B442B409A00BA1811683B
:10A90000002908D0884212D00129F2D14A46002AF3
:10A91000EFDA9946EDE72369013323614B46002BBB
:10A920000FDB6369013B63614B469B00D8510436E2
:10A930006645CCD14046F8F797FFAAE72369013373
:10A940002361043610606645C1D1F3E700239A46BF
:10A950008EE7434601302061002B0DDB01235B4273
:10A960009946CC446346636143469B005951012399
:10A970009A467DE701302061012311609A4677E70E
:10A98000911300009A99593FCB00CB1870B5DB00AA
:10A990004568CB18C6682B409A00B2181468002C82
:10A9A00009D114E00B4A944663442B409A00B21834
:10A9B0001468002C0BD0A142F4D101231360036969
:10A9C000013B0361436901334361012000E0002042
:10A9D00070BDC0469113000010B50821040001208D
:10A9E000F8F700FF002803D001235B4204604360B6
:10A9F00010BDC04602684368116930B501330500D7
:10AA000000290FD0916899420CD00BD9D46802E08C
:10AA10000133994206D99A00A258012AF8D91800A0
:10AA20006B6001E00120404230BDC0460CC8D268D6
:10AA30009B0098587047C04603688B43036070477B
:10AA400003680B4303607047C94301607047C04609
:10AA50000160704703684B40036070477047C04611
:10AA600003788B4303707047037819430170704774
:10AA7000C94301707047C046017070470378594060
:10AA8000017070477047C046014B18607047C04660
:10AA90006012002010B500F003FE80220021024861
:10AAA000D200F8F7F9FE10BDD027002010B501281C
:10AAB00009D0002800D010BD80220021D200054816
:10AAC000F8F7EAFEF7E78022FF21D2000148F8F705
:10AAD000E3FEF0E7D0270020F0B5C64605000C00E5
:10AAE00000B57F282CDC3F292ADC002A28DD002B3A
:10AAF00026DD002827DB002930DB80204021401B99
:10AB0000091BE710904682423DDC1E008B4238DC78
:10AB1000A419013C00F01EFDE410BC420ED3FB0161
:10AB2000EEB25D191B4BED182A00F8B24346310016
:10AB3000013700F03DFD8035BC42F5D200F02AFD22
:10AB400080BCB846F0BD121800291EDB002AF7DDD4
:10AB5000402180200025091BE710D3E7CC18002CEA
:10AB6000EEDD80277B1B9846934200DD904600F087
:10AB7000F1FC2300402C00DD4023013B0027DC10CA
:10AB8000CDE70E00C4E78046BFE7002AD8DD0025E8
:10AB9000CC18E4E7D0270020F0B557464E4645468E
:10ABA000DE46E0B58DB005900192100007221C0032
:10ABB000A94B0D0008931B68597B9E7B1300234013
:10ABC0000993032302402B408A4613430100002BC4
:10ABD00000D14FE1099B042B00D122E1052B3AD192
:10ABE00000230293013309930323099A0B941A401B
:10ABF00000230392059A069507950A95D356147873
:10AC0000002B00DA97E001320592002C00D1A9E078
:10AC1000089B1F68BB687D689C4662463B7B10377B
:10AC2000002A00D1FAE08D4A9946904623006146F9
:10AC30000024220049080A43954205D99000C059D2
:10AC400098420BD000D214000029F2D1434500D124
:10AC5000E4E0824BEBE703230293C5E74B465A43FC
:10AC6000AD00AD187B1904935346002B56D0002E2F
:10AC700054D000239846029B069F032B00D17EE010
:10AC8000049BB1469B465E464644330000244E4634
:10AC9000019DB9461F0016E04B467F2B0ED83F2D75
:10ACA0000CD82A409140E8086D4BC001029A4844F4
:10ACB000C0186C4B9200D358C9B298470134E3B224
:10ACC0000135B34220D20722230011009343FB5CDD
:10ACD00021400B4101211942DED04B467F2BEDD89C
:10ACE0003F2DEBD82A409140E8085D4BC001039A04
:10ACF0004844C0185B4B9200D358C9B201349847FE
:10AD0000E3B20135B342DED301239C46E04443461F
:10AD10004F46DBB2B14601375345B4D3079B53448A
:10AD20000793069B534406930023059AD356147841
:10AD3000002B00DB67E753781100002B12D0FC22B8
:10AD4000A401120114403F2213401C4380231B0125
:10AD50001C4253D10231059157E7C3780100002B03
:10AD600000D071E00B9C0A9D63B2002B64DB079856
:10AD70000DB0F0BCBB46B246A946A046F0BD029B52
:10AD8000099AB94613409B464B467F2B27D8049F10
:10AD90000024019D474404E00134E3B20135B3428D
:10ADA0001DD20722230011009343FB5C21400B417D
:10ADB00001211942F0D03F2DEED82A4091405A4649
:10ADC000E808274BC0014844C018264B9200D358CE
:10ADD000C9B201349847E3B20135B342E1D301234C
:10ADE0009C46E0444346DBB2E1445345CCD3079B49
:10ADF00053440793069B5344069395E78B780800CA
:10AE0000002BAFD01849A40113400C401C438023F1
:10AE10005B021C42A1D103300590F6E6134B04936C
:10AE200022E70123029300230993DDE65C4663B227
:10AE3000039E099D002B9ADA079B28005A1B019953
:10AE40003300FFF749FE92E7043105910849A40158
:10AE50000C401A401443D8E660120020A1250000DF
:10AE6000D027002020120020C0FF0100481C011044
:10AE7000C0FF1F00099A6C4B9200D3586B4A98464A
:10AE800003015B1999462B1D9B4643460293002301
:10AE900091440831059A0491079509950396D35674
:10AEA0005D461178A3464C46002B55DB01320592D6
:10AEB0000029BBD0089B1E68B368776899464A464C
:10AEC000337B1036002A00D1A2E098462B00584A66
:10AED0004D469446994606942800002340080200F7
:10AEE0001A43974205D99400A459A14208D000D929
:10AEF00013000028F2D1614500D18FE04C49EBE707
:10AF00004346B0464D465A43B9008A18069C9044C1
:10AF1000019B3F2B33D82B1F99467F2B4CD84346A0
:10AF200020001968029EB0477F2D47D9039B082B4C
:10AF300007D9049B3F2B04D84346200099688030F2
:10AF4000B047079B54445344079355440023059A44
:10AF5000D3561178002BA9DA10005278002A00D1BC
:10AF600064E7FC2389011B0119403F231A40114368
:10AF700080221201114230D10230059098E7039BE4
:10AF8000082BDED9049B3F2BDBD82B1F7F2B05D84A
:10AF90004346200099688030029B98477F2DD0D887
:10AFA00043462000D9688430029B9847079B54444D
:10AFB000534407935544C9E77F2DC2D84346201D0B
:10AFC0005968029B9847039B082BBAD9049B3F2BD7
:10AFD000B7D84B467F2BDBD9E2E782780600002A00
:10AFE00000D123E7134889011A4001401143802210
:10AFF000520211420FD0F2783000002A00D115E73A
:10B00000043005900C4889010140134019434FE773
:10B010000A4B98467CE70336059649E7074B4D46B1
:10B020009846069C74E7C04640120020D0270020B6
:10B03000A1250000C0FF0100C0FF1F00481C011037
:10B04000F0B54546DE4657464E46E0B587B00500AA
:10B0500010A804787F2D5FDC3F295DDC002A5BDDD2
:10B06000002B59DD002D5EDB002968DB80274026A0
:10B07000C81081467F1B761A0192BA4200DD019703
:10B080009A46B34200DDB2460323374A23409B0071
:10B090009F5853465B18013BDB104B4539D34A465A
:10B0A000D2008A1A90464A46D601304A7619B61816
:10B0B000019A02939446FF229346664403950491B5
:10B0C0000594424608239B1A52469B1AD943C91736
:10B0D0000B405946D9404346DB4342465D46DB17A9
:10B0E00013409D40019B0D40EDB2F41A2000290051
:10B0F0000134B847B442F9D101239C46093BE144ED
:10B100009C46029BE04480364B45DAD2039D04996D
:10B11000059C64B2002C1BDB07B0F0BCBB46B246FA
:10B12000A946A046F0BD5219002917DB002AF3DD1D
:10B130004026C810814680270025761A9CE75B18B8
:10B14000002BE9DD80270021402689467F1B93E7FD
:10B1500053462800019AFFF7BFFCDDE7002ADBDD3C
:10B1600000255B18ECE7C04620120020D027002005
:10B1700070B5002400F0EEF9064D2A00E0B28023FD
:10B180000021013400F014FA8035082CF5D100F0CC
:10B1900001FA70BDD0270020F0B557464E4645460F
:10B1A000DE46E0B580272D4BFF0006000780478074
:10B1B0008780C78007814781878118780122010035
:10B1C00008318A4089008C467F218B467E398A4629
:10B1D000013189460231FF25884683B0204B01901A
:10B1E00059680A42FCD16146C9584C1C28D05846BF
:10B1F0008CB2090C0840854300905046E9B20542E4
:10B2000001D03D1B35804846084201D03D1B75806A
:10B210004046084201D03D1BB5800820084201D0BD
:10B220003D1BF580CD0601D53D1B35818D0601D531
:10B230003D1B7581490601D53C1BB481009DCFE7BC
:10B24000012101981A6881408A431A6003B0F0BC5A
:10B25000BB46B246A946A046F0BDC0466C120020CF
:10B260000000305030B5644C89B02378FF2B00D1FA
:10B27000B5E0624D002200211020F5F717FF0022F3
:10B2800000211120F5F712FF002200211220F5F70E
:10B290000DFF002200211320F5F708FF00220021F6
:10B2A0001420F5F703FF002200211520F5F7FEFE1C
:10B2B000002200211620F5F7F9FEFE23DB031A0019
:10B2C00021784F48FCF72EFFFE23DB031A0021787C
:10B2D0004B48FCF77BFF07211020F5F7CDFE072137
:10B2E0001120F5F7C9FE07211220F5F7C5FE072149
:10B2F0001320F5F7C1FE07211420F5F7BDFE072145
:10B300001520F5F7B9FE07211620F5F7B5FE202028
:10B310000021F6F76FFE002380220393F8235202E8
:10B320005B0200920193C0232D781B031022694613
:10B3300004A80293F8F7B6FA2B000C33DA011B03CA
:10B34000134304A9102268460593F8F7ABFAFA23D1
:10B350001B032C4A00932C4B21780292039328481C
:10B360006B462A00FCF788FF207880244200274B98
:10B370001118C900CB1824061C601C600123041D91
:10B38000A340234C2360234B234CCB181C601C4B45
:10B39000CC18224B9C4661440B68002BFCDB2049F7
:10B3A000D834174B21601118C900CC181B4B9C4690
:10B3B00061440B68002BFCDB184B1A499C46D834BF
:10B3C00012182160D2000E4962441368002BFCDB86
:10B3D000012383400A6813430B6009B030BD124952
:10B3E0000748FCF71DFE054D012128700448FCF7B5
:10B3F000FBFD20703EE7C0466C1200204530002067
:10B40000000030500000798110007800D0103050DA
:10B4100000203050D8003050EBA00000CC0030505D
:10B420004A600000E3A00000B848011010B5214CAC
:10B4300084B02378022B0FD01A20F5F74BFE17208B
:10B44000F5F748FED02380221B0612045A615A6287
:10B4500002232370FFF706FF6846FFF79DFE1A20C0
:10B46000F5F738FE1720F5F735FE002323706B46FD
:10B47000114A5988114813780180002B13D1104BC1
:10B480001B888B429B415B4213706B46198841803D
:10B490005378002B0AD10A4B5B888B429B415B425D
:10B4A000537004B010BD074B1B88EAE7054B5B885F
:10B4B000F3E7C0464C3000205827002054270020D6
:10B4C0006412002068120020F0B5C6463224002520
:10B4D000002600B5154FFFF7A9FF3B88013CF61881
:10B4E0007B88ED18002CF6D18C231800104970438E
:10B4F0009846F7F74FFA0F4FB3009B1938800C4965
:10B500005801F7F747FA0C4C094920804046684338
:10B51000F7F740FA7880A800401905494001F7F78D
:10B5200039FA608080BCB846F0BDC0465427002080
:10B53000881300006812002064120020014B187864
:10B540007047C04658270020014B58787047C046C6
:10B55000582700200C4B10B51A880C4B01211A619A
:10B560000B4A022012881A60F5F786FD012103209C
:10B57000F5F782FD05210020F5F77EFDD02301229D
:10B580001B065A6210BDC0463A30002000C003407E
:10B590003C30002010B51F210020F5F76DFD1F2164
:10B5A0000320F5F769FD05210220F5F765FD10BDC3
:10B5B000F0B5C646D0271E0001231500102200B5A5
:10B5C0003F0682B0BB6198460231513BCCB2034387
:10B5D00001A90B70230913434B700F232340084C20
:10B5E000032220008B7005F0BFFA43463200290089
:10B5F00020007B6105F0B8FA02B080BCB846F0BD0F
:10B6000000C00340F0B5A3B08022002102A8F8F7E3
:10B6100043F9204B01211A881F4B02201A611F4A4F
:10B62000D026128800241A60F5F726FD0121032098
:10B63000F5F722FD05210020F5F71EFD0123012766
:10B640003606736201ADB36150235B422343B76199
:10B650002B701023032229006B700F480E3B01341E
:10B66000AB70E4B205F080FA80220B48776102A942
:10B6700005F07AFA082CE7D11F210020F5F7FCFC31
:10B680001F210320F5F7F8FC05210220F5F7F4FC53
:10B6900023B0F0BD3A30002000C003403C30002011
:10B6A000F0B5C646D025022600B52B4C82B02B49FA
:10B6B0002000FCF72FFE2A4A23692A4F13802368B3
:10B6C0002D06012090463B80F5F704FD02206E62B6
:10B6D000F5F700FD042300216B622348F6F71EFCFA
:10B6E0000A200021AE61F6F785FC0A2000216E6178
:10B6F000F6F780FCFFF786FF1C4B01211A68022039
:10B7000000926A469B88938043461B8823613B884E
:10B710002360F5F7B1FC01210320F5F7ADFC05210D
:10B720000020F5F7A9FC012306226B626946AB6194
:10B73000200005F019FA1F210020F5F79DFC1F21BC
:10B740000320F5F799FC05210220F5F795FC02B0DE
:10B7500080BCB846F0BDC04600C00340002D31019A
:10B760003A3000203C300020204E000084160110AA
:10B7700010B5F9F769FE0448F6F7B2F80122002186
:10B780000248F6F75FF810BD302200204422002066
:10B7900010B5041E0AD0F6F7CFFCFA22002392005F
:10B7A000F7F724FF20606160002010BD01204042B7
:10B7B000FBE7C046F8B5050017001C000026002B6B
:10B7C00017DB0D4E0021300005F09EF92800FEF732
:10B7D000EBFBFA220023920038002100F7F700F972
:10B7E00002000B00300005F0EFF946422800FEF79A
:10B7F000D7FB3000F8BDC046442200200C4810B5ED
:10B800000168002911D00B4A1368002B09D1EFF30E
:10B81000108472B60B68002BFCD0BFF35F8F1368E7
:10B82000446000200133136010BD0120FCE7C046D6
:10B8300030220020382200200B490A68002A10D04C
:10B840000A480368002B0CD0013B0360002B01D099
:10B85000002070474968BFF35F8F136081F3108841
:10B86000F6E70120F5E7C04630220020382200200C
:10B8700010B5034805F028F901235840C0B210BDA7
:10B880004422002070B505000C00FFF7B7FF2E68BA
:10B8900034192C60FFF7D0FF300070BDF0B5C646FC
:10B8A000804600B516001F00FFF7A8FF43461C683E
:10B8B0005D6836196F411E605F60FFF7BDFF2900AC
:10B8C000200080BCB846F0BD70B504001E00150015
:10B8D000FFF794FF2368AB4204D00024FFF7ACFFCE
:10B8E000200070BD6368B342F7D1049A059B2260C3
:10B8F00063600124F2E7C0460B00034370B5060005
:10B900009B070ED1032A0CD9114D04E0043A0431EF
:10B9100010C6032A05D90C680E4BE318A3432B422B
:10B92000F4D03300002406E00D5D013A35550133B3
:10B930000134002D02D0002AF6D170BD00219C18E0
:10B94000002AFAD019700133A342FBD1F5E7C046B3
:10B9500080808080FFFEFEFEF0B5DE464E46454606
:10B960005746E0B5C7B08B4691461C000F930500C3
:10B97000069004F089FC03681800189303F04AFD50
:10B980001790002D04D06B6B002B01D100F0A0FFAD
:10B990005A460C21515E80225B4692015B6E114239
:10B9A00005D10A4359468A81C74A13404B669B0416
:10B9B00001D501F02EF95B460C229A5E130745D59E
:10B9C0005B461B69002B41D01A2313400A2B4CD035
:10B9D00036AB2993002300242B932A93169300233C
:10B9E000149315940023CA461A931B930C93B74BD8
:10B9F00036AE1193B64B199353461B78002B60D08B
:10BA0000544603E063780134002B3BD0252BF9D159
:10BA10005346E51A544539D12378002B51D0631C85
:10BA20009A4600231AAAD377012252429146002255
:10BA300063780B9200244F46524601321900203998
:10BA4000582951D81198890041588F46594606986F
:10BA500002F054FF002801D001F0DBF85B460C2215
:10BA60009A5E1A2313400A2BB2D15B460E229B5ECC
:10BA7000002BADDB23004A465946069801F0D2F967
:10BA80000C9029E05346E51A54451AD053463360CA
:10BA90002B9B75605B192B932A9B01332A93072BF1
:10BAA00006DC08360C9B9C46AC4463460C93B3E71B
:10BAB0005946069829AA03F0EDFD002806D136AEB6
:10BAC000F0E72B9B002B01D000F081FF5B469B89A8
:10BAD0005B0601D501F09DF80C9847B0F0BCBB4661
:10BAE000B246A946A046F0BD92461293002BE8D07C
:10BAF0002CAD2B7000231AAAD377013307930D9333
:10BB0000002399460A9413930E930A9A84231100F2
:10BB100019402B9C1091134205D10B9B079A9F1A39
:10BB2000002F00DD9DE31AABDB7F002B0FD01AAA9C
:10BB30001F23944663443360012373602A9B0134BE
:10BB400001332B942A93072B00DDBCE308360E9BB0
:10BB5000002B0CD022AB3360022373602A9B02348B
:10BB600001332B942A93072B00DDC3E30836109B87
:10BB7000802B00D187E24B460D9A9F1A002F00DDE3
:10BB8000BCE20A9BDB0500D522E20D9B35609C469A
:10BB900073602A9B644401332B942A93072B35DC72
:10BBA00008360A9B5B0705D50B9B079A9D1A002D4B
:10BBB00000DDABE30B9B079A934200DA13000C9A6B
:10BBC00094469C4463460C93002C00D0F6E200237C
:10BBD00036AE2A9310E7303B0020190083001B1873
:10BBE0005B00C81813780132190030390929F5D9DA
:10BBF0000B9023E7A3461400424664191032013328
:10BC0000326075602B942A93072BC9DD594606983C
:10BC100029AA03F03FFD002800D057E72B9C36AE41
:10BC2000BFE79246072212930F9BB946073393430F
:10BC300019000CC90F9111001A00149115920122DC
:10BC40005B005B081D931C91224B52421C981D996E
:10BC5000F7F771F9002801D000F0AAFC1C981D9993
:10BC600001221C4B5242F7F751F9002801D000F095
:10BC70009FFC1498159900220023F7F741F900283A
:10BC800001D000F07DFE1AABD87F129B472B01DD5F
:10BC900000F063FE104D80239C437D3B07930D9382
:10BCA00000230A9499461393B9E00F9908C90B939E
:10BCB000002B01DB00F064FC0B9B0F915B420B93AC
:10BCC00004231C431378B8E6FFDFFFFFDC480110B4
:10BCD000404A0110FFFFEF7F8C1601101378551CAE
:10BCE0002A2B01D101F081F8190030392A000027F0
:10BCF000092900D9A2E6BB00DB195B005F181378A5
:10BD00000132190030390929F5D9002F00DB95E6F9
:10BD100001277F4292E680231C4313788DE62B2374
:10BD20001AA9CB77137888E601231C43137884E69D
:10BD30001AA9C97F1378002900D07EE620311AA8FD
:10BD4000C1777AE612930F9B924604CB2CAD2A70F2
:10BD50000F93002201231AA9CA7707930D93CFE608
:10BD600012931023B94692461C43A30600D4E7E37E
:10BD700007220F9B0733934319000CC908920993BC
:10BD800001230F9100201AAAD0774A46002A09DB26
:10BD90008022210091430A910899099A0D001543C8
:10BDA00078D00A9C012B00D18CE0022B00D1E5E178
:10BDB0000723B0469C464B46814636AD07940A930E
:10BDC000089A099B614658071140D708DC08384398
:10BDD0002E003031013D0200230029702043F1D1B3
:10BDE00008920993079C0A9A4846370091464646AE
:10BDF000E20700D4DDE1302900D1DAE13023023F4F
:10BE0000013D2B703D0036ABDB1B0D930A944B4676
:10BE100007930D9B994500DA07930023139300289D
:10BE200002D0079B013307930A9A0223110019409D
:10BE30000E91134200D168E6079B02330793022359
:10BE40000E9362E612931023B94692461C430F9A52
:10BE5000A30600D45AE3072307329A4301339C46D2
:10BE6000944463460F935368126809930892002B19
:10BE700000DA5BE31AABD87F4B46002B22DB802332
:10BE800022009A430A92089A099B110019430B1E3B
:10BE900017D101334A46002A00D062E1002B00D0BE
:10BEA000E1E201331A0022400D9236AD2342AED0BA
:10BEB000302126332CAAD1541AAB6F259C466544F9
:10BEC000A5E70A9C089A099B002B01D000F074FC9E
:10BED000092A01D900F070FC2722089B2CA93033D5
:10BEE0008B5401230D931AAB6F259C460A9465442D
:10BEF0008DE712931023B94692461C43A30600D443
:10BF00002BE307220F9B0733934319000CC90892B8
:10BF100009930F91002335E708231C4313788CE520
:10BF2000B946129300230F9F924620CF1AAAD377C7
:10BF30004B46002D01D100F002FC002B01DA00F08D
:10BF4000D9FC4A460021280004F040F9421B002891
:10BF500001D100F052FE1AABD87FD343DB170D920C
:10BF60001A400023079299460F970A94139356E7B5
:10BF700020231C43137860E50F9B924604CBD849DD
:10BF80000892002209920232144322AA11807822D8
:10BF90000F93D44BB9461A9312920223F2E69246BB
:10BFA000A30600D4F4E20F9B0C9A1B681A60D21708
:10BFB0005A600F9B04330F931EE513786C2B00D14E
:10BFC00082E310210C4338E540231C43137834E509
:10BFD000129B652B00DCFAE01498159900220023CF
:10BFE000F6F786FF002800D1CAE1BF4B0134336069
:10BFF000012373602A9B2B9401332A93072B01DDC5
:10C0000000F059FC0836239B169A934200DBB1E2FC
:10C01000189B3360179B9C4673602A9B64440133D2
:10C020002B942A93072B00DD42E30836169B5D1EF6
:10C03000002D00DCB5E5AD4A2A9B9046102D00DCB2
:10C04000DAE5102242449146102722005C4604E0C3
:10C050000836103D102D00DCCCE549461032013386
:10C06000316077602B922A93072BF1DD210006982F
:10C0700029AA03F00FFB002801D000F027FE2B9A1D
:10C080002A9B36AEE5E70B9B079A9F1A002F00DC30
:10C0900071E5964A2A9B9046102F04DC1BE0103F66
:10C0A0000836102F17DD924A103432601022013307
:10C0B00072602B942A93072BF1DD5946069829AA22
:10C0C00003F0E8FA002800D000E5103F2B9C2A9BE3
:10C0D00036AE102FE7DC4246E419103201333260ED
:10C0E00077602B942A93072B01DD00F0F6FB4B467B
:10C0F0000D9A08369F1A002F00DC42E52A9B102F6C
:10C1000001DC00F02DFC199A90461022914603E0C4
:10C11000103F0836102F17DD754A103432604A463A
:10C12000013372602B942A93072BF1DD5946069850
:10C1300029AA03F0AFFA002800D0C7E4103F2B9CD7
:10C140002A9B36AE102FE7DC4246E4191032013349
:10C15000326077602B942A93072B00DDC9E1083603
:10C160000FE500220A9C012B01D100F015FD022BE6
:10C1700001D000F018FC002308920993089A099B4B
:10C180000F21A446804607961A9E36AD080010403F
:10C19000305C013D1C0728701009044320001F0972
:10C1A00022003B003843F1D164464046089209938F
:10C1B000079E36AB5B1B0D930A9428E659460698FA
:10C1C00029AA03F067FA002800D100E57EE40823DD
:10C1D00099462A9F169B01340137B144012B00DC9C
:10C1E00045E10123356073602B942A97072F00DD0A
:10C1F00012E34B46189A01371A60179B4A469C4631
:10C20000644453602B942A97072F00DD12E3082320
:10C210009C46E144169B0022149815995E1E00234B
:10C22000F6F766FE002800D03BE14B4601370135AA
:10C23000A41960C32B942A97072F00DD23E108235C
:10C240009C46E1444A4625AB13601B9B01379C4644
:10C25000644453602B942A97072F00DDD6E44E46A2
:10C260009EE4224A2A9B9046102F20DD220044465D
:10C2700003E0103F0836102F17DD10211032013374
:10C28000346071602B922A93072BF2DD5946069891
:10C2900029AA03F0FFF9002801D0FFF717FC103F8F
:10C2A0002B9A2A9B36AE102FE7DCA046140042469C
:10C2B000E4190133326077602B942A93072B00DD59
:10C2C000C6E208362FE45946069829AA03F0E2F997
:10C2D000002801D0FFF7FAFB2B9C36AE37E4C046AE
:10C2E00030780000AC160110880D0110404A011092
:10C2F000504A01105946069829AA03F0CBF90028A4
:10C3000001D0FFF7E3FB2B9C36AE30E4A64A2A9B14
:10C310009046102D20DD22001027444603E0103DFA
:10C320000836102D16DD10320133346077602B9201
:10C330002A93072BF3DD5946069829AA03F0AAF998
:10C34000002801D0FFF7C2FB103D2B9A2A9B36AE86
:10C35000102DE8DCA046140042466419013324C6BF
:10C360002B942A93072B00DC24E45946069829AA2B
:10C3700003F090F9002801D0FFF7A8FB2B9C19E4EB
:10C38000239A002A00DC70E2139A169B17009A4247
:10C3900000DD89E1002F0BDD2A9BE41901333560B4
:10C3A00077602B942A93072B01DD00F0FFFB083602
:10C3B000FB43DB171F40139BDF1B002F00DDC8E191
:10C3C000239B169A934200DAE7E10A9AD20700D536
:10C3D000E3E1169A1399D31A571A9F4200DD1F0002
:10C3E000002F0DDD139AE41994462A9A6544013210
:10C3F000356077602B942A92072A00DDE6E3083641
:10C40000FA43D2171740DD1B002D01DCFFF7C9FBF3
:10C41000654A2A9B9046102D01DCFFF7EDFB1022A8
:10C42000424491462100320010275E46069C04E0FB
:10C430000832103D102D00DCB3E3484610310133C3
:10C44000106057602B912A93072BF1DD31002000FB
:10C4500029AA03F01FF9002801D000F055FC2B9900
:10C460002A9B36AAE5E7002336AD0D93CFE40123DE
:10C470000A9A134200D0B4E6356073602B942A9771
:10C48000072F00DCDEE65946069829AA03F002F9D8
:10C49000002801D0FFF71AFB36AB99462B9C2A9F48
:10C4A000D0E6169B012B00DCCCE6112B01DC00F062
:10C4B0007BFC3D4B102598464B4604E00833103E6C
:10C4C000102E00DC3BE2394A103401371A605D60FF
:10C4D0002B942A97072FF1DD5946069829AA03F0D5
:10C4E000D9F8002801D0FFF7F1FA2B9C2A9F36AB30
:10C4F000E5E75946069829AA03F0CCF8002801D0B0
:10C50000FFF7E4FA2B9C36AEFFF73BFB08CA0F920D
:10C51000E20606D4620604D51BB20893DB17099322
:10C52000A5E40893DB17099300D4A3E408980999BC
:10C53000002342428B412D2008920993012322E4DB
:10C540000F9A08CA0F92E20602D4620600D59BB287
:10C55000089300230993013314E40F9A08CA0F9239
:10C56000E20602D4620600D59BB208930023099329
:10C57000FFF708FC0A9BDB0701D4FFF712FB47E536
:10C5800013780F91FFF759FAB946924612935EE479
:10C59000E30600D52AE1640600D427E10F9B0C9A3C
:10C5A0001B681A8005E5C046404A0110504A011038
:10C5B0001498159902000B00F6F7BDFC002800D076
:10C5C000B4E32023129A9A4390464A46E033234329
:10C5D0000A93159B013200D1F5E24246472A00D169
:10C5E00024E2002B00DAE6E1149A159B1E921F93B9
:10C5F00000230E93129B662B00D00FE34B4607934C
:10C60000032327AA079F049224AA039223AA029233
:10C610000197009306981E9A1F9B01F093F9129BB5
:10C620000500C719662B05D12B78302B00D16EE39E
:10C63000239BFF1800221E981F990023F6F758FC31
:10C64000002800D0D2E2279BBB4206D230215A1CE0
:10C6500027921970279B9F42F9D8239A13925B1B4C
:10C6600016934346472B00D105E2129B662B00D060
:10C6700009E201234A4623401343139A002A00DCAF
:10C68000A2E3002B00D061E3139B07930D93662375
:10C6900012930E9B002B00D159E22D231AAAD377B7
:10C6A00000239946FFF7BDFB1F1E00DD74E67FE601
:10C6B0005946069829AA02F0EDFF002801D0FFF79D
:10C6C00005FA2B9C36AEB1E44C3B1C430132137887
:10C6D000FFF7B3F9B94692461293CD4B1A93A306CE
:10C6E00000D489E007220F9B0733934319000CC93C
:10C6F000089209930F910223E20701D4FFF742FB4E
:10C700000899099A0800104301D1FFF73BFB30213B
:10C7100022AA117012991C435170FFF733FBB946DE
:10C7200092461293FFF721FB1293BA4BB9469246F9
:10C730001A93D4E7B94692461293FFF7DFFB0D93A5
:10C74000062B00D934E10D9BB34D07930F97FFF7EC
:10C75000D7F9B24A2A9B904610229146102F05DC49
:10C7600002E10836103F102F00DCFDE0AC4A103427
:10C7700032604A46013372602B942A93072BF0DD16
:10C780005946069829AA02F085FF002801D0FFF734
:10C790009DF92B9C2A9B36AEE4E7189A3260179AD3
:10C7A000944672602A9A644401322B942A92072A92
:10C7B00000DDD2E108360CE6070036AD089809998D
:10C7C0000A220023F6F724F9099B3032013D2A7032
:10C7D0000991089A0890002BF0D1092AEED836ABBF
:10C7E0005B1B38000D930A94FFF711FB0F9B0C9A0B
:10C7F0001B681A60FFF7DDFB0F9A08CA0F92E2066A
:10C8000006D4620604D59BB208930023099372E70D
:10C810000893002309936EE75946069829AA02F067
:10C8200039FF002801D0FFF751F936AB99462B9C10
:10C830002A9FDEE45946069829AA02F02BFF002819
:10C8400001D0FFF743F936AB99462B9C2A9FE1E4D0
:10C850005946069829AA02F01DFF002801D0FFF7CB
:10C8600035F92B9C36AEFFF75EF96E4B0134336021
:10C87000012373602A9B2B9401332A93072B00DD3D
:10C8800084E00836002A3BD101230A9A1340169A05
:10C89000134301D1FFF785F9189B3360179B1919D2
:10C8A00073602A9B2B9101332A93072B00DD95E0BF
:10C8B0003000083034E05946069829AA02F0EAFE12
:10C8C000002801D0FFF702F92B9C36AEFFF79BFB47
:10C8D000069802F069FDFFF75BF85946069829AA09
:10C8E00002F0D8FE002801D0FFF7F0F82B9C36AEFE
:10C8F000FFF741F9280002F08DFD0200FFF72BFB46
:10C90000189B3360179B191973602A9B2B91013375
:10C910002A93072B62DC30000830002A00DA86E117
:10C92000169A01335418056042602B942A93072B02
:10C9300001DDFFF76BF908300600FFF732F9994681
:10C9400043464A461033A4190137136056602B94AE
:10C950002A97072F00DC72E495E5334DFFF79BF92A
:10C960002E4A9046FFF7F0FB4246E419103201339D
:10C97000326077602B942A93072B3DDC08361FE545
:10C980002D231AAA2D20D377FFF77FF95946069851
:10C9900029AA02F07FFE002801D0FFF797F8239A1A
:10C9A0002B9C36AE6EE7002308920993FFF700FA3E
:10C9B00006230D93C7E61499159A130080221206D8
:10C9C000944663441F932D231E910E9312E65946FD
:10C9D000069829AA02F05EFEFFF778F859460698F5
:10C9E00029AA02F057FE002801D0FFF76FF8239A1A
:10C9F0002B992A9B36A890E75946069829AA02F057
:10CA000049FE002801D0FFF761F82B9C36AED7E431
:10CA100098160110AC160110C0160110404A011002
:10CA2000504A0110880D0110901601104A46002A44
:10CA300000D140E1002B00DAAAE1149A159B1E9266
:10CA40001F9300230E9327AB049324AB039323ABD4
:10CA500002934B4601930223069800931E9A1F9B54
:10CA600000F070FF0500E30700D5C3E0279B1B1A09
:10CA70001693239B1393139AD31C01DB914579DA08
:10CA8000129B023B1293139925AA4B1E99464846C6
:10CA90002393129B13702B23002803DA2A3B5B1A83
:10CAA00099462D2353704B46092B00DCE1E01AAA6E
:10CAB0003B239446634407951F004D46A046B1466C
:10CAC00028000A21F5F73EFF3E003031013F2800E3
:10CAD00039700A21F5F736FF2C000500632CEFDCD6
:10CAE0004446B04643469A1E03001AA930338C468A
:10CAF00013703B2363444E46079D9A4200D371E175
:10CB00002E21130061441A781AA80A7084463B2229
:10CB10000133624401319A42F5D1424646AB9B1A39
:10CB2000713B1B93169B1B991A008C4662440D9215
:10CB3000012B00DCDCE0179B0D9A9C466244D3433A
:10CB4000DB170D921A40002307921393A1E51AAB4D
:10CB5000D87F00239946FFF762F95946069829AA1B
:10CB600002F098FD002801D0FEF7B0FF239B2B9C1C
:10CB700036AE2EE4169B139A934200DDA9E0139A79
:10CB8000E40700D5DDE0D3431100DB17194067232C
:10CB900007910D9212937CE5002308920993FFF709
:10CBA0009BF9B3460C001600FFF726F85946069885
:10CBB00029AA02F06FFD002801D0FEF787FF2B9C09
:10CBC00036AEFFF7F5FB062291460AE55946069870
:10CBD00029AA02F05FFD002801D0FEF777FF239B12
:10CBE000169A2B9CD31A36AEFFF70AFC239B13939D
:10CBF0003B0034E54B46C7181CE51AABD87F4B46C3
:10CC000007930D9300230F9799460A941393FFF708
:10CC100006F901235B420C93FEF75EFF4346452B6A
:10CC200000D010E74B46013307930223E9E4574253
:10CC3000103226DA724A102614009046103403E0AF
:10CC40000830103F102F1EDD1031013304604660A4
:10CC50002B912A93072BF3DD5946069829AA02F057
:10CC600019FD002801D0FEF731FF2B992A9B36A829
:10CC7000E7E7302393704B463033D37004231B9384
:10CC800050E75F4A90464246C919103201330260AC
:10CC900047602B912A93072B00DC0AE65946069839
:10CCA00029AA02F0F7FC002801D0FEF70FFF2B990C
:10CCB0002A9B36A834E6002B5CDB149A159B1E9247
:10CCC0001F9300230E9301339946BCE6A346FEF75B
:10CCD000FDFE179B169A9C46139B62440D92002BF7
:10CCE00042DDD343DB171A40672307921293D0E447
:10CCF0000123190021401391234200D01BE7D343A5
:10CD0000DB171A400792C4E4B346FEF7DFFE0022A9
:10CD10001E981F990023F6F7EBF8002847D0239BB5
:10CD20009C46674413937B1B1693A2E4159B002B30
:10CD300045DB1AABD87F129B472B3DDC314DFEF70C
:10CD4000AAFF179B9C4662440D92CAE713001799ED
:10CD50004B441A008C466244D343DB170D921A40B1
:10CD600066230792129394E40D9B139A9B1A5A1C04
:10CD70000D92B6E71499159A130080221206944674
:10CD800063441F932D230E932C3B99461E915AE624
:10CD90001499159A130080221206944663441F9337
:10CDA0002D231E910E934EE6154B9846C8E50123A0
:10CDB000079A9B1A23933CE4134DFEF76CFF2D2337
:10CDC0001AAA2D20D377B6E7002B06D101230793AB
:10CDD00065331293653B0D935BE4179B01331A0097
:10CDE0004A44B9E702231B939CE60F9980C9002FA0
:10CDF00001DA01277F4253780F912A00FEF71DFECA
:10CE0000404A011094160110BC0D011010B5040029
:10CE10001300034A10680A002100FEF79DFD10BDB3
:10CE20007012002070B5060002201A4CA5440C00B8
:10CE30008989814368468181616E1991E189C18147
:10CE4000E16930000791616A09911AA90091049182
:10CE50008021C90002910591002106916946FEF7E3
:10CE60007BFD051E0CDA6B469B895B0603D54022D1
:10CE7000A3891343A38128008D23DB009D4470BD4B
:10CE80006946300000F0F0F80028ECD001256D4232
:10CE9000E9E7C04698FBFFFF024670B50A439207D8
:10CEA0002AD11E4DEE0104C808C9541B94433440D6
:10CEB00017D0D0B2D9B2401A2106014310D190B296
:10CEC00099B2401A210401430AD110021902000A42
:10CED000090A401A2102014302D1100E190E401A0C
:10CEE00070BD9A42DFD010BA19BA884201D9012028
:10CEF00070BD0020C04370BD02780B780130013155
:10CF0000002A09D09A4207D102780B78013001310A
:10CF1000002A01D09A42EFD0D01A70BD0101010160
:10CF2000F0B5C64600B50C228B5E07000C001A0750
:10CF300051D480254A682D011D438D81002A00DCD3
:10CF40006CE0A66A002E42D03A68E1699046002261
:10CF50003A60DB0467D4002201233800B0470200A6
:10CF6000431C00D16EE00C23E55EA66AE1696D0703
:10CF700006D56368D21A236B002B01D0E36BD21A5B
:10CF800000233800B047431C4FD139680C22A35E00
:10CF90001D2962D8324ACA40D2075ED5314A1A40AA
:10CFA000A2810022626022692260DB0401D500298F
:10CFB00046D04346216B3B60002908D02300403314
:10CFC000994202D0380001F059FD0023236300206C
:10CFD00080BCB846F0BD0E69002EF8D00D68002266
:10CFE000AD1B0E609B0700D14A69A260002D04DCD6
:10CFF000EDE736182D1A002DE9DD636A32009846F8
:10D0000038002B00E169C0470028F2DC4022A389E8
:10D0100013431BB20120A3814042D9E7CA6B002A07
:10D0200000DD8EE7D3E7226DA1E70C22A35E0D4A57
:10D030001A40A2810022626022692260DB04B8D516
:10D040002065B6E73B68002B00D18CE71D2B01D093
:10D05000162BDBD143463B60B9E740221343D9E7A7
:10D0600001004020FFF7FFFF70B504000D0000280D
:10D0700002D0436B002B09D00C22AB5E0020002BAA
:10D0800003D029002000FFF74BFF70BD02F08CF9A0
:10D09000F2E7C04670B5041E15D00E4B1D68002D7A
:10D0A00002D06B6B002B0AD00C22A35E0020002B59
:10D0B00000D170BD21002800FFF732FFF9E72800FA
:10D0C00002F072F9F0E7044A0449054803F0B8F8A1
:10D0D000EFE7C04670120020A817002069D00010AA
:10D0E0007812002030B5002A26D003000B439B079E
:10D0F00024D1032A22D9164D0BE0043A002A1BD072
:10D10000144C1C199C432C4216D104300431032AC0
:10D1100014D903680C68A342EFD004780D78A542B7
:10D1200013D1012306E0C45CCD5CAC420DD10133C8
:10D130009A4201D0002CF6D1002030BD04780D7841
:10D14000AC4202D1012AECD1F6E7601BF5E7C046FC
:10D1500080808080FFFEFEFE030010B50A000349B8
:10D160000868190000F00AF810BDC04670120020CF
:10D17000014B18687047C0467012002070B50B0C48
:10D180000024150C002B28D1002D3CD18BB291B27C
:10D19000594300F053F8051E33D00300083B5A688A
:10D1A00003239A43043A242A12D80300132A0AD9E3
:10D1B0000460446008331B2A05D98460C460242AB3
:10D1C0002AD00300103300221A605A609A6002E0ED
:10D1D0000021F6F761FB280070BD002D16D1151C4B
:10D1E00089B292B24A43ADB29BB26B43110C5B1849
:10D1F000190C0BD1190492B2114300F01FF8051E4F
:10D20000CBD10025E7E72B1C0D1CE9E7FFF7B0FFAA
:10D210000C2300250360DEE703000461183344613A
:10D22000D1E7C046030010B50A0003490868190099
:10D2300001F010FE10BDC04670120020F0B54E4641
:10D240004546DE465746E0B50D000B35060085B075
:10D25000162D27D8102900D9DAE001F0A3FF1025F8
:10D2600018230221C84FFB181A005C68083A944240
:10D2700000D147E103226368A1689343E268CA6072
:10D2800091600121E3185A6830000A435A6001F0A6
:10D290008BFF2000083005B0F0BCBB46B246A94663
:10D2A000A046F0BD07239D4300D5B1E0A94200D9B7
:10D2B000AEE001F077FFFC235B009D4200D296E1D7
:10D2C000690A00D1A8E0042900D950E13823984622
:10D2D000A90988443931CB00082252429446AA4F0A
:10D2E000FB189C446346DC68A44514D0032399468C
:10D2F0000B0061469C4607E0E068002A00DBFBE08B
:10D30000814200D1FCE004004A46636893435A1B03
:10D310000F2AF1DD41463A003C690832944200D1BF
:10D32000D9E0032063688343581B0F2800DD62E1C6
:10D330003A617A610028A4DA7A68904680229200E5
:10D34000934200D3E4E0DA085809012383404046C1
:10D3500018438046D300DB199A687860E360A260C6
:10D360009C60D46001208B10984040455CD84346B7
:10D3700003420AD103239943434640000431034248
:10D3800003D1400004310342FBD00323B3469C4643
:10D390000E00B8460190F00040440100B246CB6850
:10D3A0000BE064465A681F00A243DB68541B0F2C35
:10D3B00000DDEFE0002C00DB09E19942F1D101230F
:10D3C0009946CA44534608319B07E8D1032205E039
:10D3D00003680838013E834200D003E23242F7D1AD
:10D3E0004346019A5B68934342465360019A520058
:10D3F00001929A4216D8002A06D113E004229146DF
:10D40000019ACA44520001921342F7D05646C2E72D
:10D410000C23002033603EE780233F2240219046CA
:10D420009B0059E75E4647460322BC686368934306
:10D430009A46AB4202D35A1B0F2A4FDC23005344B7
:10D440000293524B082099461B6810335B190193D5
:10D4500001F0E6FC4E4903900B688B46013306D081
:10D460008446019B4242013B6344134001933000D8
:10D47000019901F0FDFF03008046013300D1D8E09F
:10D48000029B834200D9D2E04B4601995A688C46F0
:10D49000624403995A60029B10000139434500D051
:10D4A000E5E043460B4200D0E1E0BB68012198462D
:10D4B000634653440B4341464B604946C96A914217
:10D4C00001D24946CA624946096B914201D2494696
:10D4D0000A634446AFE07B68984643E7012329008E
:10D4E0001A431943651961603000BD606A6001F03C
:10D4F0005BFE20000830CEE6A268D0608260C0E605
:10D50000614608E7DC680231A34200D103E7B1E6D7
:10D510005A0A042A00D883E0142A00D908E110002E
:10D520005B3082465C32D200082040428446BA1802
:10D530009444624692680B308146944500D1DFE006
:10D540000800A2466146844602E09268914204D0F7
:10D550004C465068A0439842F7D8D3686146544679
:10D560009C466346A260E3609C60D460FAE614299E
:10D570006ED9542900D9E4E06E239846290B8844DB
:10D580006F31CB00A8E6C046A0130020841D002008
:10D5900098130020BA460120514684464919054394
:10D5A00050464560856847466046EB605E469D6034
:10D5B000534639617961204308374860CF603000B5
:10D5C0008F609C5001F0F0FD5046083063E6BA468B
:10D5D00001205E465244516801435160BA683000F0
:10D5E000D3609A6001F0E0FD3800083053E62B006C
:10D5F000E908083336E66119884601218C460D4357
:10D600004146656039617961CA608A606246024359
:10D610004A60E050300001F0C7FD200008303AE6D3
:10D620009A091000393238308246D2007CE7BC4279
:10D6300014D0BC686368032293435A1BAB4202D3E5
:10D640000F2A00DD4AE7300001F0AEFD002022E69F
:10D650005B23984688445C31CB003DE64B465868D6
:10D66000019B9C464B4660445860039B591E5B4699
:10D670001B68013370D04346029A9B1A4A461B1816
:10D6800053600723424640461A400292184240D057
:10D690000398013384469B1A019A984442440192AC
:10D6A00063440A409B1A194030008B4601F0E0FEAB
:10D6B000431C77D04346C01A03005B4401934B469A
:10D6C0005A6801205A445A6043464146BB60019B58
:10D6D00003434B60BC4200D1EFE653460F2B3FD9CA
:10D6E00007210C3B8B4361680140052019436160B1
:10D6F000E118486088600F2B49D843465B68DCE638
:10D700005346981001238340404618438046786072
:10D7100027E7019B039A43440B40D31A194030007A
:10D720008B4601F0A5FE431CC4D100239B46C6E7EF
:10D73000542A17D81A0B10006F326E308246D2006E
:10D74000F2E6AA235B00994217D8DD3B9846E90B25
:10D7500088447831CB00BFE55B4642461A6090E7CB
:10D76000486070E7AA204000824226D8DA0B1000F9
:10D77000783277308246D200D6E61C4B994226D8C2
:10D780007C239846A90C88447D31CB00A4E5210078
:10D790003000083101F072F94B465A68BB68984670
:10D7A0005B688AE6019A029B94464246083B6344C2
:10D7B0009B1A019300239B4681E70C4882420CD8B8
:10D7C0009A0C10007D327C308246D200ACE6FE23FB
:10D7D0007E227F2190469B007EE5FE227E209200E5
:10D7E0008246A1E643465B6800E6C0465405000059
:10D7F000F0B54546DE4657464E46E0B503690D692D
:10D8000085B080460A000191AB4200DA98E007003B
:10D81000013D1432AB001437D618FB1803931B6874
:10D8200002929A4633685046013319009946F5F73B
:10D83000B1F80400CA4543D3029A002394462A0053
:10D8400060461D00B4461E003B00B94692462700C4
:10D850001C0004C81104090C7943120C7A4389197D
:10D860000B0CD218236809049B461B04090C1B0CE3
:10D870005B1A5946160C12045B19090C120C8A1A11
:10D88000191452181B0415141B0C1204134308C45A
:10D890008445DED2039A3C00136866464F465546DF
:10D8A000002B0DD11300043B9F4204D306E0043B40
:10D8B000013D9F4202D21A68002AF8D043461D61FA
:10D8C0004046019902F014FA002826DB00239C460A
:10D8D000230039006446B946AA469C46029820C8EF
:10D8E0000A682F0413041B0C3F0CDB1B1B19120CC2
:10D8F0002C0C121B1C1412191B0414141B0C1204E4
:10D90000134308C18642EAD255464F46AB00FB1886
:10D910001A686446002A0CD00134200005B0F0BC1F
:10D92000BB46B246A946A046F0BD1A68002A03D1FC
:10D93000013D043B9F42F8D3434601341D61ECE7AF
:10D940000020EBE7F0B54E464546DE46574614004C
:10D95000E0B51D00816B9FB08146049405950029B8
:10D9600009D00123C26B93404A608B6001F0CAFE6C
:10D9700000234A4693632E000023002D03DA6E0035
:10D980007608059601332B9A13603200D64B1A4065
:10D990009A4200D196E1049A059B100019000022DA
:10D9A000002306900791F5F7A3FA002812D001236F
:10D9B0002A9A13602C9B002B02D0CC4B2C9A13601C
:10D9C000CB4B039303981FB0F0BCBB46B246A946AD
:10D9D000A046F0BD1CAB01931DAB00934846069AD0
:10D9E000079B02F0F9FA330D834600D0A6E11D9B98
:10D9F0001C9F9846BF4BB8444344202B00DC62E395
:10DA00004022D31A9E40BC4B30004344DC402043AC
:10DA1000F5F79EFA46460123B84C013E09190E93CC
:10DA20000022B74BF5F7F1F9B64AB74BF5F71DFAF7
:10DA3000B64AB74BF5F7F2F9040030000D00F5F7E0
:10DA40008BFAB44AB44BF5F710FA02000B00200031
:10DA50002900F5F7E3F904000D00F5F795FA002227
:10DA60008246002320002900F5F74AFA00280BD04F
:10DA70005046F5F771FA2B002200F5F739FA4342C8
:10DA8000584153461B1A9A46BF1B7B1E9846534665
:10DA9000162B00D9D0E20698079952469F4BD20028
:10DAA0009B181A685B68F5F72BFA002800D15AE139
:10DAB00001235B429C460023E24410930023099318
:10DAC0004346002B04DA0123DB1B0993002398460D
:10DAD0005346002B00DB4DE15246099B0A929B1AEC
:10DAE000099353420C9300239A46289B092B00D993
:10DAF00049E1052B00DCC5E2043B00242893032BFD
:10DB000001D100F06DFC01DC00F059FC289B042BD6
:10DB100001D000F008FC01230B93299B002B01DCB2
:10DB200000F05AFC1D001193089301220423172DC5
:10DB300001DC00F007FC5B0018001430110001321A
:10DB4000A842F8D94B46D963484601F0B3FD03908B
:10DB5000002801D100F0B5FE4B46039A9A63089B5A
:10DB60000E2B00D97CE0002C7AD00A98002801DC2A
:10DB700000F019FD0F210200684B0A40D2009B18EB
:10DB800006111C685D68C30501D500F00AFC069A01
:10DB9000079B1292139302230D93002E12D0604F15
:10DBA000012333420AD00D9B2000013329000D933D
:10DBB0003A687B68F5F759F904000D0076100837CC
:10DBC000002EEDD11298139922002B00F5F72FF9B2
:10DBD00006000F00109B002B09D0002230003900F6
:10DBE000504BF5F78DF9002801D000F0FCFB0D98A3
:10DBF000F5F7B2F932003B00F5F737F900224A4B4E
:10DC0000F5F70CF9494A0B009446634412901391BE
:10DC100013930A9B1A93089B0D93002B01D000F0DD
:10DC200009FC002230003900414BF5F7EEF8129E56
:10DC3000139F32003B0004000D00F5F777F9002830
:10DC400001D000F0DAFD80200006844639006144EE
:10DC50000B00320020002900F5F752F900282AD1E4
:10DC60001D9B002B00DAFDE00A9A0E2A00DDF9E088
:10DC70000A9A2A4BD2009B185C681B68049305948F
:10DC8000299B002B00DB8DE0089B002B00DD89E049
:10DC9000089B002B0FD1049805990022244BF5F71F
:10DCA000E4F802000B0006980799F5F72FF9002811
:10DCB00001D100F0A2FD00230024039E0693299BBE
:10DCC000DD43E9E21B4B2A9A3603360B13602643E9
:10DCD00042D12C9B002B01D100F0E2FD164B0393A7
:10DCE00008332C9A13606DE60000F07F890D011057
:10DCF000880D01103204000012040000000010FE24
:10DD00000000F83F61436F63A787D23FB3C8608BC1
:10DD1000288AC63FFB799F501344D33FC84B01105C
:10DD2000A04B01100000F03F00001C400000C0FCB0
:10DD3000000014400F270000C8160110069C079D24
:10DD400020002A03CA4C120B1443CA4A21009E1811
:10DD500000231C9F0E9363E62C9B002B00D0D8E27F
:10DD6000C54B03932EE6002F01DC00F053FC00238B
:10DD70001093099353460A9300230C93289BD04495
:10DD8000092B00D8B5E60122002301240B92023AA8
:10DD900028930892299300234A46D363089B0021C5
:10DDA0001193D1E6039B01331293049A059B069CC1
:10DDB000079D20002900F5F73AF8F5F7E5F8060089
:10DDC000F5F7CAF8049A059BF5F74FF802000B0027
:10DDD00020002900F5F719F83300039A3033137047
:10DDE000089B129F012B01D100F01DFC01239846D6
:10DDF000531E9A464346B8461F0021E0049A059BED
:10DE000020002900F5F713F8F5F7BEF80600F5F73E
:10DE1000A3F8049A059BF5F728F802000B002000F0
:10DE20002900F4F7F2FF01239C46330052463033B9
:10DE30000137D355089BE044BB4201D100F0F2FB0F
:10DE400000228E4BF5F711F80022002304000D008C
:10DE5000F5F74EF80028D1D047460A9B3E00013323
:10DE60000993BFE00B9A002A00D0EAE000230024C7
:10DE70000C9E099D0B93002D0DD04346002B0ADD0F
:10DE80002B00454500DD6FE2099AED1AD21A09927E
:10DE90004246D31A98460C9B002B0CD00B9B002BB0
:10DEA00003D0002E01D000F005FC594648460C9ADC
:10DEB00001F038FE83460121484601F02DFD53460E
:10DEC0000690002B00D00DE2289B012B00DC98E08F
:10DED00001231F221100434419401A4200D1AEE031
:10DEE00020235B1A042B00DC17E21C235B1A099A1F
:10DEF000ED1894469C44624698440992099B002B75
:10DF000005DD59461A00484601F074FE8346434633
:10DF1000002B05DD42464846069901F06BFE06904F
:10DF2000109B002B00D0C1E1089B002B00DC97E187
:10DF30000B9B002B00D0D8E00A9B013309930125ED
:10DF4000039B2F005E1E069BA2465D46340098464A
:10DF5000089E07E0290000230A22484601F0DCFB66
:10DF60000500013741462800FFF742FC3030E055FC
:10DF7000BE42EFDC089BAB46070054460125002B50
:10DF800000DDEFE1039B9C4600239A466544594619
:10DF90000122484601F02EFE0699834601F0A8FEB4
:10DFA000002800DCD3E1039A02E0AA4200D1F3E2A8
:10DFB0002E00013D2B78392BF7D001332B704846CA
:10DFC000069901F09FFB002C0CD05346002B05D086
:10DFD000A24503D05146484601F094FB2100484633
:10DFE00001F090FB5946484601F08CFB0023099A4A
:10DFF00033702A9B1A602C9B002B00D1E2E41E6038
:10E00000E0E4049B002B00D062E70499059A13001A
:10E01000120300D05CE71A4900220B4206D0099B8C
:10E0200001320133099301239C46E0445346924652
:10E03000002B00D14CE760E1012310933EE51C2347
:10E0400055E7289A012A00DC96E2089B0C9A5E1E8E
:10E05000B24200DA8AE1961B099AD51A002B00DA3F
:10E0600090E19C46099AE04415006244099289E1D6
:10E070000000F03F01FCFFFFD41601100000244017
:10E080000000F07F289B0124032B00D1A8E100DDD4
:10E090003CE5022B01D100F010FC00244B4621008E
:10E0A0004846DC6301F006FB0390A04201D100F07A
:10E0B00008FC4B46039A29949A6301230B93023B75
:10E0C00011930893CCE520222000D31A98409FE4B6
:10E0D000002321000A22484601F01EFB119B040088
:10E0E0000A96002B00DCCEE30893002D05DD21000D
:10E0F0002A00484601F07EFD04005346A046002B4E
:10E1000000D0C1E2089A039B94469A46013B9C4486
:10E1100063460993012357465E46C246049A1A4055
:10E120000C92069D30002900FFF762FB30220300AD
:10E130009446210063440B9030009B4601F0D8FDCB
:10E14000290080465246484601F0F0FDC3680500AC
:10E15000002B34D10100300001F0CAFD29000890E5
:10E16000484601F0CFFA089B289A134359D10C9BDB
:10E17000002B00D145E34346002B00DA4CE35B461D
:10E180003B70099B7D1CBB4200D114E3310000238E
:10E190000A22484601F0C0FA002306000A222100A4
:10E1A0004846544537D001F0B7FA514604000023E1
:10E1B0000A22484601F0B0FA2F008246B1E74546F0
:10E1C00001004846D046BA465F46B34601F09AFA87
:10E1D000002D06DB0123049A1340289A15432B4394
:10E1E00030D159460122484601F004FD0699834684
:10E1F00001F07EFD002800DCE7E0392F00D1EFE2DE
:10E200000B9F313753465E1C1F700A9BA246013399
:10E2100044460993D3E601F07FFA2F0004008246BA
:10E220007FE74346002B00DA3EE3289A13430C9A1B
:10E23000134300D138E3089B002BA0DDD046BA463B
:10E240005F46B346392F00D1CAE253465E1C0A9B93
:10E250000137013309935346A2461F704446AEE688
:10E26000289B022B00DC63E6089B039E002B00D05A
:10E2700025E506990522484601F04EFA0100069070
:10E28000584601F035FD002800DC18E53123039ADB
:10E290000A9D561C137001354846069901F032FA62
:10E2A0006B1C0993002C00D098E69BE65846069913
:10E2B00001F01EFD002800DB36E60A9B59460A22C3
:10E2C00048465E1E002301F027FA0B9B8346002B75
:10E2D00000D0FDE6119B002B00DCC7E20A9A0893F0
:10E2E00009922CE601005246484601F01BFC289B8F
:10E2F0000690012B4CDD00239A46069A944613693A
:10E3000003339B006344586801F0B2FA20231B1AC0
:10E31000DFE5D44B03930333E3E4042B00D1EDE5B5
:10E320003C235B1AE3E505232893043B0B930A9AED
:10E33000299B94466344119301331D1E089301DD0C
:10E34000FFF7F3FB00214B46D963FFF7FDFB0028E5
:10E3500002D1FF0700D526E62E00013D2B78302B99
:10E36000FAD02CE61D000DE643468DE50C9B0C967D
:10E37000F31A9A44089B00269C46099AE04415002B
:10E38000624409920121484601F0C6FA040072E590
:10E39000049B002BAFD10499059A13001203AAD154
:10E3A00039E6B14B0E401A6A5B6A06980799F4F792
:10E3B0003EFD0323129013910D93FFF7EEFB022312
:10E3C000289300230B93FFF7A8FB002800D019E740
:10E3D000FB0700D511E715E7012308932993DAE439
:10E3E00000230B93A3E7089B002B00D119E2119C9B
:10E3F000002C00DC34E40A9B0022013B3000390091
:10E400001A939A4BF4F731FD06000F000D98013076
:10E41000F4F7A2FD32003B00F4F727FD0022944BF5
:10E42000F4F7FCFC934A0B0094466344129013915A
:10E430000D94139339003000F4F7A6FD129B139C42
:10E440008D49169317948C460D9C1B91631EDB001F
:10E45000634419685A68149018911992F4F77CFD76
:10E4600002000B0030003900F4F7CFFC039E149B30
:10E4700004000B98771C3033DEB20D00189A199BFC
:10E480001297002800D12EE100207C49F4F7CFFC40
:10E49000169A179BF4F7B9FC039B22001E702B0001
:10E4A00014901591F4F742FD002800D0D0E100232C
:10E4B00052469A46434618935B461692BB46149EB4
:10E4C000159F129334E001239C460D9BE2449A452C
:10E4D00000DBC3E1002230003900644BF4F7C5FCD7
:10E4E0000022624B06000F0020002900F4F7BDFC5B
:10E4F0000D000400F4F748FD8046F4F72DFD0200FE
:10E500000B0020002900F4F780FC01239C464346C1
:10E510000D0004005146039A30335354200032005A
:10E520003B002900E344F4F7EBFC002800D08CE129
:10E5300022002B0000205249F4F767FC32003B0018
:10E54000F4F7DEFC0028BED0129B5F469B460122FA
:10E5500094461A9B039A6344984602E0BA4200D15B
:10E5600039E13E00013F3B78392BF7D00133DBB274
:10E570003B704346099335E50E9A002A00D116E117
:10E58000404A94466344099A984494469C4463469E
:10E5900015000C9E0993F5E63123039A1370099B2D
:10E5A000013309930BE50A9B002B00D10DE106987E
:10E5B00007990F225C4222402F4BD2009B181A6809
:10E5C0005B68F4F752FC241112901391002C00D1D7
:10E5D00060E1022206000F000023234D0D9201226C
:10E5E00022420BD00D9B3000013339000D932A6875
:10E5F0006B68F4F73AFC012306000F00641008353D
:10E60000002CECD1002B01D0FFF7E4FA129E139FEF
:10E61000FFF7E0FA0123DB1B0993002398461093D0
:10E62000FFF7A8FB474602000B00F4F7F7FB0A9B35
:10E630000400013398460993049A059B0D00F4F7F2
:10E6400075FC002809D1049A059B20002900F4F7E5
:10E650004FFC002803D0F60701D5039A81E73E005E
:10E66000C0E4C046D4160110A04B011000002440A5
:10E6700000001C400000C0FCC84B01100000E03F3F
:10E680000000F03F330400004846616801F012F8D2
:10E69000051E00D11CE1210022690C3102329200DA
:10E6A0000C30F5F7FFF801222900484601F0A2FAE4
:10E6B000804627E521003200484601F033FA5A46E9
:10E6C00001000400484601F057F907005946484642
:10E6D00001F018F80C9BBB469B1B0C9301D1FFF774
:10E6E000EAFBFFF7E2FB16981799F4F7BEFB0D9BC8
:10E6F0000E900F9103991A008C4662440E700B9293
:10E700003E00012B1BD00022744B20002900F4F79F
:10E71000ACFB0D000400F4F737FC0700F4F71CFC19
:10E720000B00020029002000F4F76FFB30370B9B31
:10E730003770013604000D00B342E4D11F000E987B
:10E740000F990022664BF4F769FB22002B00F4F7C7
:10E75000D7FB002800D0FAE60E9A0F9B00206049F4
:10E76000F4F753FB22002B00F4F7E0FB002814D150
:10E770001D9B002B01DAFFF779FB0A9B0E2B01DDB5
:10E78000FFF774FB1B9A0A9B9446DB0063445C68AA
:10E790001B6804930594FFF708FB3E00013F3B789C
:10E7A000302BFAD01A9B01330993FFF71BFC362359
:10E7B0001C9A9B1AE7E6D0460A9B5F460133A246A5
:10E7C000B34644460993FFF7E2FB0223069E079FE8
:10E7D0000D93FFF7FFF9012294463123E044C7E689
:10E7E000534652465D1C392313700A9BA2460133DF
:10E7F0004446039A0993FFF7DBFB002300240693AA
:10E8000044E54546D046BA465F46B346392FE7D081
:10E81000002D00DDF4E4F5E4D046BA465F46B34689
:10E82000F0E40D98F4F798FB32003B00F4F71DFB81
:10E8300000222C4BF4F7F2FA2B4A0B009446634467
:10E84000129013911393FFF7ECF9129B5F469B46CE
:10E850001A9B3E0001330993FFF7C4FB169B9A46AF
:10E86000189B9846129B9B46FFF7FAF9289B022BB0
:10E8700005DC0A9B0993119B0893FFF760FB119B32
:10E880000A960893F0E4119B0893289B022B00DD65
:10E89000EAE42AE40223129E139F0D93FFF79AF9EC
:10E8A000124B0393FFF78EF8089BD046BA465F469B
:10E8B000B346002B00DD94E4A4E400230B93FFF7A0
:10E8C0002CF9B02100220A4B0A48FF31F6F72CFC44
:10E8D0000022074B07480849F6F726FC00002440B1
:10E8E0000000E03F00001C400000C0FCC816011002
:10E8F000D8160110EC160110EF020000314B70B574
:10E90000050018680C00002802D0426B002A4FD086
:10E910000C22A35E1A071DD52269002A24D0D9072C
:10E9200008D50021A160616900204942A161002A47
:10E9300008D070BD0021980700D461690020A16053
:10E94000002AF6D11A06F4D540221343A3810120F0
:10E950004042EEE7DA062ED55A0714D42269082180
:10E960000B43A381002ADAD1A021802089008000F6
:10E9700019408142D3D02100280001F08DFC0C22E7
:10E98000A35E2269CBE7216B00290AD02200403226
:10E99000914204D0280000F071F80C22A35E0022FE
:10E9A0002263242293430022626022692260D6E718
:10E9B00000F0FAFCACE709222A6040221343A3814D
:10E9C000C5E7C04670120020F0B5C646060000B587
:10E9D00008200D0000F024FA0400300000F0E2FBF3
:10E9E000234B210098469B685F6803239F433800B0
:10E9F0001138401B0019F3F7CDFF451E6543AC42AB
:10EA000008DC0021300000F033FD43469B68DB1931
:10EA1000984206D0300000F0C7FB002080BCB8460A
:10EA2000F0BD3000694200F023FD01300ED001221C
:10EA300043467F1B9B6817430E4A5F601368300094
:10EA40005B1B136000F0B0FB0120E7E70021300002
:10EA500000F00EFD43469A68831A0F2BDADD064C50
:10EA600004492468001B086001210B435360D1E76F
:10EA7000A0130020881D002098130020F8B5CE4672
:10EA8000474605000C0080B5002957D000F08AFBEE
:10EA9000012321009C46083948686246030003248C
:10EAA0009343CF187A68654EA243B468BC4200D144
:10EAB00070E0BC18A14664467A60044221D108681F
:10EAC000091A1B1888688046484640682040340070
:10EAD00008348146A04551D04046CC68C460A0604F
:10EAE0004846002811D19B185548BA68824200D187
:10EAF0007FE0F868D060826001221A434A60CB5000
:10EB000007E0484640682042EDD062461A434A601A
:10EB10003B6080229200934214D2DA085809012304
:10EB20008340706803437360D3009B199A68CB607D
:10EB30008A609960D160280000F036FBC0BCB946FD
:10EB4000B046F8BD5C0A042C3DD89C09200039343D
:10EB50003830E40034192268083C0327944203D17A
:10EB600040E09268944203D05068B8439842F8D885
:10EB7000D468CC608A60A160D160DCE7002858D1FD
:10EB8000B868D218FB68C3609860634613434B6053
:10EB90008A50D0E79A186346034206D10B68C91A17
:10EBA0008868D218CB68C3609860012313434B6018
:10EBB000244BB1601B689342BDD8234B28001968D1
:10EBC000FFF702FFB7E7142C07D9542C1AD81C0BF7
:10EBD00020006F346E30E400BCE720005C345B3012
:10EBE000E400B7E70123801083407068034373603B
:10EBF000BFE7D1609160CA608A6001221A434A600F
:10EC0000CB5098E7AA225200944205D8DC0B200092
:10EC100078347730E4009DE70C4A944205D89C0C88
:10EC200020007D347C30E40094E7FE247E20A400A4
:10EC300090E762461A434A603B607CE7A0130020DD
:10EC4000A81300209C130020841D00205405000000
:10EC500010B50A22002100F0C3F810BD10B50A2338
:10EC6000002200F0ADF810BDF0B557464E464546BF
:10EC7000DE46E0B582460F0090461E00994683B0FE
:10EC8000242B43D8012B41D00B0008204A4D1A00F9
:10EC900014780133295D0842F9D11D002D2C00D1D3
:10ECA00076E02B2C3ED0454B9B4600230193002E53
:10ECB00053D1302C00D173E00A2399460A364946D5
:10ECC0005846F3F767FE2B008C463D0002002700F4
:10ECD00000214C460020E146AC463D00303D092D68
:10ECE00007D9113D192D03D93D00613D192D20D8BB
:10ECF0000A35AE421DDD4F1C05D082422AD327D0F3
:10ED00000121604328181F780133E6E7FEF730FA47
:10ED100016230360002003B0F0BCBB46B246A946F0
:10ED2000A046F0BD1C78254B951C9B460023019303
:10ED3000BDE767464A1C21D0019A002A00D0404214
:10ED40004246002AE7D0002933D143461F60E2E75C
:10ED5000A945D5DA01214942D5E7102EAFD11023BC
:10ED60009946302CABD120222B789343582BA6D137
:10ED700010236C78994610260235A0E722225146CE
:10ED80000A6042465846002AC5D058465F1EDCE756
:10ED90001C7880231B069B460123951C019386E764
:10EDA00020222B789343582BE2D00823082699463B
:10EDB00085E78346E9E7C046614A0110FFFFFF7F10
:10EDC00010B5FFF751FF10BD10B504001300034A42
:10EDD00010680A002100FFF747FF10BD70120020E5
:10EDE00010B504001300034A10680A002100FFF761
:10EDF0003BFF10BD7012002010B5034B01001868D6
:10EE0000FEF71CFA10BDC0467012002010B5034B6F
:10EE100001001868FFF732FE10BDC04670120020D6
:10EE2000802310B55B01082801D1180010BDFEF742
:10EE30009FF916230360173BF7E7C04610B50A2277
:10EE4000002100F01BFC10BD10B50A23002200F0C9
:10EE500005FC10BDF0B557464E46DE464546E0B5CA
:10EE60000C000600170083B0002900D1ACE000F0D0
:10EE700099F908235B429946A1444B465B680322FB
:10EE800019003D0091430B35CA468846162D67D8B8
:10EE90001025AF4267D8A8456EDA4946C0484144BC
:10EEA0004A68009080689346884200D1A0E0012023
:10EEB000844610006246904308184068104200D013
:10EEC00077E05A46032082439346C3445D454EDDB6
:10EED0006046184212D14B4648461B68C31A0320AD
:10EEE0009B465B688343D21842440092954200DC03
:10EEF000CCE0434400939D4200DCCBE0390030007D
:10EF0000FEF79CF9071E00D11EE14B4601225B680B
:10EF1000934302004B44083A934200D1E3E0424657
:10EF2000043A242A00D9E3E003002100132A09D976
:10EF300023680360636843601B2A00D9DCE0030098
:10EF4000083108330A681A604A685A608A689A6009
:10EF500030002100FFF792FD300000F025F920E09D
:10EF60000432954395D50C230027336019E0D84629
:10EF7000CB688A68D3609A6043465F1B5346012280
:10EF800050465B68404413400F2F22D841460B4344
:10EF900051464B60436813434360300000F004F96E
:10EFA0002700380003B0F0BCBB46B246A946A046D5
:10EFB000F0BD1A42A2D14B464A461B68D31A03221F
:10EFC0009B465B68934394E71100FEF737F907000F
:10EFD000E7E751462B434919554617436B604F608D
:10EFE00043680831134343603000FFF747FDD4E71F
:10EFF00003218A4394462900C44410318C4500DB28
:10F0000084E0DB0700D579E74B4648461B68C31A06
:10F0100003209B465B688343D2184244019291428D
:10F0200000DD66E75B465A46DB6892685F46D36060
:10F030009A604246043A0837242A00D999E03B00F6
:10F04000132A0AD9594623688B606368CB601B2A50
:10F0500000D993E05B460834103322681A60626876
:10F060005A60A2689A605B4601225919009B3000E1
:10F070009960019B5B1B13434B605B465B681340CD
:10F080005A462B43536000F08FF88AE7CB688A68B2
:10F09000D3609A605B465A46DB6892685F46D360ED
:10F0A0009A604246043A0837242A17D83B00132AAC
:10F0B00009D9594623688B606368CB601B2A39D80D
:10F0C0005B460834103322681A6062685A60A2688E
:10F0D0009A60009B3C009846DA464DE721003800D4
:10F0E00001F098F9F5E703225B689343984443E7FE
:10F0F000210001F08FF92BE7A3688360E368C36008
:10F10000242A26D00300103110331BE74B4659192F
:10F11000009B0122996063465B1B13434B604B4687
:10F120005B68300013404A462B43536000F03CF8C4
:10F13000270036E7A3680B61E3684B61242A10D0EF
:10F140005B4610341833BEE7300000F02DF800277E
:10F1500027E72369183103610300626918334261AC
:10F16000F0E623698B615B4662692033CA6118341B
:10F17000A9E72100380001F04DF974E7A3680B619D
:10F18000E3684B61242A03D05B461034183364E7EC
:10F1900023698B615B4662692033CA6118345CE77E
:10F1A000A01300207047C0467047C046002070473B
:10F1B00010B5034A0349044801F042F810BDC046A7
:10F1C000A8170020C50401107812002041680B4BDD
:10F1D00010B50400994201D001F074F9A168084B00
:10F1E000994202D0200001F06DF9E168054B994287
:10F1F00002D0200001F066F910BDC046BC1D002001
:10F20000241E00208C1E002000207047F8B5CE463A
:10F210004746344C344B354A2000002580B51A60EF
:10F220000423082200215C3025606560A5606566C6
:10F2300025616561A561E360F4F72EFB2C4B20008E
:10F24000994623622B4B2C4F98466362CC23E550A2
:10F250002A4B2B4E6367802308220021C430E550DF
:10F26000A762E662A566E5662567A567E567E461CE
:10F27000F4F712FB220084236832E2504A4604333A
:10F28000E250424620000433E2500433E750043396
:10F29000E6503C33E5500433E5500433E550194A59
:10F2A0005C33E550583BE2500433E5502D300433D5
:10F2B000E550082204330021FF30E550F4F7ECFA62
:10F2C0002200EC23D032E2504A460433E250424658
:10F2D0000433E2500433E7500433E650C0BCB9466F
:10F2E000B046F8BDBC1D0020B81D0020B1F10010D3
:10F2F00095050110C105011001060110090001006A
:10F300003106011012000200F8B5244B07001B68FB
:10F31000002B3BD0224E7368B468013B03D51BE041
:10F320006834013B18D30C22A55E002DF8D12000D3
:10F330001C4B08220021E36065662560A5606560BE
:10F3400025616561A5615C30F4F7A6FA2563656304
:10F350006564A5642000F8BD3568002D01D02E003D
:10F36000D9E7D62138004900FDF768FF041E10D008
:10F370000423D0220560250043600C300021A060EA
:10F380005200F4F789FA34602E00C4E7FFF73EFF1D
:10F39000C0E70C2330603B60DCE7C046B81D0020AE
:10F3A000A81700200100FFFF436B10B5002B00D011
:10F3B00010BD044B4363044B1B68002BF8D1FFF7CF
:10F3C00025FFF5E7CDF10010B81D00207047C046BD
:10F3D0007047C04610B50020024A034900F030FFD4
:10F3E00010BDC046A8170020ADF1001010B50020D8
:10F3F000024A034900F024FF10BDC046A8170020B0
:10F4000009F2001010B5010000230022002001F0D5
:10F4100015F910BD10B583070AD00300032102E0DF
:10F4200001330B4205D01A78002AF9D1181A10BD01
:10F43000030019680C4A0D4C8A188A4322420FD1E6
:10F440005968094A04338A188A43224208D1596804
:10F45000054A04338A188A432242F1D000E001337E
:10F460001A78002AFBD1E1E7FFFEFEFE8080808053
:10F47000002370B5064C050008002360F5F700FE78
:10F48000431C00D070BD2368002BFBD02B60F9E734
:10F49000F41E002070B5074C074D641BA41005D066
:10F4A000013CA300EB589847002CF9D101F00AFB6E
:10F4B00070BDC046200C0110200C0110F0B5DE46D6
:10F4C0004E4645465746E0B589B00D000591934636
:10F4D0001E00082107905F482B001C780135025D53
:10F4E0001142F9D12D2C00D184E02B2C4BD00123DB
:10F4F0005B420393584B049300230693002E08D1DC
:10F50000302C00D180E00A239A4600230A3699461F
:10F5100005E0102E00D182E0F317B246994652461C
:10F520004B4603980499F3F773FA23000F008046C3
:10F53000029200200022002113E0B94201D140458F
:10F540001ED8804543D052464B46F4F74FF8E31798
:10F5500000940193009B019C0122C01861412B780B
:10F5600001351C00303C092C04D9113C192C0DD854
:10F57000373B1C00A64211DD531CF0D0B942DCD948
:10F5800001225242EBE72C789D1CB0E71C00613C45
:10F59000192C03D8573B1C00A642EDDC531C1ED08F
:10F5A000069B002B04D003000C0000215842A1410F
:10F5B0005B46002B04D0002A48D15B46059A1A60AE
:10F5C00009B0F0BCBB46B246A946A046F0BD8F428A
:10F5D000B9D1029BA342B6DA01225242BFE72223ED
:10F5E000079A13605B46002B2DD06B1E039804997D
:10F5F0000593E2E72C789D1C0023039380231B06D0
:10F6000004930123069379E720222B789343582B08
:10F6100011D008239A460023082699467FE7302C0C
:10F6200004D010239A460023994678E720222B78AD
:10F630009343582BF5D110239A4600236C789946B2
:10F64000102602356BE703980499B9E703900491FB
:10F65000CBE7C046614A0110FFFFFF7F10B5FFF7FF
:10F660002DFF10BD10B504001300034A10680A00F6
:10F670002100FFF723FF10BD7012002010B5040019
:10F680001300034A10680A002100FFF717FF10BD9E
:10F690007012002010B5140092680023002A05D0D3
:10F6A000220001F041F800220300A26000221800AD
:10F6B000626010BD436C70B504000D00002B0AD0D1
:10F6C000AA009B18186800280ED002681A60002350
:10F6D0000361C36070BD21220421FDF74FFD031EAD
:10F6E0006064EDD10020F5E70126AE40721D0121D6
:10F6F00020009200FDF742FD0028F3D045608660AF
:10F70000E5E7C046002906D04A68436C92009B1882
:10F710001A680A6019607047F0B5C6461F00804637
:10F72000002300B50E000D6914310C68013320046C
:10F73000000C5043240C5443C019070CE419000476
:10F74000270C000C2404241810C19D42EDDC002F6E
:10F7500008D0B368AB4209DD2B1D9B00F3180135BF
:10F760005F603561300080BCB846F0BD71684046CE
:10F770000131FFF79FFF041E17D0310032690C31B1
:10F78000023292000C30F4F78DF8434672685B6CDD
:10F7900092009B181A6832601E6026002B1D9B0089
:10F7A000F31801355F603561DCE70022BA21024BB6
:10F7B0000248F5F7B9FCC046D81601101817011019
:10F7C000F8B54746CE460600180080B50C00083054
:10F7D00009211F009046F3F7B5F8092F3BDD0125FD
:10F7E00000216D000131A842FBDC3000FFF762FF11
:10F7F000011E32D0089B4361012303614346092B5C
:10F8000016DC092398460A3447450CDD4346E719C0
:10F81000FF1A23780A223000303BFFF77DFF0134C6
:10F820000100BC42F5D10800C0BCB946B046F8BDE5
:10F8300009239946A1444D4644442B780A223000BE
:10F84000303BFFF769FF01350100A542F5D1444681
:10F85000083C4C44D8E70021C7E70022024B03488C
:10F86000D331F5F761FCC046D81601101817011006
:10F870008022030052020020934201D21B04103068
:10F8800080225204934201D208301B02802252058A
:10F89000934201D204301B018022D205934203D34C
:10F8A000DB43DB0FC018704799009B0004D4033082
:10F8B0001142F8D12020F6E70230F4E70368020095
:10F8C000590707D0D9071ED4990720D55B080360D4
:10F8D000012070470020190401D11B0C1030FF21BA
:10F8E000194201D108301B0A190701D104301B0944
:10F8F000990701D102309B08D90702D401305B0877
:10F9000003D01360E5E70020E3E72020E1E79B0850
:10F9100003600220DDE7C046436C70B504000D00B3
:10F92000002B0AD05868002815D002685A600023BE
:10F93000C36001334561036170BD21220421FDF7DD
:10F940001DFC031E6064EDD146210022084B0948CE
:10F95000FF31F5F7E9FB1C2201212000FDF70EFC29
:10F960000028F1D00123436001338360DFE7C04604
:10F97000D816011018170110F0B54E4657464546E7
:10F98000DE46E0B50B6916698A469146984685B011
:10F99000B34204DB330089464646924698464B46BE
:10F9A00059684346F5184B469B68AB4200DA013173
:10F9B000FFF780FE071E00D1A9E014239C46844473
:10F9C0006346AC00644418000022A34202D204C380
:10F9D0009C42FCD814234B449B46434651469B0013
:10F9E00098461431B60088445E44414574D20423DD
:10F9F0009A464B4615339E4200D380E05B46019306
:10FA0000434600935346B446A246AB46B9460C0063
:10FA1000029306E02D0C31D1009B04340430A34244
:10FA200057D925682B04190C002BF3D0019D5346A0
:10FA3000A04600260C0082462F00039308CF0168E1
:10FA40001A04120C62431B0C0D0463432D0C521953
:10FA50009219090C5B18110C5B1812041E0C120C85
:10FA60001B04134308C0BC45E8D850464446039BDA
:10FA70009A46029BC65025682D0CCDD00600002268
:10FA80000368A046604619001400B446019F3A88F6
:10FA9000090C6A43121952181B0411041B0C0B4366
:10FAA000336010CF7168240C6C430B041B0CE318FB
:10FAB000120C9B181C0C0436B842E8D862468446E7
:10FAC00010004446029A04348350009B0430A34241
:10FAD000A7D854465D464F46002D03DC06E0013DA5
:10FAE000002D03D0043C2368002BF8D038003D6182
:10FAF00005B0F0BCBB46B246A946A046F0BD4B4699
:10FB0000F31A153B9B0801339B009A4676E7B12117
:10FB10000022024B02484900F5F706FBD8160110F7
:10FB200018170110F8B5032347461400CE461A00F3
:10FB300080B50E0007002240234234D1A41023D008
:10FB40003D6C002D38D0012398460023994643464A
:10FB5000234208D1641017D02868002819D0050066
:10FB600043462342F6D02A0031003800FFF704FF55
:10FB7000002E06D072687B6C92009B181A68326067
:10FB80001E6006006410E7D13000C0BCB946B04624
:10FB9000F8BD2A0029003800FFF7EEFE4B4628602A
:10FBA00005000360DCE70F4B013A9200D2580023B6
:10FBB000FFF7B2FD0600C1E701213800FFF77AFD2B
:10FBC000051E07D0084B43610123036100233864FD
:10FBD0000360B8E746210022044B0548FF31F5F7E2
:10FBE000A3FAC046684B011071020000D81601103C
:10FBF00018170110F0B54546DE4657464E46E0B5AB
:10FC00000D002B6954119846A04443465E1CAB6816
:10FC100083461700496883B09E4203DD01315B00D3
:10FC20009E42FBDC5846FFF745FD8446002853D032
:10FC3000010014310B000191002C0CDDA400220006
:10FC400000201432624401C39342FCD1019B9946C7
:10FC5000A1444B4601931F222B0011002C69143341
:10FC6000A40039408A461C193A422FD00132521A58
:10FC700091460027019851461A688A403A4304C0C9
:10FC80004A4680CBD7409C42F5D82A00153204233F
:10FC9000944204D3631B153B9B0801339B00019ADC
:10FCA000D750002F00D1464663461E615B46604632
:10FCB0006A685B6C92009B181A682A601D6003B02A
:10FCC000F0BCBB46B246A946A046F0BD019904CBA4
:10FCD00004C19C42FBD8E6E7EF210022024B034817
:10FCE0004900F5F721FAC046D8160110181701107F
:10FCF00002690B6930B50500D01A9A4214D19B00F5
:10FD000014351431EA18CB1801E095420CD2043AAC
:10FD1000043B146819688C42F7D000238C425B4185
:10FD200002205B421840013830BDC046F0B5454660
:10FD300090465746DE464E464346E0B50A691B6983
:10FD40000F0083B0D11A9A4200D098E03D0042469D
:10FD50009900143514326B18521802E09D4200D3FA
:10FD600095E0043B043A1C6811688C42F6D00125EA
:10FD70008C4203D343460025B8461F0043465968CA
:10FD8000FFF798FC8446002800D194E014224244F6
:10FD90009146142243463900624492460022C560CF
:10FDA00038691B69143180004D4608189C004C448A
:10FDB000BB4614260700994610000A0000950194DE
:10FDC000434602CA9D590B042C041B0C240CE41A54
:10FDD00063462418090C2D0C6D1A2114691824048B
:10FDE0000814240C09040C439C5104369742E7D8AC
:10FDF000020038005F4600994B46894639000026CC
:10FE0000153188427641C01B15388008250083468D
:10FE10000427019CF1B2002E36D14846C019574440
:10FE2000B8463E009946070084423BD9130020CFD4
:10FE30002904090C891809142A0CED1889182D04B5
:10FE40000A142D0C09040D4320C6BC42EED8013C17
:10FE5000221A9208920042444B461600002D04D10B
:10FE6000043E3268013B002AFAD0624613616046C4
:10FE700003B0F0BCBB46B246A946A046F0BD012582
:10FE8000002900DB76E779E7471CBF00C5E70021C2
:10FE9000FFF710FC8446002813D0012303610023E0
:10FEA0004361E4E70026002901D15644D6E75A46CB
:10FEB00096005644D2E70022054B06480649F5F75E
:10FEC00033F90022024B03480449F5F72DF9C046E7
:10FED000D816011018170110450200003702000063
:10FEE0000D4A0E4B94460B4063440022002B02DD6A
:10FEF0001900100070475B421915132903DC802399
:10FF00001B030B41F4E7143901221E2902DC802275
:10FF10001206CA400023EBE70000C0FC0000F07F9F
:10FF2000F8B506004746CE4604691436A4003419D5
:10FF3000231F1D6880B528000F009846FFF798FC26
:10FF40002022111A030039600A282EDD07000B3F1A
:10FF5000464519D208235B429C46A44463461B686D
:10FF6000002F1AD01900D21BD140BD409146194A2A
:10FF70000D432A431100BB40664511D24A460C3C52
:10FF80002468D44023430BE00B2805D0BD40114B1F
:10FF90002B431900002303E000230E4A2A431100DB
:10FFA0001800C0BCB946B046F8BD2F00153A121A69
:10FFB000D7409146074A3A4311000027464503D2ED
:10FFC0004A46083C2768D74015339D402B003B43E9
:10FFD000E6E7C0460000F03FF0B5012183B0140011
:10FFE0001D00FFF767FB061E4AD02B036F001B0B9B
:10FFF0007F0D02D08022520313430193002C16D1AF
:020000041001E9
:1000000001A8FFF75BFC0124019B20307361346180
:10001000002F24D01D4B35249C46089B67443F1875
:100020001F60241A3000099B1C6003B0F0BD6846B5
:100030000094FFF743FC019C00281FD020232200DE
:100040001B1A9A40C4401300009A01941343736131
:10005000B461631E9C4101343461002FDAD10C4B32
:100060009C46089B604418600A4BE3189B00F318F9
:100070005869FFF7FDFB6401241AD3E7009BE6E70C
:100080000022054B05480649F5F74EF8CDFBFFFF6A
:10009000CEFBFFFFFFFFFF3FD8160110181701101E
:1000A0000F030000F0B5CE46474680B585B08846C0
:1000B00002A98146FFF734FF04000D00404603A962
:1000C000FFF72EFF02000B00404649460069096910
:1000D00000920193091A4901884602980399401A2F
:1000E0000100414400290BDD09054F193D002000A6
:1000F0002900F2F79CFE05B0C0BCB946B046F0BD81
:1001000009055B1A0193009A019BF0E710B5040002
:10011000172809DD002007490022074B013CF2F7B0
:10012000A4FE002CF8D110BD044BC4001B191868A4
:100130005968F8E70000F03F00002440C84B011068
:100140001300013970B54C11116901341433890061
:10015000A400591804198B420AD2050040CB40C5AF
:100160009942FBD88B1A153B9B0801339B00C018A2
:10017000844203D9002308C08442FCD870BDC04625
:1001800010B5040002691434481182420ADA920060
:10019000A31803E0043B1A68002A14D1A342F9D83B
:1001A000002010BD8300E3188242F7DD1F221000FB
:1001B00008400A42F2D019680A00C2408240012079
:1001C0009142EED1EAE70120EBE7C04670B5CCB230
:1001D00083070DD0531E002A0FD0032504E0013001
:1001E000284206D0013B08D30278A242F7D170BD65
:1001F0001300032B03D8002B14D10020F7E7FF22B4
:100200000A401502AD182A040B4EAD1803E0043B5A
:100210000430032BEFD9026808496A405118914312
:100220003142F4D0C31802E001309842E5D00278A0
:10023000A242F9D1DBE7C04680808080FFFEFEFE4F
:10024000F8B54746CE46884680B581461700002659
:100250007D68BC68013D0DD4A389012B07D90E220E
:10026000A35E013303D021004846C04706436834EB
:10027000013DF1D23F68002FEAD13000C0BCB94641
:10028000B046F8BDF030704700487047A418002011
:1002900000487047A4180020F0B5C64600B50C22EF
:1002A0008B5E05000C0096B09A0709D523004333F6
:1002B000236023610123636116B080BCB846F0BDA2
:1002C0000E22895E002928DB6A4600F007FA002822
:1002D00021DBF023019F1B021F40264B80269C46FA
:1002E00067447B425F418023DB00984636014146EC
:1002F0002800FCF7A3FF00281BD08022A3892060E0
:10030000134342461BB2A38120616261002F1FD1BB
:100310003343A381D0E70C22A35E00271B0612D52E
:1003200040239846280041460026FCF787FF002816
:10033000E3D10C22A35E9A05BED40322934302228A
:100340001343A381B2E78023DB0098460026CEE763
:1003500028000E23E15E00F0D5F9002802D10C221E
:10036000A35ED5E70322A3899343012213431BB263
:10037000CEE7C04600E0FFFF70B50C001E000E2364
:10038000C95E150096B0002915DB6A4600F0A6F993
:10039000002810DBF02301991B0219400B4B802031
:1003A0009C4661444B42594180230001DB0031608F
:1003B0002B6016B070BDA38900211B0602D5402317
:1003C0000020F4E780230020DB00F0E700E0FFFFDF
:1003D00030B583B0069D034C0095E4256459A047D1
:1003E00003B030BDB417002082B000290AD0002A23
:1003F0000BD0002B0BD013780B601078431E984164
:1004000002B0704701A9002AF3D10020F8E70220CA
:100410004042F5E7F0B588420AD98B18984207D2D6
:10042000531E002A03D0CA5CC254013BFBD2F0BD6C
:1004300005000F2A0AD8561E002AF8D00023CC5CEB
:100440001A00EC5401339642F9D1F0E703273E003D
:100450000D430C0003002E402F422DD11500103DFE
:100460002D09AC462F013F1825681D6065685D6049
:10047000A5689D60E5681034DD601D001033BD4245
:10048000F2D165460F230C2401352D014919134083
:100490004519144213D0043B9B0801339B008C592F
:1004A000AC5104369E42FAD103231A40AD19891982
:1004B000561E002AC2D1BAE70500561EBEE71A0032
:1004C000B9E7C04670B506000C1E08D0002802D05F
:1004D000436B002B3BD00C22A35E002B02D10025E6
:1004E000280070BD21003000FCF71AFDE36A05000A
:1004F000002B04D03000E169984700281DDBA38958
:100500001B061FD4216B002908D0230040339942D9
:1005100002D03000FEF7B2FA00232363616C002999
:1005200004D03000FEF7AAFA00236364FEF74EFF02
:100530000023A381FEF74CFFD2E70125A3896D427A
:100540001B06DFD530002169FEF798FADAE7FEF7DF
:100550002BFFC0E710B5034B01001868FFF7B2FF8F
:1005600010BDC0467012002070B5E025014C6459E2
:10057000A04770BDB4170020002909D0FF2A02D877
:1005800001200A7070478A23036001204042F9E786
:100590000020F7E770B50C000E25495F00F05EFA09
:1005A000002803DB236D1B18236570BDA389024A55
:1005B0001340A381F9E7C046FFEFFFFF002070471B
:1005C000F8B50C001F000C23C95E05001600CB0512
:1005D0000AD40A4B320019402800A1810E23E15EA3
:1005E0003B0000F067F8F8BD0E23E15E0022022315
:1005F00000F048FA0C23E15EEBE7C046FFEFFFFF97
:1006000070B50C000E25495F00F03CFA431C07D082
:100610008023A2895B0113431BB22065A38170BDB7
:10062000A389024A13401BB2F8E7C046FFEFFFFF61
:1006300010B50E23C95E00F0FFF910BDF0B5C64637
:100640001A4C00B52568002D2AD06C681F2C2ADCB6
:10065000002808D10020631C0234A4006B606151A3
:1006600080BCB846F0BD8827A600AE19F25101370C
:10067000FF37BC460122AC446746A2403F68904623
:1006800017436246176084277F00F3510228E1D1A7
:10069000280042468D30FF30036813430360D9E7DA
:1006A000034D2560D1E701204042D9E78820002092
:1006B000F81E002070B50400080011001A00002385
:1006C000054D2B60F4F708FD431C00D070BD2B686E
:1006D000002BFBD02360F9E7F41E0020002370B547
:1006E000074D0400080011002B60F4F70FFD431CB8
:1006F00000D070BD2B68002BFBD02360F9E7C0460B
:10070000F41E0020002370B5064C0500080023608D
:10071000F4F700FD431C00D070BD2368002BFBD014
:100720002B60F9E7F41E0020F0B54E46DE46574632
:100730004546E0B5936883B00C0091460090002BCD
:100740005FD00C23CA5E130763D50B69002B60D002
:100750004B461F68930723D5636A00269A46B34B1E
:1007600000259846E169002D16D02B00454500D99B
:10077000AE4B32000098D047002859DD4B464A4620
:100780009B6836181B1A2D1A9360002B39D0636AA8
:10079000E1699A46002DE8D13E687D680837E2E7B6
:1007A000D30762D50023B84600209A4600261F00D2
:1007B000002E45D000284CD03B00B3469E4200D9C5
:1007C0009B4620682269A5686369904203D9ED18A9
:1007D000AB4500DDFEE05B4500DDEEE0656A5246BC
:1007E000E1690098A847051E22DD01207F1B19D072
:1007F0004B464A469B68AA445B1B761B9360002BC2
:10080000D6D1002003B0F0BCBB46B246A946A046F4
:10081000F0BD21000098FEF771F800280DD10C23DF
:10082000E25E95E721000098FCF71EFC0028DFD06F
:100830000C22A35E40221343A38101204042E1E742
:100840000822434694465E68E044002EF8D01B68B8
:100850009A4632000A215046FFF7B8FC002800D122
:10086000DBE053460130C71AA6E7002380219A46F1
:1008700089008B46564655462068A36884469846AC
:10088000002D5CD059460A425DD09A46AB4200D951
:1008900090E09023DB001A4232D02169431A60694C
:1008A000019343001B18D80FC3185810019B8246B0
:1008B00001335B19834201D99A461800520500D4CE
:1008C00097E001000098FCF7B9FC8046031E00D1B8
:1008D000A6E0019A2169F2F7E5FFA389544A134083
:1008E00080221343A38143462361019B1A004244A3
:1008F000944622605246A846AA46D31A6261A36073
:10090000524631006046FFF785FD4246A846002565
:10091000A36820689B1A5044A36020604B4642465F
:100920009B6846449B1A4A46936000D169E70C23B2
:10093000E25E2068A36884469846002DA2D13E68F6
:100940007D6808379AE7226982421BD36269904624
:10095000AA4217D8802328001B069D4200D33548A1
:100960004146F1F7EFFF4346626A43439046E1692F
:1009700032000098C047002800DC59E78046434613
:10098000ED1ACBE79846AB4200D9A8464246310063
:10099000FFF740FD4246A36820689B1A4044A360CD
:1009A0002060002BEBD121000098FCF75DFB0028B4
:1009B000E5D03DE7A846AA46A2E75A465146FFF7CA
:1009C00029FD5A46A3685D469B1AA36023685B44D1
:1009D00023600AE751462A00FFF71CFD2368210027
:1009E0005B1900982360FCF73FFB002800D1FCE670
:1009F0001EE702000098FEF72DFA8046002800D07E
:100A000071E7009D21692800FEF738F88022A3894C
:100A10009343743A1BB22A600CE7731C1F00CCE6A8
:100A2000009A0C3313600C22A35E03E700FCFF7FE7
:100A30007FFBFFFFFFFFFF7F002370B5064C050023
:100A400008002360F4F75AFB431C00D070BD2368F4
:100A5000002BFBD02B60F9E7F41E002070B50400DA
:100A6000080011001A000023054D2B60F4F722FB4B
:100A7000431C00D070BD2B68002BFBD02360F9E72E
:100A8000F41E002070B50400080011001A000023B5
:100A9000054D2B60F4F736FB431C00D070BD2B686E
:100AA000002BFBD02360F9E7F41E0020034B10B5A8
:100AB000002B02D00248FEF7A5FC10BD000000008C
:100AC00095F40010F8B5C04601B40248844601BC54
:100AD000604700BF2901002001B40248844601BCE0
:100AE000604700BF4504002001B40248844601BCB1
:100AF000604700BF6903002001B40248844601BC7E
:100B0000604700BFA510002001B40248844601BC24
:100B1000604700BF7501002001B40248844601BC53
:100B2000604700BFA510002001B40248844601BC04
:100B3000604700BF110D002001B40248844601BC8B
:100B4000604700BFFD01002001B40248844601BC9B
:100B5000604700BFD902002001B40248844601BCAE
:100B6000604700BF390D002001B40248844601BC33
:100B7000604700BF5910002001B40248844601BC00
:100B8000604700BF3D02002001B40248844601BC1A
:100B9000604700BFC90D002001B40248844601BC73
:100BA000604700BF1505002001B40248844601BC1F
:100BB000604700BF790D002001B40248844601BCA3
:100BC000604700BFB501002001B40248844601BC63
:100BD000604700BFC1000020192700104527001002
:100BE0002929001089380010E92F0010193700104A
:100BF0005128001061270010812700109527001050
:100C0000751800109D2700103D1C0010E1260010F3
:100C1000B5120010AD0A0110BD5D0010FD020010FC
:100C20006C665F7363686564756C65282920636111
:100C30006C6C65642061667465722073746F7020DB
:100C40007461672E000000007363686564756C65ED
:100C50002063616C6C656420776974682061206E24
:100C6000656761746976652065787472615F646533
:100C70006C617920256C6C642E205265706C616308
:100C8000696E672077697468207A65726F2E00003C
:100C90004C6566742042756D70656421000000002B
:100CA00052696768742042756D70656421000000A8
:100CB0003F00000062756D70646973706C61795FEC
:100CC0006D61696E0000000042756D70446973705B
:100CD0006C61790062756D7000000000646973706A
:100CE000000000000A2A2A2A2050414E4943202AA7
:100CF0002A2A0A004E6F207370696E6C6F636B73E3
:100D00002061726520617661696C61626C650000CA
:100D10004E6F207573657220495251732061726560
:100D200020617661696C61626C6500004861726483
:100D30007761726520616C61726D20256420616C41
:100D4000726561647920636C61696D65640000009F
:100D50004861726420617373657274004F7574200A
:100D60006F66206D656D6F727900000052656C656D
:100D700061736500626F6F74325F7732357130383E
:100D800030000000322E322E30000000706F6C6F89
:100D90006C755F3370695F323034305F726F626FD1
:100DA0007400000044656320313720323032350052
:100DB000666E692B00000000666E69006E616E0051
:100DC000666E692D000000002C2066756E637469E4
:100DD0006F6E3A2000000000617373657274696F72
:100DE0006E2022257322206661696C65643A206654
:100DF000696C6520222573222C206C696E65202584
:100E000064257325730A000055415254207374649D
:100E1000696E000055415254207374646F757400FC
:100E20005541525420737464696E202F207374648A
:100E30006F75740055534220737464696E202F20BF
:100E40007374646F757400005261737062657272BE
:100E500079205069000000005069636F00000000B5
:100E6000426F617264204344430000005265736521
:100E700074000000556E68616E646C6564204952B0
:100E80005120307825780A006570202530325820AE
:100E900077617320616C7265616479206176616944
:100EA0006C61626C6500000043616E277420636FA3
:100EB0006E74696E75652078666572206F6E206944
:100EC0006E61637469766520657020253032580044
:100ED0004E6F2050494F207374617465206D6163BB
:100EE00068696E65732061726520617661696C6105
:100EF000626C65002D000000256C6C640000000031
:100F00002C2530336C6C64004F7574206F66206D37
:100F1000656D6F72792100005F6C665F6164766158
:100F20006E63655F74616728293A20417474656D4A
:100F30007074656420746F206D6F76652028656C11
:100F40006170736564292074616720746F2028259F
:100F50006C6C642C202564292C20776869636820D8
:100F60006973206561726C696572207468616E20B6
:100F70006F7220657175616C20746F2074686520D4
:100F800028656C6170736564292063757272656E83
:100F900074207461672C2028256C6C642C202564D7
:100FA000292E00000A436F6D6D616E642D6C696EB1
:100FB0006520617267756D656E74733A200A000072
:100FC00020202D662C202D2D66617374205B747299
:100FD0007565207C2066616C73655D00202020575C
:100FE00068657468657220746F2077616974206623
:100FF0006F7220706879736963616C2074696D65C4
:1010000020746F206D61746368206C6F6769636121
:101010006C2074696D652E0A0000000020202D6F81
:101020002C202D2D74696D656F7574203C6475726C
:101030006174696F6E3E203C756E6974733E00008A
:1010400020202053746F702061667465722074686C
:10105000652073706563696669656420616D6F758D
:101060006E74206F66206C6F676963616C207469B1
:101070006D652C20776865726520756E69747320C4
:10108000617265206F6E65206F6600002020206E03
:101090007365632C20757365632C206D7365632CF9
:1010A000207365632C206D696E7574652C20686FE4
:1010B00075722C206461792C207765656B2C206F0C
:1010C000722074686520706C7572616C73206F6635
:1010D0002074686F73652E0A0000000020202D6BBD
:1010E0002C202D2D6B656570616C697665000000A4
:1010F0002020205768657468657220636F6E74697C
:101100006E756520657865637574696F6E206576A8
:10111000656E207768656E207468657265206172FF
:1011200065206E6F206576656E747320746F207015
:10113000726F636573732E0A0000000020202D7704
:101140002C202D2D776F726B657273203C6E3E00E4
:10115000202020457865637574656420696E203CA5
:101160006E3E207468726561647320696620706FDA
:10117000737369626C6520286F7074696F6E616C3F
:101180002066656174757265292E0A0020202D691C
:101190002C202D2D6964203C6E3E00002020205420
:1011A0006865204944206F66207468652066656420
:1011B00065726174696F6E20746861742074686907
:1011C000732072656163746F722077696C6C206A3A
:1011D0006F696E2E0A000000436F6D6D616E6420B2
:1011E000676976656E3A0000257320002D2D6661D3
:1011F000737400002D2D66617374206E65656473D1
:10120000206120626F6F6C65616E2E00747275656F
:101210000000000066616C7365000000496E766135
:101220006C69642076616C756520666F72202D2D67
:10123000666173743A202573000000002D2D7469D7
:101240006D656F75740000002D74696D656F757440
:10125000000000002D2D74696D656F7574206E653A
:101260006564732074696D6520616E6420756E69B4
:1012700074732E00496E76616C69642074696D65C3
:101280002076616C75653A20257300006D73656387
:101290000000000075736563000000006E736563F5
:1012A00000000000686F7572000000007765656BD4
:1012B00000000000496E76616C69642074696D6598
:1012C00020756E6974733A20257300002D2D6B65AF
:1012D0006570616C697665002D2D6B656570616C5C
:1012E000697665206E65656473206120626F6F6C3E
:1012F00065616E2E00000000496E76616C696420A5
:1013000076616C756520666F72202D2D6B6565703A
:10131000616C6976653A2025730000002D2D776F8A
:10132000726B6572730000002D2D776F726B6572A2
:1013300073206E6565647320616E20696E746567E5
:10134000657220617267756D656E742E73000000A2
:10135000496E76616C69642076616C756520666F94
:1013600072202D2D776F726B6572733A2025732E64
:10137000205573696E6720312E0000002D2D726F8D
:10138000732D617267730000556E7265636F676ECF
:10139000697A656420636F6D6D616E642D6C696E32
:1013A0006520617267756D656E743A202573000063
:1013B0002D2D2D2D20456E762025752077617320EB
:1013C0006E6576657220696E697469616C697A65AB
:1013D000640000002D2D2D2D20546865726520615C
:1013E000726520257A7520756E70726F63657373F0
:1013F000656420667574757265206576656E7473B4
:10140000206F6E20746865206576656E7420717536
:101410006575652E000000002D2D2D2D205468656A
:1014200020666972737420667574757265206576BE
:10143000656E74206861732074696D657374616D85
:10144000702028256C6C642C20256429206166742A
:101450006572207374617274207461672E000000DD
:101460002D2D2D2D20436C656172656420257A75C4
:1014700020756E70726F6365737365642065766541
:101480006E74732066726F6D207468652065766572
:101490006E742071756575652E0000002D2D2D2D43
:1014A00020456C6170736564206C6F676963616C63
:1014B0002074696D652028696E206E736563293A12
:1014C0002025730A000000002D2D2D2D20456C6174
:1014D0007073656420706879736963616C207469E6
:1014E0006D652028696E206E736563293A20257327
:1014F0000A0000004F7574206F66206D656D6F7275
:10150000793A206661696C656420746F2073657434
:101510007570205F6C665F746F6B656E5F7265637C
:1015200079636C696E675F62696E000050757474F0
:10153000696E6720746F6B656E202570206F6E205A
:101540007468652072656379636C696E672062698F
:101550006E2C2062757420697420697320616C722E
:10156000656164792074686572652100546F6B65EC
:101570006E206265696E67206672656564207468B6
:1015800061742068617320616C72656164792062A6
:1015900065656E2066726565643A202570000000FE
:1015A000436F756C64206E6F7420696E736572741E
:1015B000207265616374696F6E20696E746F20724A
:1015C00065616374696F6E5F710000004661696CEC
:1015D000656420746F207265676973746572207426
:1015E00065726D696E6174696F6E2066756E637485
:1015F000696F6E210000000066696E645F65717539
:10160000616C5F73616D655F7072696F7269747927
:1016100028292063616C6C65642077697468206197
:10162000206E6567617469766520706F7320696EDE
:101630006465782E00000000257325730A00000001
:1016400066656465726174655F5F0000466564206D
:10165000256420282573293A20257325730A000064
:101660004552524F523A20005741524E494E473A46
:1016700020000000464154414C204552524F523AFE
:1016800020000000A1C881FFA6AF0000494E46001F
:10169000696E66004E414E00303132333435363794
:1016A000383941424344454600000000303132336E
:1016B000343536373839616263646566000000008E
:1016C000286E756C6C290000496E66696E697479C4
:1016D000000000004E614E0042616C6C6F6320732D
:1016E0007563636565646564000000002E2E2F2E0F
:1016F0002E2F2E2E2F2E2E2F2E2E2F2E2E2F6E658E
:10170000776C69622F6C6962632F7374646C6962B1
:101710002F64746F612E63002E2E2F2E2E2F2E2EEF
:101720002F2E2E2F2E2E2F2E2E2F6E65776C696268
:101730002F6C6962632F7374646C69622F6D7072B1
:1017400065632E6300000000504F534958000000AD
:10175000FFFFFFFFFFFFFF7F06005250D3F07542EF
:101760006C0D011006005250E182887F740D01104B
:1017700006005250ABB36053840D01100600525066
:10178000BBFF3CB68C0D011006005250861C0302B4
:10179000C80C0110060052505422A29DA40D011045
:1017A00005005250DE65F4682C650110D444001029
:1017B0008444001084440010CC4400108444001081
:1017C00084440010844400108444001084440010B9
:1017D0008444001084440010C44400108444001069
:1017E000BC4400108444001084440010B444001031
:1017F00088470010EA44001082470010EA440010B5
:101800006C470010EA440010EA440010EA4400105B
:10181000EA440010EA440010EA440010EA440010D0
:10182000DC440010EA440010EA440010EA440010CE
:10183000EA440010EA440010DC4400101048001094
:101840003E4400103E4400103E4400103E44001050
:101850003E4400103E4400103E4400103E44001040
:101860003E4400103E4400103E4400103E44001030
:101870003E4400103E4400103E4400103E44001020
:101880003E4400103E4400103E4400103E44001010
:101890003E4400103E4400103E4400103E44001000
:1018A0003E4400103E4400103E4400103E440010F0
:1018B0003E4400103E4400103E4400109C4700107F
:1018C000DC4700109C4700103E4400103E440010CE
:1018D0003E4400103E4400103E4400103E440010C0
:1018E0003E4400103E4400103E4400103E440010B0
:1018F0003E4400103E4400103E4400103E440010A0
:101900003E4400103E440010B04900103E44001018
:101910003E4400103E4400103E4400103E4400107F
:101920003E4400103E4400103E4400103E4400106F
:10193000B049001022480010B04900109C47001028
:10194000DC4700109C470010000000000000F03F42
:10195000000000000000244000000000000059408A
:101960000000000000408F40000000000088C340DD
:1019700000000000006AF8400000000080842E4152
:1019800000000000D01263410000000084D797419E
:101990000000000065CDCD410D0A00000600525048
:1019A00053B4F4A1200E01100800525012000000A0
:1019B000080052509210000000000000055800106E
:1019C0000000000009580010155800104158001080
:1019D0003D580010000000000A000000000003064F
:1019E000A6000800020002009C00140003005749F2
:1019F0004E5553420000000000000000000080002F
:101A000004000100280044006500760069006300BE
:101A1000650049006E007400650072006600610098
:101A200063006500470055004900440000004E0077
:101A30007B00620063003700330039003800630028
:101A400031002D0037003300630064002D003400A6
:101A50006300620037002D00390038006200380052
:101A60002D0039003100330061003800660063004A
:101A7000610037006200660036007D000000000053
:101A8000050F2100011C100500DF60DDD88945C766
:101A90004C9CD2659D9E648A9F00000306A60001AF
:101AA000000000000600525053B4F4A1340E01109F
:101AB00000000000480E0110580E011028300020D0
:101AC000600E01106C0E0110090254000301008029
:101AD0007D080B000202020000090400000102025E
:101AE000000405240020010524010001042402064D
:101AF0000524060001070581030800100904010000
:101B0000020A0000000705020240000007058202E9
:101B10004000000904020000FF000105120110024C
:101B2000EF0201408A2E0A000001010203010000B9
:101B3000246400108C650010DC65001064650010E2
:101B40007665001054650010C464001070640010C5
:101B500064640010466900102C690010FC660010D7
:101B600066690010FC66001014690010006900101E
:101B7000FC660010EC680010F2670010FC660010B4
:101B8000D26B0010C46B0010B86B0010FC66001024
:101B9000FC660010A26B0010C46B0010FC66001005
:101BA000FC660010FC660010FC660010FC6600106D
:101BB000FC660010FC660010586B00109A0E0020A6
:101BC0009A0E0020E40E0020040F0020480F002091
:101BD0005A0F0020900E0020000000006D710010D0
:101BE000DD710010117200105D720010057300109D
:101BF000ED7300100000000000000000ED74001004
:101C000049750010657500108D750010A5580010FD
:101C1000B576001000000000FFFFFFFFFFFFFF7F11
:101C2000FFFFFFFF00000000FFFFFFFFFFFFFF7F40
:101C3000FFFFFFFF00000000FFFFFFFFFFFFFF7F30
:101C4000FFFFFFFF000000003333CCCC3333CCCC9C
:101C50003333CCCC3333CCCCA8100000620100006D
:101C60000002000008080800200000002100000019
:101C700022000000230000002400000025000000D6
:101C800026000000270000002800000029000000B6
:101C90002A0000002B0000002C0000002D00000096
:101CA0002E0000002F000000300000003100000076
:101CB0003200000033000000340000003500000056
:101CC0003600000037000000380000003900000036
:101CD0003A0000003B0000003C0000003D00000016
:101CE0003E0000003F0000004000000041000000F6
:101CF00042000000430000004400000045000000D6
:101D000046000000470000004800000049000000B5
:101D10004A0000004B0000004C0000004D00000095
:101D20004E0000004F000000500000005100000075
:101D30005200000053000000540000005500000055
:101D40005600000057000000580000005900000035
:101D50005A0000005B0000005C0000005D00000015
:101D60005E0000005F0000006000000061000000F5
:101D700062000000630000006400000065000000D5
:101D800066000000670000006800000069000000B5
:101D90006A0000006B0000006C0000006D00000095
:101DA0006E0000006F000000700000007100000075
:101DB0007200000073000000740000007500000055
:101DC0007600000077000000780000007900000035
:101DD0007A0000007B0000007C0000007D00000015
:101DE0007E000000A0000000A1000000A200000092
:101DF000A3000000A4000000A5000000A600000051
:101E0000A7000000A8000000A9000000AA00000030
:101E1000AB000000AC000000AD000000AE00000010
:101E2000AF000000B0000000B1000000B2000000F0
:101E3000B3000000B4000000B5000000B6000000D0
:101E4000B7000000B8000000B9000000BA000000B0
:101E5000BB000000BC000000BD000000BE00000090
:101E6000BF000000C0000000C1000000C200000070
:101E7000C3000000C4000000C5000000C600000050
:101E8000C7000000C8000000C9000000CA00000030
:101E9000CB000000CC000000CD000000CE00000010
:101EA000CF000000D0000000D1000000D2000000F0
:101EB000D3000000D4000000D5000000D6000000D0
:101EC000D7000000D8000000D9000000DA000000B0
:101ED000DB000000DC000000DD000000DE00000090
:101EE000DF000000E0000000E1000000E200000070
:101EF000E3000000E4000000E5000000E600000050
:101F0000E7000000E8000000E9000000EA0000002F
:101F1000EB000000EC000000ED000000EE0000000F
:101F2000EF000000F0000000F1000000F2000000EF
:101F3000F3000000F4000000F5000000F6000000CF
:101F4000F7000000F8000000F9000000FA000000AF
:101F5000FB000000FC000000FD000000FE0000008F
:101F60000001000001010000020100000301000067
:101F70000401000005010000060100000701000047
:101F800008010000090100000A0100000B01000027
:101F90000C0100000D0100000E0100000F01000007
:101FA00010010000110100001201000013010000E7
:101FB00014010000150100001601000017010000C7
:101FC00018010000190100001A0100001B010000A7
:101FD0001C0100001D0100001E0100001F01000087
:101FE0002001000021010000220100002301000067
:101FF0002401000025010000260100002701000047
:1020000028010000290100002A0100002B01000026
:102010002C0100002D0100002E0100002F01000006
:1020200030010000310100003201000033010000E6
:1020300034010000350100003601000037010000C6
:1020400038010000390100003A0100003B010000A6
:102050003C0100003D0100003E0100003F01000086
:102060004001000041010000420100004301000066
:102070004401000045010000460100004701000046
:1020800048010000490100004A0100004B01000026
:102090004C0100004D0100004E0100004F01000006
:1020A00050010000510100005201000053010000E6
:1020B00054010000550100005601000057010000C6
:1020C00058010000590100005A0100005B010000A6
:1020D0005C0100005D0100005E0100005F01000086
:1020E0006001000061010000620100006301000066
:1020F0006401000065010000660100006701000046
:1021000068010000690100006A0100006B01000025
:102110006C0100006D0100006E0100006F01000005
:1021200070010000710100007201000073010000E5
:1021300074010000750100007601000077010000C5
:1021400078010000790100007A0100007B010000A5
:102150007C0100007D0100007E010000940300006E
:1021600098030000A9030000B8030000BC030000AE
:10217000C0030000262000009021000091210000F3
:102180009221000093210000122200001A22000078
:102190001E2200006422000065220000A02500002D
:1021A000A1250000B2250000B3250000B6250000DF
:1021B000B7250000BC250000BD250000C02500009B
:1021C000C1250000CB250000CF2500000626000019
:1021D0001026000011260000392600003A260000D3
:1021E0003B26000061260000652600006C260000EA
:1021F00000000000000000000000005F5F00000021
:102200000007070000070700147F7F147F7F14007A
:1022100000242E6B6B3A1200466630180C66620082
:10222000307A4F5D377A4800000004070300000051
:1022300000001C3E63410000000041633E1C0000A2
:10224000082A3E1C1C3E2A080008083E3E080800DA
:10225000000080E06000000000080808080808008E
:102260000000006060000000406030180C060301B0
:10227000003E7F49457F3E000040427F7F40400056
:10228000006273594D47420000226349497F36007E
:10229000181C16137F7F100000276745457D390005
:1022A000003C7E4B4979300000010171790F070035
:1022B00000367F49497F360000064F49693F1E00BE
:1022C0000000006666000000000080E66600000076
:1022D00000081C3663410000001414141414140088
:1022E000004163361C08000000020351590F06002C
:1022F0003E7F415D5D5F1E00007C7E13137E7C008F
:10230000007F7F49497F3600003E7F4141632200C4
:10231000007F7F41633E1C00007F7F4949494100A7
:10232000007F7F0909090100003E7F41497B7A0057
:10233000007F7F08087F7F000041417F7F4141008F
:1023400000206040407F3F007F7F081C36634100D3
:10235000007F7F40404040007F7F060C067F7F006B
:102360007F7F060C187F7F00003E7F41417F3E004B
:10237000007F7F09090F0600003E7F41217F5E003C
:10238000007F7F09197F660000266F49497B320074
:102390000001017F7F010100003F7F40407F3F003F
:1023A000001F3F60603F1F007F7F3018307F7F003D
:1023B0004163361C1C3663410103067C7C06030125
:1023C000006171594D47430000007F7F414100008B
:1023D0000103060C18306040000041417F7F00007F
:1023E000080C0603060C08008080808080808080B6
:1023F000000000010306040000207454547C78009F
:10240000007F7F44447C380000387C444444000012
:1024100000387C44447F7F0000387C54545C1800B2
:1024200000047E7F050500000098BCA4A4FC7C008D
:10243000007F7F04047C78000000047D7D40400024
:1024400000808080FD7D0000007F7F10386C44009C
:102450000000017F7F4040007C7C08380C7C7800C5
:10246000007C7C04047C780000387C44447C380088
:1024700000FCFC24243C180000183C2424FCFC0034
:10248000007C7C04040C080000485C545474240054
:1024900000043F7F44444400003C7C40407C7C007E
:1024A000001C3C60603C1C001C7C6030607C1C009C
:1024B000446C3810386C4400001CBCA0A0FC7C00AC
:1024C000004464745C4C44000008083E77414100BD
:1024D0000000007F7F000000004141773E080800B7
:1024E00002030103020301000000000000000000DD
:1024F0000000007D7D000000183C247E7E24240026
:10250000487E7F494362200000151F0A0A1F1500FC
:102510000103167C7C1603010000007777000000A1
:10252000001ABFA5A5FD580000010100000101002F
:102530007E8199BDA5A5817E00262F292F2F2800F9
:10254000081C3622081C362200020202020E0E006F
:1025500000000808080800007E81BD9595A9817ECD
:102560000001010101010100000207050507020049
:102570000044445F5F44440000191D17120000002E
:10258000001111151F0A00000000040603010000DD
:1025900080FC7C20203C1C0000060F7F7F017F0018
:1025A000000000080800000000000080C0000000DB
:1025B00000021F1F0000000000262F292F26000008
:1025C00022361C0822361C08426F30186C56FA401E
:1025D000426F3018CCEEBA9051753E186C56FA40E6
:1025E0000030784D4560200000797D15147C78001E
:1025F00000787C14157D790000727A29297A72009E
:102600000273792B2A7B710000797D14147D790087
:102610000070782B2B7870007C7E0B097F7F4941FE
:10262000003E7FC1C16322007C7D55555444440067
:102630007C7C545455454500787A5A59494A4A0099
:102640007C7D5554544545000045457D7C444400FF
:102650000044447C7D454500004A4A79794A4A0055
:102660000045457C7C454500087F7F49633E1C0052
:102670007A7B1133227B7900387D4545447C3800D4
:10268000387C4444457D3900307A4A49497A3200E1
:10269000327B494B4A7B3100387D4544447D3900CB
:1026A00022361C081C362200007E7F594D7F3F00D9
:1026B0003C7D4141407C3C003C7C4040417D3D00B4
:1026C000387A4241417A3A003C7D4140407D3D00AC
:1026D000000C1C70711D0D007F7F1414141C080069
:1026E000007E7F01497F360000217555547C7800BB
:1026F00000207454557D790020725A49497A7A0035
:102700002273594B4A7B790000217554547D79001E
:102710002070584B4B7878002074547C3C545C58A3
:1027200000387CC4C444000000397D55545C180056
:1027300000387C54555D190000327A59595A1200FC
:1027400000397D54545D19000001457D7C40000036
:102750000000447C7D41010000024A797942020078
:102760000001457C7C41010030784A4A7F3F0200ED
:10277000027B790B0A7B710000397D45447C38006F
:1027800000387C44457D390000327A49497A32006C
:102790000233794B4A7B310000397D44447D390056
:1027A0000008086B6B080800B87C64544C7C3A0045
:1027B000003D7D41407C7C00003C7C40417D7D00B3
:1027C000003A7A41417A7A00003D7D40407D7D00AB
:1027D000001CBCA0A1FD7D0000FFFF24243C1800CC
:1027E00000797D15157D790000217555557D79009D
:1027F00001737A2A2A7B710021735A4A4A7B790035
:10280000007C7E1393FEFC0000207454D4FCF8007E
:10281000387C44444545450000387C44454501002A
:10282000307A4A49494A4A0000327A49494A020004
:10283000387C44454544440000387C45454400000C
:102840003079494A4A4949000031794A4A490100E8
:102850000079794A4A793100387C447F7F0003004F
:10286000087F7F49633E1C000030784A4A7F7F0220
:102870007C7D55555545450000397D55555D190000
:10288000797B5A5A4A4B490001337A5A5A5B1100F4
:102890007C7C54555544440000387C55555C1800E8
:1028A000007F7F49C9C9C10000387C54D4DC98003E
:1028B0007879595A4A4949000031795A5A591100D0
:1028C00000327A49496A6A000092BAA9A9FA7A00E4
:1028D00001337A4A4A6B69000193BAAAAAFB7900CC
:1028E00000387C45557474000098BCA5A5FC7C009C
:1028F00000BEFFC1497B7A000090B8ABAAF878000F
:10290000007A7A11117A7A007F7F080A09797200B9
:10291000027F7F0A0A7F7F02007F7F0A0A787000A9
:10292000024B497B7A4B49000203497B7A43010001
:102930000045457D7D4545000001457D7D41010007
:10294000014B4A7A7A4B490001034A7A7A430100E3
:102950000041417FFFC1C1000000047DFDC0C000F7
:102960000044447D7D4444000000447C7C400000E1
:102970007F7F0020407F3F00007D7D0080FD7D0047
:1029800040424241417A3A0000828281F97A020053
:102990007F7F089CF6634100007F7F90F86C4400C5
:1029A000007C7C10386C4400007C7C40414141003C
:1029B0000000447C7D414100007F7FC0C04040005A
:1029C0000080C1FF7F400000007F7F404243410004
:1029D000417F7F4002030100007F7F404848400064
:1029E0000000447C7D41410010187F7F4C44400032
:1029F0000011197F7F4C44007C7C1830617D7D0084
:102A0000007C7C04057D79007F7F068CD87F7F0069
:102A1000007C7C84C47C780078791132227979003A
:102A20000079790A0A7971000C007C7C047C7800BA
:102A30007F7F0181C17F3E00007C7C0484FC7800A4
:102A4000387D4545457D390000397D45457D390056
:102A5000317B4A4A4A7B310001337A4A4A7B310052
:102A6000327B49484A7B3100023379484A7B310046
:102A70003E7F41417F7F4900387C44783C54580078
:102A8000007C7C14157D6900007C7C04050D090028
:102A90007F7F89C9197F660000FCFC84040C080054
:102AA0000079792A2A7951000079790A0A191100E6
:102AB000484C54545575250000485C545575250004
:102AC000484E565555762600004A5E5555762600E6
:102AD00000266FC9C97B320000485CD4D47424003E
:102AE0005059597A6A6929000051597A7A6929003E
:102AF000000181FFFF0101000084BFFF444400008A
:102B00000005057E7E050500083E7E484A0301005B
:102B10000001097F7F09010000143F7F5444000039
:102B20003A7B4143427B3900023B7943427B790047
:102B30003C7D4141417D3D00003D7D41417D7D0029
:102B4000397B4242427B3900013B7A42427B790029
:102B50003878404343783800003878434378780029
:102B60003A7B4140427B3900023B7940427B79000D
:102B7000003F7F40C0FFBF00003C7C40C0FCFC0029
:102B8000787A2231217A7A00187A6231617A1A00D1
:102B9000000A1A71711A0A00001ABAA1A1FA7A0081
:102BA000000D1D70701D0D00446474545D4D450092
:102BB000004464745D4D4500446474555D4C4400AC
:102BC000004464755D4C44000049696A5A594900E3
:102BD0000049696A5A594900787C4643467C780026
:102BE0003E7F4949497F3E005E7F6101617F5E0013
:102BF000003E7F49497F3E00FCFC40403C7C400059
:102C0000047C7C04047C7C046000006000006000A4
:102C100000183C7E18181818000406FFFF06040070
:102C2000181818187E3C1800002060FFFF60200074
:102C3000000808080808080018306030180C06035F
:102C4000183C241C38243C180040444E5B51400082
:102C50000040515B4E444000007E7E7E7E7E7E00C2
:102C6000007E7E42427E7E00C0F0FCFFFFFCF0C092
:102C7000E0F89C87879CF8E0FFFF7E7E3C3C1818BC
:102C80007F7F2236141C0808030F3FFFFF3F0F030E
:102C9000071F39E1E1391F0718183C3C7E7EFFFF12
:102CA00008081C1436227F7F003C664242663C00C6
:102CB000003C7E7E7E7E3C00482834163428480046
:102CC0007F41414141417F007F4149514D437F0058
:102CD0007E81A59191A5817E7E8195B1B195817E00
:102CE0007EFFEBCFCFEBFF7E0E1F3362331F0E0054
:102CF0000E1F3F7E3F1F0E00C0FF7F0505657F3F13
:102D0000B81B000062010000000200001008100063
:102D1000200000002100000022000000230000002D
:102D2000240000002500000026000000270000000D
:102D300028000000290000002A0000002B000000ED
:102D40002C0000002D0000002E0000002F000000CD
:102D500030000000310000003200000033000000AD
:102D6000340000003500000036000000370000008D
:102D700038000000390000003A0000003B0000006D
:102D80003C0000003D0000003E0000003F0000004D
:102D9000400000004100000042000000430000002D
:102DA000440000004500000046000000470000000D
:102DB00048000000490000004A0000004B000000ED
:102DC0004C0000004D0000004E0000004F000000CD
:102DD00050000000510000005200000053000000AD
:102DE000540000005500000056000000570000008D
:102DF00058000000590000005A0000005B0000006D
:102E00005C0000005D0000005E0000005F0000004C
:102E1000600000006100000062000000630000002C
:102E2000640000006500000066000000670000000C
:102E300068000000690000006A0000006B000000EC
:102E40006C0000006D0000006E0000006F000000CC
:102E500070000000710000007200000073000000AC
:102E6000740000007500000076000000770000008C
:102E700078000000790000007A0000007B0000006C
:102E80007C0000007D0000007E000000A00000002B
:102E9000A1000000A2000000A3000000A4000000A8
:102EA000A5000000A6000000A7000000A800000088
:102EB000A9000000AA000000AB000000AC00000068
:102EC000AD000000AE000000AF000000B000000048
:102ED000B1000000B2000000B3000000B400000028
:102EE000B5000000B6000000B7000000B800000008
:102EF000B9000000BA000000BB000000BC000000E8
:102F0000BD000000BE000000BF000000C0000000C7
:102F1000C1000000C2000000C3000000C4000000A7
:102F2000C5000000C6000000C7000000C800000087
:102F3000C9000000CA000000CB000000CC00000067
:102F4000CD000000CE000000CF000000D000000047
:102F5000D1000000D2000000D3000000D400000027
:102F6000D5000000D6000000D7000000D800000007
:102F7000D9000000DA000000DB000000DC000000E7
:102F8000DD000000DE000000DF000000E0000000C7
:102F9000E1000000E2000000E3000000E4000000A7
:102FA000E5000000E6000000E7000000E800000087
:102FB000E9000000EA000000EB000000EC00000067
:102FC000ED000000EE000000EF000000F000000047
:102FD000F1000000F2000000F3000000F400000027
:102FE000F5000000F6000000F7000000F800000007
:102FF000F9000000FA000000FB000000FC000000E7
:10300000FD000000FE0000000001000001010000C2
:10301000020100000301000004010000050100009E
:10302000060100000701000008010000090100007E
:103030000A0100000B0100000C0100000D0100005E
:103040000E0100000F01000010010000110100003E
:10305000120100001301000014010000150100001E
:1030600016010000170100001801000019010000FE
:103070001A0100001B0100001C0100001D010000DE
:103080001E0100001F0100002001000021010000BE
:10309000220100002301000024010000250100009E
:1030A000260100002701000028010000290100007E
:1030B0002A0100002B0100002C0100002D0100005E
:1030C0002E0100002F01000030010000310100003E
:1030D000320100003301000034010000350100001E
:1030E00036010000370100003801000039010000FE
:1030F0003A0100003B0100003C0100003D010000DE
:103100003E0100003F0100004001000041010000BD
:10311000420100004301000044010000450100009D
:10312000460100004701000048010000490100007D
:103130004A0100004B0100004C0100004D0100005D
:103140004E0100004F01000050010000510100003D
:10315000520100005301000054010000550100001D
:1031600056010000570100005801000059010000FD
:103170005A0100005B0100005C0100005D010000DD
:103180005E0100005F0100006001000061010000BD
:10319000620100006301000064010000650100009D
:1031A000660100006701000068010000690100007D
:1031B0006A0100006B0100006C0100006D0100005D
:1031C0006E0100006F01000070010000710100003D
:1031D000720100007301000074010000750100001D
:1031E00076010000770100007801000079010000FD
:1031F0007A0100007B0100007C0100007D010000DD
:103200007E0100009403000098030000A903000061
:10321000B8030000BC030000C0030000262000002B
:1032200090210000912100009221000093210000D4
:10323000122200001A2200001E2200006422000058
:1032400065220000A0250000A1250000B225000095
:10325000B3250000B6250000B7250000BC250000FE
:10326000BD250000C0250000C1250000CB250000C1
:10327000CF250000062600001026000011260000C1
:10328000392600003A2600003B2600006126000097
:10329000652600006C260000000000000000000011
:1032A0000000000000000000000000FEFE00000022
:1032B0000000001919000000000E0E00000E0E00A4
:1032C000000000000000000020FCFC20FCFC2000AE
:1032D000021F1F021F1F0200003078CE8E18100040
:1032E00000040C38390F0600383800C0F03C0C00E0
:1032F000303C0F03001C1C000098FCE4BC1880004C
:103300000F1F10110F1F11000000101E0E000000F3
:1033100000000000000000000000F0FC0E020000B1
:103320000000071F382000000000020EFCF0000023
:10333000000020381F07000080B0F0C0C0F0B0804F
:103340000006070101070600008080F0F080800081
:10335000000000070700000000000000000000005F
:103360000040643C1C000000008080808080800061
:10337000000000000000000000000000000000004D
:103380000000001C1C000000000000C0F03C0F0307
:10339000303C0F0300000000F0F80C844CF8F00003
:1033A000070F1910180F0700001018FCFC00000090
:1033B0000010101F1F10100000181C0484FC78005F
:1033C000001C1E131110100000181C8484FC7800CF
:1033D000000C1C10101F0F00C0E03018FCFC000097
:1033E000010101011F1F0100007C7C4444C48400D2
:1033F000000C1C10101F0F0000F0F84C44C480009B
:10340000000F1F10101F0F0000040404C4FC3C0038
:103410000000001F1F0000000078FCC484FC78003E
:10342000000F1F10111F0F000078FC8484FCF800AF
:1034300000001010180F07000000003838000000CE
:103440000000001C1C0000000000003838000000D4
:103450000040643C1C0000000080C0603018080080
:1034600000000103060C080000202020202020007E
:1034700000020202020202000008183060C0800050
:1034800000080C0603010000000C0EC2E23E1C0006
:103490000000001919000000F8FC04C4C4FCF80086
:1034A0000F1F10131313010000F0F88C8CF8F000BC
:1034B000001F1F00001F1F0000FCFC84C47C38009C
:1034C000001F1F10111F0E0000F8FC04041C180040
:1034D000000F1F10101C0C0000FCFC040CF8F00086
:1034E000001F1F10180F070000FCFC8484840400D8
:1034F000001F1F101010100000FCFC444444040086
:10350000001F1F000000000000F8FC04849C9800CD
:10351000000F1F10101F1F0000FCFC8080FCFC002F
:10352000001F1F00001F1F00000404FCFC04040017
:103530000010101F1F1010000000000000FCFC0015
:10354000000C1C10101F0F00FCFC80C0703C0C0015
:103550001F1F0001071E180000FCFC0000000000F7
:10356000001F1F1010101000FCFC38E038FCFC009D
:103570001F1F0000001F1F00FCFCF0C080FCFC00AF
:103580001F1F0001071F1F0000F8FC0404FCF800C7
:10359000000F1F10101F0F0000FCFC8484FC78003B
:1035A000001F1F000000000000F8FC0404FCF800ED
:1035B000000F1F10307F4F0000FCFC8484FC78005B
:1035C000001F1F00011F1E0000387CC4841C18004F
:1035D000000C1C10111F0E00000404FCFC0404006D
:1035E0000000001F1F00000000FCFC0000FCFC00AD
:1035F000000F1F10101F0F0000FCFC0000FCFC005F
:103600000001071E1E070100FCFC008000FCFC00FE
:103610001F1F0E030E1F1F000C1C30E0E0301C0C9F
:10362000181C060303061C180C3C70C0C0703C0C30
:103630000000001F1F00000000040484E47C1C0044
:10364000001C1F13101010000000FEFE02020000FC
:1036500000003F3F20200000030F3CF0C0000000AE
:1036600000000000030F3C3000000202FEFE0000DC
:10367000000020203F3F000060781C061C7860009E
:10368000000000000000000000000000000000003A
:103690008080808080808080000000060E181000EE
:1036A00000000000000000000000404040C080001A
:1036B000000E1F11111F1F0000FCFC4040C08000C5
:1036C000001F1F10101F0F000080C04040C080006E
:1036D000000F1F10101808000080C04040FCFC00C4
:1036E000000F1F10101F1F000080C04040C080004E
:1036F000000F1F12121303000040F8FC4444440062
:1037000000001F1F000000000080C04040C0C0003B
:10371000008F9F9090FF7F0000FCFC4040C0800025
:10372000001F1F00001F1F00004040CCCC00000005
:103730000000001F1F10100000000000CCCC000093
:1037400000808080FF7F000000FCFC0000C0C00003
:10375000001F1F02071D1800000404FCFC000000ED
:103760000000001F1F101000C0C08080C0C080007B
:103770001F1F000F001F1F0000C0C04040C080007E
:10378000001F1F00001F1F000080C04040C08000BD
:10379000000F1F10101F0F0000C0C04040C080006D
:1037A00000FFFF10101F0F000080C04040C0C0008D
:1037B000000F1F1010FFFF0000C0C04040C080007D
:1037C000001F1F00000101000080C0404040400079
:1037D00000111312121E0C000040F8F84040400087
:1037E00000000F1F1010100000C0C00000C0C0007B
:1037F000000F1F10101F1F0000C0C00000C0C0003D
:1038000000070F18180F0700C0C0000000C0C0005C
:10381000071F180F181F0700C0C0000000C0C0001D
:10382000181D0702071D180000C0C00000C0C0001E
:10383000000F9F9090FF7F000040404040C0C000BC
:1038400000181C1613111000808080FC7E020200FC
:103850000000001F3F202000000000FFFF000000CC
:103860000000003F3F00000002027EFC80808000DC
:1038700020203F1F000000000C06020E080C06006E
:103880000000000000000000000000000000000038
:103890000000000000000000000000E6E60000005C
:1038A0000000001F1F00000000E0F01E1E3020007E
:1038B0000001031E1E03010080F8FC841C18000098
:1038C000101F1F10101C0C000074FC8888FC740072
:1038D00000010100000101000C3C70C0C0703C0CF4
:1038E0000005051F1F0505000000003F3F00000008
:1038F0000000003F3F00000000CCFE3262C68400A2
:1039000000103123263F19000003030000030300C9
:103910000000000000000000F008C4E4242408F0C7
:1039200007081113121208070060F29292FEFC00C1
:10393000000202020202020080C0602080C06020FB
:1039400000010302000103024040404040C0C000AB
:103950000000000000070700000080808080000059
:103960000000000000000000F008E4A4A44408F0F7
:1039700007081310101308070001010101010100DD
:103980000000000000000000000C1E12121E0C00BF
:103990000000000000000000008080F0F080800047
:1039A000001010171710100000C4E6B29E8C000023
:1039B00000000000000000000044D692FE6C0000F1
:1039C00000000000000000000000303C0F03000079
:1039D000000000000000000000C0C00000C0C000E7
:1039E00080FF7F10101F0F000078FCFCFC04FC001F
:1039F0000000001F1F001F0000000080800000006A
:103A000000000000000000000000000000000000B6
:103A100000000080A0E040000004FEFE0000000066
:103A200000000000000000000070F88888F87000B6
:103A300000020202020202002060C0802060C080FA
:103A40000203010002030100043E00C0F03C0C0030
:103A5000303C0F0330287C20043E00C0F03C0C00BA
:103A6000303C0F0364544800222A1CC0F03C0C0078
:103A7000303C0F0330287C200000C0E62600000008
:103A8000000F1F10101C0C0000E0F11B1AF0E000EA
:103A9000001F1F01011F1F0000E0F01A1BF1E000D2
:103AA000001F1F01011F1F0000E2F21919F2E200BE
:103AB000001F1F01011F1F0002E3F11B1AF3E100A9
:103AC000001F1F01011F1F0000E3F31818F3E3009C
:103AD000001F1F01011F1F0000C2E73535E7C200AC
:103AE000001F1F01011F1F00F0F89C9CFCFC8404B8
:103AF0001F1F00001F1F101000F8FC04041C1800FA
:103B0000000F1F90B0FC4C0000F8F98B8A88080069
:103B1000001F1F101010100000F8F88A8B89080091
:103B2000001F1F101010100000FAFA89898A0A007D
:103B3000001F1F101010100000FBFB88888B0B006B
:103B4000001F1F1010101000000809FBFA080800E1
:103B50000010101F1F101000000808FAFB090800D1
:103B60000010101F1F101000000A0AF9F90A0A00BD
:103B70000010101F1F101000000B0BF8F80B0B00AB
:103B80000010101F1F10100080FCFC840CF8F000C7
:103B9000001F1F10180F0700FAFB61C382FBF9001A
:103BA0001F1F0000011F1F0000F0F90B0AF8F000B2
:103BB000000F1F10101F0F0000F0F80A0BF9F000A3
:103BC000000F1F10101F0F0000F2FA0909FAF2008F
:103BD000000F1F10101F0F0002F3F90B0AFBF1007A
:103BE000000F1F10101F0F0000F3FB0808FBF3006D
:103BF000000F1F10101F0F003060C080C060300029
:103C0000060301000103060000F8FC84F4FCFC003C
:103C1000001F1F17101F0F0000F8F90302F8F8002B
:103C2000000F1F10101F0F0000F8F80203F9F80032
:103C3000000F1F10101F0F0000FAFA0101FAFA001E
:103C4000000F1F10101F0F0000FBFB0000FBFB000C
:103C5000000F1F10101F0F000078F88283F9780002
:103C60000000001F1F000000FCFC101010F0E0001E
:103C70001F1F040404070300F8FC0444FCB8000000
:103C80001F1F0000101F0F000000444C48C08000A0
:103C9000000E1F11111F1F00000040484CC480007F
:103CA000000E1F11111F1F0000084C4646CC880053
:103CB000000E1F11111F1F00080C444C48CC84003B
:103CC000000E1F11111F1F00000C4C4040CC8C0037
:103CD000000E1F11111F1F0000085C5454DC8800E7
:103CE000000E1F11111F1F00004040C0C040C080C7
:103CF0000C1E121F0F1213130080C04040C0800022
:103D0000000F1F90B0F848000080C44C48C08000ED
:103D1000000F1F12121303000080C0484CC4800023
:103D2000000F1F12121303000088CC4646CC8800F7
:103D3000000F1F1212130300008CCC4040CC8C00EB
:103D4000000F1F1212130300000044CCC800000033
:103D50000000101F1F100000000040C8CC0400002D
:103D60000000101F1F10000000084CC6C60C080001
:103D70000000101F1F100000000C4CC0C00C0C00F5
:103D80000000101F1F1000000080D25E4CFEF200E9
:103D9000000F1F10101F0F0008CCC44C48CC84002B
:103DA000001F1F00001F1F000080C44C48C080007F
:103DB000000F1F10101F0F000080C0484CC480006F
:103DC000000F1F10101F0F000088CC4646CC880043
:103DD000000F1F10101F0F00088CC44C48CC84002B
:103DE000000F1F10101F0F00008CCC4040CC8C0027
:103DF000000F1F10101F0F00008080B0B0808000E7
:103E000000000006060000000080C04040C0804066
:103E1000100F1F16131F0F0000C0C40C08C0C000F5
:103E2000000F1F10101F1F0000C0C0080CC4C000EE
:103E3000000F1F10101F1F0000C8CC0606CCC800C2
:103E4000000F1F10101F1F0000CCCC0000CCCC00B6
:103E5000000F1F10101F1F0000C0C0080CC4C000BE
:103E6000000F9F9090FF7F0000F8F84040C0800056
:103E700000FFFF10101F0F0000F1F98D8DF9F10008
:103E8000001F1F00001F1F000008484848C8880086
:103E9000000E1F11111F1F0000E1F31A1AF3E100B9
:103EA000001F1F01011F1F0000044C4848CC840064
:103EB000000E1F11111F1F0000F0F88C8CF8F0008D
:103EC000001F1F40E0BF9F000000404040C0800036
:103ED000000E1F51F1BF9F0000F0F80A0B393000AF
:103EE000000F1F10101C0C000080C0484CC4800044
:103EF000000F1F101018080000F2FA09093A3200EA
:103F0000000F1F10101C0C000088CC4646CC880007
:103F1000000F1F101018080000F0F80B0B383000CD
:103F2000000F1F10101C0C000080C04C4CC0800003
:103F3000000F1F101018080000F1F90A0A393100AB
:103F4000000F1F10101C0C000082C64C4CC68200D3
:103F5000000F1F101018080000F9F90A1AF1E1000B
:103F6000001F1F10180F070080C040FCFC001C0041
:103F70000F1F101F1F00000080FCFC840CF8F000D5
:103F8000001F1F10180F07000080C04848FCFC08E5
:103F9000000F1F10101F1F0000FDFD858585050007
:103FA000001F1F10101010000088C84848C8880063
:103FB000000F1F121213030000F9FB8A8A8B0900FD
:103FC000001F1F10101010000084CC4848CC840043
:103FD000000F1F121213030000F8F88B8B880800E3
:103FE000001F1F10101010000080C04C4CC080003B
:103FF000000F1F121213030000FCFC8484840400D1
:10400000001F1F50F0B090000080C04040C08000F2
:10401000000F1F52F2B3830000F9F98A8A89090060
:10402000001F1F10101010000082C64C4CC68200EA
:10403000000F1F121213030000F2FA09093A3200AE
:10404000000F1F10111F1F000088CC4646CCC8006F
:10405000008F9F9090FF7F0000F1FB0A0A3B310028
:10406000000F1F10111F1F000084CC4848CCC40053
:10407000008F9F9090FF7F0000F0F80B0B3830000E
:10408000000F1F10111F1F000080C04C4CC0C0004B
:10409000008F9F9090FF7F0000F8FC04043C3800E4
:1040A000000F9FD0511F1F0000C0E02C2EE2E00047
:1040B000000F9F9090FF7F0000FAFA8181FAFA00CA
:1040C000001F1F00001F1F0000F4F603030604007A
:1040D000001F1F01011F1E0020FCFCA0A0FCFC20F3
:1040E000001F1F00001F1F0000FEFE1414F0E00060
:1040F000001F1F00001F1F00020B09FBFA0B090025
:104100000010101F1F101000080C44CCC80C040035
:104110000000101F1F100000000505FDFD05050033
:104120000010101F1F101000000848C8C808080021
:104130000000101F1F10000000090BFAFA0B090005
:104140000010101F1F10100000044CC8C80C040001
:104150000000101F1F100000000404FCFC040400F9
:104160000010105FFFB09000004040CCCC00000079
:104170000000005FFFB09000000808FBFB0808008B
:104180000010101F1F101000000040C0C0000000F1
:104190000000101F1F100000FCFC000000FCFC00D1
:1041A0001F1F0008101F0F0000CCCC0000CCCC005B
:1041B000001F5F40407F3F000002020101FAFA0049
:1041C000000C1C10101F0F0000080C06C6CC0800C5
:1041D00000808080FF7F0000FCFC80C0703C0C00F1
:1041E0001F1F0081A7FE580000FCFC0000C0C0009B
:1041F000001F1F82A7FD580000C0C00000C0C00003
:10420000001F1F02071D180000F8F802030100003C
:10421000001F1F1010101000000808FAFB0100001A
:104220000000001F1F10100000FCFC000000000038
:10423000001F1F90B0F05000000404FCFC000000C0
:10424000001090DF5F10100000FCFC00002C1C0030
:10425000001F1F10101010000404FCFC002C1C0098
:1042600010101F1F1010000000FCFC000060600018
:10427000001F1F1010101000000808FAFB010000BA
:104280000000001F1F1010000080FCFCC060000038
:1042900003011F1F10101000000484FCFCC060000C
:1042A0000003011F1F101000F8F860C283F9F80026
:1042B0001F1F0000011F1F0000C0C0484CC4800029
:1042C000001F1F00001F1F00FCFCF0C080FCFC0052
:1042D0001F1F0081A7FF5F0000C0C04040C08000DA
:1042E000001F1F80A0FF5F00F8F961C282F9F9008A
:1042F0001F1F0000011F1F0000C2C64C4CC68200D9
:10430000001F1F00001F1F005C3CE0E020E0C00019
:1043100000001F1F001F1F00F8F8080808F8F00031
:104320001F1F808080FF7F0000C0C04040C0800011
:10433000001F9F8080FF7F0000F9FD0505FDF9004B
:10434000000F1F10101F0F000088C84848C88800C1
:10435000000F1F10101F0F0000F1FB0A0AFBF100F5
:10436000000F1F10101F0F000084CC4848CC8400A1
:10437000000F1F10101F0F0002F3F9080AFBF100D5
:10438000000F1F10101F0F00088CC44048CC840081
:10439000000F1F10101F0F00F8FC0404FCFC840029
:1043A0000F1F10101F1F100080C040C0C040C080F1
:1043B0000F1F101F0F12131300F8F88A8BF97000EB
:1043C000001F1F00011F1E0000C0C0484CC4800019
:1043D000001F1F000001010000FCFC8484FC780029
:1043E000001F9FC0411F1E0000C0C00080C0C00051
:1043F000009FDF410000000000F9F98A8AF971008E
:10440000001F1F00011F1E0000C2C64C4CC68200C8
:10441000001F1F0000010100003078CA8B393000F6
:10442000000C1C10111F0E000080C0484C444000BE
:1044300000111312121E0C0000327AC9893A3200A0
:10444000000C1C10111F0E000088CC46464C480082
:1044500000111312121E0C0000387CC4841C1800BA
:10446000000C1C90B1FF4E000080C0404040400056
:1044700000111392B2FE4C00003179CA8A39310022
:10448000000C1C10111F0E000082C64C4C4642004E
:1044900000111312121E0C00000404FCFC040400A2
:1044A000000080BFFF4000000020FCFC2020200016
:1044B00000008FBFF0501000000909FAFA09090046
:1044C0000000001F1F00000020FCFC2020005838C6
:1044D000000F1F1010000000000484FCFC84040086
:1044E0000000001F1F00000000A0FCFCA0A0200096
:1044F00000000F1F1010100002FBF90302FBF9006F
:10450000000F1F10101F0F0008CCC40C08CCC400F3
:10451000000F1F10101F1F0000FDFD0101FDFD0019
:10452000000F1F10101F0F0000C8C80808C8C800DF
:10453000000F1F10101F1F0000F9FB0202FBF90003
:10454000000F1F10101F0F0000C4CC0808CCC400BF
:10455000000F1F10101F1F0000F2F70505F7F200F3
:10456000000F1F10101F0F0000C8DC1414DCC8005F
:10457000000F1F10101F1F0002FBF90002FBF900C3
:10458000000F1F10101F0F0008CCC40008CCC4007F
:10459000000F1F10101F1F0000FCFC0000FCFC009F
:1045A000000F1F50F0BF8F0000C0C00000C0C0004F
:1045B000000F1F50F0BF9F00F8FA028101FAFA00C5
:1045C0001F1F0E030E1F1F00C0C80C0606CCC8001C
:1045D000071F180F181F0700007AFA8181FA7A0066
:1045E0000000001F1F00000000C8CC0606CCC80059
:1045F000000F9F9090FF7F00007BFB8080FB7B0083
:104600000000001F1F0000000008088ACB79380056
:10461000001E1F1110101000004040484CC4C00084
:1046200000181C16131110000008088BCB783800F6
:10463000001E1F11101010000040404C4CC0C00064
:1046400000181C16131110000009098ACA793900D4
:10465000001E1F11101010000042464C4CC6C20034
:1046600000181C1613111000E0F0180C18F0E000F0
:104670001F1F1010101F1F00F8FC848484FCF8001A
:104680000F1F1010101F0F00F8FC040404FCF800AA
:10469000131F1E001E1F130000F8FC8484FCF8008A
:1046A000000F1F10101F0F00C0C00000C0C000008E
:1046B0007F7F10100F1F100040C0C04040C0C0409E
:1046C000001F1F00001F1F0000000000000000006E
:1046D00018000018000018000080C0E08080808072
:1046E0000001030701010101000406FFFF060400A9
:1046F000000000FFFF00000080808080E0C080009C
:104700000101010107030100000000FFFF0000009C
:10471000002060FFFF60200000808080808080009B
:1047200000000000000000000000000000F8FE068D
:1047300003070C181F070000C0E020E0C020E0C005
:1047400001030201030203010080C0603010000079
:1047500000101113161410000000103060C080000B
:10476000001014161311100000FCFCFCFCFCFC00F3
:10477000003F3F3F3F3F3F0000FCFC0C0CFCFC00B7
:10478000003F3F30303F3F000000F0FFFFF00000EF
:10479000F0FFFFFFFFFFFFF000C0F03F3FF0C00061
:1047A000FCFFC3C0C0C3FFFCFFFEFCF8F0E0C0800C
:1047B000FF7F3F1F0F070301FFFE0C183060C08012
:1047C0007F3F180C060301000FFFFFFFFFFFFF0FE5
:1047D00000000FFFFF0F00003FFFC30303C3FF3FB5
:1047E00000030FFCFC0F030080C0E0F0F8FCFEFFAC
:1047F0000103070F1F3F7FFF80C06030180CFEFFD2
:10480000000103060C183F7F00F03C0C0C3CF0004C
:10481000000F3C30303C0F0000F0FCFCFCFCF000D2
:10482000000F3F3F3F3F0F00C0C0303C30C0C000D2
:10483000300C0F030F0C3000F01010101010F000AF
:104840000704040404040700F0109010D030F000B6
:104850000704040504040700F8042404042404F8ED
:104860000F1012111112100FF8042404042404F87C
:104870000F1011131311100FF8FCDCFCFCDCFCF81A
:104880000F1F1E1C1C1E1F0FF0F8181018F8F00048
:104890000003070C07030000F0F8F8F0F8F8F00048
:1048A0000003070F0703000000F8F8282828F8F88D
:1048B0001C1F0F00000E0F07C04801100DFF000065
:1048C00087600740E2A046A0A700C3A0090022A07D
:1048D000F04047A08100404042A0000030BD0010E1
:1048E000E8BA0010E8BA001028BD0010E8BA0010BD
:1048F000E8BA0010E8BA0010E8BA0010E8BA0010F0
:10490000E8BA0010AABC00101EBD0010E8BA0010E2
:10491000C0BC0010DCBC0010E8BA001016BD0010CE
:10492000D6BB0010D6BB0010D6BB0010D6BB001003
:10493000D6BB0010D6BB0010D6BB0010D6BB0010F3
:10494000D6BB0010E8BA0010E8BA0010E8BA0010B0
:10495000E8BA0010E8BA0010E8BA0010E8BA00108F
:10496000E8BA0010E8BA0010E8BA001044BE00101F
:1049700022BC0010E8BA001022BC0010E8BA0010F7
:10498000E8BA0010E8BA0010E8BA001018BF00102A
:10499000E8BA0010E8BA0010F2BE0010E8BA001041
:1049A000E8BA0010E8BA0010E8BA0010E8BA00103F
:1049B00060BD0010E8BA0010E8BA0010D4C60010BC
:1049C000E8BA0010E8BA0010E8BA0010E8BA00101F
:1049D000E8BA0010E8BA0010E8BA0010E8BA00100F
:1049E000E8BA0010E8BA001044BD001088C50010F5
:1049F00022BC001022BC001022BC0010C8BF001056
:104A000088C50010E8BA0010E8BA0010BABF00105C
:104A1000E8BA00109EBF001034C7001078BF001025
:104A200070BF0010E8BA001020BF0010E8BA0010F4
:104A30001EC70010E8BA0010E8BA001028C700101E
:104A40002020202020202020202020202020202066
:104A50003030303030303030303030303030303056
:104A6000002020202020202020202828282828203E
:104A70002020202020202020202020202020202036
:104A8000208810101010101010101010101010109E
:104A9000100404040404040404040410101010108E
:104AA0001010414141414141010101010101010158
:104AB00001010101010101010101010110101010AA
:104AC000101042424242424202020202020202022A
:104AD000020202020202020202020202101010107E
:104AE00020000000000000000000000000000000A6
:104AF00000000000000000000000000000000000B6
:104B000000000000000000000000000000000000A5
:104B10000000000000000000000000000000000095
:104B20000000000000000000000000000000000085
:104B30000000000000000000000000000000000075
:104B40000000000000000000000000000000000065
:104B50000000000000000000000000000000000055
:104B60000000000000000000050000001900000027
:104B70007D00000000000000BC89D897B2D29C3CA8
:104B800033A7A8D523F649393DA7F444FD0FA53234
:104B90009D978CCF08BA5B25436FAC642806C80A82
:104BA0000080E03779C34143176E05B5B5B8934629
:104BB000F5F93FE9034F384D321D30F94877825AF5
:104BC0003CBF737FDD4F1575000000000000F03F13
:104BD00000000000000024400000000000005940D8
:104BE0000000000000408F40000000000088C3402B
:104BF00000000000006AF8400000000080842E41A0
:104C000000000000D01263410000000084D79741EB
:104C10000000000065CDCD41000000205FA00242F1
:104C2000000000E876483742000000A2941A6D4266
:104C3000000040E59C30A2420000901EC4BCD64259
:104C400000003426F56B0C430080E03779C3414304
:104C500000A0D8855734764300C84E676DC1AB437A
:104C6000003D9160E458E143408CB5781DAF154498
:104C700050EFE2D6E41A4B4492D54D06CFF0804473
:104C8000F64AE1C7022DB544B49DD9794378EA4488
:104C90005817011064170110701701107C170110CC
:104CA0008817011094170110A0170110B0190110F6
:0C4CB000A81901109C190110A41A011091
:104CBC00F8B54746CE4680B51F0000230400904649
:104CCC0099460CE02368BFF35F8F4A461A608CF359
:104CDC0010884046390000F0EFFF00281AD12668F2
:104CEC00EFF3108C72B63568002DFCD0BFF35F8FDC
:104CFC000423E55E002DE5DD013DA5802368BFF3AF
:104D0C005F8F00221A608CF310880120C0BCB9465A
:104D1C00B046F8BD0020F9E710B50268EFF310813A
:104D2C0072B61368002BFCD0BFF35F8F0422835E36
:104D3C000624025F9A420BDD013383800368BFF3C4
:104D4C005F8F00221A6081F3108840BF012010BDD4
:104D5C000368BFF35F8F00221A6081F31088002074
:104D6C00F5E7C0460268EFF3108C72B61368002B9F
:104D7C00FCD0BFF35F8F0422835E81808B4208DA04
:104D8C000368BFF35F8F00221A608CF3108840BF5A
:104D9C0070470368BFF35F8F00221A608CF3108892
:104DAC00F6E7C046D02330B500251B0600245D571E
:104DBC0006E00368BFF35F8F1C6081F3108820BF8F
:104DCC000268EFF3108172B61368002BFCD0BFF3AE
:104DDC005F8F03797F2BECD905710368BFF35F8F6D
:104DEC0000221A6081F3108830BDC04603000068B1
:104DFC00EFF3108C72B60268002AFCD0BFF35F8F01
:104E0C0004229A56002A04DB002900D00A600020F4
:104E1C0004E0D0220120120612681A711B68BFF33D
:104E2C005F8F00221A608CF310887047F0B5C6466D
:104E3C00150000B504001E000268EFF3108172B675
:104E4C001368002BFCD0BFF35F8F0423E356002BB9
:104E5C002DDB2268BFF35F8F0020106081F3108878
:104E6C00D0221206127852B290469A4203D10020F8
:104E7C0080BCB846F0BD00270BE02368BFF35F8F02
:104E8C001F6081F310882800310000F015FF002806
:104E9C00EDD12268EFF3108172B61368002BFCD0B1
:104EAC00BFF35F8F23797F2BE7D9434602E0D023F2
:104EBC001B061B6823712368BFF35F8F00221A60E7
:104ECC0081F310880120D3E7F0B5C64600B50D007C
:104EDC00040000F0F9FEFA2206000F00002328005F
:104EEC000021920000F0F8FE802336184F411B067B
:104EFC009F4202D30126174F7642D0231B061B6814
:104F0C00002598460BE02368BFF35F8F1D6081F38B
:104F1C0010883000390000F0CFFE002818D122682C
:104F2C00EFF3108172B61368002BFCD0BFF35F8FC8
:104F3C0023797F2BE7D9434623712368BFF35F8F17
:104F4C0000221A6081F31088012080BCB846F0BDA5
:104F5C000020FAE7FFFFFF7F0268EFF3108172B6C3
:104F6C001368002BFCD0BFF35F8FFF230371036822
:104F7C00BFF35F8F00221A6081F3108840BF704727
:104F8C0010B5084C2378002B0AD18023064807491A
:104F9C005B051A68C25004338B42FAD1012323708B
:104FAC0010BDC046443000205426001000010010F3
:104FBC0010B5014B984710BD55260020064B5A687A
:104FCC0002609A684260DA6882601A69C2605A6943
:104FDC0002619B6943617047000002400268064B06
:104FEC005A6042689A608268DA60C2681A61026923
:104FFC005A6142699A61704700000240034B1A687B
:10500C00C0239B009343024A136070470C800140FD
:10501C000C900140054B1A6880239B005340C02222
:10502C0092001340024A13607047C0460C80014046
:10503C000C9001401423F0B5D6464F4646469A468E
:10504C00C0B581461888043386B098460E001B887C
:10505C0029491400984753460700188843462749A6
:10506C001B889847534605001888434624491B88DB
:10507C0098478046FFF784FF6846FFF79FFFB847C5
:10508C00A847FFF7C7FF221E20D0C0210827022007
:10509C00490511E0002C14D0131B0D2B24D9002D25
:1050AC000AD02300002A05D00B6E013A337013008E
:1050BC0001362343002B09D03D008B6A1D4018425A
:1050CC00E8D1002DEDD123001343F5D1FFF796FF66
:1050DC00C047FFF76DFF6846FFF780FF06B0E0BCE6
:1050EC00BA46B146A846F0BD4B461B78013C0B6650
:1050FC0001239C46E144E4E7494600004558000082
:10510C00464300000022154B10B59A60DA601A6114
:10511C005A619A61DA611A625A629A62DA621A63A5
:10512C005A639A63DA631A645A649A64DA641A6585
:10513C005A659A65DA651A665A669A66DA661A6765
:10514C005A679A67DA67F03292000021044800F03F
:10515C00CBFD044B044A1A6010BDC0460000105031
:10516C00202C0020E82F002080011050F0B54E4676
:10517C004546DE465746E0B5214B00249E6D012581
:10518C0085B0002E22D01F4B9A46012399461E4B08
:10519C00984601E0202C19D02A00230001342F005E
:1051AC003240E4B26D00002AF4D0524697654A466C
:1051BC005B085B0022409B185B01434418009B4634
:1051CC0000F030FC002808D1BE43E3D105B0F0BCA0
:1051DC00BB46B246A946A046F0BD5B46E0219A7894
:1051EC00DB8A01A883600023C900018001210271C0
:1051FC00437100F037FC584600F0B0FBE4E7C046C2
:10520C000000115000301150E02B00209823F0B515
:10521C00C646C64A00B5D55880232E009B021024E2
:10522C0084B01E401D4273D0C14BC24C9A6AC24B13
:10523C0000261A603B23E35C022B00D1F4E07B23B5
:10524C00E35C022B00D10CE1BB23E35C022B00D10D
:10525C00FBE0FB23E35C022B00D135E13C23FF3365
:10526C00E35C022B00D122E17C23FF33E35C022BB5
:10527C0000D10FE1BC23FF33E35C022B00D1FCE037
:10528C00FC23FF33E35C022B00D1A6E1AB4BE35CC8
:10529C00022B00D196E1AA4BE35C022B00D185E1F5
:1052AC00A84BE35C022B00D174E1A74BE35C022B0F
:1052BC0000D163E1A54BE35C022B00D12AE1A44BA6
:1052CC00E35C022B00D10BE1A24BE35C022B00D17F
:1052DC008FE1A14BE35C022B00D1A6E1002E08D19B
:1052EC009E4B1B78002B04D180219D4A9033890260
:1052FC00D150C0228D4B01A89B6C92005B055B0DBD
:10530C00012180260280436000F0ACFB954CB60274
:10531C00EB0600D57CE080235B021D4232D01E439D
:10532C00012302249846834FBB7E002B14D000F03F
:10533C00EBFC012800D96FE0C0220021380092015B
:10534C0000F012FB380000F009FB00F0DDFC012836
:10535C0002D9834B5C661C664346FB702037012CDC
:10536C0001D00124E0E7C02301A8DB007E4A0380C2
:10537C0002AB12CA12C3012100F074FB8022784BDD
:10538C0092021A6580235B011D420ED18023DB0142
:10539C001D4221D180231B021D422CD1AE4200D0D4
:1053AC00C0E104B080BCB846F0BD00241E435F4B86
:1053BC001C60FFF7A7FE80236A465B009380147283
:1053CC00012101A800F04EFB8022654B12031A65E7
:1053DC008023DB011D42DDD01E43802301A8DB00AE
:1053EC000380012100F03EFB10225D4B1A658023E7
:1053FC001B021D42D2D01E43A02301A8DB00038058
:10540C00012100F02FFB8022554B12011A65C5E7D4
:10541C00FFF7ACFE26007EE7544B444A1C66536EE5
:10542C002340A342FBD187E73833E65C002E00D142
:10543C0005E70233E25C002A00D100E720000022DD
:10544C002030E25400F0B8FAF9E6B833E75C002FEC
:10545C0000D1FEE60233E25C002A00D022E13E00DD
:10546C00F7E67833E75C002F00D1EDE60233E25C1F
:10547C00002A00D00EE13E00E6E6B933FF33E75CCC
:10548C00002F00D1FCE60233E25C002A00D0F8E0E9
:10549C003E00F5E67933FF33E75C002F00D1E9E6F7
:1054AC000233E25C002A00D0E2E03E00E2E639334F
:1054BC00FF33E75C002F00D1D6E60233E25C002A12
:1054CC0000D0CCE03E00CFE6F833E75C002F00D1F3
:1054DC00C4E60233E25C002A00D0B8E03E00BDE630
:1054EC00234BE75C002F00D1EEE60233E25C002A8E
:1054FC0000D010E1174BE35C022B00D18BE0164B74
:10550C00E35C022B00D0F4E61A4BE35C002B00D0DA
:10551C0090E0EEE6184BE75C002F00D1CFE60233AB
:10552C00E25C002A00D0EEE03E00C8E6000011501C
:10553C0000400540E02B0020D42B00203B02000053
:10554C007B020000BB020000FB0200003B030000DA
:10555C007B030000BB030000FB0300004230002073
:10556C0000301150100002000000105000201150AB
:10557C007A030000FA0300003A0300006C4BE75C6E
:10558C00002F00D196E60233E25C002A00D0B2E094
:10559C003E008FE6674BE75C002F00D185E60233B7
:1055AC00E25C002A00D09EE03E007EE6624BE75CA7
:1055BC00002F00D174E60233E25C002A00D08AE0AE
:1055CC003E006DE65D4BE75C002F00D163E60233D5
:1055DC00E25C002A77D13E005DE6F933FF33E75CED
:1055EC00002F00D152E60233E25C002A62D13E0069
:1055FC004CE6534BE35C002B00D16AE6EF239B0097
:10560C00E25C002A00D17AE70022E2541C3BE0184D
:10561C0000F0D2F973E74A4BE35C002BEED1494B17
:10562C00E35C022B00D064E63E00474BE35C002BAE
:10563C0000D153E6FF239B00E25C002A00D158E620
:10564C000022E2541C3BE01800F0B6F951E62000B1
:10565C000022E030E2543E0000F0AEF9FEE52000FE
:10566C0000222130FF30E2543E0000F0A5F9FBE5AA
:10567C00200000226130FF30E2543E0000F09CF923
:10568C00F8E520000022A130FF30E2543E0000F08B
:10569C0093F9F5E5200000226030E2543E0000F062
:1056AC008BF9D1E520000022A030E2543E0000F03E
:1056BC0083F9CEE520000022E130FF30E2543E00B9
:1056CC0000F07AF9E2E50022E2541C3BE01800F00D
:1056DC0073F93E00DFE50022E2541C3BE01800F0B9
:1056EC006BF93E00DCE50022E2541C3BE01800F0B4
:1056FC0063F93E00D9E50022E2541C3BE01800F0AF
:10570C005BF93E00D6E50022E2541C3BE01800F0A9
:10571C0053F93E00D3E50022E2541C3BE01800F0A4
:10572C004BF9E7E631000948694000F0BDFAC04684
:10573C00FA020000BA0200007A0200003A020000ED
:10574C00BA030000FB030000FA030000740E011002
:10575C00F0B5D6464F464646C0B50200838A008B4C
:10576C008A46041C984200D91C1CD5788026280037
:10577C00471EB841A4B2F60026434003304301262D
:10578C0075401B1BD57055789BB29382002D37D179
:10579C005146D6688D01611E761988461569002C14
:1057AC0029D006293AD933002B439B0736D16B1CE1
:1057BC00F31A022B32D9231F9B0801339C46002776
:1057CC000023E9580137F1500433BC45F9D863463E
:1057DC0041469B00ED18F618CF1A9C4209D02B7845
:1057EC003370002F05D06B787370012F01D0AB781C
:1057FC00B3701569938A2D1915618022120210431A
:10580C00002B02D18023DB0118435346002B00D020
:10581C000004E0BCBA46B146A846F0BD0023EF5CDC
:10582C00F75401339C42FAD11569938AE3E7C046D9
:10583C008368F0B51B680500002900D01B0C9B0584
:10584C00980D6B78002B08D1EB8AC318EB822B8B4D
:10585C00834201D90023AB82F0BDEB688901461E5F
:10586C00B4462A695C18002827D0062E2BD90131A2
:10587C005B18D31A022B26D9130023439B0722D182
:10588C0000230021061FB6080136E7580131D75016
:10589C0004338E42F9D86346B600A41992199F1BA3
:1058AC00B04209D023781370002F05D06378537061
:1058BC00012F01D0A37893702A69EB8A1218C318B0
:1058CC00EB822A61C3E70023E15CD1540133984297
:1058DC00FAD12A69F1E7C04610B5040083680021AB
:1058EC001B68FFF7A5FF63681B685B0002D5238B61
:1058FC00834200D010BD01212000FFF799FFF9E78A
:10590C00084A0300126C0020920703D49A78D2093B
:10591C00012A00D07047D87E023843425841C0B2A9
:10592C00F8E7C0460000115010B5FFF7E9FF00285A
:10593C000CD00749074B8C46074A9B6A1268634494
:10594C009B1A0020C6229A424041C0B210BDC046EC
:10595C00E0FCFFFF00400540D42B002000238376A1
:10596C00436103617047C04610B58368002901D0BC
:10597C001C682140002A12D08024E40011432242EA
:10598C000DD01A6822420CD1084A0A401A60084A03
:10599C00126C920703D40C23033BFDD2836819606D
:1059AC0010BD8178034800F07FF9C046FFFBFFFF74
:1059BC0000001150880E0110436870B5002180253D
:1059CC001E680400FFF7C4FE134B6D011B6C0543EE
:1059DC009B070FD5A3785B060FD0104B1E4080237E
:1059EC009B05334362680021136020002A00FFF7F7
:1059FC00BBFF70BDA378DB09EFD0A38A002BECD0E2
:105A0C0001212000FFF7A4FEA023054ADB0532404C
:105A1C0005431343E6E7C04600001150FFFFFFAFFC
:105A2C00FFFFFFDF70B5857E0400002D14D0FFF75B
:105A3C0053FFA38A002B01D1280070BD2000FFF773
:105A4C0073FF002803D0012300252377F4E72000FF
:105A5C00FFF7B2FF0025EFE78178014800F024F949
:105A6C00A80E0110F0B5CE46474680B54378050028
:105A7C000E0085B0062B08D86C4A9B00D3589F4665
:105A8C006B4A13780133DBB213706A4B1C68626982
:105A9C00EFF3108172B61368002BFCD0BFF35F8F4D
:105AAC00A1612000290000F027F96269A369BFF306
:105ABC005F8F0021116083F31088002804D105B09A
:105ACC00C0BCB946B046F0BD32006978287800F009
:105ADC00E3F8F4E70121584B1A788A431A701A78C4
:105AEC0001318A431A7000225A701A7802318A43A3
:105AFC001A70CAE75149524F894652490024002373
:105B0C0088463A7812E043461B6861015B18002B0B
:105B1C0006D0DB69002B03D06968287898473A785F
:105B2C000134E4B2511C2300A14217DBA242EAD893
:105B3C009B1A5B014B44ECE73F4B1A78D207BED55E
:105B4C0004211A780A431A709FE73B4B1A78D20744
:105B5C00B5D504211A788A431A7096E7364F3B78EC
:105B6C005B072BD504223B78002193433B706B469B
:105B7C000632981D00F0B8F82B7801AC2370052381
:105B8C0063702C4B1B6898465A69EFF3108172B600
:105B9C001368002BFCD0BFF35F8F434640469961DE
:105BAC00210000F0A9F843465A699B69BFF35F8F47
:105BBC000021116083F31088002831D1FB78DB07BA
:105BCC0000D47CE76B460A220021981D00F08CF86B
:105BDC002B7801AC2370032363706B686360154BE7
:105BEC001D686A69EFF3108172B61368002BFCD044
:105BFC00BFF35F8FA9612800210000F07DF86A696E
:105C0C00AB69BFF35F8F0021116083F3108800280C
:105C1C0000D154E732006178207800F03DF84EE76F
:105C2C0032006178207800F037F8C7E7BC1B011010
:105C3C0043300020BC22002064220020D81B01101D
:105C4C003E3000208C20002030B50400101E0AD0FD
:105C5C000A000D180221E3681942FCD013780132B6
:105C6C00A3609542F7D1E3685B0704D50421A368D0
:105C7C00E3681942FBD11021E3681942FCD1E368B7
:105C8C005B0704D50421A368E3681942FBD1012307
:105C9C00236230BD7047C04601B40248844601BC43
:105CAC00604700BFBD62001001B40248844601BCCD
:105CBC00604700BF2111001001B40248844601BCAA
:105CCC00604700BF1D20001001B40248844601BC8F
:105CDC00604700BF3921001001B40248844601BC62
:105CEC00604700BFED35001001B40248844601BC8A
:105CFC00604700BF9938001001B40248844601BCCB
:105D0C00604700BF417D001001B40248844601BCCD
:105D1C00604700BF151100101000000000000000CB
:105D2C000000010000000000000000000000020064
:105D3C000000000000000000000003000000000054
:105D4C00000000000000FF000000000001B54868E2
:105D5C0001318E460047704609380149884701BD1C
:105D6C00651700100000000000000000000000009B
:105D7C0000000000000000003019002000000000AE
:105D8C00503300004C3300005433000052330000F9
:105D9C004D5300004D4300005334000043340000C9
:105DAC00195600101D570010655600103157001081
:105DBC000000000000010000795A0010295A001060
:105DCC00995900101159001000000000000100004A
:105DDC00C022002010000C00000000000000000099
:105DEC00000000000000000000000000FF000000A8
:105DFC000000000000000080000000000000008097
:105E0C00FFFFFFFFFFFFFFFFFFFFFFFFFFFF000094
:105E1C0061AA001069AA00107DAA001085AA0010C2
:105E2C0071AA001079AA001085AA001085AA00108A
:105E3C0039AA001041AA001055AA00105DAA001042
:105E4C0049AA001051AA00105DAA00105DAA00100A
:105E5C00581C01100104010401040104FF0000009E
:105E6C00781200200000000000000000BC1D002083
:105E7C00241E00208C1E00200000000000000000EA
:105E8C000000000000000000000000000000000006
:105E9C0000000000000000000000000000000000F6
:105EAC0000000000000000000000000000000000E6
:105EBC0000000000000000000000000000000000D6
:105ECC0000000000000000000000000000000000C6
:105EDC0000000000000000000000000000000000B6
:105EEC0000000000000000000000000000000000A6
:105EFC000000000000000000000000000000000096
:105F0C0001000000000000000E33CDAB34126DE632
:105F1C00ECDE05000B00000000000000000000009B
:105F2C000000000000000000000000000000000065
:105F3C000000000000000000000000000000000055
:105F4C000000000000000000000000000000000045
:105F5C000000000000000000000000000000000035
:105F6C000000000000000000000000000000000025
:105F7C000000000000000000000000000000000015
:105F8C000000000000000000FFFFFFFF0000020007
:105F9C000000000000000000A0130020A01300204F
:105FAC00A8130020A8130020B0130020B013002069
:105FBC00B8130020B8130020C0130020C013002019
:105FCC00C8130020C8130020D0130020D0130020C9
:105FDC00D8130020D8130020E0130020E013002079
:105FEC00E8130020E8130020F0130020F013002029
:105FFC00F8130020F81300200014002000140020D7
:10600C000814002008140020101400201014002084
:10601C001814002018140020201400202014002034
:10602C0028140020281400203014002030140020E4
:10603C003814002038140020401400204014002094
:10604C004814002048140020501400205014002044
:10605C0058140020581400206014002060140020F4
:10606C0068140020681400207014002070140020A4
:10607C007814002078140020801400208014002054
:10608C008814002088140020901400209014002004
:10609C009814002098140020A0140020A0140020B4
:1060AC00A8140020A8140020B0140020B014002064
:1060BC00B8140020B8140020C0140020C014002014
:1060CC00C8140020C8140020D0140020D0140020C4
:1060DC00D8140020D8140020E0140020E014002074
:1060EC00E8140020E8140020F0140020F014002024
:1060FC00F8140020F81400200015002000150020D2
:10610C00081500200815002010150020101500207F
:10611C00181500201815002020150020201500202F
:10612C0028150020281500203015002030150020DF
:10613C00381500203815002040150020401500208F
:10614C00481500204815002050150020501500203F
:10615C0058150020581500206015002060150020EF
:10616C00681500206815002070150020701500209F
:10617C00781500207815002080150020801500204F
:10618C0088150020881500209015002090150020FF
:10619C009815002098150020A0150020A0150020AF
:1061AC00A8150020A8150020B0150020B01500205F
:1061BC00B8150020B8150020C0150020C01500200F
:1061CC00C8150020C8150020D0150020D0150020BF
:1061DC00D8150020D8150020E0150020E01500206F
:1061EC00E8150020E8150020F0150020F01500201F
:1061FC00F8150020F81500200016002000160020CD
:10620C00081600200816002010160020101600207A
:10621C00181600201816002020160020201600202A
:10622C0028160020281600203016002030160020DA
:10623C00381600203816002040160020401600208A
:10624C00481600204816002050160020501600203A
:10625C0058160020581600206016002060160020EA
:10626C00681600206816002070160020701600209A
:10627C00781600207816002080160020801600204A
:10628C0088160020881600209016002090160020FA
:10629C009816002098160020A0160020A0160020AA
:1062AC00A8160020A8160020B0160020B01600205A
:1062BC00B8160020B8160020C0160020C01600200A
:1062CC00C8160020C8160020D0160020D0160020BA
:1062DC00D8160020D8160020E0160020E01600206A
:1062EC00E8160020E8160020F0160020F01600201A
:1062FC00F8160020F81600200017002000170020C8
:10630C000817002008170020101700201017002075
:10631C001817002018170020201700202017002025
:10632C0028170020281700203017002030170020D5
:10633C003817002038170020401700204017002085
:10634C004817002048170020501700205017002035
:10635C0058170020581700206017002060170020E5
:10636C006817002068170020701700207017002095
:10637C007817002078170020801700208017002045
:10638C0088170020881700209017002090170020F5
:10639C009817002098170020000000000300000050
:1063AC00BC1D0020430000000000000000000000A5
:1063BC0000000000000000000000000000000000D1
:1063CC00000000004300000000000000000000007E
:1063DC0000000000000000000000000000000000B1
:1063EC00000000004300000000000000000000005E
:1063FC000000000000000000000000000000000091
:10640C00000000004300000000000000000000003D
:10641C000000000000000000000000000000000070
:10642C00000000004300000000000000000000001D
:10643C000000000000000000000000000000000050
:10644C0000000000430000000000000000000000FD
:10645C000000000000000000000000000000000030
:10646C0000000000430000000000000000000000DD
:10647C000000000000000000000000000000000010
:10648C000000000079050110E90301100000000074
:10649C00604A011078130110181001101810011027
:1064AC0018100110181001101810011018100110FC
:1064BC00181001101810011018100110FFFFFFFF29
:1064CC00FFFFFFFFFFFFFFFFFFFF00000100415335
:1064DC0043494900000000000000000000000000DB
:1064EC00000000000000000000000000000041530C
:1064FC0043494900000000000000000000000000BB
:10650C00000000000000000000000000000000007F
:10651C00000000000000000000000000000000006F
:04000005100001E9FD
:00000001FF
