:020000041000EA
:1000000000B5324B212058609868022188439860DF
:10001000D860186158612E4B002199600221596106
:100020000121F02299502B49196001219960352056
:1000300000F044F80222904214D00621196600F024
:1000400034F8196E01211966002018661A6600F04E
:100050002CF8196E196E196E052000F02FF8012189
:100060000842F9D1002199601B49196000215960AB
:100070001A491B48016001219960EB211966A021F2
:10008000196600F012F800219960164914480160C1
:100090000121996001BC002800D000471248134993
:1000A000086003C880F30888084703B5996A0420EC
:1000B0000142FBD001200142F8D103BD02B5186610
:1000C0001866FFF7F2FF186E186E02BD00000240BE
:1000D000000000180000070000035F00212200005C
:1000E000F4000018222000A00001001008ED00E03C
:1000F00000000000000000000000000074B24E7A12
:1001000000200420F7010010CB010010CD010010E9
:10011000C9010010C9010010C9010010C901001077
:10012000C9010010C9010010C9010010CF01001061
:10013000C9010010C9010010D1010010D301001045
:10014000C1010010C1010010C1010010C101001067
:10015000C1010010C1010010C1010010C101001057
:10016000C1010010C1010010C1010010C101001047
:10017000C1010010C1010010C1010010C101001037
:10018000C1010010C1010010C1010010C101001027
:10019000C1010010C1010010C1010010C101001017
:1001A000C1010010C1010010C1010010C101001007
:1001B000C1010010C1010010C1010010C1010010F7
:1001C000EFF30580103800BE00BE00BE00BE00BECA
:1001D00000BE00BEF2EB887190510110BC510110BD
:1001E0003802001090A31AE71E481F49086006C88D
:1001F00081F3088810471D480068002801D019487D
:10020000F3E70DA40ECC002902D000F012F8F9E7B4
:100210001749184A002000E001C19142FCD116495B
:100220008847164988471649884700BEFDE701C937
:1002300001C29A42FBD37047BC510110C00000209C
:10024000F8180020F46901100000042000000420C8
:10025000F4690110001004200010042000000000C8
:10026000704700000000000008ED00E0000000D032
:10027000F81800208830002089540010610D00100B
:1002800049540010F8B5C0460448054B10B58342E8
:1002900003D0044B002B00D0984710BDF818002065
:1002A000F81800200000000006480749091A8B10C2
:1002B000C90FC91810B5491003D0044B002B00D04A
:1002C000984710BDF8180020F81800200000000022
:1002D00010B5074C2378002B09D1FFF7D5FF054B4C
:1002E000002B02D0044800E000BF0123237010BDA2
:1002F000401D002000000000E8100110054B10B563
:10030000002B03D00449054800E000BFFFF7CCFFF5
:1003100010BDC04600000000441D0020E810011080
:10032000F0B54546DE4657464E46E0B51F00182359
:10033000984604008BB080440D0016004146082208
:10034000684603F043FC20002269636908F0FCFC66
:10035000002800D0F0E0002F00DAE5E0149B002B2D
:1003600003D01A00DB680133D360002D00D1F2E026
:100370002B7F002B03D12A6A6B6AB6185F41414676
:10038000082268460296039703F020FC22696369FD
:1003900006A808F055FA069B20009B46079B9A4644
:1003A000089B9946AB6A0593EB6A049308F06AFDD3
:1003B0003023149A8561C261EB5C8046002B59D1D1
:1003C000049B002B67DB2B7F002B15D1A86BE96BFF
:1003D000002803D180231B0699420DD0059A049B67
:1003E00008F0CAF907000E00514500DDBBE000D15E
:1003F000B6E0BB4500D1C3E05B46069353462100FF
:1004000007934B46102210316846089303F0DEFB39
:10041000099B0799089A069808F0F6F94342584153
:1004200081444B46102206A94046089303F0CEFBB8
:100430000822684608A903F0C9FB2000069A079B1A
:1004400008F082FC002866D12800102206A9383066
:1004500003F0BCFB4146A06C0AF016F9606F431C28
:1004600000D571E063670BB0F0BCBB46B246A9464D
:10047000A046F0BD08F040FA80197941236A9B46F6
:10048000636A9A46994261DD83468A46002399460B
:10049000049B002B97DA5B460693534607934B4623
:1004A00006A910224046089303F090FB4146A06C39
:1004B0000AF0EEF800289FD04E464746A8465D4613
:1004C00001365346102206A9380007930896069570
:1004D00003F07CFB3900A06C0AF0DAF80136002842
:1004E000EFD10822684608A903F070FB2000069AA5
:1004F000079B4546B84608F027FC00280BD128008A
:10050000102206A9383003F061FB3900A06C0AF014
:10051000BBF80020A7E7149809F0A0FB2000414693
:1005200008F0A2FD00209EE732003B0036480AF0AA
:10053000DBF90026002711E7149809F08FFB3348F8
:100540000AF0D2F900208EE701238BE799429DD172
:1005500058459BD998E7149809F080FB002082E762
:10056000584500D845E74823EB5C022B29D0032BE4
:100570000FD0012BCFD00023BB46B24699463BE7B4
:10058000B24500D038E7059B049A134300D033E707
:10059000E9E7200008F076FC290006001022383137
:1005A000856103F013FB3100A06C0AF071F8011EA5
:1005B00002D0A06C0AF078F83100200008F054FD59
:1005C0001AE7200008F05EFC29008146383110222D
:1005D000856103F0FBFA4946A06C0AF059F800283F
:1005E0000CD0149908F04EFD4146200008F03CFD67
:1005F0002000494608F038FD002034E74946200035
:1006000008F032FDB7E7C04610110110E8100110E4
:10061000F8B50700040006000500184B2C374365A9
:10062000380009F055FCA36B58368435002B05D0F3
:1006300001223800616D09F045FAA0638027104B54
:100640003000E35109F044FC636E002B05D0012219
:100650003000E15909F036FA60660A4B2800AB62B7
:1006600009F036FCEB68002B06D0AC2301222800F1
:10067000E15809F027FAE860F8BDC04658110110AA
:100680006411011074110110030070B505000022FF
:100690000933FF33E0351A700400280009F018FC14
:1006A000EB68002B07D084235B0001222800E1586F
:1006B00009F008FAE86070BD70B50300050001227A
:1006C0000D353533FF33FF351A700400280009F06B
:1006D000FFFBEB68002B07D09A235B000122280068
:1006E000E15809F0EFF9E86070BDC04670B505004B
:1006F000836A0C4E5A1CB035826211210A4A0400EA
:10070000300004F0F3FD2800AE6209F0E1FBEB6875
:10071000002B06D0D82301222800E15809F0D2F995
:10072000E86070BD2C270020841101109C23F0B5D7
:10073000D6464F4646465B00C5580D3BFF3B9A46A2
:100740002C339946C0B5284F698D82B02B8D04009B
:100750000600264A8244009181441121380004F0A9
:10076000C5FD2349AB8D8846E98D224A009140465C
:10077000112104F0BBFD2B8E1F4D11211F4A2800B3
:1007800004F0B4FD5046676509F0A2FBA36B843604
:10079000002B05D001225046616D09F093F9A0634A
:1007A000434680274846E35109F092FB636E002BD5
:1007B00005D001224846E15909F084F9606630000D
:1007C000B56209F085FBF368002B06D0AC2301224B
:1007D0003000E15809F076F9F06002B0E0BCBA46AA
:1007E000B146A846F0BDC046402700209011011038
:1007F000542700209C11011068270020A811011027
:100800009C20F8B5C00008F029FA0223DC225B42E4
:100810008350BC328350C8239B00C218913BFF3BDE
:10082000C250C2183C3BC2500300802500247933DB
:100830002D06FF33C0221C605D600023AC21D02652
:1008400052008350803AFF3A4900425050314350A1
:10085000544976008151D2218027490040504031CF
:10086000435004314350504954368151043683512A
:10087000103682514D4EBF00C6518126B6008051C0
:1008800040368351043683510C368151FF3F043684
:100890008351FF3F103687519827454EBF00C65100
:1008A00099260327B6008051403683510436835180
:1008B0000C3681510436835110368751B0273D4E96
:1008C000BF00C651B1260427B6008051403683517F
:1008D000043683510C3681510436835110368751CA
:1008E000C827354EBF00C651C926B60080514036D4
:1008F0008351043683510C368151DE2189004350E7
:10090000403141180C604D60F0218900435001399D
:10091000FF3946181131FF31465046183C394650D0
:100920000431425004314254743141180C604D601E
:100930008321C90043508021890046188521C900C0
:10094000465046183C394650043142500431425416
:10095000743141180C604D608E21C90043509821BC
:10096000890046189021C900465046181349465040
:100970000600043142501249A1364254FF368C31F0
:100980004650183941180C604D609921C9004350F8
:10099000103144180B494450043142500A4A8354E0
:1009A000F8BDC04611060010B0110110ED06001090
:1009B00089060010B90600102D070010440400003D
:1009C0004C0400009C040000A40400002823C26919
:1009D000D35C03767047C04670B5037E0400002BDD
:1009E00033D1437E002B1CD00AF060FF2000AC30D6
:1009F000030018490B435B071CD18B1CC31A042B43
:100A000018D94A880B8812041A43CB888D881B0496
:100A10002B430CC00B8984342000238609F058FA3C
:100A200070BD0AF00BFF2000AC3003000A490B43F5
:100A30005B07E2D00B88843423854B8863858B88E1
:100A4000A385CB88E3850B89E6E70AF017FE01232F
:100A50006376E5E710300020301B00208C2070B555
:100A6000800008F0FBF803002433C36134330365CE
:100A7000C8220023C0218064C0678350264A942482
:100A80004250C42290258050403283502349043282
:100A900083500C32815004328350183AFF3A64007C
:100AA00002511F4C6D0044519224640000514034A7
:100AB0000351043403510C340151BC21490043500B
:100AC000010080250024B9312D06FF310C604D60F6
:100AD000E021060049004350C03610314650461808
:100AE0003C39465004314250183942509031411837
:100AF0000C604D6086218900435001008A2321311A
:100B00009B00FF31C150C1183C3BC1500433C2505F
:100B1000183BC25070BDC046CD090010B011011085
:100B2000D90900108023F0B58769C5583433C458FB
:100B30003B7DC66C83B0002B0CD1337D002B1AD1CA
:100B40002B7D002B28D1237D002B36D10AF038FCD9
:100B500003B0F0BD00238022002100200093103359
:100B60000AF096FB012300220021B86A0AF03CF942
:100B7000337D002BE4D0002380221021002000933D
:100B800010330AF085FB012310220021B06A0AF01D
:100B90002BF92B7D002BD6D0002380222021002092
:100BA000009310330AF074FB012320220021A86A6D
:100BB0000AF01AF9237D002BC8D00023802200936D
:100BC0003021002010330AF063FB01233022002182
:100BD000A06A0AF009F9B9E7084B10B51A78002A9B
:100BE00000D010BD01321A700AF07CF804480AF0F7
:100BF00073F800200AF082F8F3E7C046793000204D
:100C000000320110F0B5D820C646800000B508F0CB
:100C100025F803002033836102003433C36480234A
:100C2000883240648067C2502C33C050343208335D
:100C3000C2502C33C050F0220023E8218350454A93
:100C4000A8244250EC22A4258050403283504249CF
:100C5000043283500C32815004328350403AFF3AC0
:100C6000640002513D4C6D004451A62464000051C3
:100C700040340351043403510C340151D021040099
:100C800049004350E8345831445001008025002485
:100C9000E1312D06FF310C604D600600F421F9367C
:100CA00049004350FF362C3946500431425004313C
:100CB0004354743141180C604D60902189004350B9
:100CC000B03E1031465047183C3947500431802718
:100CD00042500421BF00C1519037C7193C607D606C
:100CE000A627BF00C3511037BC46844488466146DE
:100CF000C6513C3FC15141460437C251183FC15112
:100D0000BA21890047183C607D60BC27BF00C351F1
:100D10001037BC4684446146C6513C3FC1514146F0
:100D20000437C251183FC151D021890047183C6097
:100D30007D60D224A4000351D6239B00C650C41862
:100D40003C3BC4500433C2504246183BC25080BCA6
:100D5000B846F0BDD90B0010B0110110250B0010E2
:100D600010B50021002009F0CFF910BD7047C04632
:100D7000002210B507240A4B8AB01B68089207921C
:100D8000069205920392029202320192013200927F
:100D9000044900220494044808F0F2FF0AB010BD90
:100DA00014220020B4110110781A0020014B0360B6
:100DB00001207047781A0020F0B5DE4657464E46AF
:100DC0004546E0B589B0FFF71BFDFE4B060083608A
:100DD0009A461A008023D358320000250221FA4C8B
:100DE000FA48A132FF32B061F161346275621A6073
:100DF000E82200239200B3621900B71800230022F2
:100E00003A607B60EA27BF00F7193C607D6054467A
:100E1000A76FE024A40034193C60F324A4003151EE
:100E20002C343419226063608024E400A446B44466
:100E3000080000256146E64C0C604D60F6218900F3
:100E400074187C60E34C783130517418022105002D
:100E5000DE48206061608B21C90071180A604B6018
:100E60008622D200B318BB60DB4B3100F5508025E1
:100E70000024D9312D06FF310C604D608E21890090
:100E8000731860311C605D60731860311C605D60B8
:100E9000731860311C605D6073181C605D60FFF743
:100EA000DDFD5146022381608421052243509233A7
:100EB0000700C2500220404281464A46BA303A50AA
:100EC0003A627A65033293463A833A00F832146004
:100ED0005560146655666032FFF794FE8046020046
:100EE0005046842190604846D0611065505034319E
:100EF000505080235146CB584146E8315960B74B9A
:100F000038310C604D600C664D66F3600025E023BF
:100F100075615B000335F550320060310530042106
:100F200007F07EFEE621490089467050C93932003B
:100F3000FF39032007F074FEC934FF34305132000A
:100F40000421032007F06CFE4021E2238C465B0065
:100F5000F050593BB444FF3B61469C469822B44450
:100F600063469446B444624643600193882301601B
:100F7000826058469B0000910292F050320004219A
:100F800007F04EFE8B239B00F0503200042101201D
:100F900007F046FE8A2189007050320004210120AA
:100FA00007F03EFEC4218C468923B44461469B0071
:100FB000F050016058465C33F05032000391042138
:100FC00007F02EFEA3229200B0500421320001202F
:100FD00007F026FEA2239B00F050320004210120DE
:100FE00007F01EFEA1239B00F050913BFF3B9C4667
:100FF000B444634603600493B82358469B00F05002
:101000003200042107F00CFEBB229200B0500421F4
:101010003200012007F004FEBA218900705032002E
:101020000421012007F0FCFDB9239B00F050C53BD3
:10103000FF3B9C46B444634603600593D0239B006A
:10104000F550320004210320D32507F0E9FDAD005F
:10105000705132000421032007F0E2FDD2239B00EF
:10106000F05032000421032007F0DAFDD12300996B
:101070009B00F050019A0160594B029942608160D7
:101080000022FB60E02358467E61FA506033F8503E
:101090003A00042107F0C4FDA621490078504939DF
:1010A0003A00FF39012007F0BBFDA4214900785028
:1010B00045393A00FF39012007F0B2FDA2235B0059
:1010C000F850AC3B9C46BC446346036040460693E4
:1010D000444B0022C36084235B004661C2506033EE
:1010E000C25058465A46F064B067A3303665F6677A
:1010F000983B325004303650F2500433F6502C33C3
:10110000F2500433F6502833F2500433F65033597A
:1011100058461A600421320007F082FD4A46B3584F
:1011200004211860584633593200586007F078FDA2
:101130004A46B3580421586033595C469C604C467B
:101140003200012007F06CFD335934341A684444EE
:101150009860A146146096245B68A40044441C6017
:101160000794AC24A400444404608A2080003358CF
:10117000584632000421186007F052FD8B23C2222A
:101180009B00F3589200424418600260A220800045
:101190003358584632000421186007F041FDA3225D
:1011A0009200B3583A008132FF3218600260BA20D0
:1011B00080003358584632000421186007F030FD93
:1011C000BB2211E0781A002000E1F50500E40B5481
:1011D00000CA9A3B240400007C040000C8110110DE
:1011E000D4110110DC1101109200B3583A001860BC
:1011F000D223D932FF32026058469B00F3583200A6
:101200000421186007F00CFD735932001860D223D6
:1012100058469B00F3580421586007F001FD7359AC
:1012200032005860D22358469B00F358042198603E
:1012300007F0F6FC73594D461A68986015605B68B4
:10124000079D3A001D600460A4205C46A425400070
:101250003B587C5104357F511C604C345846042166
:10126000FF3407F0DDFC3B5934004134FF34186093
:1012700004603000E030F8612C3038659C23380081
:101280005B008430F05030002C3003004046836116
:101290003000583003004046C364300084300300FF
:1012A0008022404683503000B0300200B4234046D4
:1012B000C25050460124036D019A00995A60049A65
:1012C00019601A610299059A334D99605A61039920
:1012D000069A6442D9609A6120000022290008F031
:1012E0005BFB3300B133FF331860596001222000EB
:1012F000290008F051FB84239B00F3181860596003
:1013000002222000290008F047FB9C239B00F318D1
:101310001860596003222000290008F03DFBB42327
:101320009B00F3181860596005222000290008F07E
:1013300033FBCC239B009C466644306071600322E3
:101340002000290008F028FB3B00D03318605960CA
:1013500004222000290008F01FFB3137FF373860D6
:10136000796000222000290008F016FB4346F8337C
:101370001860596006222000290008F00DFB434642
:101380005933FF331860596009B0F0BCBB46B24610
:10139000A946A046F0BDC046FFFFFF7F7047C0468C
:1013A000094A83009A1810B51468402254408032CC
:1013B0002240064CC000A44663441A60044B9C467D
:1013C0006044416010BDC04604C0014004D00140EB
:1013D00000400140074B8000C3181B68C900920001
:1013E0000A435A400C231340034A94466044036066
:1013F0007047C04604C0014004D001400123D02200
:101400008340120693629361094A83009A18116817
:101410004022514080320A400649C0008C46634455
:101420001A60054B9C460523604443607047C046E4
:1014300004C0014004D00140004001408023DB058E
:101440001868000F7047C0460FB400B5084883B055
:1014500004F0E2F9049B002B07D005A918000191C4
:1014600003F088FF034804F0D7F9012003F09AFF46
:10147000E4110110D4160110EFF3108072B6034A84
:101480001368002BFCD0BFF35F8F70472C0100D096
:10149000BFF35F8F0022024B1A6080F31088704701
:1014A0002C0100D070B5EFF3108C72B60D4D2B6887
:1014B000002BFCD0BFF35F8F0724CB08C618C05C9D
:1014C00001230C40A3401C000440034207D11843F1
:1014D0003070BFF35F8F2C608CF3108870BD1000EC
:1014E000FFF7B2FF2C0100D0F8B54746CE4688463C
:1014F00080B5EFF3108C72B6214D2C68002CFCD017
:10150000BFF35F8F9A422CD8D4080727055D0619D0
:1015100001241740BC402C421FD0072101278946D7
:1015200009E0D408055D06194C4639001440A14075
:101530000C00294211D001329342F2D201204042E4
:10154000BFF35F8F00220E4B1A608CF310880028C7
:101550000FDBC0BCB946B046F8BD2543100035705E
:10156000EEE7BFF35F8F00232B608CF31088012020
:1015700040424346002BECD00898FFF765FFC04679
:101580002C0100D0044A1078431CDBB2172B00D981
:10159000102313707047C046E010002010B5064BB2
:1015A000064C82B00100009318221F232000FFF791
:1015B0009BFF02B010BDC046F41101108C27002023
:1015C0000021044B044ABFF35F8F02C39342FAD158
:1015D0007047C046000100D0800100D0054B064A8C
:1015E0001360064A136053609360D36013615361C4
:1015F000936170478080808000E400E004E400E0B4
:101600001F2318401E3B8340002905D0C021044AF7
:101610004900535013607047802201498B50FAE70C
:1016200000E100E001228240034B1B6813405A1E78
:101630009341D8B27047C04600E100E001238340E7
:10164000014A13607047C04600E200E0064B1030CC
:101650009B688000C358054A00209B1A2F229A429B
:101660004041C0B27047C04600ED00E0E4100020E9
:1016700070B50D00EFF3108672B60F4A1368002B99
:10168000FCD0BFF35F8F0D4B10309B6884001B595B
:101690000B4A934203D09D4201D001F0B7F9074BAA
:1016A0009B681D51BFF35F8FBFF35F8F0022024B1A
:1016B0001A6086F3108870BD240100D000ED00E0B0
:1016C000C1010010F0B557464E46DE464546E0B52E
:1016D00085B0060000911700EFF3108B72B66A4ACE
:1016E0001368002BFCD0BFF35F8F0025674B5D575D
:1016F0009A46002D00DAA9E06B00654C01935B1956
:101700009B009846A146C1444B4652469B791036F1
:101710001370604BB6009B6899590B1B2F2B33D964
:101720005D4B994200D0ACE0019B42469C465B4B2E
:101730006544AD0063535A4B0232A218043B9B1A16
:101740001B05584A5B0D651913436B80564B0121ED
:10175000AB80FF23AB71009BEF71AB604B460B433B
:1017600019004C4B9B689951BFF35F8FBFF35F8F9C
:101770000022454B1A608BF3108805B0F0BCBB46C5
:10178000B246A946A046F0BD01200A008243D379A3
:101790008C46BB4231D84546130044491B1B5B4174
:1017A0005943090D3D4B63533D4B02356519043BCD
:1017B0005B1B1B053B4D5B0D2B43AA464D466B80C7
:1017C0000425AC465546E044131F44441B1B1B052F
:1017D0005B0D1D434B46997100999D809960494668
:1017E000DF71334B01431360BBE75800C018800022
:1017F0002018C179B9422FD902000623D356002BF5
:10180000F3DA02932B4B61460393131D9A4604238C
:101810005B429C46E14450464B461B1A1B055B0D40
:101820009C46204B957198466346404603439380FF
:10183000019B5A199200039BA418A380029B1C4A87
:10184000A371009B2260E771A3608AE701F0DEF8D4
:10185000002553465D574FE7908802934005131DBE
:101860009A46031561469C464046D444634604307C
:101870002018181AE0230005400D1B02184303909E
:10188000C5E701F0C3F84FE7240100D07F30002006
:10189000E410002000ED00E0C101001000A1FFFFF6
:1018A0001411002000E0FFFF01BDFFFFAAAA000005
:1018B0000148804701BD0000F0B5DE4657464E4660
:1018C0004546E0B50C0083B0EFF3108872B6634A6A
:1018D0001368002BFCD0BFF35F8F614B61499A689E
:1018E000030010339F00D55900938D4243D0A54289
:1018F00054D05D4EAA1B2F2A3DD85C4B9C461B68DA
:101900009A4601231A0099468240534613401F22EB
:1019100001934B46024093409A46802263465046CC
:101920009850BFF35F8FEFF305839B46002B37D0B2
:10193000009B5B4501D001F069F82A004B469A43B1
:101940009068844208D177E04B005B189B00F31845
:101950009868844236D01A00062151560029F3DADD
:10196000844255D0019B002B27D0C02251463F4BCB
:101970005200995019603A4B9B68DD51BFF35F8F5D
:10198000BFF35F8F0022354B1A6088F3108803B0D5
:10199000F0BCBB46B246A946A046F0BD0D00EAE742
:1019A0002A004B469A4390688442D5D106201056AF
:1019B000130000280ADA0D0032E0802351462B4A3A
:1019C000D150D8E706201856002822DB4200111813
:1019D000890074188946A1689960E179D971062156
:1019E00061569971002925DBA488F11A6405241534
:1019F0004C440919E0240905490D2402214399802A
:101A000013181B4A9B001178F31899711070A9E7FD
:101A100013005946002914D1FF3191711549918065
:101A200013490A789A71144A9B1B5B415A43120D61
:101A30000A7097E71149E2E70620105613000028C4
:101A4000C4DA0F4A0F49D21A083A5002400D014336
:101A500099800D4952080A43DA8083E7240100D0B7
:101A600000ED00E0C1010010E410002000E100E002
:101A70007F30002001BDFFFFAAAA000001BD0000C9
:101A80001E11002000F0FFFF00F8FFFF70B50124D9
:101A90000443EFF30581EFF3108C72B6214A13680B
:101AA000002BFCD0BFF35F8F1F4B05001F4AED1AC0
:101AB0006D416A43120D1E4D8900AE6852B27658D0
:101AC000A6421CD00621595691421CD012215956CB
:101AD000914222D01E215956914220D02A21595696
:101AE0000324914210D0134B19781A708171BFF3FF
:101AF0005F8F00220B4B1A608CF3108870BDAB68AF
:101B00000D4C5C50EFE700246100091989005B1857
:101B1000FF21997109499980E5E70124F4E702243E
:101B2000F2E7C046240100D0E4100020AAAA000079
:101B300000ED00E07F300020C101001001BDFFFF7B
:101B400010B5084B084C82B0010000930022052319
:101B50002000FFF7C9FC002801DB1F23181A02B080
:101B600010BDC046101201108530002070B5040071
:101B70000E001500FFF706FD0100200000F006F83A
:101B8000A680E580BFF35F8F70BDC046024B9C46C8
:101B900061448900016070474000003470B5114C09
:101BA000114DAC420FD2FF262368002B0CD0FFF75B
:101BB000E9FC01002000FFF7E9FFA680BFF35F8F7B
:101BC0000834AC42F0D370BDFFF7DCFC010020000C
:101BD000FFF7DCFF2671BFF35F8F0834AC42E3D31D
:101BE000F1E7C046E8180020F818002010B50400FE
:101BF000FFF7C8FC01002000FFF7C8FFFF23237197
:101C0000BFF35F8F10BDC04610B504000120FFF781
:101C1000C5FC034BC3189B002360BFF35F8F10BD4F
:101C200040000034034B9C46614489000160BFF3CF
:101C30005F8F7047400000340A4B1968EFF3108043
:101C400072B60A68002AFCD0BFF35F8F1B68BFF32F
:101C50005F8F00221A6080F3108840BF00200021AF
:101C60007047C0464C300020F0B5DE4657464E4621
:101C70004546E0B583B0EFF3058203231340B54A30
:101C8000990052580091904601229A409346B24BD7
:101C90001A60B24B01935B46B14843634346082246
:101CA0009B5E9946002B3ADA43469B881BB2002B79
:101CB00000DB9DE043469B79002B00D0E1E04346EA
:101CC00008241C5F002C20DB43465A6963001B1963
:101CD000DB00D3189D68DC686B1C00D103E1A048D1
:101CE000009984466144826A0B69AE1A9B1A9E422F
:101CF00013D35A46036A1A420FD0994800F0A8FB42
:101D00008C4202DCC7D18542C5D940BF03B0F0BCCC
:101D1000BB46B246A946A046F0BD0D61EDE742467E
:101D200052695B0092464B44DB009A4453469E68DE
:101D3000DF6800F08DFB8F42B6DC00D1F8E0002FA9
:101D400000DAD9E05246534654691B69019A93421E
:101D500000D1CCE0414652460820085E528800047B
:101D600021001043984704000D0023002B4300D1AD
:101D7000C2E0002D00DBDFE030003900001BA9418C
:101D800053469860D96000229A5E002A00DA8BE7F9
:101D900043465D6953009C18E4002C19A768E46869
:101DA0008C4200DD80E702D1874200D97CE74646BD
:101DB000328108360DE08C4200D1C6E01E000023BF
:101DC000F25E002A0ADB53009C18E4002C19A76875
:101DD000E4689B18DB00EB188C42ECDD53461A805C
:101DE0004B46338043469B881BB2002B00DA61E7E9
:101DF00043461A69EFF3108172B61368002BFCD0CA
:101E0000BFF35F8F43469E88012342465B42938027
:101E100036B21369BFF35F8F00221A6081F3108816
:101E2000002E00DA46E743465D69083342469C4689
:101E30007700BF19FF00EF19BB686046984608237A
:101E4000D15E9246FC68002907DA0EE0A24246D035
:101E500018000023C15E002906DB4B005B18DB0085
:101E6000EB18DA68A242F1DD524606800023FE5EDE
:101E70003980002EDCDA904643469B79002B00D156
:101E80001DE7002342469371434646460821595EAA
:101E900008364B1C00D138E747468946556902E0B1
:101EA00006004B1C18D04B005B18DB00E8180A003A
:101EB0008C46E95E43881BB2002BF1DA01235B42BA
:101EC000DC178360C4604A4503D031803B890380BE
:101ED0003A81E1464B1CE6D1B8464C46F2E69A6898
:101EE0004245B5D9C0E7631C00D0F8E605E72000FD
:101EF00023699847002825D1534642461B88138101
:101F00001269EFF3108372B611680029FCD0BFF399
:101F10005F8F4246514652880A8042464946518068
:101F20001269BFF35F8F0021116083F31088BBE655
:101F3000864200D803E7B7E6094800F089FA00199D
:101F400069411DE7656824680FE7874200D835E7D7
:101F500044E7C0462C3000203C700540691C00104E
:101F60000040054070B52E4C2569002D04D00A2193
:101F70002C48FFF70BFE70BD2B4E0321300000F004
:101F80005DFAE660FFF7FEFA284B03229C46D02359
:101F900022701B061B6801216370254B6044A360FF
:101FA0000F23800020610220638063694942A18081
:101FB00019800231198647311D83585218315A52FF
:101FC00075325C3999521832013199521832013107
:101FD0009952183201319952083518329D52023106
:101FE00018329952183201319952183201319952EE
:101FF0001832013199521832013199521832013197
:1020000099520C4B0C49DC6001303562FFF730FB14
:1020100001210320FFF7F4FA084B1D60A7E7C04633
:102020002C1100204C3000200040054040000034BE
:10203000FFFF10002C300020691C001038600540A4
:10204000004870472C110020F8B51F0008AB1B7822
:1020500004001600002B08D100F002FA32003B0009
:10206000121A8B41002B00DA53E02269EFF3108043
:1020700072B61368002BFCD0BFF35F8F0223E15EC2
:1020800063694A005218D2009B18002937DB1A886E
:1020900062802269BFF35F8F0025156080F310888E
:1020A000069A9E60DF601A61079A5A615A88013267
:1020B0005204520C101C002A1FD082B2588008040F
:1020C00010432669EFF3108772B63268002AFCD0FD
:1020D000BFF35F8FA2881A80A1802369BFF35F8F4F
:1020E00000221A6087F310880B4923788C4601324E
:1020F0009A40E36863441A60F8BD0120DDE7236974
:10210000BFF35F8F00221A6080F3108801204042E5
:10211000F2E70020F0E7C0463C20000070B5010067
:102120000469EFF3108C72B620680028FCD0BFF36E
:102130005F8F02200D5E4C6968004019C0002418B2
:10214000002D37DB208848800869BFF35F8F0026A9
:1021500006608CF31088E360638804980133206183
:102160005B0405985B0CA26060611A1C002B1FD0F9
:1021700093B22804628018430A69EFF3108C72B698
:102180001368002BFCD0BFF35F8F8B8823808D807A
:102190000B69BFF35F8F00221A608CF310880B78F5
:1021A00001329A40CB6808498C4663441A6070BD7E
:1021B0000122DDE70B69BFF35F8F00221A608CF309
:1021C000108801204042F2E73C20000010B543890E
:1021D0000A1493421ADD53009B184269DB00D3189E
:1021E0000469EFF3108C72B62268002AFCD0BFF3AA
:1021F0005F8F5A88090494B2090C8A4208D0036997
:10220000BFF35F8F00221A608CF31088002010BD8E
:102210008022120214435C80012302698371BFF3A0
:102220005F8F002111608CF31088044902788C467E
:102230009340C268012062441360E8E73C2000003C
:1022400040787047F0B504000D0006267642F71777
:10225000C64636196F4100B582B08F4214D811D0EE
:1022600000F0FEF832003B00121A8B41002B17DC05
:10227000002B47D02000290000F030F902B080BCCC
:10228000B846F0BD8642EBD90022002316001F009D
:1022900000F0E6F832003B00121A8B41002BE7DD1C
:1022A00000F0DEF832003B00121A8B41002B0ADBF3
:1022B00000230193154B3200009315483B00FFF7B4
:1022C0002DFF0028D6DB00239C46B046114A124E53
:1022D000736A9F4204D8B16A8845CBD99F42C9D15D
:1022E0001168EFF3108072B60B68002BFCD0BFF3BF
:1022F0005F8F1368BFF35F8F6146196080F31088AA
:1023000020BFE5E7002AB5D0CAE7C046391C001057
:102310002C1100204C3000200040054070B5040016
:102320000D0000F09DF88023001969411B069942B9
:1023300002D3012002494042FFF784FF70BDC0462E
:10234000FFFFFF7FF0B5D6464F464646C0B50400B6
:102350000D0082B0EFF305878946002F0ED0344977
:1023600000204B6AAB4203D38A6A0130A24226D3D3
:1023700002B0E0BCBA46B146A846F0BD2D4B984627
:10238000DB689A46434650461E7800F061F80B0021
:10239000514602000436B600715820008E1A2900FA
:1023A000801A99418F4211DC0ED020BF204A0020B4
:1023B000536A4B45DCD3926A0130A242D8D25B1BF0
:1023C0005A1E9341D8B2D3E78642EED900F048F8BE
:1023D00022002B00121A8B41002B1ADB00230193E1
:1023E000154B2200009340462B00FFF797FE011E7D
:1023F0000FDD0F4B5A6A4A4517D39B6AA34212D38B
:102400004046FFF7E3FE0A4A0020536A4B45AFD32C
:10241000D1E7074A0020536A4B45A9D3926A0120AD
:10242000A242A5D2CBE74A45EAD120BFE8E7C046A1
:10243000004005402C110020391C001010B5024A44
:102440000248FFF72FF810BD2C1201109027002032
:102450000300416A0A00986A596A8A42FAD17047B1
:10246000034B596A0A00986A596A9142FAD1704737
:102470000040054070B504000D00174A536A19006A
:10248000966A536A8B42FAD13000190024184D41E4
:10249000AB4216D813D0104A2B00526A954203D98A
:1024A0000D494A6A9A42FCD39A4207D10A4A02E08D
:1024B000516A994202D1916AA142F9D370BDA642F4
:1024C000E9D9054B5B6A1C005A1CEFD0012301249B
:1024D0006442E5175B42E3E700400540064A536A61
:1024E0009942FCD807D1044B02E05A6A914202D1CA
:1024F0009A6A8242F9D3704700400540F8B504005B
:1025000006200D0000F078F9002844D0374B3849F8
:10251000E3185A1E93418022120494465B429B0D9D
:10252000344A9B0563441360334A136018000A68F9
:102530009043FBD12D4B314AE31859424B41802146
:102540005B0049000620995200F056F92900C000AE
:1025500000F0B4FB0130C3091ED1402701226262A2
:10256000A362266BF30722D4E36A254B0620E51805
:1025700000232B60266300F03FF93900800000F053
:102580009DFB7023E26A5A400E3313402B601D4BB3
:1025900023630323A364F8BD1B4A93421ED900237F
:1025A0001A4A1B4F6262A362266BF307DCD5194BF4
:1025B000144AE3181A60656AA36A0620AD01ED1893
:1025C00000F01AF9144900F079FBAD02010028006F
:1025D00000F074FB0021FFF74DFFC5E74006800EB9
:1025E0009F011A003F180300B9E7C0460080FCBFF6
:1025F00008C0004000E0004000F0004058300020DB
:102600002C10000001030000FEFF0000FFFF00008F
:10261000C0FF3F00303000004E0E0000F8B5DE462F
:102620004E4657464546E0B58B4605000A991800C8
:10263000160000F043FB0A9B6C001F02324B64192A
:102640009C46A4006444636881469F4200D9676049
:102650002B1FDBB29846012B30D9C02380229B016F
:10266000E31812011A60294BAD0059599A46002906
:102670001BD17301E026226853401E40802342464E
:102680005B01E3181E60012A30D9802380229B0160
:10269000E31812011A6053464A4667605A51F0BC6B
:1026A000BB46B246A946A046F8BD586900F006FBF5
:1026B000013043001B18033BFDD2DAE75B46012BD8
:1026C000CBD1C02303229B01E3181A60023AA3680E
:1026D0001A42FCD07301E0262268AD0053401E4030
:1026E00080230A4A5B019246E3181E605A4621681D
:1026F000514003220A401A6001225B469A40A368B7
:102700001A42FCD0C1E7C046008000409827002054
:10271000F0B546464F46D646C0B51F00344B440080
:102720009C462418A4006444636888461600FF2B66
:1027300002D880235B006360031FDBB29A46012B43
:1027400030D9C02380229B01E31812011A60294B63
:1027500085005959994600291BD17301E02622684A
:1027600053401E40802352465B01E3181E60012A3D
:1027700030D9802380229B01E31812011A60802344
:102780005B0063604B465F51E0BCBA46B146A84669
:10279000F0BD586900F092FA013043001B18033B6A
:1027A000FDD2DAE74346012BCBD1C02303229B01A4
:1027B000E3181A60023AA3681A42FCD07301E026BB
:1027C0002268850053401E4080230A4A5B019146DF
:1027D000E3181E6042462168514003220A401A60F5
:1027E000012342469340A2681342FCD0C1E7C04691
:1027F0000080004098270020014B8000C05870479F
:1028000098270020F8B5040021481E0017000D008D
:1028100000F054FA0100380000F050FA069B36042C
:102820001B031E432368002B20DB1A4B1A49E318B5
:102830005A1E93418022920194465B421B0B174A19
:102840001B0363441360164A13601F000A68974312
:10285000FBD1144B2560E2182123A060136023688C
:10286000002BFCDA0823E6601360F8BD3F232268E2
:102870001340AB42D9D1A3681B051B0D8342D4D1B1
:10288000EE22E368D2021340B342CED1EDE7C04658
:10289000001BB7000040FDBF08C0004000E0004042
:1028A00000F000400430000010B580241C4BE4050B
:1028B0001C6000281AD001231A4C18431A4BDC6103
:1028C0001A4C44401C62596298628021144BC9051D
:1028D0001960174817490860E021C9041960002AE7
:1028E00007D18022144B12061A6010BD0E4BD8611E
:1028F000EBE753019B1A9B009A18802312015B049B
:102900009A4209D213000D490B60074B5A6080228E
:10291000094BD2051A60E8E7094B1A00F3E7C046F5
:1029200000B00540D3C007B0008005402D3FF84FF0
:10293000FCFF01000820014000A005401C300020E1
:10294000FFFFFF008023024A9B000B43D3627047C6
:1029500000800540142310B50100188804331B883B
:10296000984710BD162310B50100188802331B8844
:10297000984710BDF8B54746CE4680B50F1E19D012
:1029800014239946043304000025012698464B463B
:102990001888434621681B88984701C4431E984104
:1029A000013540420640AF42F1D13000C0BCB946CB
:1029B000B046F8BD0126F8E7142370B50400188866
:1029C00004331B880D000549984703000020002CA4
:1029D00001DB0130A04029009847C0465542000065
:1029E000AA23064A1B0113608D235B00D3600449B0
:1029F000044B19605368002BFCDA7047004002401A
:102A000000B0FA00006002407047C04610B50148AF
:102A1000FEF71AFD5012011070B5074D074EB54272
:102A200009D20024013E761BB60808CD9847230042
:102A30000134B342F9D170BDA0100110DC100110B7
:102A4000054B064A06491A60064A074B1A601000F1
:102A50000B689843FBD1704700E00040BFCDFBFE00
:102A600008C00040FE7F3C0000F00040044BDB6CDF
:102A7000002B03D18022034BD2021A607047C0465C
:102A8000000011504C201150044A054B1A60054AB1
:102A90001368DB018033FBD17047C046FFFFFF01A5
:102AA00000F0004008C000404022034B9A675A677C
:102AB0001A67DA667047C04600F0014010B5FEF7AD
:102AC0007FFD10BDF8B52749274C284D641AA61084
:102AD0003200302E00D930222800920001F076F822
:102AE000BC2C3BD830202F232C196407204A801B94
:102AF000E40F9B1B052B16D93700002C02D0B30026
:102B0000771CEA50001B33199B004108EB18C900E1
:102B1000C9181A605A6008339942FAD10123034256
:102B20001CD09843C619B300EA50731C2F2E15D041
:102B30009B00EA50B31C2E2E10D09B00EA50F31CD1
:102B40002D2E0BD09B00EA50331D2C2E06D09B005F
:102B5000EA50731D2B2E01D09B00EA50054B9D605F
:102B6000F8BDC04600010010C001001000000020A8
:102B7000C101001000ED00E0002310B5294C82B027
:102B8000A367FFF72DFF0122274B1A60636C012B0F
:102B9000FCD10322254B1A60224A936B012BFCD1F6
:102BA000013300930121224A22480433FFF72AFE11
:102BB000052301210093204A2048FFF723FE00222D
:102BC000022104201E4BFFF7A3FD00220121052056
:102BD0001C4BFFF79DFD0022002107201A4BFFF739
:102BE00097FD002200210820174BFFF791FD80235D
:102BF000DB000093002200210920134BFFF70EFD9C
:102C00000022104B00210620FFF782FD0420FFF771
:102C1000F3FD0E4900F052F801000020FFF792FE8C
:102C200002B010BD008000403CB0004030B0004019
:102C3000002F685900800240008C864700C0024087
:102C4000001BB70040597307006CDC0240420F00C4
:102C500001480421014B184750110020752900102C
:102C6000014B9B681847000050110020124A936FD7
:102C70009B0815D29066D166002905D0FFE7FFE7D3
:102C8000FFE7516F106F704704B580210906C21726
:102C90005140002800D0C8430EF0AAF9002104BD1D
:102CA000F0B5146E556E576F166FFFF7E3FF14669D
:102CB000556657671667F0BD000000D0114A936F44
:102CC0009B0813D210665166002905D0FFE7FFE785
:102CD000FFE7516F106F704704B5002801D0002046
:102CE000C0430EF085F9002104BDC046F0B5146E56
:102CF000556E576F166FFFF7E5FF146655665767F9
:102D00001667F0BD000000D094464A4A926F9208C0
:102D1000624601D228E0C046F0B5464E346E756E6C
:102D2000776F366F00F020F89446424A1466556675
:102D3000576716676246F0BD94463E4A926F920806
:102D4000624601D254E0C046F0B53A4E346E756E1C
:102D5000776F366F00F04CF89446364A1466556625
:102D6000576716676246F0BD002B24DB11D000299F
:102D70003EDA00B5C943404200D1013100F038F8D5
:102D8000C943404200D10131DB43524200D10133FB
:102D900000BD002AEBD1002801D1002905D0002078
:102DA000C90FC90701D1C043410800B50EF008F9A9
:102DB0000022002300BD00B500290ADBDB4352429C
:102DC00000D1013300F014F8C943404200D1013171
:102DD00000BDC943404200D10131DB43524200D122
:102DE000013300F005F8DB43524200D1013300BD4E
:102DF000002923D1002B18D1002A0CD0BC460D4F3E
:102E000038667A6600210023FFE7FFE7FFE77A6F65
:102E1000386F67467047002801D00748010000B5A9
:102E20000EF0CEF80022002300BD02000B000020AF
:102E300000217047000000D0FFFFFFFF002B00D0F3
:102E4000BFE0130C28D1002AE7D080B4114F3966B7
:102E50007A66FFE7FFE730B4040C7B6F396F1B0421
:102E600023433B667A66FFE7FFE7FFE7C04684B28D
:102E70007B6F3D6F1B0423433B667A66FFE7FFE7EA
:102E8000C04600232C042D0C7A6F386F001969415D
:102E9000B0BC7047000000D0F0B594460025140E79
:102EA00001D112020835140F01D112010435940F1B
:102EB00001D192000235D40F01D152000135D40B5B
:102EC0000134254F7C66254C3C660E0C93B2FFE71F
:102ED000FFE7FFE73C6F6643360C7703BE4673435C
:102EE000DF0B5B04C01AB941130C7343DB18C91A1A
:102EF000CE086643360CB64493B273431F0F1B01D2
:102F0000C01AB941130C73431F0B1B05C01AB941FA
:102F1000860D8F023E436643360C092D24DB520A90
:102F20007243801A7703460A6643360C16235B1BEE
:102F3000DE40DF40BF1964466643821B704604359D
:102F400006330100D940A840C01900D30131A24284
:102F500006D20023F0BD0000000000D0FFFFFFFFFD
:102F6000121B0130F3D3F1E709277F1BFE406446B3
:102F7000A2B27243801A00D20139220C7243130CA0
:102F80001204821A99410B00704604351337010070
:102F9000F940A840801900D30131002B02D1A24290
:102FA0000AD2F0BD013000D30131121BFAD2013B2D
:102FB000F8D1A24200D2F0BD013000D30131121B82
:102FC000F7E7F0B51C0C00D080E00CB400251C0A1B
:102FD00004D11B02160E3343120208351C0B04D118
:102FE0001B01160F3343120104359C0B04D19B00C7
:102FF000960F334392000235DC0B02D192185B41ED
:1030000001351C00971864410134464F7C66464CDC
:103010003C660E0CFFE7FFE7FFE7C0463C6F6643E8
:10302000360C7703BE4697B27743C01B00D20139F6
:10303000C01B00D201399FB27743C91BC91B170CB3
:1030400077437E04FF0B801BB941CE086643360CE4
:103050000C2D33DBB644120B1F053A431B0B97B202
:103060007743C01B00D201399FB27743C91B170CAD
:1030700077433E043F0C801BB941860D8F023E43CF
:10308000664329277F1BFE400C3D7746AF40BF19A2
:1030900030BCA2B2ABB272437343801A9941220C86
:1030A0007243130C1204801A994102000B0001377D
:1030B000001BA941F9D2781E0021F0BD0C277F1B0F
:1030C000FE4077467F0BAF40FF19E0E700245D1C10
:1030D00007D0144F7D663966FFE7FFE7FFE7FFE79C
:1030E0003C6F95B29EB265436643401BB141150CDF
:1030F0001E0C6543664336042F0C3E432D04401BD3
:10310000B141994204D202000B0020000021F0BD21
:1031100001D19042F7D3801A994101349942F2D3F8
:10312000F6E70000000000D0FFFFFFFF48404140ED
:10313000484018B41B4B5B68FC46019308BD04DF94
:10314000E733001018B4174B1B68FC46019308BD09
:1031500000DFF13300109446134A926F920809D2AF
:10316000624618B40F4BDB68FC46019308BD0CDFC8
:10317000A93600100C4AF0B5146E556E576F166FD5
:103180006246FFF7EEFF084A1466556657671667F2
:10319000F0BD18B4034B9B68FC46019308BD08DFE3
:1031A0004D350010401B0020000000D0FFB55040FE
:1031B0004240504059404B40594000E0FFB5154F48
:1031C0004C00640D03D0BC4204D10C0314D8002081
:1031D000090D09055C00640D03D0BC4204D11C0339
:1031E0000AD800221B0D1B0501264B4009D44B4079
:1031F00003D58B4200D18242FFBD9942FCD190425F
:10320000FFBD0B43DB1803431343F5D0C9434918F3
:10321000FFBD0000FF07000000B5FFF7CFFF01D0A2
:10322000002000BD012000BD00B5FFF7C7FF8041B1
:1032300000BDC04600B5FFF7C1FF01D9002000BDA9
:10324000012000BD00B5FFF7B1FF01D9002000BD8E
:10325000012000BD00B5FFF7A9FF804100BD01209E
:1032600040054A00121804D85A00121801D800204C
:1032700070470120704700000021002805D17047E9
:10328000C1174840401AFAD0C90713B5064B1B684E
:1032900098470CBC441CA2401005120B0349091BA3
:1032A00009051943114310BD483000201F040000D8
:1032B00010B54C00620D8023D218DB00D21A5B05DA
:1032C0007E2A10DD9E3A13DACC1709034908194308
:1032D0005242D140640001341532202A05DAD04030
:1032E0000843604310BD002010BD0846604310BD78
:1032F000C80FC018013810BD18B4044B5B6AFC46F7
:10330000019308BD24DF593800100000401B002045
:10331000132370B51D78012D19D014DD1F48FFF758
:1033200021FB06001E48FFF71DFB1E4C80223100CA
:10333000200000F04BFC022D2DD01B48FFF70AFBAC
:103340001A4B186070BD1A4B164CA364F5E7184B66
:10335000144C23606360A360E36023616361A36135
:10336000E36123626362A362E36223636363A36333
:10337000E36323646364A364E36423656365A36513
:10338000E36523666366A366E36623676367A367F3
:10339000E367A364D1E7064BA364CEE75344000080
:1033A00053460000401B00204C33000048300020F2
:1033B000B533001007B5604601880A0A0230DF2ADB
:1033C000FAD1C9B2820804D30288408800041043AD
:1033D00000E00068014A5050039007BD401B0020E8
:1033E0000FB403BC0CBCF0B50124E407634000E05B
:1033F000F0B50C0DCF0F661E3605891B640503D38F
:10340000C943404200D30131640D03D0661CF60A63
:1034100007D0E41B00207F00791C89078912803CBB
:1034200024031D0DDF0F6E1E36059B1B6D0503D398
:10343000DB43524200D301336D0D03D06E1CF60AFC
:1034400007D0ED1B00227F007B1C9B079B12803D59
:103450002D032F1B661B58D4A446202E46DA203796
:103460001400BC401D00BD40F24033412A43801887
:103470005941CB0F05D0C943C0430022644250419B
:10348000514162464D0D28D10D0D07D100281FD0A6
:10349000241940414941013A0D0DF9D0640006D389
:1034A000013000D30131002C01D140084000013A25
:1034B0000BD4941CE40A04D112051144DB0719440F
:1034C000F0BDD907204B194300E0D9070020F0BD1B
:1034D0000029DDD1002CDBD1F0BD0132C607400848
:1034E000CD0728434908002EE1D0D9E73C2E29DA40
:1034F000203E40371400BC4000D00124F240144369
:103500001A00BB401C43D317ACE7AC46202F08DAA7
:1035100020360400B4400D00B540F840394128433E
:10352000A5E73C2F0CDA203F40360400B44000D021
:103530000124F84004430800B1400C43C117EAE7F6
:1035400010001900002494E70000F07FF0B50C0D86
:10355000661E3605891BE60A6405640D02D0651CEB
:10356000ED0A04D0002001210905803C2403A44673
:103570001C0D671E3F05DB1BE70A6405640D02D0C6
:10358000651CED0A04D0002201231B05803C2403A6
:103590007740644497B484B296B27443070C7E4378
:1035A000150C6F4380B26843361802D30120000423
:1035B0003F183004350C00197D41844688B29AB218
:1035C00050430C0C62431F0C7C438EB27E43921915
:1035D00002D301263604A4191604170C36186741C5
:1035E00001BC81B29AB25143040C62431B0C5C4390
:1035F00080B25843121802D301200004241810048A
:10360000130C401863412D185E410020474106BC51
:1036100088B293B258430C0C6343120C544389B2E2
:1036200051435B1802D301210904641819041A0CD0
:10363000091862416D1856410020474118BCF90233
:10364000720D1143F0026A0D1043ED020A0D03D111
:103650006D1940414941013B124E9B1B7600B3421C
:103660000ED26D0007D30130002671416646354306
:1036700001D1400840001B05C918E4072144F0BDF2
:103680000BDA013306D1013004D101314F0D01D0E5
:103690004908F2E7E1070020F0BD013631050020BE
:1036A000EBE70000FF030000F0B51C0D671E3F05AF
:1036B000DB1BE70A6405640D02D0661CF60A04D021
:1036C000002201231B05803C2403D0252D06002663
:1036D000F6432E661E096E66CE0FF619B4464900F3
:1036E0004F0D02D07E1CF60A03D000200021403F7F
:1036F0003F033E1BB600B444013F7F05C91B490888
:103700002E6F013676089C02950D25437543ED1307
:103710007543AD1301356D10F603761B0CB4CC0266
:10372000450D2C43A2B2B3B25A43270C7B43350C50
:103730006F43A4B26C431B1902D3012424043F1924
:103740001C041D0CA4187D4124196D41009A91B2EE
:10375000ACB26143170C7C432B0C5F4392B25A43CB
:10376000A41802D301221204BF182204230C5218F9
:103770007B41019C6C431B19520ED9010A43440141
:10378000A01A81B2B2B2514303145A43360C7343A8
:1037900087B27743D617D21900277E4136049B198A
:1037A0001704160C7F185E417316ED18F3010026FE
:1037B00080337541A90F06D16400690AE8055B0AE8
:1037C000184309D22FE00422944480337541A90A9A
:1037D000A8059B0A184326D3404149412404009A76
:1037E000019B0D005543641B4343E41A95B286B216
:1037F0007543170C7E43030C5F4392B25A43B618CD
:1038000002D301221204BF183204330C52197B4137
:1038100052429C41002C02D4002201305141400808
:10382000CA071043490802B06246D7079210084BF6
:10383000D218084B9A4203D212058918C919F0BD53
:103840000020002A01DC3900F0BD01331905F5E73D
:10385000FD030000FE070000002200B5203200F04A
:1038600004F8080000BD000000220B150AD410B5B2
:10387000944600F031F81414013400DA0021CB171B
:10388000144C20470020002170476244343A0CD485
:103890000C2A07DA04009140904052422032D44072
:1038A000214310BDD843D94310BD203207D40C4664
:1038B0009440524220321141D040204310BD0800B4
:1038C000C917203203D452422032104110BD1800D3
:1038D000190010BD8B3800100A0DCC0F531E1B05AC
:1038E000C91A520503D3C943404200D30131520DD6
:1038F00003D0531CDB0A07D0121B00206400611C9C
:1039000089078912803A1203014BD21A70470000CE
:10391000FF03000051434343C9188C46110C83B286
:103920004B4310B4040C614392B280B250436243E3
:103930001C041B0C001910BC59411304120CC018B4
:1039400051416144704700004840414048400E4B9F
:103950005B6818470C4B1B6818470C4A936F9B0811
:1039600002D2094BDB681847F0B5146E556E576FDD
:10397000166FFFF7F6FF054A146655665767166718
:10398000F0BD014B9B681847401C0020000000D090
:1039900007B548404140484001E0C04607B54200F5
:1039A000120E03D0FF2A03D1420218D8C00DC00561
:1039B0004A00120E03D0FF2A03D14A020FD8C90DC4
:1039C000C9050122414005D4414001D5814207BDCE
:1039D000884207BD0143491801D0C043001807BD04
:1039E00000B5FFF7D5FF01D9002000BD012000BDC3
:1039F000491A002808D1084670470000C10FC907BE
:103A000000D54042002817D0F44603B40B4B1B6886
:103A1000984706BC81409E384042803107D20B0651
:103A200007D04900490AC0051043084360470130E8
:103A3000F8E7490A8902F5E770470000483000209E
:103A4000132310B512481C78FEF78CFF0100012CDF
:103A50000AD003DD80220F4800F0B8F80E48FEF7C8
:103A600079FF0E4B186010BD0A4C5422200000F064
:103A7000ADF80B4B6365A365E36523666366A366D8
:103A8000E36623676367A367E3672362E361E5E7B0
:103A900053460000401C00204C33000048300020FA
:103AA000A53A001007B5604601880A0A0230DF2AED
:103AB000FAD1C9B2820804D30288408800041043B6
:103AC00000E00068014A5050039007BD401C0020F0
:103AD00070B504000A4E30000DF0CAFA20000BF059
:103AE000F7FB050030000DF063FA002D05D0054B03
:103AF0002C199C4201D8280070BD0348FDF7A4FC96
:103B0000E8180020000004205C120110F8B506003F
:103B10000C000C4F38000DF0ABFA2100300009F01A
:103B200087FD050038000DF043FA7443002D05D0E1
:103B3000054B2C199C4201D82800F8BD0348FDF71D
:103B400083FCC046E8180020000004205C1201102D
:103B500070B505000C000B4E30000DF089FA2800FE
:103B6000210009F0CBFD050030000DF021FA002DF9
:103B700005D0054B2C199C4201D8280070BD034884
:103B8000FDF762FCE8180020000004205C12011020
:103B900070B50400054D28000DF06AFA20000BF006
:103BA000A1FB28000DF004FA70BDC046E818002003
:103BB00001480421014B18476011002075290010AD
:103BC000014B1B681847000060110020014B5B6827
:103BD00018470000601100209A4200D288547047B4
:103BE0007047C046F8B55746DE464E464546E0B5F6
:103BF00099460A9B07009A460D9B884693460B9C64
:103C00009B073BD10C9B9C423DD21E1B0B94150085
:103C10000C005E442A004B46013521002020B847A5
:103C2000B542F7D1A0460B9C002C20D04546361952
:103C30005346321B013C185D29004B46B847002C07
:103C4000F6D12B00350098460D9B9B070FD55B46A0
:103C5000EC1A0C9BA3420AD9464698462A004B46CA
:103C6000310020200134B84701354445F6D32800FF
:103C7000F0BCBB46B246A946A046F8BD16001500EA
:103C8000002CD3D1E0E71600002CCFD11500EEE7D1
:103C9000F0B54F464646D646C0B584B098460EAB02
:103CA0001B7894469946129B0D9C109F119E9A0773
:103CB00025D4002E65D1BC4221D201221A40924661
:103CC000202C00D1E9E00C9A551E302202E0202C75
:103CD00000D17BE001342A55A742F8D85246002A89
:103CE0000DD0B4420BD20C9A551E3022202C02D19A
:103CF00071E0202C2DD001342A55B442F9D1DA06D6
:103D00003CD55A052ED4002C28D10F9A102A00D168
:103D1000B6E0022A00D1BCE030220C9C22700124C3
:103D20004A46002A65D15A0700D499E02B220C9DFF
:103D30002A55013403930C9B624600930296434636
:103D40000194FFF74FFF04B0E0BCBA46B146A84665
:103D5000F0BD2024DA06EDD55A0503D4A74266D07B
:103D6000B44264D00F9A102A71D0022A57D0202C66
:103D7000E0D02200013430250C9FBD54202CD9D036
:103D8000CEE7012215001D40AA461A4236D04A4607
:103D9000002A4AD10C321A4247D1BC42A1D2202C6F
:103DA00091D1202E17D82024DA06C3D55A051BD46A
:103DB000202F01D0202ED5D11F220F9D102D6FD086
:103DC000022DD8D162250C9FBD54D0E75246002A5F
:103DD00079D0202EBDD92024DA06ABD55A0503D4DC
:103DE000202FE9D0202EE7D00F9A102AA2D120242C
:103DF000A0E72D220C9D2A5501349BE7BC4200D33D
:103E00007DE7202C00D05EE7DA06F0D55A05EED427
:103E1000202F62D0202EEAD134001F22CDE7202CA3
:103E200000D187E722000134CCE7013EB5E7621EEE
:103E3000012CC2D10F9A102A00D06AE79A063BD50E
:103E400058220C9C2270283A6270022468E79A0675
:103E50000ED4202CCBD078220C9D2A55013486E735
:103E60001A0700D466E720220C9D2A55013461E729
:103E7000202CBCD058250C9A12191570013476E705
:103E80009A0608D558220C9C2270302262700224B7
:103E900046E76032F7E77822F5E7002A83D1B3E7F7
:103EA000A21E013C9D0603D478250C9FBD5460E7FB
:103EB00058250C9FBD545CE778220C9C2270483A30
:103EC000627002242CE7DA0600D433E75A058BD45B
:103ED000202F00D044E71F226FE73C001F226CE731
:103EE00010B5002800D110BD01F04AFCFBE7C04628
:103EF0000B0010B5002802D049681B68984710BD18
:103F0000F0B557464E464546DE46E0B599B0824686
:103F1000894690460893229A239B10001900FFF7C8
:103F20009EF9002800D0CDE0229823990122D94B98
:103F30005242FFF78FF9002800D0C3E0229823995E
:103F40000122D54B5242FFF76FF9002800D0B9E0AB
:103F50002298239900220023FFF766F9002800D059
:103F6000F1E1229E239F8023269ADB001A400D92C6
:103F7000269A1A4201D1062324938023269A1B01F4
:103F80001A403B0093460996334300D0B3E0002A21
:103F900000D0C2E1002300240A930B9400230425DF
:103FA0000993259B0024AB4200D95C1B0223269A6F
:103FB0001A400C92269A134203D06B426B415B422B
:103FC0001C40099B002B07D00A9A0B9B300039003C
:103FD000FFF7C1F806000F00229823990022002362
:103FE000FFF722F9002803D0802109067B181F0063
:103FF000269AAA4B009601971340089E0493249B8F
:1040000003940293424633004946504600F0AAF911
:104010000400002D67D02020269A49460240130054
:104020005A4253415B42621C18400A9233002200FC
:104030004530D047099A6F1ED317D4185C40D30F70
:104040009B46002501E0202D13D008AA94461F238B
:10405000200063440A2101355E19FEF72FFE30313E
:10406000317020000A21FEF729FE26000400092EE7
:10407000E9D805230693002304930A3303935B4690
:10408000089E029310AB0A9A0093494633005046AB
:1040900005970195FFF7FCFD0C9A0400002A22D039
:1040A0004246851A259AAA421DD9B046574616009F
:1040B00022004346494620200135B8470134AE422C
:1040C000F6D810E0269B42460493259B494603936D
:1040D000249B50460293229B239C00930194089BAF
:1040E00000F040F90400200019B0F0BCBB46B24615
:1040F000A946A046F0BD6A4B78009C46400D60443E
:10410000FFF7BEF8674A684BFFF743F8674A684B0A
:10411000FFF718F8674A3B031B0B1A4304000D0016
:1041200009981100644B0022FFF703F8634A644BBF
:10413000FFF72FF802000B0020002900FFF702F81C
:10414000FFF7B6F80990FFF79BF85E4A5E4B040054
:104150000D00FFF71EF800225C4BFEF7F3FFFFF7A0
:10416000A7F85B4A5B4B29000C902000FFF711F881
:1041700004000C980D00FFF783F8574A574BFFF7E0
:1041800008F802000B0020002900FEF7D2FF04000F
:104190000D0002000B000A940B95FEF7FAFF0400D5
:1041A0000D000A980B9902000B00FEF7CBFF0022CE
:1041B0000E900F914A4B20002900FEF7CCFF002201
:1041C000484BFEF7BFFF02000B0020002900FEF75E
:1041D000C2FF0022444BFEF7B5FF02000B00200097
:1041E0002900FEF7B8FF0A9A0B9B0D0080210400FE
:1041F000C9050020FEF79DFF02000B0020002900EA
:10420000FEF7A0FF02000B000E980F99FEF7A3FF28
:104210000022284BFEF796FF344B0C9C9C466444CE
:1042200023050022FEF7B5FF04000D0002000B007D
:10423000300039000A940B95FEF7F6FF00285DD197
:1042400023002A00C625099963318D42AD415946A4
:104250006D420435002900D1A3E6134363D030003A
:104260003900234A234BFEF7EDFF002807D0002238
:1042700030003900204BFEF7D7FF002853D1249B94
:10428000002B00D18DE60D9B5A1E9341249AD31A20
:10429000249386E6FFFFEF7FFFFFEFFFFFF7FFFFAF
:1042A00001FCFFFFFB799F501344D33FB3C8608BE1
:1042B000288AC63F0000F03F0000F83F61436F636B
:1042C000A787D23F71A379094F930A400000E03FCE
:1042D0001655B5BBB16B0240EF39FAFE422EE63FF0
:1042E00000002C400000244000001840FF030000A4
:1042F0002D431CEBE2361A3F80842E41099B00229D
:10430000013B09932000164B2900FEF724FF0A0009
:10431000010003000A910B9294E7002300240A9302
:104320000B9400230993249A099B9A4214DDD31A13
:10433000013B24938023269ADB001A4300230025A7
:10434000269209932DE6802212069446229B1E0097
:10435000239B63441F0006E600232493EAE7C0463C
:1043600000002440F0B54546DE464E465746E0B5CF
:1043700095B08B46904699461E9A1F9B0A9019004D
:104380001000209DFEF76BFF002800D0B0E11E98C2
:104390001F990122C74B5242FEF746FF002800D06A
:1043A00037E11E981F990122C34B5242FEF752FF7C
:1043B000002800D0A7E01E981F990022BF4BFEF7EF
:1043C00049FF002800D088E01E981F990022BC4BAE
:1043D000FEF72AFF002800D07FE01E981F990022D8
:1043E0000023FEF721FF002800D0FAE000230B9302
:1043F0008023229C229ADB001C401A4200D102E159
:10440000092D00D87CE106A98C462C001722002338
:104410003021093C62440133D154EF1A202B00D1E2
:1044200032E1A342F7D10022A44B069207931E98D3
:104430001F99FEF73DFF0500FEF722FF02000B006B
:104440001E981F99FEF775FE069A079BFEF7A1FEC0
:1044500008900991FEF750FF0600FEF70DFF0200DD
:104460000B0008980999FEF764FE0022954B08900E
:104470000991FEF7EFFE002800D1D2E001363000AE
:10448000FEF7FAFE069A079BFEF7DCFE002801D035
:1044900000260135AA46002F00D098E02800FEF73C
:1044A000EFFE02000B001E981F99FEF742FE854B9F
:1044B000002206000F00FEF7B7FE0CAB9A4600285C
:1044C00045D10022300039007E4BFEF7C3FE0028A4
:1044D0003DD1EB073BD5013539E0229B42460493A1
:1044E000219B594603930A981E9B1F9C029500939B
:1044F00001944B46FFF704FD15B0F0BCBB46B24635
:10450000A946A046F0BD229B5B0767D403226E4BF1
:1045100022990192039121990291009342464B46C0
:1045200059460A98FFF75EFBE6E706AA944617236A
:10453000280063440A2101341E19FEF797FB30312D
:10454000280031700A21FEF791FB051E76D0202C41
:10455000EBD10323229A1340012B1DD1219B002B69
:104560001AD00B9B002B00D0BBE0229A0C331342D5
:1045700000D0B6E0219BA34200D887E006AB9C4662
:1045800017223023624404E02199013413558C42F0
:1045900059D0202CF8D12024229B01940393219BF5
:1045A00002935346B9E706AA944617230A216344A7
:1045B000300001341D19FEF781FB303129703000C5
:1045C0000A21013FFEF77AFB092E46D90600202C6E
:1045D000E9D155460CAB20249A46B8E704223B4B60
:1045E00096E71E9A1F9B00200021FEF7A2FD0123E3
:1045F0000B938023229C229ADB001E901F911C406B
:104600001A4200D0FCE60022314B0627069207939F
:104610000DE7229B0393219B0293042301932D4BCF
:104620007BE7002208980999264BFEF7FDFD00283C
:1046300000D02FE7002E4FD101362BE70323229A1B
:104640001340012B66D0202CA6D00B9B002B1FD033
:104650002D235246135501349EE75546202CB9D0E0
:1046600030233A19002F08D0172006A90134091861
:104670000B55202CAED09442F6D10CAB9A462E238B
:1046800052461355013462E72024CCE6202C83D017
:10469000229B5B0708D4229B1B0700D47CE72023C6
:1046A00052461355013477E72B23524613550134F4
:1046B00072E7C046FFFFEFFFFFFFEF7F65CDCD4103
:1046C00065CDCDC10000E03FB8120110B01201105D
:1046D00080842E41C0120110F30700D4DAE60136BF
:1046E000D8E6219B013B2193A34200D946E7AAE7E4
:1046F000229B0393219B029303230193074B0CE717
:10470000074BEA009B185C681B682F000693079410
:1047100000248CE6219B002B95D022E7BC120110CF
:10472000481E0110F0B55746DE464E464546E0B5F8
:10473000A5B01F002E9B91460D93CA4ACA4B8246D4
:104740008B461A60002900D129E200233878984668
:10475000002800D12BE2C54B44460C93C44B554670
:104760004E460E930AE0631C9846220033005946D9
:10477000A84744463878002800D187E0013725282B
:10478000F1D108239A46043B9946023B9846013BE7
:1047900000229C460B943878791C0300203BDBB246
:1047A000102B03D80C9C9B00E3589F460300303B22
:1047B0000B9C0B92092B3AD9002398462A2800D14A
:1047C000DDE000239A462E284BD00300683BDBB285
:1047D000122B1ED80E9A9B00D3589F4663460F009B
:1047E0001A43D8E743460F001A43D4E74B460F005D
:1047F0001A43D0E710230F001A43CCE753460F00AB
:104800001A43C8E780235B000B9A78781A430B920F
:1048100001310F0067284FD82428A4D90300253B75
:10482000DBB2422B9FD893499B00CB589F46002375
:1048300098460B9B47469C4600E00131BB00DB19C4
:104840005B001F180878303F0300303B092BF4D978
:1048500063460B930023B8469A460F0001312E2879
:10486000B3D180200B9AC00002430B9230225242F7
:10487000944678780B0084446246092A00D8AAE15D
:104880002A2800D1B9E10F0001319EE7A046AA46CF
:10489000B146C84503D301235B424B4498464B467F
:1048A000424659460020D047200025B0F0BCBB4608
:1048B000B246A946A046F0BD01006939C9B20F2928
:1048C00000D950E701238B409C466B4B99466346C9
:1048D0004A4613400F9362464B461A4200D068E1A5
:1048E0000A2956D0072900D03DE70D9B02CB9846F8
:1048F000002900D092E10B9B10211A008A4310007E
:1049000011310843814680201A00C0000240110086
:1049100003421CD114AB9C461F220F2362440D9509
:104920009C4615000F9B0B9402E0202B0CD011002D
:1049300064460C4020003730092C00D8073801337A
:10494000E8540A090F29F0D80B9C0D9D0F934B4694
:1049500008220693534605920832039200220493DC
:104960000F9B029201931CAB220000935946330027
:104970002800FFF78DF9434604000D93FAE60D9BDE
:1049800004CB9046002A79DB78780D930F00013133
:1049900017E70D9B02CB14930B789C4618005346E7
:1049A000002B00D134E1002815D05346013B0133E0
:1049B00099460D940B9C89444A460B00A14601E0A0
:1049C000934203D05C780133002CF9D14A465B1A3C
:1049D0000D9C0B920F938023DB0099460B9A13409A
:1049E0000D934B461A4204D00F9B534501D95346B1
:1049F0000F93022399460B9A13400B934B46134295
:104A000000D1F5E16346002B00D1D6E10D9B002BD0
:104A100000D182E10B1BD14631009A463B00A144F4
:104A20002E005F464D4622009B46894609E04B46D4
:104A30003900541CB0475346185D002800D192E15C
:104A400022009542F3D14B465A46A946BB46350053
:104A500017001E004C460B9B002B00D0ADE1149BB1
:104A60000D9387E62547001000300020AC1C011094
:104A7000F01C01103C1D0110419000000B9A2838D9
:104A800002430B9242465242787890460F000D93B3
:104A9000013196E678786C2800D15DE180230B9A8D
:104AA0005B001A430B920131B3E680239B00ABE617
:104AB0007878682800D148E180230B9A01311A43A5
:104AC0000B92A6E6672800D1B2E0472800D11AE190
:104AD000452800D11CE10B9A0721049242460D9B08
:104AE0000392073352468B43190002920CC92800E7
:104AF000009201930D91220033005946FFF700FA0E
:104B0000040037E6462800D18DE00B9A0721049275
:104B100042460D9B0392073352468B431900029283
:104B20000CC92800009201930D91220033005946D0
:104B3000FFF718FC04001DE6631C984622003300B2
:104B400059462520A847444614E60D9B04330F938D
:104B5000631C99460B9B9A0700D40AE10D9B220027
:104B6000187859463300A84743464444012B00D8DF
:104B70006FE1B0462E0025004C46B9465F46220044
:104B80004346013439002020B047AC42F7D12C0015
:104B9000BB4635004F4646460F9B0D93EAE5D64B84
:104BA00038789A4600239846002800D0D3E50024A0
:104BB0006FE66F2842D000D8FDE11023782800D19D
:104BC0009BE00B9A9A430B920A239C460023149372
:104BD0000A330F9338E057460B9AB900C9194900B8
:104BE00001330F181878303F010030390929F4D902
:104BF000BA460B921F00591CE7E50D9BB87804CB11
:104C00000237D143C9170A4092460D93791CDCE55F
:104C1000002800D1DFE602235B42C8E621200B9A80
:104C20000243914676E620230B9A1A430B926CE7D7
:104C300080230B9A1B011A430B924CE708239C46D6
:104C40000023149308330F930B9880230200DB009A
:104C50001A4011000200184200D080E00C239A4351
:104C60001000802302009B001A400B92184200D0D3
:104C7000F1E0802302005B001A4091460D9A043255
:104C80001492184200D0C3E2430600D5D7E00306D1
:104C900000D421E30D9B1B880993002B00D02DE14C
:104CA00010339843002900D128E100239946434658
:104CB0000593534604930F9B06900393002302939E
:104CC0004B4601931CAB2200009359463300280049
:104CD000FEF7DEFF0400C2E6582809D0622800D0A3
:104CE000E3E202239C460023149302330F93ABE7C5
:104CF00020230B9A1A430B92103B9C4600231493DB
:104D000010330F93A0E780230B9A1B011A430B92D9
:104D100020230B9A1A430B92DDE60B1B9A460F9B3E
:104D200099463B0037005E469B4622003B0031001F
:104D3000A84753460134185D0028F6D14B460F931F
:104D40005B46B3463E001F0085E6C0230B9AB87849
:104D50001A430B92F91C5CE5C0239B00F6E70D2378
:104D60009A4310007DE75B463500BB464E461F0068
:104D700071E64346012B66D9631E434432002E0080
:104D80001D003B00A2465F4691469B4622004B46D3
:104D9000013439002020B047AC42F7D15B463500E2
:104DA000BB464E46A14654461F000D9B4A46187806
:104DB000594633004444A847EEE60F9BA146984568
:104DC00000D84CE64444E41AB0462E0025004C4678
:104DD000B9465F4622004346013439002020B047DF
:104DE000AC42F7D12C00BB4635004F46464636E66E
:104DF0000F98804500D873E24346E218131A320038
:104E00002E001D003B0091465F469B460F912200FD
:104E10004B46013439002020B047AC42F7D15B4605
:104E2000BB461F0043460F9901330F930B783500A3
:104E30009C464E466046002800D0E7E50FE60D9BF5
:104E40001B78099329E70D9B2200187859463300F7
:104E5000A8474C46A0E60D9AFA3BFF3B07329A431F
:104E60000133994691444B460D931368526815924D
:104E70001A4306D11032904300220992002900D033
:104E800083E06122810600D54122D2B20A9214AA9F
:104E900091460A9A00210A3A0B92424617925246CC
:104EA00018925A46B24609911E001F31149B49447C
:104EB000BB4616941A950024674698468946159D68
:104EC00019901B920AE03032D2B24B4601341A5587
:104ED000A8454CD0202C4CD006000D003A000023F1
:104EE00030002900FDF728FFD2B2092AEBD90B9B2D
:104EF0009C466244D2B2E8E7E13B0010612382069F
:104F000000D54123DBB20A3B0B93434614A91F2271
:104F10008C46159353466244B2460D9417974C46FF
:104F20008046A9461700099D0F9E169308E030336E
:104F3000DBB201343B55B5420ED3202C0CD005001A
:104F400031002800FDF7BAFECBB20929EFD90B9A40
:104F500094466344DBB2ECE7159B40469846169BAB
:104F60004D465646A1469A460D9C179F9FE6B7426E
:104F7000B0D9179B56469846189B5F469A461B9B8E
:104F800009949B46169C19981A9D434605935346CF
:104F900004930F9B0690039300230293099B0193B4
:104FA0001CAB22000093594633002800FEF770FE28
:104FB0000400FFF7DFFB10230B9A9A430F92692836
:104FC00000D091E10B9980230A00DB001A40100009
:104FD0000A00194203D0112118008A430F920F9A38
:104FE000802311009B0019408C461A425BD180231C
:104FF00011005B00194089460D9904310B911A424A
:1050000000D0B2E013005B0600D4EDE00D9B1B78EE
:105010001A00D90F0D91002B00D1A3E0100014AAA3
:10502000944642461F23159252466344A846BA4608
:105030004D461494B14604001F00169201E0202D45
:105040000FD020000A21FDF739FE01357E193031DD
:10505000317020000A21FDF731FE26000400092EE0
:10506000EDD8159B4E46A94645469846169B574691
:105070009A46149C0F9B069343460593534604930C
:105080000A2303930D9B02934B4601931CAB220012
:105090000093594633002800FEF7FAFD0B9B0400ED
:1050A0000D93FFF767FB07220D9B073393430132F4
:1050B00094469C4462460D920CCBD90F0B91110083
:1050C000194300D19BE0D9171391129151401091CF
:1050D00013995940119110981199129A139B801AA3
:1050E00099411090119114AA9446424600231592BA
:1050F00052469946169232001F336344A8464E46E4
:10510000BA4614941F00109C119D914601E0202E78
:1051100010D0200029000A220023FDF70DFE0136E1
:1051200030322B00BA550D0022000400002BEED1C6
:10513000092AECD8159B10941195454698464B4684
:10514000169AB14657461E009246149C0F9B069332
:1051500043460593534604930A2303930B9B029300
:105160004B461CE7002885D159E70D9B1B68DA0FD9
:105170001100002B00D1A6E0DA179818504014AAAD
:1051800091461F2342464B44A8460D9416970400AF
:105190006546B1461F001491159201E0202D0FD0F5
:1051A00020000A21FDF78AFD01357E19303131706A
:1051B00020000A21FDF782FD26000400092EEDD80B
:1051C000159BAC4645469846149B4E4619000D9CCF
:1051D000169F0F9B029106934346059353460493F3
:1051E0000A230393634650E713001B066ED50D9BFD
:1051F00000229B5ED9175A184A4092B209E7002351
:1052000099460028A2D100220023109211936AE748
:105210000D9B1B689946002B03D11033984300293E
:1052200038D16123820600D54123DBB20A3B0D93BE
:1052300043461693534614A91F228C4617932B00FE
:1052400062444D46B2461594189780461700994619
:105250000B9C0F9E08E03033DBB201343B55B54266
:105260000ED3202C0CD0050031002800FDF726FDC0
:10527000CBB20929EFD90D9A94466344DBB2ECE72F
:10528000169B40469846179B56464D469A460B94A9
:10529000189F159C43460593534604930F9B069015
:1052A0000393002302930B9B0BE50B9980230A00C9
:1052B000DB001A4010000A00194200D08BE61023D0
:1052C0009A430F928BE6002883D158E70D9B1B6809
:1052D000D9175A184A409CE60D9B1B680993DCE4D9
:1052E000030001330F93A5E50B926DE40CB430B5C8
:1052F00085B008AC08CC064D0A00009401002800D7
:105300000394FFF70FFA05B030BC08BC02B0184791
:10531000D93B001000B585B00391012102900093A4
:10532000034813004A4202A9FFF7FCF905B000BD8B
:10533000F13E00100FB430B50C4985B008AA08CA78
:105340000D680392002D0CD000920122084C5242AD
:10535000200002A9A847012005B030BC08BC04B059
:105360001847180000F058FA0020F5E70030002038
:10537000E13E001010B5094A0300146884B0002C07
:1053800008D0012200910648524203A9A0470120FB
:1053900004B010BD00F040FA0020F9E70030002012
:1053A000E13E001000BEFDE7094A03001068002836
:1053B00005D00849C3188B4207D8136070470648C8
:1053C0000449C31810608B42F7D901204042F5E729
:1053D000FC2B00200000042088300020030010B5C2
:1053E00008001100002B05D1044B1A685B6800F01F
:1053F00065F910BD01204042FBE7C046501C01107A
:105400000300013B10B508001400012B06D801234E
:105410000022210000F0D2F8200010BD01204042FF
:10542000FBE7C046012040427047C0460120404291
:105430007047C046012040427047C0460300022228
:1054400000209A424041704710B5FFF7ABFFC046BD
:1054500030B50D0083B01900002A0BD0074B084C63
:105460000192009302002B002000FFF763FF012050
:10547000FFF798FF034B1A00F1E7C046C81201106E
:10548000D81201101815011070B5FDF7C5FA074DB7
:10549000074EB54209D20024013E761BB60808CD5E
:1054A000984723000134B342F9D170BDDC100110DC
:1054B000E8100110030010B5080011001B689847A0
:1054C00010BDC046F0B5C64600B5437D07000D00CF
:1054D0001600002B38D0002A2EDD00216A1E9046CF
:1054E0006A5C037D4C1C00200A2A0CD0A64216D010
:1054F00043461B5D21000D3B5A4253416A5CDBB2BF
:105500004C1C0A2AF2D1002BF0D1884217DB022171
:1055100010483B689847A64207D02000E8E786423B
:1055200003DD311A3B6828189847AD19013D2B78E7
:105530000D3B5A4253413B7580BCB846F0BD091A39
:105540003B6828189847E2E703681100280098474D
:10555000F2E7C046981E0110F0B5C6460B6806007B
:105560000C0000B5802B06D05A1C2260E41826716E
:1055700080BCB846F0BD0F4B1D68002D16D00B1D2A
:1055800098460D4F02E02D69002D0FD02B68002B9F
:10559000F9D03B68002B01D0AB42F4D12800414642
:1055A0002268FFF78FFF2D69002DEFD10122002324
:1055B000DBE7C046F02B0020F82B0020F0B5DE46DC
:1055C00057464E464546E0B585B017001C0006001C
:1055D0000D00FCF745FF0023314A12184B41802192
:1055E00009068B4202D301222E4B52422E4908005B
:1055F0008A460BF025FD01906B1C03D130000AF0A8
:1056000075F90500002C26D0284B9846284B1C68BD
:10561000002C15D0002F21D1264F02E02469002C48
:105620000ED02368002BF9D03B68002B01D09C42A0
:10563000F4D120002A003100C0472469002CF0D1A9
:10564000019B002B28D1280005B0F0BCBB46B24618
:10565000A946A046F0BD184B9846D7E7154B99468A
:1056600002ABDF1D0A239B4602E02469002CE7D031
:105670002368002BF9D04B461B68002B01D0A342B6
:10568000F3D12A0031002000C0475B4601223900D7
:1056900020003B70C047E8E750460BF089FCD2E79A
:1056A00040420F00FFFFFF7FF0180020C55400109C
:1056B000F02B0020F82B0020B5540010F8B5574609
:1056C0004E464546DE4698461A4BE0B59B461A4B79
:1056D00007000E0091469A46184D5B461C68002C48
:1056E00003D115E02469002C12D02B68002B01D0C7
:1056F000A342F7D1A368002BF4D0310038009847BB
:105700000028EFDDF0BCBB46B246A946A046F8BD76
:1057100053465B6A984508D85246926A4A4502D376
:1057200002204042EEE79845FAD101200021FCF723
:10573000A1FED2E7F02B002000400540F82B00200E
:105740000A4A1368002B05D10CE01A001B691032BD
:10575000002B07D09842F8D1002902D103691360C9
:10576000016170470029FCD01060FAE7F02B00209F
:1057700010B500F0B3F900F0FBFB012010BDC046EE
:10578000F0B5CE46474680B583B06B460600DD1DBA
:105790002870FCF765FE00231A4A12184B4180213D
:1057A00009068B4202D30122174B524217490800C7
:1057B00088460BF045FC164B81461C68002C14D023
:1057C000144F02E02469002C0FD02368002BF9D07D
:1057D0003B68002B01D09C42F4D12000012229001B
:1057E000FFF770FE2469002CEFD14B46002B05D14A
:1057F000300003B0C0BCB946B046F0BD40460BF027
:10580000D7FBF5E740420F00FFFFFF7FF0180020B5
:10581000F02B0020F82B002070B504000AF066F889
:1058200001230100050001222000FFF7C7FE084BFD
:105830001C68002C06D06368002B05D098472469AB
:10584000002CF8D1280070BD2469002CF3D1F9E7B1
:10585000F02B0020F0B5CE46474680B5A3B004003B
:105860000D00FCF7FDFD0023294A12184B41802151
:1058700009068B4202D30122264B5242264F3800A2
:105880000BF0DEFB00230600019322002B002348CF
:1058900001A9FFF73FFD019B8046002B14D1204B4F
:1058A0001C68002C06D06368002B0BD09847246935
:1058B000002CF8D1002E25D1404623B0C0BCB946FB
:1058C000B046F0BD2469ECE7154B1D689946002DE4
:1058D0001CD0144C02E02D69002D0FD02B68002B3A
:1058E000F9D02368002B01D0AB42F4D12800019AF3
:1058F00002A9FFF7E7FD2D69002DEFD14B46019579
:105900001C68CEE738000BF053FBD5E70195D1E7D3
:1059100040420F00FFFFFF7FF01800205955001094
:10592000F02B0020F82B00200FB400B583B004A9A1
:1059300001C90191FFF78EFF03B008BC04B01847FE
:10594000F0B5002915DD0E4B0D271A680D4B0E4CD6
:10595000D3185D426B41451820215B001E5F04781F
:10596000A64207D093691942FCD101301460A842C5
:10597000F5D1F0BD93691942FCD11760F2E7C0463A
:105980005C3000200080FCBF58300020204B70B5F8
:1059900004000D1E1E682ADD002010211D4B013C55
:1059A0001A689369194214D1013093691942FCD1E4
:1059B000136823548542F4D1002E08D050239363FA
:1059C000516B183B0B4014498C466244136028000D
:1059D0000CE0002E08D050239363516B183B0B4012
:1059E0000D498C466244136000280DD070BD002E16
:1059F0000AD05022074B1B689A63596B183A0A4029
:105A000005498C4663441A6003204042EEE7C046D5
:105A10007C2700205C30002034100000064B10B5BD
:105A20001B68002B06D00021044A12689163044AC7
:105A30001068984710BDC0467C2700205C300020CD
:105A4000842700200822034B19688B691A42FCD175
:105A50007047C0465C300020F8B51A4F1A4B3A68C0
:105A60000500D31858424341184E14331C003368C4
:105A7000002D02D0002B0FD0F8BD002BFCD0002150
:105A800020009563FBF7BCFD20001149FBF714FFD4
:105A9000104B35601D60EFE70E4B200019600C497C
:105AA0003560FBF7E5FD01212000FBF7A9FD502241
:105AB0003B689A63596B183A0A4007498C4663441D
:105AC0001A60D9E75C3000200080FCBF7C270020F2
:105AD0001D5A001084270020341000000D4B10B513
:105AE0001B780D4B0D4C1B780D4B02211B780D4B79
:105AF00000202360FBF754FC02210120FBF750FC3F
:105B0000E12120684902FCF7F9FC01210648FFF772
:105B100017FE10BDB4510110B05101105C300020CF
:105B2000AC51011000400340701100207047C04686
:105B30000022014B1A707047803000204B79002002
:105B4000FF2B0BD18B79002B08D1CB79012B05D101
:105B5000082A03D9024B8A7809301A707047C04668
:105B6000803000200120704710B5012901D00120AC
:105B700010BD13495379107909781B0203430020A3
:105B80009942F5D15378012B08D0022BF0D1002097
:105B900064220021FCF788FE0120E9E7D3789178A0
:105BA0001B021943DB0507D54A0A100001231A40DE
:105BB0007E331940FCF700FF01204A0A4042F5E716
:105BC0008030002000487047801F011070B505002C
:105BD00014000120012909D153780020012B05D19F
:105BE000637912791B021343072B00D070BD21008B
:105BF0002800024A9F3301F05FFAF7E7D81E011030
:105C00000123037000487047B81E01104B780A78D2
:105C10001B0213438A7810B512041A43CB781B0673
:105C200013439622D200934200D010BD00220120DF
:105C300011004042FCF7C0FE024B1860024B196095
:105C40007047C046802700208827002010B5024BEF
:105C50001878FBF7F3FC10BD82300020154B70B5AF
:105C60001A68002A22D0EFF3108172B6106800285B
:105C7000FCD0BFF35F8F00200F4A596010701B6883
:105C8000BFF35F8F186081F31088002400250B4E4E
:105C90003078FBF7C7FC002804D100240025290038
:105CA000200070BD3078FBF7C9FCF8E7FA24002526
:105CB000A400ECE724300020833000208230002054
:105CC00070B5040000200E0001F016FB002836D04D
:105CD000002001F027FB002831D0FCF7C1FB002396
:105CE000184A12184B41802109068B4216D2164DD4
:105CF00028000BF0A5F9002821D0002001F0FCFAC3
:105D000000280FD101200021404200F009FD0324AA
:105D1000644228000BF04CF9200070BD01220B4BAF
:105D20005242E4E7002001F0FDFA0028EAD0210009
:105D30003200002001F000FB041EEAD1E7E7032453
:105D40006442E9E740420F0050300020FFFFFF7F30
:105D500010B5FCF785FB00230E4A12184B41802139
:105D600009068B4202D301220B4B52420B4C2000FE
:105D70000BF066F900280CD001200021404200F011
:105D8000CFFC002001F022FB0028F5D120000BF011
:105D90000FF910BD40420F00FFFFFF7F5030002081
:105DA000F8B5DE46574680B505000C00FCF758FBF9
:105DB0000023374A12184B41802109068B4202D337
:105DC0000122344B5242344908008A460BF038F91C
:105DD000002803D1C0BCBB46B246F8BD002001F08C
:105DE0008BFA00284AD00026002C43DD2B4B9B4623
:105DF00014E0A919002001F023FB07000120002175
:105E0000404200F08DFC002001F0E0FAFCF728FB96
:105E1000224BF61918605960B4422BDD002001F0C6
:105E20002FFBA71B0200B84200DD3A00002AE0D198
:105E300001200021404200F073FC002001F0C6FA6E
:105E4000002001F059FA002814D0002001F018FBBE
:105E50000028E1D1FCF704FB5B460F001A685B6881
:105E6000002184460E4812184B419F4202D8D3D1DC
:105E70009445D1D950460BF09BF8ABE700200021A8
:105E8000064B1860596050460BF092F8A2E7C046E6
:105E900040420F00FFFFFF7F50300020281B0020F2
:105EA00020A1070030B52B4C85B0002120000BF05D
:105EB000A7F800281CD1284B1A68002A16D0EFF347
:105EC000108172B610680028FCD0BFF35F8F0124E8
:105ED0002248596002781B68D2B20470BFF35F8F0A
:105EE0000020186081F31088002A17D005B030BD5B
:105EF00001200021404200F013FC002001F012FAC2
:105F0000050020000BF054F8002DEFD0144B1B6857
:105F1000002BEBD0134A10689847E7E7FCF790F89E
:105F20000400FCF79DFAFA220023920012184B415C
:105F3000802109068B4202D301220B4B52420121E0
:105F4000029100210191094920000091FCF77CF8A1
:105F5000CCE7C046503000202430002083300020A1
:105F60008027002088270020FFFFFF7F5D5C001056
:105F7000D02310B51B0684B01C68FCF761F8FCF751
:105F80005FF9A04202D0002004B010BD2A4B0021CE
:105F900000201B7801F070FD28480368002B47D0D3
:105FA0000120FBF7CDFDFF23254C2649207018402A
:105FB000FBF75EFB20780121FBF722FB0520FBF7B6
:105FC00045FB002826D1082200211F48FDF7F8FDD7
:105FD000FCF736F80400FCF743FAFA22002392009B
:105FE00012184B41802109068B4202D30122174B24
:105FF0005242012102910021019115492000009196
:10600000FCF722F80028BEDB12480121FFF798FBBD
:106010000120B9E70120FBF7C1FA0B4B0100180082
:10602000FBF700FE002205200B49FBF74BFBEBE7DB
:10603000FBF7DCFDB4E7C046B8510110503000203A
:1060400082300020A55E001024300020FFFFFF7F7B
:106050005D5C0010881100204D5C00100048704706
:106060001C20011000487047C81F011010B5040023
:1060700017480378002B20D0002C06D1154B16486A
:106080004380063BFF3B038010BD052C19D8134B02
:10609000A400E05812490123013804E001330A80CA
:1060A0000231142B0FD0C25C002AF7D1C022DBB220
:1060B0005B00920008481343E5E7112100F01AF84D
:1060C000DAE70020E0E7CA2303489B00DBE7C0468D
:1060D0006030002009040000C8270020B01F011014
:1060E000CA27002010B5024800F0D8F810BDC046FD
:1060F0004030002030B54B1E012900D1A7E0664A90
:1061000011780D092C0030349F2900D9A2E00470C9
:10611000012B00D1BEE00F21147821400C00303457
:10612000092900D998E04470022B00D1B2E05478DC
:106130002509290030319F2C00D990E08170032B74
:1061400000D1A7E00F2121400C003034092900D9EB
:1061500087E0C470042B00D19CE0947825092900C5
:1061600030319F2C00D97FE00171052B00D191E0E7
:106170000F2121400C003034092900D976E0447108
:10618000062B00D186E0D4782509290030319F2CD8
:1061900000D96EE08171072B00D17BE00F212140F7
:1061A0000C003034092966D8C471082B00D171E085
:1061B00014792509290030319F2C5FD80172092BF1
:1061C00068D00F2121400C003034092958D844727E
:1061D0000A2B5FD054792509290030319F2C52D8E1
:1061E00081720B2B56D00F2121400C00303409292D
:1061F0004BD8C4720C2B4DD094792509290030312D
:106200009F2C00D9073101730D2B43D00F21214062
:106210000C003034092901D937310C0044730E2B9E
:1062200038D0D1790C09220030329F2900D90732A9
:1062300082730F2B2ED00F220A4011003731092A0A
:1062400001D830321100C173102B23D0103000233D
:10625000037030BD07345AE737310C0063E707316C
:106260006CE737310C0074E707317DE737310C00FC
:1062700085E707318EE737310C0095E707319DE759
:1062800037310C00A3E70731AAE737310C00C4729D
:106290000C2BB1D1C018DAE74030002010B588B01F
:1062A00004000D2200216846FDF78AFC0D22002122
:1062B00004A8FDF785FC4B236A466846137004A9C1
:1062C0000D220AF06DFE1521082220006944FDF719
:1062D0007DFC08B010BDC046F8B500F043F90C23B2
:1062E000194DFF22AB6705201849FBF7EBF9184C55
:1062F000402200212000FDF763FC402700230126F7
:106300002121144A66702783A260136063545F31B1
:10631000618445396354104A10496360E2602787FD
:10632000A1620B606362E2620AF072FE80239B0549
:106330002E64EB6490230A4A0120EA508022094B24
:106340005202DA64F8BDC04600001150D1050020A9
:10635000002C0020840010500001105080001050CC
:1063600010D001000020115010B501210520FBF7CD
:1063700047F910BD10B500220021024800F012F9C3
:1063800010BDC046202C0020044B1970002904D0F9
:1063900080219023024A8902D15070477A30002030
:1063A000002011500B785B0602D14B78052B00D0F2
:1063B00070478A78014B1A60FAE7C0460000115016
:1063C000F0B5C646C87800B58007830F1800012BCA
:1063D00060D08F780A794B797F213940FC091B0204
:1063E0004E001343334D32195201AA1897700127FA
:1063F0006740577000275B055B0DD7701383D0761D
:10640000B846CA00012C32D02B4FBC468F016244E3
:10641000BC46AC446746BA6047461760002932D094
:10642000264AC90090466246414451603F223F33AC
:106430009343022837D0224937190A687F01D318BD
:106440000B602049EF19FA608B422ED8361976017D
:10645000AD19EB7E1C499B064A401343802212066D
:1064600013436A681360012080BCB846F0BD174F23
:10647000BC468F016244BC46AC446746BA6247469C
:106480001760002908D1002364012C196360104BA8
:10649000E360E8E70020E7E70B4AC9009046624660
:1064A00041445162C2E75B00C5E7FCF7AFFAFA6806
:1064B000CCE7C046002C002084001050040010508F
:1064C00020300020FF0F10500000105080001050AE
:1064D0000001105010B50AF09BFD10BD10B57F20D3
:1064E0000C0020404000E409110000191A00034B81
:1064F0004001C01800F056F8012010BD002C00200B
:106500007F23180010B50840CA090B4203D1074980
:106510007D3B9B1A8B66400080188022044B400113
:106520000021C01812010AF09BFD10BD002011507F
:10653000002C00207F22130010B50B400A4200D12E
:1065400010BDC9095B005B1804485B01C01800233B
:1065500000220349C3700AF083FDF1E7002C0020FC
:10656000FFF7FFFF80220A4B520410B51A60094B57
:1065700009491A6010000B689843FBD18022002162
:1065800052010648FDF71CFB0922054B5A6710BD56
:1065900000E0004000F0004008C000400000105043
:1065A00000001150002310B5C3820133828283762C
:1065B000016104000AF064FD002804D080219023CA
:1065C000074A8902D15020000AF00AFD002802D0B3
:1065D0000123237710BD20000AF03AFDFAE7C046F8
:1065E000002011507047C0467047C04600207047D9
:1065F000002070477047C0467047C0467047C0468D
:106600007047C046024B5878431E9841C0B270474D
:106610003C220020024B18784007C00F7047C0464C
:106620003C220020F0B5D6464F464646C0B5314B19
:1066300007009A461B780E00FF2B01D0012044E092
:10664000002941D0002154222B48FDF7B9FA00223D
:106650002A4C2B4B20001A70FBF7C8FA294B1C6000
:10666000294C2000143CFBF7CFFA200001F00CFE6F
:10667000264B274D1C60274B002B2BD02800FFF703
:10668000BFFA254B2A7818602449002489462249FC
:106690000023884610E043461B6862019B18002BCC
:1066A00012D05B68002B0FD098472A780134E4B2EF
:1066B000511C2300A1420FDBA242ECD89B1A5B01C4
:1066C0004B445B68002BEFD10020E0BCBA46B146DA
:1066D000A846F0BD2A78D7E75346310038001F702E
:1066E000FFF7FAFD0028EFD03800FFF73DFE01204C
:1066F000EBE7C046BC1100203C22002034220020E1
:106700007B30002090220020B41100209422002031
:1067100076300020015C001064200020D820011099
:10672000F0B5DE4657464E464546E0B5C84B91B0FB
:1067300002931B78FF2B00D13EE1C64BC64E9B4611
:106740005F46C64B0DAC0193C54B009335686A6933
:10675000EFF3108172B61368002BFCD0BFF35F8F8C
:10676000A9612800210001F0BDFB6A69AB69BFF394
:106770005F8F0021116083F31088002800D11BE196
:106780006378082BE2D89B00FB589F466368002B78
:10679000DCD0A0689847D9E77F222179AF4D0A4025
:1067A0005300EB189846C809804440460123303016
:1067B00005799D430571057903339D430571002AD1
:1067C00000D100E14346A74A1B7D1278934200D3D3
:1067D000EFE0A54A5B011568ED18002D00D1EBE054
:1067E000A36862792078AD69A847AFE79F4A13781C
:1067F000002B00D1E0E01378013BDBB2137013787B
:10680000002BA3D10122954D01212B7804201343A5
:106810002B703423EA5C8A43EA54EA5C8243EA54EC
:106820000133EA5C8A43EA54EA5C8243EA542378FF
:1068300000209B4600F0A0FC602223791A40602AC9
:1068400000D1EFE0402A00D1F5E0DB06DB0E012BA2
:1068500000D113E1022B00D1C7E0002B00D0E1E012
:10686000202A00D11CE2002A00D0DBE06379092B4A
:1068700000D9D7E07E4A9B00D3589F46774D2B78AE
:10688000DB0700D462E7FFF7BBFE5FE7019BDB7825
:10689000DB0700D45AE76068FFF7A6FE56E76F4DA6
:1068A0002B78DB0700D451E728780007C00FFFF7EB
:1068B000A5FE4BE723786A4999468B46694B6A499E
:1068C00098468A4639001A7847460023B046002584
:1068D0004E46894610E053461B686A019B18002B00
:1068E00000D176E0DB68300098473A780135EDB2A8
:1068F000511C2B008D4244DC9542ECD39B1A5B016A
:106900005B44EFE7237858499946564B8A469846A8
:106910003100BB464E461A7800250023474689467B
:106920000FE053461B686A019B18002B55D0DB68AB
:10693000300098473A780135EDB2511C2B008D425A
:1069400007DC9542EDD39B1A009A5B0194466344A1
:10695000EDE7019D542200212800FDF731F91022B6
:10696000FF214448FDF72CF928002022FF21143094
:106970004E465F46FDF724F900F0F4FBFFF73CFEBE
:10698000E4E6364D542200212800FDF719F91022C3
:10699000FF21281DFDF714F928002022FF211430C3
:1069A00046464F46FDF70CF900F0DCFB2379AB704F
:1069B000CCE6501C984213DA11B0F0BCBB46B2468C
:1069C000A946A046F0BDA3686279207800F0E8FBF4
:1069D000BCE646464F46214DE6E74E465F46CBE7CE
:1069E0001F4D9B1A5B015D19FAE67023217A0B4259
:1069F00018D1C80982460F330B405B0098461948EE
:106A0000EB1853441B7D00789946834266D21648A2
:106A10005B01006881469944002A00D15FE14B4642
:106A2000002B68D120780021FFF76AFD80212078B3
:106A3000FFF766FD8AE6104800F09EFB01215846EC
:106A40000EAAFFF7C3F8002800D07FE6EAE7C046A9
:106A5000BC11002030200110942200203C22002094
:106A6000D820011076300020642000207B300020E8
:106A70005420011040220020CD5B0010237A0F2B00
:106A8000D0D8CF4AEB181B791578AB423ED3691C9E
:106A90009942C7DB5D1BCB4B6D01ED18686900F0B7
:106AA0006BFB012158466B690EAA9847002800D05D
:106AB0004CE66022150023791D401A42B2D1637959
:106AC0000A3B012BAED800F057FB63790A2B00D1AB
:106AD00099E158460EA900F0D9FA37E6431C4B4518
:106AE00000DAF7E04B461B1A5B019946B548814432
:106AF000002A00D1F3E04B46586900F03DFB4B46BD
:106B0000012158465B690EAA98479CE7AE4A5B0193
:106B10001568ED18002DC1D184E7A37999466B78EB
:106B20009945D6D06B78002B00D033E14B466B7083
:106B3000002B00D12BE148460138C0B2FFF792FA92
:106B4000002800D17EE143780793022B00D079E141
:106B50000122C179B1468B11491113400A403021FD
:106B600012015B0113432A78A8468A4313432B7012
:106B700009239A4682445646BA46C37882781B0255
:106B80001343C31805938E4B04938E4B08938E4B7F
:106B900009938E4B0A93059BB34200D855E1737855
:106BA00001220B2B03D13378F278F6187378042B7B
:106BB00000D044E1059B00279B1B9BB20693049BDE
:106BC0000B921D78002303931BE0099A7B01156843
:106BD000ED18002D00D132E1310058462B69069A9C
:106BE00098478446082803D9069A824200D313E1C5
:106BF000049B01371D78FFB26B1C03979F4200DD99
:106C00001DE1BD42E1D8039B5D1B089B6D019C46C5
:106C10006544E1E76B780CAA0232137058460123F1
:106C20000EA900F049FA91E5E3881A0AD8B20F2AB2
:106C300000D9F7E666499300CB589F460EA800F0AE
:106C4000A1FA5846A179FFF795FB02222B7813434E
:106C50002B707BE5E388012B00D0E3E608222B783C
:106C6000584693430EA92B7000F010FA6EE50220EF
:106C700029780CAB9A1C8B068908DB0F01400B436B
:106C80001380584602230EA900F016FA5EE5E38849
:106C9000012B00D0C6E608222B7813432B7018E78F
:106CA000237A0F2B00D9BDE6EB181D79444B1B78D6
:106CB0009D4228D2444B6D011B685D19002D00D107
:106CC000B0E6686900F058FA012158466B690EAACF
:106CD0009847B8E6002A00D0A4E6002399466279D6
:106CE0000220130003928343012B15D0002A00D009
:106CF00098E62B004344534430331B790CAA9B077E
:106D0000DB0F0232BCE75A1CAA4200DA8AE6ED1A0F
:106D10002C4B6D01ED18D4E7E388002B12D1029BB8
:106D20001878039B012B23D0FFF7EAFB434602218F
:106D3000EB18534430331A790A4301211A711A7936
:106D40000A431A714B46002B00D1FFE4586900F04A
:106D500013FA4B4601215B690EAA5846984700205A
:106D600000F00AFA3523EB5CDB0700D5EEE4B0E671
:106D7000FFF7E0FB43460221EB18534430331A7906
:106D80008A431A711A7903998A431A71DAE7FFF76D
:106D900033FC9EE600215846FFF7F6FA5846FFF707
:106DA00099FBAB78074903930491054B0649984634
:106DB0001A780591002329001D008A461BE0C04671
:106DC00076300020D82001106420002050220020BE
:106DD0007C200110059B6A011B689B18002B4DD07D
:106DE000DB685846984743461A780135EDB2511C86
:106DF0002B008D422EDC9542ECD39B1A049A5B014A
:106E000094466344ECE70CAB9A1C584601230EA948
:106E1000157000F051F999E40B9A012A4FD0002A1D
:106E20003CD00023B07804E00133DBB20F71934211
:106E300034D2C118C9B241440D79FF2DF4D04E4669
:106E40004546574600236B70ECE54E465746FFF724
:106E5000D1FB3EE65546542200212800FCF7B0FE47
:106E60001022FF21281DFCF7ABFE28002022FF2165
:106E70001430FCF7A5FE039BAB7057E65546FAE7C6
:106E8000FEF7A0FE021E00D1CCE5D37891781B025C
:106E90000B4358460EA900F00FF9D4E565463B00B8
:106EA0002A0031000A9800F08DFEAC46049B039A3C
:106EB0001B7866440133934200DB6CE6BFE7174B57
:106EC00029699942ADD1079AABE7FFF78FFB021E04
:106ED00000D1A7E5584613780EA900F0EDF8B2E509
:106EE0002189FFF7C3F8021EF4D19BE5022A0FD0D7
:106EF000FFF77EFB021EC8D194E5FFF7AFF8021E34
:106F000000D18FE5122358460EA900F0D5F89AE576
:106F1000FFF7A8F8021EB8D184E5C04685750010B9
:106F2000F8B557464E46DE4645460C00E0B516001D
:106F30001F00002A3CD01F4B00259A46702399461B
:106F40001D4B9B4617E05B462000997800F0FCFD46
:106F500000281FD021004046FFF732FA002819D040
:106F6000A378DA09012A1CD00A9A01351370237814
:106F7000E418B5421CDA6378052B0BD1E3789B0744
:106F80009B0FBB4206D153464A461B789846A378CE
:106F90001A42D8D00020F0BCBB46B246A946A04653
:106FA000F8BD0B9A013513702378E418B542E2DB83
:106FB0000120F0E7BC1100203C220020702270B5B7
:106FC000094B0C001D788B781A4201D0002070BD4F
:106FD000064B2000997800F0B7FD0028F6D021007C
:106FE0002800FFF7EDF9F2E7BC1100203C22002059
:106FF0000B007F2010B51840DB0934334000044AF1
:10700000C018044B1168C01800F05AFD10BDC046EE
:10701000902200203C2200200B007F2010B5184059
:10702000DB0934334000044AC018044B1168C0180F
:1070300000F06EFD10BDC046902200203C220020D2
:1070400070B57F240F480C4064000419CD09641901
:1070500030342079C00701D5002070BD0126257984
:107060000948354300782571FFF738FA0028F4D134
:1070700001222379934323712379033293432371AC
:10708000EAE7C0463C220020BC11002070B5094C44
:107090000600082220000D00FCF798FD0023802147
:1070A000E360A3602B783000994300220023FFF7B0
:1070B000C7FF70BDF4210020F8B5CE464746904684
:1070C000264E80B58146082230000D001F00FCF7D7
:1070D0007DFD4346B3600023F381EC79AB79240254
:1070E0001C43231CBC4200D93B1C9FB2B381002C23
:1070F0000ED0002F18D04346002B2CD03B1C402F25
:107100001BD89FB233787F2B1CD80021144A0FE084
:1071100080212B780022994348460023FFF790FFF7
:10712000C0BCB946B046F8BD7F23002231789943F0
:107130003B004846FFF784FFF2E740239FB23378D5
:107140007F2BE2D9064C3A0041462000FCF73EFD79
:1071500080212200ECE70020E2E7C046F421002075
:10716000B421002010B5142200210248FCF728FDAC
:1071700010BDC046F4210020014B18617047C04685
:10718000F421002010B5054C010008222000FCF776
:107190001DFD0023A360E36010BDC046F421002064
:1071A00070B5384C1D0023780600DA09C9098A42F7
:1071B00010D00020002D00D070BD21003000FFF75E
:1071C000F1F82369002B03D02200032130009847F7
:1071D0000120F1E7A0687F2B05D8002834D02A00D1
:1071E0002949FCF7F3FCE289A1685219E38892B2BD
:1071F0004919E281A160934214D03F2D12D9A3898D
:10720000981A051C80B240282AD82078ADB27F2871
:1072100028D800219A4232D01B4A2B003000FFF7B9
:107220000FFFC9E72369002B05D02200022130009F
:10723000984700280AD08021237800229943300003
:107240000023FFF7FDFEB7E70020B5E7002130007F
:10725000FFF756F930008021FFF752F90120ABE724
:107260004025D2E79A4207D0074C2A002000FCF7BD
:10727000ADFC80212200D0E780210022CDE7002252
:10728000CBE7C046F4210020B421002070B50500F2
:10729000FFF7B8F9002800D170BDFFF7BBF900284F
:1072A000FAD1C8236B43124CE618F1780029F3D0C9
:1072B00010331C19200000F0FFFD3F28ECD90020FE
:1072C000F178FFF795FE0028E6D0200000F0F4FDED
:1072D0003F2808D9074BEA01D218F1784023002053
:1072E000FFF7AEFED8E7F1780020FFF795FED3E771
:1072F000EC2000206820002010B50400FFF782F980
:10730000002801D1002010BDFFF784F90028F9D131
:10731000C8226243024B01309B181B791840F2E7E8
:10732000EC200020C82310B543430248181800F091
:10733000A5FD10BDFC200020F0B5C824C646802362
:1073400044431F4F1034050000B53C195B029A42BC
:1073500000D31C4A200092B200F012FE8046FFF7D4
:1073600051F9002803D1404680BCB846F0BDFFF774
:1073700051F90028F7D1C8266E43BE19F378002BC7
:10738000F1D0200000F098FD3F28ECD90020F178E2
:10739000FFF72EFE0028E6D0200000F08DFD3F28EC
:1073A00008D9094BEA01D218F17840230020FFF7F1
:1073B00047FED8E7F1780020FFF72EFED3E7C0465E
:1073C000EC200020FFFF000068200020F8B5060038
:1073D000FFF718F9002801D10020F8BDFFF71AF9CE
:1073E0000028F9D1C82474432500134F2435ED1922
:1073F000280000F043FD0028EED03F190020B978A6
:10740000FFF7F6FD0028E7D00C4BF401E41821004B
:107410002800402200F0B4FDB978051E08D0030012
:1074200022000020FFF70CFE0028D5D02800D4E76A
:107430000020FFF7F1FDCFE7EC200020A82000207E
:1074400070B5C82444430C4B0500E41880235B024C
:107450009A4200D3094A200092B200F059FE060079
:10746000200000F00BFD3F2801D8300070BD28003F
:10747000FFF7ACFFF9E7C04610210020FFFF000036
:10748000C82310B543430248181800F015FD10BD7D
:1074900010210020F0B50025184C83B0C82200212F
:1074A0002000FCF78DFB164B21001D70FF2363713C
:1074B000E1235B02A360200008234022A37338313C
:1074C0000095073B103000F0A3FC270001232100AA
:1074D00020002600402278310093B837243000F095
:1074E00097FCC0363800FAF781FB3000FAF77EFBD4
:1074F000E56127622663656303B0F0BDEC200020E0
:10750000E82000200B4B196B00290AD01A6A002AC8
:107510000DD000221A621A63DA6100225A63012038
:1075200070471A6A002AFAD0D9611962F7E71A631C
:10753000F3E7C046EC20002070B50F4C0522002177
:107540002000FCF73DFB0D4D2B78DA0707D50C4CDE
:107550009B070CD50121200000F0B6FE70BD200075
:10756000103000F091FE2B78054C9B07F2D42000E0
:1075700000F08AFEEEE7C046EC200020E820002064
:1075800010210020F0B54B79060083B0022B02D108
:107590008B79022B03D00025280003B0F0BD214FCA
:1075A000BB78002BF7D18B7809253B700C780C1930
:1075B0006378242B0BD1082A02D80FE0AA420DD3FE
:1075C0002378E4185D196378ADB2242BF6D0052B2F
:1075D00008D0042B02D163790A2B11D00020FFF7C9
:1075E00055FED9E721003000FFF7E8FC0028D2D093
:1075F000A3787B7023785D19E4186378ADB2E8E76F
:10760000094B2778019301330093022202233000B3
:10761000E119FFF785FC0028BDD00E35ED19ADB29C
:10762000DCE7C046EC200020EE200020F8B5602307
:1076300014001278050013400020202B07D1304A97
:107640006379277916781B023B439E4200D0F8BD30
:107650006378222B1AD007D8202B34D0212BF6D1D7
:1076600001293ED00120F2E7232BF0D1012940D09F
:107670000329F7D1234B002BF4D0E178A37809023A
:107680000020194300E000BF0120E0E7012930D0CD
:107690000329E7D101252E00A378E47802392402DA
:1076A0001C431471264024321000714000F00CFE7F
:1076B000154B002BD6D06208002031002A4000E094
:1076C00000BF0120C3E701290BD00329CAD10F4B0A
:1076D000002BC7D0083200201100FEF797FA0120D6
:1076E000B5E7072321002800094AFFF7E5FC012040
:1076F000ADE721002800FFF7C9FC0120A7E7C0463D
:10770000EC20002000000000000000000D5C0010D4
:10771000F4200020F0B54F464646D646364DC0B55B
:10772000EA781F0080460C00AB788A423BD08B423F
:1077300010D00020E0BCBA46B146A846F0BD2F4BA1
:10774000002B04D02E4800F0AFFB002851D00020C1
:10775000FFF79CFDAB78A34201D00120EAE7294B5B
:10776000002B02D0002000E000BF0020FFF72EFE1B
:107770000028F2D1244C200000F080FB0028ECD13E
:10778000002FEAD0BF06E8D1243C4046A178FFF79D
:107790002FFC0028E1D0002300224046A178FFF70B
:1077A0004FFC0120C6E710239A46184EAA44310028
:1077B0005046BAB200F0ACFC154B002BBFD06B7931
:1077C000FF2BBCD0002FBAD0F219914603E001364E
:1077D000B145B4D06B7932789A42F8D1504600F076
:1077E00063FB0028F3D15346103B597900E000BFFA
:1077F000EDE700E000BFAAE7EC2000200000000059
:10780000FC20002000000000102100206820002043
:10781000000000009322F0B5134C85B00021200039
:107820009200FCF7CDF923002000802640270F4D61
:107830004D337600FF332930029500930022002358
:10784000002103970196FF3000F0D6F94035201D46
:107850002834002301220021039702950196009409
:1078600000F0CAF905B0F0BDE0230020602300203D
:1078700010B5054C200000F0F5F920002538FF3840
:1078800000F0F0F9012010BD0825002070B5084C6B
:10789000002520003130FF30257000F0F5FC20007D
:1078A0000C3000F0F1FC2A23FF33E554657170BD04
:1078B000E0230020F8B557464546DE464E46E0B583
:1078C0004B7980460F00FF2B27D1424B0C7899460D
:1078D0002A234946FF33CB5C002B1ED14E79002E64
:1078E0001BD1BB783C190B703B79002B12D098232D
:1078F0005B004B449A460C234B449B46A518637887
:10790000052B05D110E02378E4186378052B0BD004
:10791000A542F8D8E01B80B200E00020F0BCBB46D6
:10792000B246A946A046F8BDA542F3D9210040467B
:10793000FFF744FB0028F0D0A3780136F6B2DB094C
:10794000012B29D0504600F09FFC2A234946A278FB
:10795000FF33CA54637922791B0213431E4A5B0525
:1079600094465B0D942163445A4253414A46022097
:107970004900525C5B00824313434A4653545146CC
:107980004046083900F0D6F90028C6D02378E4181C
:107990003B79B342B3D8BDE7584600F075FC5A4670
:1079A000A3780C3A5371637921791B020B430A497E
:1079B0005B058C465B0D634459424B4102201179B3
:1079C0005B0081430B43594600200839137100F0D6
:1079D0007FF9DBE7E023002000FEFFFF70B5050024
:1079E0002A201F4CFF30205C1E006379884203D0A0
:1079F00000208B421DD070BD9A235B00E35A002B00
:107A00000DD1184B002B04D000201749B2B200E072
:107A100000BF2800154900F08DF90120EBE7200098
:107A2000962331305B00E158B2B2FF3000F070FBBA
:107A3000E7E70F4B002B04D031040020090C00E0D5
:107A400000BF0C4C2800210000F042F90028E4D1CE
:107A500032002100280000F007F90120CBE7C046E2
:107A6000E023002000000000602300200825002003
:107A700000000000E423002000B5030083B00029CB
:107A800010D00020012B07D80A78002A04D00B4818
:107A9000C2540120012A01D003B000BD1800FEF736
:107AA000C1FDF9E7012301A900200B80FEF7BAFD13
:107AB0000028F1D00122014B1A70EDE7302200209E
:107AC000037870B5DB0704000E00DD0F002B17D123
:107AD00003785B0701D5280070BD012130004942C1
:107AE00009F09EFA2378DB07DD0F002B0AD12378FB
:107AF0005B0708D40422237801251343237002E096
:107B00000025E8E70025300009F052FAE3E7C04617
:107B100070B50C00012106004942200009F080FAEE
:107B200033785B07DD0F002B04DB200009F040FAFF
:107B3000280070BD3378DB0704D4042233789343E4
:107B40003370F2E70025F0E7437902791B02134313
:107B5000C2785B0592075B0D920F022A1DD0032AA3
:107B60000CD00020012A08D102394A425141124A60
:107B70009446614499424041C0B2704702394A1E5E
:107B800091410E4A494211408022D2009446002081
:107B9000614499424041C0B2EFE7022905D000207C
:107BA00040229A424041C0B2E7E7054A9818434252
:107BB0005841C0B2E1E7C046FF03000040FCFFFFB0
:107BC00000FEFFFF8A1870B5914207D27F264C78DD
:107BD000052C04D00C7809198A42F8D870BD3400FD
:107BE0008D782C4064000419ED0963550C7809194F
:107BF0008A42ECD8F2E7C046F0B5C64600B582B07E
:107C0000150008AA40CA040017880BAA1288012090
:107C100090460A00217802408143200011432170E0
:107C20003A00009331000123083000F0F1F8002EF3
:107C300001D0002F08D10A9B012063604346638076
:107C400002B080BCB846F0BD26001C363000F9F703
:107C5000CDFF0023002D01D0330000266361A66113
:107C6000E9E7C04601207047F8B502240B78070009
:107C70001C4063425C41144B64421C40134B08009F
:107C80009C4608300D001600644400F0F7F8002808
:107C900007D1002E05D0344203D101242B781C4299
:107CA00001D00020F8BD38006978FFF7A1F900285D
:107CB000F7D02B781C42F4D10023002238006978D9
:107CC000FFF7BEF9EEE7C04640FEFFFFFF010000F0
:107CD000F8B50D000835060028000C0000F0CEF8BD
:107CE000002803D0012723781F4201D00020F8BDCF
:107CF00030006178FFF77CF90028F7D0280062880F
:107D0000616800F03DF92378051E0BD01F42EDD1CC
:107D10000300626830006178FFF792F90028E5D02F
:107D20002800E4E71F42E1D130006178FFF774F9E1
:107D3000DCE7C046F8B5CE46474680B58A890500DF
:107D40000C000B78002A07D101261E423FD00020EC
:107D5000C0BCB946B046F8BD9B0734D5FE2380268B
:107D60001B029946B60027000837380000F0A4F837
:107D70008642ECD80122237890461A42E7D12800A7
:107D80006178FFF735F90028E1D0380000F094F869
:107D9000864231D84146237862881942D7D14B4672
:107DA0001840061C904200D9161CB6B20022617819
:107DB000002E00D0626833002800FFF741F9002848
:107DC000C5D03000C4E7114B40269946CBE749782F
:107DD000FFF70EF90028BAD0227863881642B6D190
:107DE00000226178002B00D062682800FFF728F994
:107DF0000028ACD06088ABE7424623781A42A6D16F
:107E000028006178FFF708F9A1E7C046C0FF00002D
:107E1000F0B5C64600B5040006A80578802088465F
:107E200017001E000002824226D8E068002803D016
:107E30000121494209F0F4F82069002803D001210A
:107E4000494209F0EDF84346236073045B0CED03EF
:107E50001D430023E0686381A780E580238100281B
:107E600001D009F0A5F82069002801D009F0A0F898
:107E7000012080BCB846F0BD0020FAE710B50489A7
:107E800041898288A3B288B28C4207D31B1A9BB265
:107E9000101C9A4200D9181C80B210BD5100091A5A
:107EA0005B189BB2F4E7C04603894089181A434225
:107EB0005841C0B27047C04610B5048941898288D4
:107EC000A3B288B28C4207D31B1A9BB200209A42FD
:107ED00001D9D21A90B210BD5100091A5B189BB299
:107EE000F4E7C04670B5040000690E00002803D016
:107EF0000121494209F094F825896089A288A9B234
:107F000083B285422CD3CD1AADB2002D2ED0AA4219
:107F100008D2914230D3891A8BB263819A4203D836
:107F20009B1A9BB29A42FBD9E28821685204520CF8
:107F300053433000C918FBF749FE63890125591CDA
:107F400089B2A2888B4213D900215200891A89B2C2
:107F500020696181002801D009F02AF8280070BD4D
:107F60005500ED1A4D19ADB2002DD0D1618989B2FD
:107F700052009142ECDBE9E789188BB26381CDE7CF
:107F8000F0B546464F46D646C0B50600006989465C
:107F90009046002803D00121494209F041F8318977
:107FA0007289B5888BB294B2914254D31F1BBFB271
:107FB000002F4AD0BD4205D2AB4251D25B199CB2D0
:107FC0002F0074814346B8453DD89FB2A54203D8DF
:107FD000641BA4B2A542FBD9F28831685204520C4A
:107FE000904662432B1B9BB2891842469F4225D97B
:107FF00053439BB21A0048469A46FBF7E7FD4346B7
:1080000048467D1B64195C4331685044A2B2FBF7BB
:10801000DDFD7189B588CB199BB26A00994216D9EA
:108020009B1A9BB230697381002801D008F0C0FF11
:108030003800E0BCBA46B146A846F0BD48467A438F
:10804000FBF7C4FDE5E73B1CBFE773899BB26A0001
:108050009342E7DBE4E76F003F1BDF19BFB2A7E7FE
:108060005B1B9CB2ACE7C046F8B50400C0680E00CC
:10807000002803D00121494208F0D2FF2589208938
:108080006189A288ADB283B28FB2884229D3DB1B4B
:108090009BB29A4209D8E779FF0906D1E068002827
:1080A00001D008F085FF3800F8BD95421ED32B00A3
:1080B0009B1A9BB29342FBD2E28820685204520C76
:1080C00053433100C018FBF781FD6B1C9BB2A288A3
:1080D0009D4218D9002352009B1A9BB2012723818D
:1080E000DCE75100C91B5B189BB2D2E72B00E2888A
:1080F00020685204520C53433100C018FBF766FD50
:108100000135A288ABB252009342E7DBE4E7C046F8
:10811000F0B557464546DE464E46E0B5140005002C
:108120000F0083B0002A75D0C068002803D0012159
:10813000494208F075FF2E89E9796A89AB88B6B2A1
:1081400092B2C90945D1964200D36DE059008A1A0E
:10815000B21892B2002189469A4234D29A1A111C5E
:1081600092B2A24200D9211C8AB29146EA885204F6
:10817000520C90464A46B21892B292464A46D21AD9
:1081800092B2934634009E4203D3E41AA4B29C42B6
:10819000FBD24246624328681B1B9BB280184246B2
:1081A0004B4554D34B4639005A43FBF70FFDAB8880
:1081B0005B00564501D89A4503DB5246D31A9BB261
:1081C0009A4653462B81E868002825D008F0F0FE37
:1081D00022E0E9884904490C88469C4227D296420D
:1081E00047D3B11A89B28C465800E11A89B28B463E
:1081F00061460919814208DBD11889B20E1BB6B25B
:108200008A46B2423BD9361AB6B2A21992B2924607
:10821000A146B7E700239946484603B0F0BCBB46E9
:10822000B246A946A046F0BDB21A92B292E700212A
:108230008946002BC7D04146E41A4C431600D1189A
:10824000002289B28A46994693463F199AE75343DA
:108250009BB21A0039005C440193FBF7B7FC41461E
:1082600022004A43019B286892B2F918FBF7AEFC42
:108270009DE75800811A711889B28C46B5E7A1466E
:10828000B04200DD7EE7BEE710B50400C0680028FC
:1082900003D00121494208F0C3FE2069002803D021
:1082A0000121494208F0BCFE0023E068638123817C
:1082B000002801D008F07CFE2069002801D008F0D9
:1082C00077FE012010BDC04670B50400C0680D00E7
:1082D000002803D00121494208F0A2FE20690028AD
:1082E00003D00121494208F09BFE7F21E379ED0193
:1082F0001940E0682943E171002801D008F058FED8
:108300002069002801D008F053FE012070BDC0464E
:1083100010B50A4B0A4AC418240DA40082B000927A
:1083200008482200E31CF9F7DFF8844202DC001B56
:1083300002B010BD01204042FAE7C0460000E0AFA5
:10834000D013011094270020F0B55746DE464E4664
:1083500045468846E0B583B006000524F9F78CF859
:10836000434684461C571879364B374AF3181B0D81
:108370009B009246D75801228240013A002C42DBF2
:108380002021091A8C423BDC1100A14025000F423C
:1083900036D14146096889464146897900294DD13F
:1083A000AA4093463A423FD1802189010022884663
:1083B000002816D06146A44634004E469946030074
:1083C00001915100705A404500D2401951191231A3
:1083D0008900013208519342F3D8019B64469C46C0
:1083E0004B465A4617435246D7506046F9F750F865
:1083F000200003B0F0BCBB46B246A946A046F0BD83
:1084000001246442F1E72024241A0DD41100A14074
:1084100025008B46394205D109E01100A140250015
:108420000F42B6D0013CF8D209246442DDE742464F
:108430001268914642469279002AB5D014246442CB
:10844000D3E7C0460000E0AF58230020F0B5DE4679
:1084500057464E464546E0B51600DC22924685B0AA
:108460001C004B0002935B18DB00C518AA4452465F
:10847000834628001268CC30009202682B000192DB
:108480001B4A80209446800263441860002C1DD053
:108490008023DB0499460123D83598462B00E0273A
:1084A00055469A463F0203912000FAF7D9FB4A4607
:1084B000430113432B6033004246C34013405246EE
:1084C0003B431360631E1C40EED10399029B5B1873
:1084D000DB005B441A000099DC321160019ACC3356
:1084E0001A6005B0F0BCBB46B246A946A046F0BD36
:1084F000CC300000F0B5DE4657464E464546E0B566
:108500001600DC22924685B01C004B0002935B18DB
:10851000DB00C518AA445246834628001268CC30B6
:10852000009202682B0001921B4A80209446800230
:1085300063441860002C1CD08023DB04994601237F
:10854000D83598462B0055469A46144F0391200083
:10855000FAF786FB4A46430113432B603300424639
:10856000C340134052463B431360631E1C40EED190
:108570000399029B5B18DB005B441A000099DC3214
:108580001160019ACC331A6005B0F0BCBB46B2460C
:10859000A946A046F0BDC046CC30000080E00000F7
:1085A000F0B501258D400468AC430460002B2ED04B
:1085B0004D006C18E400041926001F68C8363760A7
:1085C0009F68043677605F68DB68DC34376023605F
:1085D0006B18184DDB00AC468025C41864442D068A
:1085E00025602560144C0D1D8C40846001242600FC
:1085F000AE40802508318C401F21AD014519C018BF
:108600000A40D8302E602C6002600020F0BD4D0082
:108610006C18E400041926008027C8367F023760F2
:10862000C0273F03B760F82704367F02DC34376089
:108630002360CDE7D010000001010101484B02008A
:108640009C466244531E9A418023F0B54E46DE4656
:10865000574645465B029C46E0B5424B12046244D5
:1086600085B002901A60404B0E0040491A6010001D
:108670000B689843FBD10620FAF7BEF80223029953
:1086800004008C464A6801901A4003920A1D9046E5
:10869000374AF10D624491461360700200295AD1A5
:1086A000A04258D8802464000227A246B446B30DE5
:1086B000B20204E0019E96420AD322002B00023748
:1086C000574505D004000D00A4185D41002BF1D0E2
:1086D0006646019B80259A46B3463C02E41B6D002A
:1086E0002E00013D002D38D021005046FAF7E6FA61
:1086F000E41B8345F4D2310079432D02029CFF2212
:108700008026A4462761236812026B4076016644E6
:10871000134033608023039A9B0143441A604D4603
:108720000222072760682A60256810406F40CF2525
:108730003D40356018600F48844603206444206043
:1087400001981A60FAF7BAFA05B0F0BCBB46B24617
:10875000A946A046F0BD0227BBE73900CEE7C046D8
:108760000040FCBF00E0004000F0004008C00040B6
:108770000430000024200000F0B504000D001600B5
:108780001F00002838D0002E31D0631C1ED0731C6F
:1087900022D020002900801979418D4203DD002F6D
:1087A00010DC0DD0F0BD8D4207D0A9421ADD002F9C
:1087B000F8DA802100200906F4E78442F5D9EEE7D3
:1087C000002EEFD001200F494042EBE70D4B9D42B8
:1087D000DDD120002900E5E70A4B9F42D9D13000C6
:1087E0003900DFE7A942DDD1A042E0D8DAE78023F3
:1087F0001B069F42C9D1F2E780231B069942C2D1D2
:10880000E7E7C046FFFFFF7F84B0059B0292049A12
:108810008B4212DC0FD099420BDC08D0029B0698E9
:1088200083420AD398428041404204B0704790424C
:10883000F4D90120F9E78242EDD901204042F4E762
:1088400082B0F0B585B00A920B9304000A9E0B9F8C
:108850000C9D002E23D00F9B002B24DB0E980F992C
:1088600001221C4B5242121A8B41BB4221DD1022C5
:1088700068460AA9FBF7AAF90E9B0F9A0135134324
:1088800021D1102269462000009601970295FBF73E
:108890009DF9200005B0F0BC08BC02B01847802349
:1088A0001B069F42D7D1102220000AA9FBF78EF9A0
:1088B000EFE7BB4201D1B242D9D8102220000649CD
:1088C000FBF784F9E5E70E9A0F9B0025B6185F4188
:1088D000D7E7C046FFFFFF7F1821011041690069FB
:1088E0007047C046034B416900691A685B68801A8B
:1088F00099417047C011002000B583B0684600F070
:108900004FF90098019903B000BDC04600B583B08F
:10891000684600F045F900980199034B1A685B68B6
:10892000801A994103B000BDC0110020F0B54E4639
:108930004546DE465746E0B51D001300040016000C
:1089400093B02B4300D1C1E0002D00DAABE00492DC
:10895000FA2200233000290092000595FAF7D4F995
:1089600080460F00002D00DCC3E006900791002335
:10897000300029007A4AFAF7C7F982468946002D65
:1089800000DCAAE0534608934B46300009932900C7
:108990000023744AFAF7B8F980460F00002D00DC76
:1089A000B3E00A900B91E823300029006E4AFAF7F1
:1089B000ABF982468946E82D00DCB1E053460C93C2
:1089C0004B4630000D932900684B694AFAF79CF931
:1089D000664B834603919D4200DCAAE05B460E9302
:1089E000039B30000F932900624B634AFAF78CF91E
:1089F000604B80460F009D4200DCA5E0062507265F
:108A00001090119103239946013B9B46013B9A46E6
:108A1000023EFA224046390000239200FAF774F928
:108A200056499046009220000A00019305211F003C
:108A3000FCF75CFC002F0BDC07D003DC56D143466F
:108A4000092B53D9D946023403E04346632BF6D9A8
:108A50000334002D1FDDF30004AAD518484B37005E
:108A6000984628686968FA2200239200FAF74CF9C0
:108A700020000092019308214246FCF737FC0434A1
:108A80003B00083D013F002BEBDCF343DB171E40AE
:108A90000136B600B144484613B0F0BCBB46B246FE
:108AA000A946A046F0BD02223649FBF78FF8029B8B
:108AB00002269846042301259946013B9B46013B2B
:108AC0009A46039F013476426D42A2E702222E4964
:108AD000FBF77CF801239946DDE7002D03D12B4BF2
:108AE0009E4200D94EE7012502268BE7D14601348C
:108AF000AFE7002D04D1FA239B009E4200D334E758
:108B0000B0462F00012600257CE7002D03D1204B25
:108B10009E4200D945E7D0464F460225032671E71D
:108B2000E82D03D11B4B9E4200D947E703250426BD
:108B300068E79D4203D1184B9E4200D94EE7D046CC
:108B40004F46042505265DE79D4203D1134B9E4207
:108B500000D953E7D84605250626039F52E7C046AD
:108B600040420F0000CA9A3B0010A5D47E8D03003E
:108B70000080C6A4B3B6E00D000064A7F81301108E
:108B800000140110F4130110881201103F420F006D
:108B9000FFC99A3BFF0FA5D4FF7FC6A4FFFF63A7C1
:108BA000D0B5D6464F4680B582B0040003F066F8D3
:108BB000824600282AD1174B9946002200234846B6
:108BC00003F0D8F80B006168020020688B4202DCD9
:108BD00014D1824212D901260027B6185F414846B7
:108BE000266067600096019703F0DAF80028E4D069
:108BF000504602B0C0BCBA46B146D0BD009001910B
:108C0000484603F0CDF80028D7D0F1E701235B42B6
:108C10009A46EDE7C811002010B503F041F810BDE9
:108C200070B51500FAF772FF041E0DD0002D09D0A3
:108C300008210120FAF76AFF061E09D02B6834606C
:108C40002E607360200070BD034801F0C1FEEDE7A7
:108C5000014801F0BDFEF1E708140110010070B5F4
:108C60000120FAF753FF051E0CD008210120FAF766
:108C70004DFF041E0AD0074B28001A6825601C60AF
:108C8000626070BD044801F0A3FEEEE7024801F007
:108C90009FFEF0E7182200200814011082B010B5E2
:108CA000303084B001000692040010226846079319
:108CB000FAF78CFF06980799089A099BFFF7A4FD1D
:108CC000002804DA1022200006A9FAF77FFF04B07A
:108CD00010BC08BC02B01847F8B543780500002B5B
:108CE00000D1F8BD00F0D2FFE96D6A6DAB6D914225
:108CF00001DD11002B6D002906DD002089005918C7
:108D000004CB10709942FBD12B6E002B18D02E0093
:108D1000603630000024002701F098FA84420FD218
:108D20002100300001F06CFA002803D00368002B0A
:108D300000D01F603000013401F088FA8442EFD384
:108D40000023EB65CDE7C046010082B000B585B0D9
:108D500006926846102230310793FAF737FF099BD5
:108D600006980799089AFFF74FFDC317181AC00F06
:108D700005B008BC02B01847F0B5DE46474680B5DE
:108D8000804685B0806C01F087FC10234344041EAC
:108D90009B4653D04746102259466846FAF716FFBD
:108DA0000FCCFFF731FD041E48D1B86C01F078FC00
:108DB00005008069002853D0EB6982699846002A33
:108DC0000BDD436930269C466146A300C9588B5D84
:108DD000002B38D001349442F6DB49230122C254DF
:108DE000037F002B04D0C36A826A002B42DC3FD091
:108DF000380001215C3002F0B1FF7A6D0300A869F0
:108E00009A4204DD0100BA6D9B00493199504146F8
:108E100000F002FF404600F021FF00210022002365
:108E200029606A60A961EA61AB602900F86C01F011
:108E30002BFCB86C01F030FC041EACD105B0C0BCFA
:108E4000BB46B046F0BD01223800524201F06AF83C
:108E5000A86901348269A242BFDD43699C46B3E739
:108E600000230024A8602B606C60AB61EC61DCE740
:108E7000002ABDD00021009101003800F7F750FA18
:108E8000A869C4E710B5C06C01F00AFC041E01D04B
:108E9000200010BD20210120FAF738FE041EF7D172
:108EA000014801F095FDF3E708140110F0B54746BD
:108EB000CE4680B50E6A4F6A330080460D0089B0F9
:108EC0003B4332D18B690024002B0CDD6B69A2007F
:108ED000D15801224046524201F024F8AB690134D6
:108EE000A342F3DC0124AE6AEF6A33003B4316D0A1
:108EF0004046FFF7F3FC36184F414146002310224D
:108F000030316846069304960597FAF75FFE049899
:108F10000599069A079BFFF777FC002807DD2000DC
:108F200009B0C0BCB946B046F0BD0024E0E74346F6
:108F3000D86C01F0B5FB011E09D000238B604346BD
:108F40000E604F60986C8D6101F09EFBE7E7203169
:108F50000120FAF7DBFD8146011EEED1024801F047
:108F600037FD4B469D61FFDE0814011070B505000A
:108F7000C06F002825DD00240026AB6FA200D15869
:108F8000002906D02800FFF791FF002800D0060036
:108F9000E86F01348442F0DB002801DC300070BD52
:108FA000E86C01F07DFB011E0DD0002200230020A3
:108FB0008A61CB6188600A604B60E86C01F064FBF9
:108FC000ECE70026EAE720310120FAF79FFD0400D4
:108FD000011EEAD1034801F0FBFC002200232260BD
:108FE0006360FFDE08140110F8B584230500C05843
:108FF000002480268427002803DC13E00134844207
:1090000010DAAB59A200D1580029F7D08B6D002B94
:10901000F4D101222800524200F084FFE8590134C3
:109020008442EEDBF8BDC046F8B58C230500C0587D
:10903000002488268C27002803DC13E001348442B6
:1090400010DAAB59A200D1580029F7D08B6D002B54
:10905000F4D101222800524200F064FFE8590134A3
:109060008442EEDBF8BDC0460022002310B5002488
:109070008A61CB610A604B608C60C06C01F004FBBC
:1090800010BDC04670B50400C0690D00884201D013
:1090900000F0E4FDE56170BD82B0F0B5070087B077
:1090A0000C920CA9102268460D93FAF78FFD3869CF
:1090B0007969BA69FB69FFF7A7FB00280ADA38006B
:1090C000102210300CA9FAF781FD07B0F0BC08BCE3
:1090D00002B01847B9690A4B0A4E1C685D680491D2
:1090E00038697969001BA9410C9A0D9B0290039184
:1090F0000E99121BAB413000009101F069FCE4E7CE
:10910000C011002018140110486810B50C000B683D
:1091100041609847002263685A6010BDF0B5DE4692
:1091200057464E464546E0B592460A6A81468B460A
:1091300085B0002A70D000270024390002E00134F5
:10914000944255D25B465B6AA0001B58002BF6D0B8
:109150001B78002BF3D05B46DB6A1B5898465B46B6
:109160009B6A1D58002DEADD4246002301920394BC
:109170001A00029002E00132AA4233DA0198930009
:10918000C658002EF7D0B369002BF4DD00249046BA
:109190000FE0002903D05246484600F0C3FE2900E4
:1091A0005246484600F0BEFE0021B36901349C429D
:1091B00010DA7269A0008558002DF7D08D42F5D0E5
:1091C0000137012FE5D1EA695A45E2D1013429007E
:1091D0009C42EEDB5B4642469B6A029801321D5878
:1091E000AA42CBDB5B46039C1A6A01349442A9D3A2
:1091F0000F1E11D0CB6B002B15DA78683B684760E7
:10920000984700227B6839005A6048465246FFF76B
:1092100085FF40230022FA5405B0F0BCBB46B2469D
:10922000A946A046F0BDFFF767FBBA6B0C00110022
:10923000FB6B050019430AD17B6C002BE9D07868E1
:109240009847524639004846FFF768FFE1E749462C
:1092500008694969FFF790FA8C42EDDCCDD185426F
:10926000EAD8CAE7F8B505001B480E00FCF7D4FAA7
:109270001A48FCF7D1FA1A48FCF7CEFA1948FCF75D
:10928000CBFA1948FCF7C8FA1848FCF7C5FA184891
:10929000FCF7C2FA1748FCF7BFFA1748FCF7BCFA0C
:1092A0001648FCF7B9FA1648FCF7B6FA1548FCF769
:1092B000B3FA1548FCF7B0FA002D09DD0024134F6E
:1092C000A3003800F1580134FCF72EFBA542F7D17A
:1092D0000F48FCF7A1FAF8BDA4140110C014011046
:1092E000DC1401101C150110401501108C15011023
:1092F000DC150110F01501103C160110501601107C
:109300008C1601109C160110D8160110E8160110D9
:10931000D4160110F0B5DE4657464E464546E0B538
:10932000012489B0012824DD80460D00BF4B009345
:10933000BF4B0193A600AF59631C9A463B789946F0
:109340002D2B1ED17B78662B1BD1BB78002B18D11F
:10935000D04500DCDCE0AE1976680099300004F0FE
:1093600007F800284ED10122B24B1A700234A045F2
:10937000E0DC012009B0F0BCBB46B246A946A046DD
:10938000F0BD3800AC4903F0F3FF0028E0D04B46B5
:109390002D2B40D17B786F2B3DD1BB78002B3AD160
:1093A000A31C434500DBF1E0AE1973689B46B3682C
:1093B0005846994605F0AEFF06000F009F4B9A46AF
:1093C0001E605F6003000B4304D15B461B78302BAB
:1093D00000D0F5E04B461B789B46732B44D14B469F
:1093E0005B78652B40D14B469B78632B3CD1944AEC
:1093F000002330003900FAF78DFA5346186059609F
:109400000334B4E73000019903F0B2FF002826D1FD
:10941000884B1870AAE738008A4903F0A9FF002892
:10942000BED03800884903F0A3FF0028B8D04B46CF
:109430002D2B66D03800854903F09AFF00287CD197
:10944000D04500DCE5E0AE1976687849300003F0DD
:109450008FFF002868D101227D4B1A7086E731000A
:109460007C4801F0CDF981E7042248467A4904F0AE
:10947000A5F8002826D1F30E7A011A43730103924E
:109480000293029A039B921BBB41D10D58020843E1
:10949000530205900493049A059B92197B41910E07
:1094A0009801084391010790069106980799801A40
:1094B00099410B000200514692197B4103340A6026
:1094C0004B6054E704224846644904F077F80028CA
:1094D00002D1FA2292008BE704224846604904F048
:1094E0006DF800288CD05B466D2B40D14B465B78E5
:1094F000692B3CD14B469B786E2B38D10D23594AB2
:1095000077E77B786B2B95D1BB78002B98D091E7D0
:109510002B0045469846544801F072F92800414610
:10952000FFF7A0FE002025E73000414903F020FFAF
:10953000002826D1464B187018E74B462D2B02D138
:109540007B78772B51D03800484903F011FF002871
:1095500043D1D04500DCA9E0AE1976680234300072
:1095600005F0E2FD00284EDD414B1860FFE60422C5
:109570004846404904F022F8002813D13E4A3F4BA8
:1095800037E731003E4801F03BF9EFE62B00454656
:1095900098463C4801F034F928004146FFF762FE46
:1095A0000020E7E65B46642B23D14B465B78612BBA
:1095B0001FD14B469B78792B1BD1334A334B18E78D
:1095C0002B00454698465946314801F019F92800C4
:1095D0004146FFF747FE0020CCE638002D4903F056
:1095E000C7FE00286ED15446C1E6BB78002BB0D030
:1095F000A9E704224846284903F0E0FF00286ED17D
:10960000264A274BF5E62748310001F0F9F80120FA
:10961000AAE72B0045469846234801F0F1F82800B8
:109620004146FFF71FFE0020A4E6C0460C170110BC
:10963000141701107E300020EC160110D01100200C
:1096400000CA9A3B3C17011048170110CC170110B3
:10965000813000201C1701108C1701109417011085
:109660009C170110005847F8F41601101C1801103F
:1096700014220020A417011000A0B83046030000F7
:10968000F81701105417011000004F91944E00007C
:10969000741701107C180110AC170110000029F993
:1096A0000F26020050180110D81701102B00454654
:1096B0009846114801F0A4F828004146FFF7D2FD72
:1096C000002057E62B004546984639000B4801F02C
:1096D00097F828004146FFF7C5FD00204AE62B0019
:1096E000454698464946064801F08AF82800414612
:1096F000FFF7B8FD00203DE628180110881801107A
:10970000B417011010B5F7F757FB10BDF0B5DE46E2
:1097100057464E464546E0B5954B91B01A78002A1B
:1097200006D011B0F0BCBB46B246A946A046F0BD7B
:10973000013207A81A70F7F739FB80460798F7F748
:109740002DFE4346002B00DC0FE100240025894B51
:109750009946894B0393894B0493894B0293079B4A
:109760001E191B5D002B00D183E04B461B78002B9C
:1097700056D07378002B38D000F088FAF16D726DF6
:10978000B36D914201DD1100336D002906DD00202B
:109790008900591804CB10709942FBD1336E002B0D
:1097A0001FD060239A460023B2449B465346A246EC
:1097B0001C002000002700F049FD874210D239002C
:1097C000200000F01DFD002804D00368002B01D00C
:1097D0005A461A602000013700F038FD8742EED368
:1097E00054460023F365079E3619B06C002805D057
:1097F00000F046FF00286CD1079E36193000FFF7B5
:1098000071F802000B1E0BDB08A8FFF78FF8039816
:1098100008A9FCF789F8049A5368002B36DC32D08B
:109820000135B034A8459AD14B461B78002B00D1A6
:1098300077E700F073F9534E3568002D37D02F6865
:10984000002F0BD03C68002C08D02068FAF7A0F954
:1098500020006468FAF79CF9002CF6D13800FAF77A
:1098600097F96C682800FAF793F9002C1FD02500AF
:10987000E5E7B1680298013501F036F8B034A84543
:1098800000D06CE7D0E71368002BC9D0FFF73EF893
:1098900002000B0008A8FFF749F801353A4808A96B
:1098A000FCF742F8B034A84500D058E7BCE70023E5
:1098B00033604346002500244646002B00DC30E799
:1098C00007980134401900F00BFAB035A642F7D1E1
:1098D00027E7079B1B19986C00F0D2FE83462B48A4
:1098E000594601F001F8079B1B19986C00F0D4FE53
:1098F000010022480A684B6889680668476824485E
:10990000921BBB41009100F0EFFF00239A464B46AB
:109910000026A94600272500059316E0079B5B1942
:10992000986C00F0BDFE0400C069002801D000F072
:1099300095F95246A661E761079B21005B192660F5
:109940006760D86CA26000F09FFE079B5B19986C63
:1099500000F096FE0028E1D1059B59460D482C00E9
:109960004D46994600F0C0FF46E7024B99465BE73B
:1099700078300020773000209C190110C0110020A1
:10998000B018011018220020C8190110D4180110B5
:10999000181901106019011080235B02994207DA3F
:1099A000030C090419430004D317104319437047EB
:1099B0000121024849421043F9E7C0460000FFFF79
:1099C00070B504000068002806D0A3685B68002B0F
:1099D0002FD0984700232360002000F009FC164D8B
:1099E0002868002818D001F009F880239B009842CD
:1099F00009D22100286801F02FF8002807D00020A4
:109A000000F0FAFB70BD2000FAF7C2F8F7E721007A
:109A10000A4800F069FFF2E7043000F0FDFF28601B
:109A20000028E0D100F0E8FB054800F0D1FF2868ED
:109A3000D9E7FAF7ADF8CDE7242200202C1A01105F
:109A4000F4190110F8B5CE464746804680B500208F
:109A50000D00160000F0CCFB194B18689946002841
:109A60000AD001F0E1F8070001F0ECF8002815DA5F
:109A70003800FAF78DF8002000F0BEFB1421012019
:109A8000FAF744F804004346A36000232000666010
:109A90002560E360C0BCB946B046F8BD380001F0AF
:109AA000EDF84B4604001868210001F095F80023FA
:109AB00038002360FAF76CF8002000F09DFBE2E725
:109AC00024220020F8B5040000200F00160000F04A
:109AD0008FFBE568002D02D0EB68012B0CD0002035
:109AE00000F08AFB002200212000FFF7ABFF0123DA
:109AF000C36007604660F8BD2868002806D0AB68E0
:109B00005B68002B07D0984700232B60002000F0F3
:109B100073FBE068EDE7FAF73BF8F5E7F0B5C6460A
:109B2000394C00B52068002811D0384D04E0FFF70B
:109B300047FF206800280AD00269C3682260002B12
:109B400055D0013BC360002BF1D0101EF4D1002092
:109B500000F04EFB2E4F3868002828D001F064F842
:109B600005002A4B28009846002601F06BF80028D3
:109B700015DB280001F082F80400C068002808D036
:109B8000C368002B39D0013BC360002B01D1FFF724
:109B900017FFE660280001F055F80028E9DA2800F0
:109BA000F9F7F6FF386800F02BFF00233B60194DF2
:109BB0002868002815D001F037F8040004E02000E0
:109BC00001F05CF8F9F7E4FF200001F03BF8002811
:109BD000F5DA2000F9F7DCFF286800F011FF002318
:109BE0002B60002000F008FB80BCB846F0BD0100EF
:109BF000280000F079FE20689CE70100404600F054
:109C000073FEE660C6E7C0462C2200206C1A0110E5
:109C1000282200202422002070B50C00C168050015
:109C2000A1420ED0002906D0CB68002B10D0013BFA
:109C3000CB60002B06D0002C02D0E3680133E36038
:109C4000EC6070BD0800FFF7BBFE002CF5D1F7E714
:109C5000014800F049FEEEE76C1A011010B500282B
:109C600006D0C368002B08D0013BC360002B01D095
:109C7000002010BDFFF7A4FEFAE7034B0100180017
:109C800000F032FEF4E7C0466C1A011070B50E4CBD
:109C90002068002811D00D4D04E0FFF791FE2068E8
:109CA00000280AD00269C3682260002B06D0013B5D
:109CB000C360002BF1D0101EF4D170BD010028004C
:109CC00000F012FE2068EBE72C2200206C1A011035
:109CD0008B698069C01A4342584170477047C0463B
:109CE00010B504004068F9F753FFA06FF9F750FF73
:109CF0008023E058F9F74CFF8823E058F9F748FF34
:109D00009023E058F9F744FF206DF9F741FFA06D6B
:109D1000F9F73EFFA06C00F097FC04E0E06C00F067
:109D2000BFFCF9F735FFE06C00F0AAFC0028F5D184
:109D3000E06C00F089FCA823E05800F0D1FB10BDD6
:109D400070B51900040000251000059B049A2061DD
:109D50006161A56120626162A56222646364002B77
:109D600006DA2000102205493030F9F72FFF70BDC8
:109D7000FEF702FDA56320636163F8E72821011067
:109D8000F0B5DE4600B584B007000E0015000E9C4D
:109D9000002900D17AE0080005F0A8FD431C180056
:109DA0009B46F9F795FE5A463100786002F010F8AC
:109DB000380010223B49BD603030F9F707FF0A9B9D
:109DC0000020FB67002B03DD50211800F9F79EFEF1
:109DD00084230B9AB8670020FA50002A03DD602123
:109DE0001000F9F793FE80230C9AF8500C330020F2
:109DF000FA50002A03DD60211000F9F787FE88235E
:109E00000D9AF8500C330020FA50002A03DD60212F
:109E10001000F9F77BFE9023F85000237C65FB656A
:109E2000002C35DC00203B659C23119AB865FA5064
:109E3000002A05DD04211000F9F768FEA023F85080
:109E40000126194D194C2B00220019497E670A2062
:109E500000F0E6FB2B002200B86416490A2000F04F
:109E6000DFFBF8641448154B02901548154A019021
:109E70001548164900900A2000F008FBA823F85066
:109E800000203E7004B080BCBB46F0BD41608FE74F
:109E900004212000F9F73AFE042138652000F9F783
:109EA00035FEC1E728210110DD9C0010D19C001077
:109EB00005A60010DDA60010F9A60010F1A60010FE
:109EC000E1A60010E9A60010F5A60010B1A600104A
:109ED000436A30B5002B19D09A68D36D516D8B420F
:109EE00015DB0133D365012303758369002B0DD086
:109EF000C16900290ADB1A68002A07DB501C1860B8
:109F00005868904209D8012252421A6030BD0500BB
:109F1000916D9C0014356550E3E79B689200D15029
:109F2000F4E7C0463023CA5C10B5002A00D010BD4B
:109F30000132CA547833C05800F0EAFA0028F6D04B
:109F4000014800F045FDF2E7A01A0110F0B54F46B8
:109F50004646D6460223C0B50500A82630279946B6
:109F600084B014E0FEF7C8FCA26B88461100E36BD6
:109F70008246194324D1636C002B06D06068984751
:109F8000002221002800FFF7C9F80023E355A85953
:109F900000F0B0FA00281DD0A85900F00FFB4B4686
:109FA000C355C36B0400002BDCDA2100280000221B
:109FB000FFF7AAF8002221002800FFF7AFF8E4E736
:109FC00028696969FEF7D8FB8845D4DCEDD1824564
:109FD000D1D8EAE729001022684630311035F9F768
:109FE000F5FD0FCDFEF710FCC00F04B0E0BCBA4683
:109FF000B146A846F0BDC046F0B504008DB001F0F2
:10A0000073FEA06C00F048FB102205003A4904A83A
:10A01000F9F7DCFD002D4AD01022290004A8F9F739
:10A02000D5FD2E686F680822684606A90496059734
:10A03000F9F7CCFD2000049A059BFEF785FE002869
:10A0400007D021001022303104A8F9F7BFFD266B9C
:10A05000676B2A4B1B78002B31D006A90822684673
:10A0600004960597F9F7B2FD059B2000049AFFF7C7
:10A0700013F82100102230316846F9F7A7FD206956
:10A080006169A269E369FEF7BFFB002802DB2000DB
:10A09000FEF7CAFF2000FEF71FFE2000FEF76CFE51
:10A0A00001F040FE2000FFF751FF0DB0F0BD144B52
:10A0B0001B78002B0ED00126124F7642B3E73200F8
:10A0C0003B002000FEF7A8FD0028C6D001F02AFEC4
:10A0D0000120EAE72269636908920993A3690822CB
:10A0E000013368460AA90A93F9F770FD2000089A1F
:10A0F000099BFEF7D3FDDEE7382101107E300020FA
:10A1000081300020FFFFFF7F30B587B004000D00D5
:10A11000F6F72CFE01F0A2FD2E4B19682E4B1868A5
:10A12000FFF7F8F8002851D029002000FFF7F2F8D7
:10A1300000284BD0294805F0D1FB002842D1F6F782
:10A1400017FE05A8F6F732FEFFF7DCFAFEF7D4FBA0
:10A150000B000200224905980CC122490C684D6889
:10A1600000940195FFF7ECFD0598FEF73DFF05987B
:10A17000FEF7FCFE059C10222100684630311034A9
:10A18000F9F724FD0FCCFEF73FFB002802DB059812
:10A19000FEF74AFF012305984370FFF7D7FE00281A
:10A1A00005D101220020104B1A7007B030BD059870
:10A1B000FFF722FF0028F4D00598FFF71DFF0028C5
:10A1C000F5D1EEE7094800F08FFBB8E701204042E7
:10A1D000EBE7C046C4270020C02700200D970010E1
:10A1E000C0110020D011002077300020CC1A0110BF
:10A1F00010B501F079FD10BD10B501F093FD10BD53
:10A20000F8B505008E000068331D6F68C318BB42A7
:10A2100001D91F006B60AB68BB4215D8EC681B1AF4
:10A220000134EC605B10994202D35B009942FCD28E
:10A230009C0021003F1AF9F78BFC0023C719041971
:10A240002B6128606F60AC608019F8BD09C8181ACE
:10A2500080107047F0B5DE464E4645465746436A85
:10A26000E0B58E009B5988469B460400036985B083
:10A270005846984743462268B1468A4601905D0099
:10A28000954203D34DE098469B009946691C636A4A
:10A290000091914215D2E268AE009859236902926A
:10A2A0009847636A04360390985923690F009847CA
:10A2B0000B00020039000398029FB847636A012827
:10A2C00003D0002D30D0AE00009598592369E56881
:10A2D000984702000B0001985146A84701281CD15D
:10A2E0004946636A9A595A50636A5858A369414665
:10A2F0009847009B22685D009542C4D31F00636AA3
:10A300005A469A5139005846A369984705B0F0BC9F
:10A31000BB46B246A946A046F0BD4E464746636AD4
:10A32000EEE74746636AEBE74E464746E8E7C04636
:10A33000F0B5DE4657464E464546436AE0B58E00C8
:10A340009B590400984683B0036940460D00984726
:10A35000B14683468A466F08012D22D943460193B0
:10A360000EE04246636A29009A583D009A51636A9A
:10A370009859A36998477B08012F21D01F00AE0090
:10A38000E3689946BB0098464246636A9858236939
:10A3900098475A465346C8470128E2D0019AB14629
:10A3A00090464A464146636A40469950A36929004F
:10A3B000984703B0F0BCBB46B246A946A046F0BDE4
:10A3C000019B984604239946EBE7C046F8B55746EB
:10A3D0004E46DE4645460400E0B50F001600002854
:10A3E0004BD0294B9B4638E02368B3423DD9636A82
:10A3F000B200D558002D38D0E36828009A4623696A
:10A4000098472369814638008846984702000B0028
:10A4100048464146D047012827D0E36828009A469D
:10A420002369984723698146380088469847020087
:10A430000B0048464146D047002805D13900280086
:10A44000E3699847002811D17600320039002000D6
:10A45000FFF7BCFF051E09D10136002EC4DA5846AD
:10A4600000F0B6FA2368B342C1D800252800F0BC3A
:10A47000BB46B246A946A046F8BD002AF5DA024816
:10A4800000F0A6FA0025F1E7F81A0110F0B5C6466B
:10A49000050000B52820884617001E00F9F718FBB4
:10A4A000041E1BD00135A800F9F712FB60620028DA
:10A4B00011D0012323604346E360069BA560A3619E
:10A4C000079B6560E361089B27616661236220004A
:10A4D00080BCB846F0BD2000F9F75AFB0024F6E72F
:10A4E00010B50400406AF9F753FB2000F9F750FB60
:10A4F00010BDC046002802D0006801387047002017
:10A50000FCE7C04610B50122FFF760FF10BDC04652
:10A5100070B504000E00002817D001686368406A17
:10A52000994209D3A5684D19A900F9F711FB002834
:10A530000BD02168606265604B1C23608B001E504D
:10A540002000FFF7F5FE002070BD0120FCE7C046AB
:10A55000F8B5CE464746036804000D0080B5012BD0
:10A5600023D0436908009847810088462368626ABF
:10A57000013B23609B009B5806005350E368280072
:10A580009946236998474246636A070098582369A9
:10A590000D00984702000B0038002900C847310021
:10A5A000012807D02000FFF755FE0020C0BCB946A7
:10A5B000B046F8BD2000FFF7BBFEF6E710B5002857
:10A5C0000ED00368012B0BD0426A013B5468036034
:10A5D0009B009B5801215360FFF73CFE200010BDFB
:10A5E0000024FBE7002805D00368012B02D0436A52
:10A5F000586870470020FCE70021704700697047E9
:10A600000161704710B5040084B011006846102243
:10A61000F9F7DCFA0FCCFEF7F7F804B010BDC0462E
:10A6200030B585B0054D064C0293064B0192009360
:10A6300022002B00FFF72AFF05B030BDFDA500105A
:10A64000F9A5001001A60010016870B505000124ED
:10A65000012903D810E001348C420DD26B6AA200AC
:10A66000D0580028F7D04369002BF4D0F9F790FABE
:10A67000296801348C42F1D32800FFF731FF70BD07
:10A6800010B5FFF737FF10BD10B5FFF741FF10BD44
:10A6900010B5FFF737FF10BD10B5FFF7A3FF10BDD2
:10A6A00010B5FFF78BFF10BD10B5FFF751FF10BDC0
:10A6B00010B5994207D804D001248B4205D96042D5
:10A6C00010BD9042F8D90120FAE78B4201D0002456
:10A6D000F5E78242F3D80024F1E7C0460020704736
:10A6E000401A434258417047416900697047C0466B
:10A6F00080697047816170477047C046F0B54F462A
:10A70000D6464646C0B51700354A040010680D000D
:10A7100086B0022800DA022098423ADB314B994693
:10A720001A88314B9A423AD005A8F6F73FFB059BB1
:10A7300020005B68984605F0D9F80600280005F06F
:10A74000D5F88246404605F0D1F856443018060048
:10A750002130F9F7BDF90A228246244940462036C5
:10A7600002F02CFF00282FD041464B4650461B8854
:10A770001F4A0091029531000194FAF7B7FD1D4B75
:10A780001B68002B24D03900504698475046F9F7F3
:10A79000FFF906B0E0BCBA46B146A846F0BD2000BD
:10A7A00005F0A4F80600280005F0A0F836183000DF
:10A7B0002130F9F78DF9310023000F4A203100953F
:10A7C0008246FAF793FDDAE70A239C46E044CBE79A
:10A7D0000A4B3A001B685146986802F083FDD5E7A2
:10A7E000D8110020DC110020FFFF0000401B0110E9
:10A7F0004C1B01103C300020381B01103812002087
:10A800000FB4F0B54746CE4680B52F4E87B00EAC9C
:10A8100080CC32882D4B04949A423CD005A8F6F7A0
:10A82000C5FA059B38005B68984605F05FF805009F
:10A83000404605F05BF827239946281881442830C4
:10A84000F9F746F90A2205002149404602F0B6FE12
:10A8500000281CD01F4933880191414628000091EF
:10A860001D4A49460297FAF741FD1C4B1B68002B15
:10A8700021D02100280098472800F9F789F907B06E
:10A88000C0BCB946B046F0BC08BC04B018470A23A7
:10A890009C46E044DEE7380005F028F80600283042
:10A8A000F9F716F931000B4B0D4A273100970500D7
:10A8B000FAF71CFDD9E70B4B22001B6829009868AA
:10A8C00002F010FDD8E7C046DC110020FFFF0000B9
:10A8D000401B0110601B01104C1B01103C3000207C
:10A8E000381B0110381200200FB4F0B54746CE4691
:10A8F00080B52F4E87B00EAC80CC32882D4B04949F
:10A900009A423CD005A8F6F751FA059B38005B68DF
:10A91000984604F0EBFF0500404604F0E7FF2923CA
:10A920009946281881442A30F9F7D2F80A220500FE
:10A930002149404602F042FE00281CD01F493388BE
:10A9400001914146280000911D4A49460297FAF7B5
:10A95000CDFC1C4B1B68002B21D021002800984700
:10A960002800F9F715F907B0C0BCB946B046F0BCED
:10A9700008BC04B018470A239C46E044DEE73800D0
:10A9800004F0B4FF06002A30F9F7A2F831000B4BAF
:10A990000D4A293100970500FAF7A8FCD9E70B4BBF
:10A9A00022001B682900986802F09CFCD8E7C0468A
:10A9B000DC110020FFFF0000401B0110681B01108C
:10A9C0004C1B01103C300020381B011038120020B5
:10A9D0000FB400B583B004AA02CA0023054801924F
:10A9E000FFF78CFE044B1B68986802F0BFFD012046
:10A9F000FAF72AFD741B0110381200200069704715
:10AA000010B5041E04D0C068002801D0F9F7C0F8C2
:10AA10002000F9F7BDF810BD70B518210500012020
:10AA2000F9F774F8041E14D005600120A840431EF5
:10AA30000421A0606360F9F769F8E060002805D0A0
:10AA40000022002322616361200070BD2000FFF717
:10AA5000D7FF0024F8E7C046F8B5DE4657464E4615
:10AA60004546436904009C46E0B50069012924D9A4
:10AA7000CB00CB186668DB00CB18E56833409A0042
:10AA8000AA181768002F00D19CE00122524290467C
:10AA900009E04F4A91464B4433409A00AA18176880
:10AAA000002F00D17DE0B94200D177E0012FF0D135
:10AAB0004246002AEDDA9846EBE701235B429A46CC
:10AAC0006044F8F795FFA768051C3800F8F790FF79
:10AAD0004049F8F756FF011C281CF8F781FF0028B1
:10AAE00006D15046F0BCBB46B246A946A046F8BDCA
:10AAF0000120E36804219846236801339840451EED
:10AB00002360A0606560F9F701F80023E06023612D
:10AB10006361002F36D0BF0047444646BC463068CC
:10AB200001282CD9C300C318DB00C318E7682B40E9
:10AB30009A00BA181168002928D001225242914681
:10AB400008E0234A93465B442B409A00BA181168E8
:10AB5000002908D0884212D00129F2D14A46002AA1
:10AB6000EFDA9946EDE72369013323614B46002B69
:10AB70000FDB6369013B63614B469B00D851043690
:10AB80006645CCD14046F9F703F8AAE723690133BB
:10AB90002361043610606645C1D1F3E700239A466D
:10ABA0008EE7434601302061002B0DDB01235B4221
:10ABB0009946CC446346636143469B005951012347
:10ABC0009A467DE701302061012311609A4677E7BC
:10ABD000911300009A99593FCB00CB1870B5DB0058
:10ABE0004568CB18C6682B409A00B2181468002C30
:10ABF00009D114E00B4A944663442B409A00B218E2
:10AC00001468002C0BD0A142F4D101231360036916
:10AC1000013B0361436901334361012000E00020EF
:10AC200070BDC0469113000010B50821040001203A
:10AC3000F8F76CFF002803D001235B4204604360F7
:10AC400010BDC04602684368116930B50133050084
:10AC500000290FD0916899420CD00BD9D46802E03A
:10AC60000133994206D99A00A258012AF8D918004E
:10AC70006B6001E00120404230BDC0460CC8D26884
:10AC80009B0098587047C04603688B430360704729
:10AC900003680B4303607047C94301607047C046B7
:10ACA0000160704703684B40036070477047C046BF
:10ACB00003788B4303707047037819430170704722
:10ACC000C94301707047C04601707047037859400E
:10ACD000017070477047C046014B18607047C0460E
:10ACE0002012002010B500F051FF80220021024800
:10ACF000D200F8F765FF10BDF027002010B501283D
:10AD000009D0002800D010BD80220021D2000548C3
:10AD1000F8F756FFF7E78022FF21D2000148F8F745
:10AD20004FFFF0E7F0270020F0B5C64605000C0005
:10AD300000B57F282CDC3F292ADC002A28DD002BE7
:10AD400026DD002827DB002930DB80204021401B46
:10AD5000091BE710904682423DDC1E008B4238DC26
:10AD6000A419013C00F06CFEE410BC420ED3FB01C0
:10AD7000EEB25D191B4BED182A00F8B243463100C4
:10AD8000013700F08BFE8035BC42F5D200F078FE32
:10AD900080BCB846F0BD121800291EDB002AF7DD82
:10ADA000402180200025091BE710D3E7CC18002C98
:10ADB000EEDD80277B1B9846934200DD904600F035
:10ADC0003FFE2300402C00DD4023013B0027DC1028
:10ADD000CDE70E00C4E78046BFE7002AD8DD002596
:10ADE000CC18E4E7F0270020F0B557464E4645461C
:10ADF000DE46E0B58DB005900192100007221C00E0
:10AE0000A94B0D0008931B68597B9E7B13002340C0
:10AE10000993032302402B408A4613430100002B71
:10AE200000D14FE1099B042B00D122E1052B3AD13F
:10AE300000230293013309930323099A0B941A40C8
:10AE400000230392059A069507950A95D356147820
:10AE5000002B00DA97E001320592002C00D1A9E026
:10AE6000089B1F68BB687D689C4662463B7B103729
:10AE7000002A00D1FAE08D4A9946904623006146A7
:10AE80000024220049080A43954205D99000C05980
:10AE900098420BD000D214000029F2D1434500D1D2
:10AEA000E4E0824BEBE703230293C5E74B465A43AA
:10AEB000AD00AD187B1904935346002B56D0002EDD
:10AEC00054D000239846029B069F032B00D17EE0BE
:10AED000049BB1469B465E464644330000244E46E2
:10AEE000019DB9461F0016E04B467F2B0ED83F2D23
:10AEF0000CD82A409140E8086D4BC001029A4844A2
:10AF0000C0186C4B9200D358C9B298470134E3B2D1
:10AF10000135B34220D20722230011009343FB5C8A
:10AF200021400B4101211942DED04B467F2BEDD849
:10AF30003F2DEBD82A409140E8085D4BC001039AB1
:10AF40004844C0185B4B9200D358C9B201349847AB
:10AF5000E3B20135B342DED301239C46E0444346CD
:10AF60004F46DBB2B14601375345B4D3079B534438
:10AF70000793069B534406930023059AD3561478EF
:10AF8000002B00DB67E753781100002B12D0FC2266
:10AF9000A401120114403F2213401C4380231B01D3
:10AFA0001C4253D10231059157E7C3780100002BB1
:10AFB00000D071E00B9C0A9D63B2002B64DB079804
:10AFC0000DB0F0BCBB46B246A946A046F0BD029B00
:10AFD000099AB94613409B464B467F2B27D8049FBE
:10AFE0000024019D474404E00134E3B20135B3423B
:10AFF0001DD20722230011009343FB5C21400B412B
:10B0000001211942F0D03F2DEED82A4091405A46F6
:10B01000E808274BC0014844C018264B9200D3587B
:10B02000C9B201349847E3B20135B342E1D30123F9
:10B030009C46E0444346DBB2E1445345CCD3079BF6
:10B0400053440793069B5344069395E78B78080077
:10B05000002BAFD01849A40113400C401C4380239F
:10B060005B021C42A1D103300590F6E6134B04931A
:10B0700022E70123029300230993DDE65C4663B2D5
:10B08000039E099D002B9ADA079B28005A1B019901
:10B090003300FFF749FE92E7043105910849A40106
:10B0A0000C401A401443D8E620120020A1250000CD
:10B0B000F0270020E0110020C0FF0100482101100E
:10B0C000C0FF1F00099A6C4B9200D3586B4A9846F8
:10B0D00003015B1999462B1D9B46434602930023AF
:10B0E00091440831059A0491079509950396D35622
:10B0F0005D461178A3464C46002B55DB0132059284
:10B100000029BBD0089B1E68B368776899464A46F9
:10B11000337B1036002A00D1A2E098462B00584A13
:10B120004D469446994606942800002340080200A4
:10B130001A43974205D99400A459A14208D000D9D6
:10B1400013000028F2D1614500D18FE04C49EBE7B4
:10B150004346B0464D465A43B9008A18069C90446F
:10B16000019B3F2B33D82B1F99467F2B4CD843464E
:10B1700020001968029EB0477F2D47D9039B082BFA
:10B1800007D9049B3F2B04D84346200099688030A0
:10B19000B047079B54445344079355440023059AF2
:10B1A000D3561178002BA9DA10005278002A00D16A
:10B1B00064E7FC2389011B0119403F231A40114316
:10B1C00080221201114230D10230059098E7039B92
:10B1D000082BDED9049B3F2BDBD82B1F7F2B05D8F8
:10B1E0004346200099688030029B98477F2DD0D835
:10B1F00043462000D9688430029B9847079B5444FB
:10B20000534407935544C9E77F2DC2D84346201DB8
:10B210005968029B9847039B082BBAD9049B3F2B84
:10B22000B7D84B467F2BDBD9E2E782780600002AAD
:10B2300000D123E7134889011A40014011438022BD
:10B24000520211420FD0F2783000002A00D115E7E7
:10B25000043005900C4889010140134019434FE721
:10B260000A4B98467CE70336059649E7074B4D465F
:10B270009846069C74E7C04600120020F027002084
:10B28000A1250000C0FF0100C0FF1F0048210110E0
:10B29000F0B54546DE4657464E46E0B587B0050058
:10B2A00010A804787F2D5FDC3F295DDC002A5BDD80
:10B2B000002B59DD002D5EDB002968DB802740264E
:10B2C000C81081467F1B761A0192BA4200DD0197B1
:10B2D0009A46B34200DDB2460323374A23409B001F
:10B2E0009F5853465B18013BDB104B4539D34A4608
:10B2F000D2008A1A90464A46D601304A7619B618C4
:10B30000019A02939446FF22934666440395049162
:10B310000594424608239B1A52469B1AD943C917E3
:10B320000B405946D9404346DB4342465D46DB1756
:10B3300013409D40019B0D40EDB2F41A20002900FE
:10B340000134B847B442F9D101239C46093BE1449A
:10B350009C46029BE04480364B45DAD2039D04991B
:10B36000059C64B2002C1BDB07B0F0BCBB46B246A8
:10B37000A946A046F0BD5219002917DB002AF3DDCB
:10B380004026C810814680270025761A9CE75B1866
:10B39000002BE9DD80270021402689467F1B93E7AB
:10B3A00053462800019AFFF7BFFCDDE7002ADBDDEA
:10B3B00000255B18ECE7C046E0110020F0270020D4
:10B3C00070B5002400F03CFB064D2A00E0B280235B
:10B3D0000021013400F062FB8035082CF5D100F02B
:10B3E0004FFB70BDF0270020F0B557464E4645464E
:10B3F000DE46E0B580272D4BFF0006000780478022
:10B400008780C780078147818781187801220100E2
:10B4100008318A4089008C467F218B467E398A46D6
:10B42000013189460231FF25884683B0204B0190C7
:10B4300059680A42FCD16146C9584C1C28D058466C
:10B440008CB2090C0840854300905046E9B2054291
:10B4500001D03D1B35804846084201D03D1B758018
:10B460004046084201D03D1BB5800820084201D06B
:10B470003D1BF580CD0601D53D1B35818D0601D5DF
:10B480003D1B7581490601D53C1BB481009DCFE76A
:10B49000012101981A6881408A431A6003B0F0BC08
:10B4A000BB46B246A946A046F0BDC04632120020B7
:10B4B0000000305030B5644C89B02378FF2B00D1A8
:10B4C000B5E0624D002200211020F5F783FF002235
:10B4D00000211120F5F77EFF002200211220F5F750
:10B4E00079FF002200211320F5F774FF00220021CC
:10B4F0001420F5F76FFF002200211520F5F76AFFF1
:10B50000002200211620F5F765FFFE23DB031A0059
:10B5100021784F48FCF79AFFFE23DB031A002178BD
:10B520004B48FCF7E7FF07211020F5F739FF07210B
:10B530001120F5F735FF07211220F5F731FF07211C
:10B540001320F5F72DFF07211420F5F729FF072118
:10B550001520F5F725FF07211620F5F721FF2020FC
:10B560000021F6F7DBFE002380220393F82352022A
:10B570005B0200920193C0232D781B0310226946C1
:10B5800004A80293F8F722FB2B000C33DA011B030B
:10B59000134304A9102268460593F8F717FBFA2312
:10B5A0001B032C4A00932C4B2178029203932848CA
:10B5B0006B462A00FCF7F4FF207880244200274BDA
:10B5C0001118C900CB1824061C601C600123041D3F
:10B5D000A340234C2360234B234CCB181C601C4BF3
:10B5E000CC18224B9C4661440B68002BFCDB2049A5
:10B5F000D834174B21601118C900CC181B4B9C463E
:10B6000061440B68002BFCDB184B1A499C46D8346C
:10B6100012182160D2000E4962441368002BFCDB33
:10B62000012383400A6813430B6009B030BD1249FF
:10B630000748FCF789FE054D012128700448FCF7F6
:10B6400067FE20703EE7C046321200207D300020A9
:10B65000000030500000798110007800D010305088
:10B6600000203050D8003050EBA00000CC0030500B
:10B670004A600000E3A00000B84D0110F0B5574645
:10B680004E464546DE460A22E0B58FB008920022BB
:10B69000654B664C099301920292059206921B78C3
:10B6A000634A0027A0469146049403940794012B13
:10B6B0006ED10AA8FFF798FE1A20F5F79FFE172013
:10B6C000F5F79CFE0023099A0AAD13704A460AABAF
:10B6D0009B880AA81381AD894089AC46664605045B
:10B6E0003543AB460AAAD2880AA9098915040D4335
:10B6F000AA465E464D462E605646C2466E60E045FE
:10B7000000D9E2465546ADB2A846BA46674500D2D2
:10B71000E2465546AFB2079DAC46854200D9844605
:10B720006546ADB20795069DAC46854200D284467B
:10B730006046039D80B20690281C8D4200D9081CEB
:10B74000059D80B20390281C8D4200D2081C81B256
:10B7500004980591011C904200D9111C029889B2ED
:10B760000491011C904200D2111C8AB20292221C48
:10B770009C4200D91A1C019994B20A1C994200D229
:10B780001A1C93B20193089B013B0893002B11D024
:10B790001720F5F733FE1A20F5F730FED02380226C
:10B7A0001B06D2045A615A620123099A1370FFF7EB
:10B7B00081FE7EE71F4A1388434501D2434613802A
:10B7C0001D4B1988B94200D91F80518807988142C2
:10B7D00000D2508059880698814200D958809188BB
:10B7E0000398814200D2908099880598814200D9BF
:10B7F0009880D1880498814200D2D080D98802985C
:10B80000814200D9D8801189A14200D214811A89BD
:10B8100001998A4200D919810FB0F0BCBB46B246EB
:10B82000A946A046F0BDC0468430002001040000B7
:10B83000301B0020043000202812002010B5194CC5
:10B8400084B02378012B0FD01720F5F7D7FD1A20ED
:10B85000F5F7D4FDD02380221B06D2045A615A6228
:10B8600001232370FFF726FE6846FFF7BDFD1A206F
:10B87000F5F7C4FD1720F5F7C1FD00236A462370D4
:10B880009288094B69461A816A465289898912044D
:10B8900011436A46D08812890004024306C304B0EB
:10B8A00010BDC04684300020301B0020F0B5D646C5
:10B8B0004F464646C0B55D4C84B02378012B0FD06F
:10B8C0001720F5F79BFD1A20F5F798FDD02380226D
:10B8D0001B06D2045A615A6201232370FFF7EAFD66
:10B8E0006846FFF781FD1A20F5F788FD1720F5F768
:10B8F00085FD002323706B466A469F884C4B4D4E56
:10B900001F81D2884C4D90466A46128991466A46FC
:10B910005289484692466A469489524611044246E4
:10B9200012042143024306C33388298800208B4236
:10B9300001D2A3423BD9414C208072886988002003
:10B94000914201D952452DD96080B288A988002042
:10B950008A4201D2914520D2A080F288E988002055
:10B960008A4201D2904513D2E08033892989002090
:10B970008B4201D2BB4206D9208104B0E0BCBA465A
:10B98000B146A846F0BDB94245D2FA208000F3E79F
:10B99000884534D9FA208000E6E7894523D9FA2082
:10B9A0008000D9E7514512D2FA208000CCE7A142AD
:10B9B00002D2FA208000BEE7E41A6001001B80007A
:10B9C0000019C000C91AF7F751F980B2B3E753461E
:10B9D0009B1A5801C01A8000C018C000891AF7F7D6
:10B9E00045F980B2B0E74B469B1A5801C01A800057
:10B9F000C018C000891AF7F739F980B2ACE743469E
:10BA00009B1A5801C01A8000C018C000891AF7F7A5
:10BA10002DF980B2A8E7FF1A7801C01B8000C01979
:10BA2000C000C91AF7F722F980B2A5E784300020D8
:10BA3000301B00202812002004300020103000208D
:10BA40000C4B10B51A880C4B01211A610B4A0220CD
:10BA500012881A60F5F7A4FC01210320F5F7A0FC79
:10BA600005210020F5F79CFCD02301221B065A6219
:10BA700010BDC0467230002000C00340743000206A
:10BA800010B51F210020F5F78BFC1F210320F5F7CF
:10BA900087FC05210220F5F783FC10BDF0B5C646F2
:10BAA000D0271E0001231500102200B53F0682B0EA
:10BAB000BB6198460231513BCCB2034301A90B70E4
:10BAC000230913434B700F232340084C032220000B
:10BAD0008B7005F0ADFA43463200290020007B61EF
:10BAE00005F0A6FA02B080BCB846F0BD00C0034025
:10BAF000F0B5A3B08022002102A8F8F761F8204B2E
:10BB000001211A881F4B02201A611F4AD026128871
:10BB100000241A60F5F744FC01210320F5F740FCEE
:10BB200005210020F5F73CFC01230127360673624E
:10BB300001ADB36150235B422343B7612B701023E7
:10BB4000032229006B700F480E3B0134AB70E4B246
:10BB500005F06EFA80220B48776102A905F068FAB9
:10BB6000082CE7D11F210020F5F71AFC1F21032024
:10BB7000F5F716FC05210220F5F712FC23B0F0BD05
:10BB80007230002000C0034074300020F0B5C6467B
:10BB9000D025022600B52B4C82B02B492000FCF7A3
:10BBA0004DFD2A4A23692A4F138023682D06012060
:10BBB00090463B80F5F722FC02206E62F5F71EFCF2
:10BBC000042300216B622348F6F73CFB0A20002186
:10BBD000AE61F6F7A3FB0A2000216E61F6F79EFB2B
:10BBE000FFF786FF1C4B01211A68022000926A466B
:10BBF0009B88938043461B8823613B882360F5F72D
:10BC0000CFFB01210320F5F7CBFB05210020F5F741
:10BC1000C7FB012306226B626946AB61200005F079
:10BC200007FA1F210020F5F7BBFB1F210320F5F7C2
:10BC3000B7FB05210220F5F7B3FB02B080BCB84684
:10BC4000F0BDC04600C00340002D3101723000201D
:10BC500074300020204E0000841B011010B5F9F74D
:10BC600087FD0448F5F7D0FF012200210248F5F7CF
:10BC70007DFF10BD082200201C22002010B5041EEC
:10BC80000AD0F6F7EDFBFA2200239200F7F742FE06
:10BC900020606160002010BD01204042FBE7C046EB
:10BCA000F8B5050017001C000026002B17DB0D4E11
:10BCB0000021300005F08CF92800FEF79DFAFA22E9
:10BCC0000023920038002100F7F71EF802000B0055
:10BCD000300005F0DDF946422800FEF789FA300011
:10BCE000F8BDC0461C2200200C4810B50168002990
:10BCF00011D00B4A1368002B09D1EFF3108472B6F0
:10BD00000B68002BFCD0BFF35F8F136844600020EA
:10BD10000133136010BD0120FCE7C046082200205B
:10BD2000102200200B490A68002A10D00A48036834
:10BD3000002B0CD0013B0360002B01D0002070478A
:10BD40004968BFF35F8F136081F31088F6E7012025
:10BD5000F5E7C046082200201022002070B505003B
:10BD60000C00FFF7C1FF2E6834192C60FFF7DAFFD3
:10BD7000300070BDF0B5C646804600B516001F0005
:10BD8000FFF7B2FF43461C685D6836196F411E60BD
:10BD90005F60FFF7C7FF2900200080BCB846F0BDF8
:10BDA00070B504001E001500FFF79EFF2368AB422C
:10BDB00004D00024FFF7B6FF200070BD6368B342D3
:10BDC000F7D1049A059B226063600124F2E7C04624
:10BDD0000B00034370B506009B070ED1032A0CD954
:10BDE000114D04E0043A043110C6032A05D90C6849
:10BDF0000E4BE318A3432B42F4D03300002406E09B
:10BE00000D5D013A355501330134002D02D0002A71
:10BE1000F6D170BD00219C18002AFAD019700133A8
:10BE2000A342FBD1F5E7C04680808080FFFEFEFE86
:10BE3000F0B5DE464E4645465746E0B5C7B08B46A0
:10BE400091461C000F930500069004F089FC0368DE
:10BE50001800189303F04AFD1790002D04D06B6B67
:10BE6000002B01D100F0A0FF5A460C21515E802228
:10BE70005B4692015B6E114205D10A4359468A81A5
:10BE8000C74A13404B669B0401D501F02EF95B466F
:10BE90000C229A5E130745D55B461B69002B41D0E7
:10BEA0001A2313400A2B4CD036AB299300230024CD
:10BEB0002B932A9316930023149315940023CA46B8
:10BEC0001A931B930C93B74B36AE1193B64B199341
:10BED00053461B78002B60D0544603E0637801344E
:10BEE000002B3BD0252BF9D15346E51A544539D1C7
:10BEF0002378002B51D0631C9A4600231AAAD377CB
:10BF0000012252429146002263780B9200244F4650
:10BF10005246013219002039582951D81198890008
:10BF200041588F465946069802F054FF002801D028
:10BF300001F0DBF85B460C229A5E1A2313400A2BB1
:10BF4000B2D15B460E229B5E002BADDB23004A463E
:10BF50005946069801F0D2F90C9029E05346E51AAB
:10BF600054451AD0534633602B9B75605B192B9355
:10BF70002A9B01332A93072B06DC08360C9B9C4630
:10BF8000AC4463460C93B3E75946069829AA03F0DC
:10BF9000EDFD002806D136AEF0E72B9B002B01D03B
:10BFA00000F081FF5B469B895B0601D501F09DF89F
:10BFB0000C9847B0F0BCBB46B246A946A046F0BDBF
:10BFC00092461293002BE8D02CAD2B7000231AAAB6
:10BFD000D377013307930D93002399460A94139363
:10BFE0000E930A9A8423110019402B9C109113423E
:10BFF00005D10B9B079A9F1A002F00DD9DE31AAB1A
:10C00000DB7F002B0FD01AAA1F23944663443360B2
:10C01000012373602A9B013401332B942A93072B4D
:10C0200000DDBCE308360E9B002B0CD022AB336046
:10C03000022373602A9B023401332B942A93072B2B
:10C0400000DDC3E30836109B802B00D187E24B460E
:10C050000D9A9F1A002F00DDBCE20A9BDB0500D57C
:10C0600022E20D9B35609C4673602A9B6444013339
:10C070002B942A93072B35DC08360A9B5B0705D5E2
:10C080000B9B079A9D1A002D00DDABE30B9B079AD3
:10C09000934200DA13000C9A94469C4463460C9336
:10C0A000002C00D0F6E2002336AE2A9310E7303B96
:10C0B0000020190083001B185B00C8181378013298
:10C0C000190030390929F5D90B9023E7A34614004C
:10C0D0004246641910320133326075602B942A9302
:10C0E000072BC9DD5946069829AA03F03FFD002811
:10C0F00000D057E72B9C36AEBFE79246072212933B
:10C100000F9BB9460733934319000CC90F911100D7
:10C110001A001491159201225B005B081D931C917B
:10C12000224B52421C981D99F7F799F8002801D02C
:10C1300000F0AAFC1C981D9901221C4B5242F7F7F3
:10C1400079F8002801D000F09FFC1498159900227E
:10C150000023F7F769F8002801D000F07DFE1AAB44
:10C16000D87F129B472B01DD00F063FE104D80232A
:10C170009C437D3B07930D9300230A9499461393A8
:10C18000B9E00F9908C90B93002B01DB00F064FCA8
:10C190000B9B0F915B420B9304231C431378B8E66F
:10C1A000FFDFFFFFDC4D0110404F0110FFFFEF7F6D
:10C1B0008C1B01101378551C2A2B01D101F081F83A
:10C1C000190030392A000027092900D9A2E6BB004E
:10C1D000DB195B005F181378013219003039092927
:10C1E000F5D9002F00DB95E601277F4292E68023F8
:10C1F0001C4313788DE62B231AA9CB77137888E696
:10C2000001231C43137884E61AA9C97F13780029F7
:10C2100000D07EE620311AA8C1777AE612930F9BF0
:10C22000924604CB2CAD2A700F93002201231AA949
:10C23000CA7707930D93CFE612931023B94692461F
:10C240001C43A30600D4E7E307220F9B0733934365
:10C2500019000CC90892099301230F9100201AAA12
:10C26000D0774A46002A09DB8022210091430A91B7
:10C270000899099A0D00154378D00A9C012B00D12A
:10C280008CE0022B00D1E5E10723B0469C464B46EB
:10C29000814636AD07940A93089A099B6146580770
:10C2A0001140D708DC0838432E003031013D020030
:10C2B000230029702043F1D108920993079C0A9A20
:10C2C0004846370091464646E20700D4DDE1302972
:10C2D00000D1DAE13023023F013D2B703D0036AB47
:10C2E000DB1B0D930A944B4607930D9B994500DA8F
:10C2F000079300231393002802D0079B0133079371
:10C300000A9A0223110019400E91134200D168E6E7
:10C31000079B0233079302230E9362E612931023C6
:10C32000B94692461C430F9AA30600D45AE307234A
:10C3300007329A4301339C46944463460F935368F3
:10C34000126809930892002B00DA5BE31AABD87FDE
:10C350004B46002B22DB802322009A430A92089A44
:10C36000099B110019430B1E17D101334A46002ABD
:10C3700000D062E1002B00D0E1E201331A0022403C
:10C380000D9236AD2342AED0302126332CAAD154A3
:10C390001AAB6F259C466544A5E70A9C089A099B41
:10C3A000002B01D000F074FC092A01D900F070FCC8
:10C3B0002722089B2CA930338B5401230D931AABF1
:10C3C0006F259C460A9465448DE712931023B94665
:10C3D00092461C43A30600D42BE307220F9B07338E
:10C3E000934319000CC9089209930F91002335E774
:10C3F00008231C4313788CE5B946129300230F9F42
:10C40000924620CF1AAAD3774B46002D01D100F0D7
:10C4100002FC002B01DA00F0D9FC4A46002128007A
:10C4200004F040F9421B002801D100F052FE1AAB83
:10C43000D87FD343DB170D921A4000230792994609
:10C440000F970A94139356E720231C43137860E553
:10C450000F9B924604CBD8490892002209920232DF
:10C46000144322AA118078220F93D44BB9461A9311
:10C4700012920223F2E69246A30600D4F4E20F9B46
:10C480000C9A1B681A60D2175A600F9B04330F93E3
:10C490001EE513786C2B00D182E310210C4338E5A4
:10C4A00040231C43137834E5129B652B00DCFAE033
:10C4B0001498159900220023F6F7AEFE002800D14B
:10C4C000CAE1BF4B01343360012373602A9B2B9474
:10C4D00001332A93072B01DD00F059FC0836239B1A
:10C4E000169A934200DBB1E2189B3360179B9C467F
:10C4F00073602A9B644401332B942A93072B00DD3D
:10C5000042E30836169B5D1E002D00DCB5E5AD4A02
:10C510002A9B9046102D00DCDAE510224244914619
:10C52000102722005C4604E00836103D102D00DC88
:10C53000CCE5494610320133316077602B922A9363
:10C54000072BF1DD2100069829AA03F00FFB002834
:10C5500001D000F027FE2B9A2A9B36AEE5E70B9B15
:10C56000079A9F1A002F00DC71E5964A2A9B904695
:10C57000102F04DC1BE0103F0836102F17DD924A05
:10C58000103432601022013372602B942A93072BEF
:10C59000F1DD5946069829AA03F0E8FA002800D0F0
:10C5A00000E5103F2B9C2A9B36AE102FE7DC42465D
:10C5B000E41910320133326077602B942A93072BF1
:10C5C00001DD00F0F6FB4B460D9A08369F1A002F4E
:10C5D00000DC42E52A9B102F01DC00F02DFC199AAB
:10C5E00090461022914603E0103F0836102F17DDC9
:10C5F000754A103432604A46013372602B942A9394
:10C60000072BF1DD5946069829AA03F0AFFA002856
:10C6100000D0C7E4103F2B9C2A9B36AE102FE7DCDE
:10C620004246E41910320133326077602B942A932A
:10C63000072B00DDC9E108360FE500220A9C012B1B
:10C6400001D100F015FD022B01D000F018FC0023F1
:10C6500008920993089A099B0F21A44680460796E1
:10C660001A9E36AD08001040305C013D1C07287052
:10C670001009044320001F0922003B003843F1D178
:10C680006446404608920993079E36AB5B1B0D93A8
:10C690000A9428E65946069829AA03F067FA002862
:10C6A00000D100E57EE4082399462A9F169B0134B9
:10C6B0000137B144012B00DC45E101233560736093
:10C6C0002B942A97072F00DD12E34B46189A013767
:10C6D0001A60179B4A469C46644453602B942A97E1
:10C6E000072F00DD12E308239C46E144169B00223D
:10C6F000149815995E1E0023F6F78EFD002800D0D1
:10C700003BE14B4601370135A41960C32B942A97AE
:10C71000072F00DD23E108239C46E1444A4625AB70
:10C7200013601B9B01379C46644453602B942A97EB
:10C73000072F00DDD6E44E469EE4224A2A9B90460F
:10C74000102F20DD2200444603E0103F0836102F52
:10C7500017DD102110320133346071602B922A935F
:10C76000072BF2DD5946069829AA03F0FFF90028A5
:10C7700001D0FFF717FC103F2B9A2A9B36AE102FE3
:10C78000E7DCA04614004246E419013332607760CA
:10C790002B942A93072B00DDC6E208362FE4594676
:10C7A000069829AA03F0E2F9002801D0FFF7FAFB66
:10C7B0002B9C36AE37E4C04630780000AC1B01102D
:10C7C00088120110404F0110504F01105946069831
:10C7D00029AA03F0CBF9002801D0FFF7E3FB2B9C3B
:10C7E00036AE30E4A64A2A9B9046102D20DD22006A
:10C7F0001027444603E0103D0836102D16DD103298
:10C800000133346077602B922A93072BF3DD59466E
:10C81000069829AA03F0AAF9002801D0FFF7C2FB65
:10C82000103D2B9A2A9B36AE102DE8DCA046140052
:10C8300042466419013324C62B942A93072B00DC4B
:10C8400024E45946069829AA03F090F9002801D05B
:10C85000FFF7A8FB2B9C19E4239A002A00DC70E266
:10C86000139A169B17009A4200DD89E1002F0BDD19
:10C870002A9BE4190133356077602B942A93072BA8
:10C8800001DD00F0FFFB0836FB43DB171F40139B65
:10C89000DF1B002F00DDC8E1239B169A934200DACC
:10C8A000E7E10A9AD20700D5E3E1169A1399D31A61
:10C8B000571A9F4200DD1F00002F0DDD139AE41967
:10C8C00094462A9A65440132356077602B942A9207
:10C8D000072A00DDE6E30836FA43D2171740DD1BCE
:10C8E000002D01DCFFF7C9FB654A2A9B9046102DFD
:10C8F00001DCFFF7EDFB102242449146210032009B
:10C9000010275E46069C04E00832103D102D00DC26
:10C91000B3E3484610310133106057602B912A93DE
:10C92000072BF1DD3100200029AA03F01FF90028B0
:10C9300001D000F055FC2B992A9B36AAE5E700238D
:10C9400036AD0D93CFE401230A9A134200D0B4E62A
:10C95000356073602B942A97072F00DCDEE659467A
:10C96000069829AA03F002F9002801D0FFF71AFB64
:10C9700036AB99462B9C2A9FD0E6169B012B00DCF8
:10C98000CCE6112B01DC00F07BFC3D4B10259846DA
:10C990004B4604E00833103E102E00DC3BE2394ADF
:10C9A000103401371A605D602B942A97072FF1DD50
:10C9B0005946069829AA03F0D9F8002801D0FFF7B4
:10C9C000F1FA2B9C2A9F36ABE5E75946069829AA2F
:10C9D00003F0CCF8002801D0FFF7E4FA2B9C36AE28
:10C9E000FFF73BFB08CA0F92E20606D4620604D5A5
:10C9F0001BB20893DB170993A5E40893DB1709938F
:10CA000000D4A3E408980999002342428B412D20C9
:10CA100008920993012322E40F9A08CA0F92E206B2
:10CA200002D4620600D59BB2089300230993013318
:10CA300014E40F9A08CA0F92E20602D4620600D5E7
:10CA40009BB2089300230993FFF708FC0A9BDB07BE
:10CA500001D4FFF712FB47E513780F91FFF759FA5E
:10CA6000B946924612935EE4E30600D52AE16406D5
:10CA700000D427E10F9B0C9A1B681A8005E5C0467D
:10CA8000404F0110504F01101498159902000B00EF
:10CA9000F6F7E5FB002800D0B4E32023129A9A436E
:10CAA00090464A46E03323430A93159B013200D156
:10CAB000F5E24246472A00D124E2002B00DAE6E103
:10CAC000149A159B1E921F9300230E93129B662BA4
:10CAD00000D00FE34B460793032327AA079F049236
:10CAE00024AA039223AA02920197009306981E9A01
:10CAF0001F9B01F093F9129B0500C719662B05D106
:10CB00002B78302B00D16EE3239BFF1800221E9858
:10CB10001F990023F6F780FB002800D0D2E2279B64
:10CB2000BB4206D230215A1C27921970279B9F4284
:10CB3000F9D8239A13925B1B16934346472B00D1D7
:10CB400005E2129B662B00D009E201234A462340EE
:10CB50001343139A002A00DCA2E3002B00D061E308
:10CB6000139B07930D93662312930E9B002B00D10A
:10CB700059E22D231AAAD37700239946FFF7BDFB6C
:10CB80001F1E00DD74E67FE65946069829AA02F0CA
:10CB9000EDFF002801D0FFF705FA2B9C36AEB1E47B
:10CBA0004C3B1C4301321378FFF7B3F9B946924668
:10CBB0001293CD4B1A93A30600D489E007220F9B52
:10CBC0000733934319000CC9089209930F9102236C
:10CBD000E20701D4FFF742FB0899099A08001043C5
:10CBE00001D1FFF73BFB302122AA117012991C439F
:10CBF0005170FFF733FBB94692461293FFF721FBC2
:10CC00001293BA4BB94692461A93D4E7B946924664
:10CC10001293FFF7DFFB0D93062B00D934E10D9B38
:10CC2000B34D07930F97FFF7D7F9B24A2A9B904667
:10CC300010229146102F05DC02E10836103F102F1C
:10CC400000DCFDE0AC4A103432604A4601337260C9
:10CC50002B942A93072BF0DD5946069829AA02F057
:10CC600085FF002801D0FFF79DF92B9C2A9B36AE4B
:10CC7000E4E7189A3260179A944672602A9A6444DC
:10CC800001322B942A92072A00DDD2E108360CE605
:10CC9000070036AD089809990A220023F6F74CF8E8
:10CCA000099B3032013D2A700991089A0890002BA7
:10CCB000F0D1092AEED836AB5B1B38000D930A94ED
:10CCC000FFF711FB0F9B0C9A1B681A60FFF7DDFB47
:10CCD0000F9A08CA0F92E20606D4620604D59BB2E8
:10CCE00008930023099372E70893002309936EE7E2
:10CCF0005946069829AA02F039FF002801D0FFF70B
:10CD000051F936AB99462B9C2A9FDEE4594606988A
:10CD100029AA02F02BFF002801D0FFF743F936AB18
:10CD200099462B9C2A9FE1E45946069829AA02F0CD
:10CD30001DFF002801D0FFF735F92B9C36AEFFF719
:10CD40005EF96E4B01343360012373602A9B2B9490
:10CD500001332A93072B00DD84E00836002A3BD1FB
:10CD600001230A9A1340169A134301D1FFF785F95C
:10CD7000189B3360179B191973602A9B2B91013301
:10CD80002A93072B00DD95E03000083034E0594647
:10CD9000069829AA02F0EAFE002801D0FFF702F95E
:10CDA0002B9C36AEFFF79BFB069802F069FDFFF760
:10CDB0005BF85946069829AA02F0D8FE002801D04F
:10CDC000FFF7F0F82B9C36AEFFF741F9280002F090
:10CDD0008DFD0200FFF72BFB189B3360179B191981
:10CDE00073602A9B2B9101332A93072B62DC30005E
:10CDF0000830002A00DA86E1169A013354180560DB
:10CE000042602B942A93072B01DDFFF76BF9083062
:10CE10000600FFF732F9994643464A461033A419F3
:10CE20000137136056602B942A97072F00DC72E4B9
:10CE300095E5334DFFF79BF92E4A9046FFF7F0FB3F
:10CE40004246E41910320133326077602B942A9302
:10CE5000072B3DDC08361FE52D231AAA2D20D3779A
:10CE6000FFF77FF95946069829AA02F07FFE0028AD
:10CE700001D0FFF797F8239A2B9C36AE6EE700237C
:10CE800008920993FFF700FA06230D93C7E6149959
:10CE9000159A130080221206944663441F932D2393
:10CEA0001E910E9312E65946069829AA02F05EFEDC
:10CEB000FFF778F85946069829AA02F057FE00288D
:10CEC00001D0FFF76FF8239A2B992A9B36A890E799
:10CED0005946069829AA02F049FE002801D0FFF71A
:10CEE00061F82B9C36AED7E4981B0110AC1B0110E7
:10CEF000C01B0110404F0110504F0110881201104B
:10CF0000901B01104A46002A00D140E1002B00DAB4
:10CF1000AAE1149A159B1E921F9300230E9327AB30
:10CF2000049324AB039323AB02934B460193022358
:10CF3000069800931E9A1F9B00F070FF0500E30700
:10CF400000D5C3E0279B1B1A1693239B1393139AB8
:10CF5000D31C01DB914579DA129B023B12931399A2
:10CF600025AA4B1E994648462393129B13702B23E8
:10CF7000002803DA2A3B5B1A99462D2353704B464F
:10CF8000092B00DCE1E01AAA3B2394466344079591
:10CF90001F004D46A046B14628000A21F5F766FE5F
:10CFA0003E003031013F280039700A21F5F75EFE5E
:10CFB0002C000500632CEFDC4446B04643469A1E25
:10CFC00003001AA930338C4613703B2363444E464A
:10CFD000079D9A4200D371E12E21130061441A7813
:10CFE0001AA80A7084463B220133624401319A42F6
:10CFF000F5D1424646AB9B1A713B1B93169B1B997E
:10D000001A008C4662440D92012B00DCDCE0179B79
:10D010000D9A9C466244D343DB170D921A400023BD
:10D0200007921393A1E51AABD87F00239946FFF727
:10D0300062F95946069829AA02F098FD002801D005
:10D04000FEF7B0FF239B2B9C36AE2EE4169B139A63
:10D05000934200DDA9E0139AE40700D5DDE0D34355
:10D060001100DB171940672307910D9212937CE59D
:10D07000002308920993FFF79BF9B3460C001600B2
:10D08000FFF726F85946069829AA02F06FFD0028F6
:10D0900001D0FEF787FF2B9C36AEFFF7F5FB06228B
:10D0A00091460AE55946069829AA02F05FFD002834
:10D0B00001D0FEF777FF239B169A2B9CD31A36AE2E
:10D0C000FFF70AFC239B13933B0034E54B46C7183C
:10D0D0001CE51AABD87F4B4607930D9300230F979F
:10D0E00099460A941393FFF706F901235B420C93C8
:10D0F000FEF75EFF4346452B00D010E74B46013359
:10D1000007930223E9E45742103226DA724A1026C6
:10D1100014009046103403E00830103F102F1EDD3D
:10D1200010310133046046602B912A93072BF3DD05
:10D130005946069829AA02F019FD002801D0FEF7E9
:10D1400031FF2B992A9B36A8E7E7302393704B4693
:10D150003033D37004231B9350E75F4A9046424616
:10D16000C91910320133026047602B912A93072BB3
:10D1700000DC0AE65946069829AA02F0F7FC0028C6
:10D1800001D0FEF70FFF2B992A9B36A834E6002B1F
:10D190005CDB149A159B1E921F9300230E930133A0
:10D1A0009946BCE6A346FEF7FDFE179B169A9C46E1
:10D1B000139B62440D92002B42DDD343DB171A40D0
:10D1C000672307921293D0E40123190021401391A1
:10D1D000234200D01BE7D343DB171A400792C4E475
:10D1E000B346FEF7DFFE00221E981F990023F6F7D4
:10D1F00013F8002847D0239B9C46674413937B1B5E
:10D200001693A2E4159B002B45DB1AABD87F129B2B
:10D21000472B3DDC314DFEF7AAFF179B9C4662442D
:10D220000D92CAE7130017994B441A008C466244CA
:10D23000D343DB170D921A4066230792129394E4AE
:10D240000D9B139A9B1A5A1C0D92B6E71499159AC6
:10D25000130080221206944663441F932D230E93DD
:10D260002C3B99461E915AE61499159A1300802278
:10D270001206944663441F932D231E910E934EE68F
:10D28000154B9846C8E50123079A9B1A23933CE463
:10D29000134DFEF76CFF2D231AAA2D20D377B6E786
:10D2A000002B06D10123079365331293653B0D9341
:10D2B0005BE4179B01331A004A44B9E702231B932E
:10D2C0009CE60F9980C9002F01DA01277F4253782D
:10D2D0000F912A00FEF71DFE404F0110941B011014
:10D2E000BC12011010B504001300034A10680A00B4
:10D2F0002100FEF79DFD10BD3812002070B506001C
:10D3000002201A4CA5440C0089898143684681811A
:10D31000616E1991E189C181E16930000791616A0B
:10D3200009911AA9009104918021C90002910591E7
:10D33000002106916946FEF77BFD051E0CDA6B465F
:10D340009B895B0603D54022A3891343A381280050
:10D350008D23DB009D4470BD6946300000F0F0F87D
:10D360000028ECD001256D42E9E7C04698FBFFFF9D
:10D37000024670B50A4392072AD11E4DEE0104C839
:10D3800008C9541B9443344017D0D0B2D9B2401AC4
:10D390002106014310D190B299B2401A21040143F1
:10D3A0000AD110021902000A090A401A2102014397
:10D3B00002D1100E190E401A70BD9A42DFD010BA79
:10D3C00019BA884201D9012070BD0020C04370BD48
:10D3D00002780B7801300131002A09D09A4207D136
:10D3E00002780B7801300131002A01D09A42EFD047
:10D3F000D01A70BD01010101F0B5C64600B50C227E
:10D400008B5E07000C001A0751D480254A682D0155
:10D410001D438D81002A00DC6CE0A66A002E42D0FC
:10D420003A68E169904600223A60DB0467D4002242
:10D4300001233800B0470200431C00D16EE00C23EA
:10D44000E55EA66AE1696D0706D56368D21A236BAB
:10D45000002B01D0E36BD21A00233800B047431CE5
:10D460004FD139680C22A35E1D2962D8324ACA40C6
:10D47000D2075ED5314A1A40A28100226260226939
:10D480002260DB0401D5002946D04346216B3B6076
:10D49000002908D023004033994202D0380001F01F
:10D4A00059FD00232363002080BCB846F0BD0E69FF
:10D4B000002EF8D00D680022AD1B0E609B0700D136
:10D4C0004A69A260002D04DCEDE736182D1A002D04
:10D4D000E9DD636A3200984638002B00E169C047F5
:10D4E0000028F2DC4022A38913431BB20120A38150
:10D4F0004042D9E7CA6B002A00DD8EE7D3E7226DF0
:10D50000A1E70C22A35E0D4A1A40A28100226260AC
:10D5100022692260DB04B8D52065B6E73B68002BA2
:10D5200000D18CE71D2B01D0162BDBD143463B608D
:10D53000B9E740221343D9E701004020FFF7FFFF7E
:10D5400070B504000D00002802D0436B002B09D0F9
:10D550000C22AB5E0020002B03D029002000FFF737
:10D560004BFF70BD02F08CF9F2E7C04670B5041EA7
:10D5700015D00E4B1D68002D02D06B6B002B0AD00E
:10D580000C22A35E0020002B00D170BD21002800DA
:10D59000FFF732FFF9E7280002F072F9F0E7044ADA
:10D5A0000449054803F0B8F8EFE7C04638120020F8
:10D5B0007017002041D500104012002030B5002A1D
:10D5C00026D003000B439B0724D1032A22D9164DF2
:10D5D0000BE0043A002A1BD0144C1C199C432C422B
:10D5E00016D104300431032A14D903680C68A3420D
:10D5F000EFD004780D78A54213D1012306E0C45C76
:10D60000CD5CAC420DD101339A4201D0002CF6D151
:10D61000002030BD04780D78AC4202D1012AECD153
:10D62000F6E7601BF5E7C04680808080FFFEFEFEC7
:10D63000030010B50A0003490868190000F00AF851
:10D6400010BDC04638120020014B18687047C04614
:10D650003812002070B50B0C0024150C002B28D1BB
:10D66000002D3CD18BB291B2594300F053F8051E06
:10D6700033D00300083B5A6803239A43043A242A10
:10D6800012D80300132A0AD90460446008331B2A05
:10D6900005D98460C460242A2AD0030010330022F4
:10D6A0001A605A609A6002E00021F6F789FA2800B1
:10D6B00070BD002D16D1151C89B292B24A43ADB28D
:10D6C0009BB26B43110C5B18190C0BD1190492B26D
:10D6D000114300F01FF8051ECBD10025E7E72B1CF6
:10D6E0000D1CE9E7FFF7B0FF0C2300250360DEE720
:10D6F0000300046118334461D1E7C046030010B54C
:10D700000A0003490868190001F010FE10BDC04668
:10D7100038120020F0B54E464546DE465746E0B585
:10D720000D000B35060085B0162D27D8102900D91D
:10D73000DAE001F0A3FF102518230221C84FFB18DF
:10D740001A005C68083A944200D147E103226368FA
:10D75000A1689343E268CA6091600121E3185A68A6
:10D7600030000A435A6001F08BFF2000083005B0FA
:10D77000F0BCBB46B246A946A046F0BD07239D4378
:10D7800000D5B1E0A94200D9AEE001F077FFFC235B
:10D790005B009D4200D296E1690A00D1A8E004290D
:10D7A00000D950E138239846A90988443931CB0083
:10D7B000082252429446AA4FFB189C446346DC68F8
:10D7C000A44514D0032399460B0061469C4607E00C
:10D7D000E068002A00DBFBE0814200D1FCE00400AD
:10D7E0004A46636893435A1B0F2AF1DD41463A00CB
:10D7F0003C690832944200D1D9E003206368834336
:10D80000581B0F2800DD62E13A617A610028A4DA32
:10D810007A68904680229200934200D3E4E0DA08CE
:10D82000580901238340404618438046D300DB1942
:10D830009A687860E360A2609C60D46001208B10DD
:10D84000984040455CD8434603420AD1032399439C
:10D85000434640000431034203D1400004310342F7
:10D86000FBD00323B3469C460E00B8460190F0005F
:10D8700040440100B246CB680BE064465A681F0082
:10D88000A243DB68541B0F2C00DDEFE0002C00DB13
:10D8900009E19942F1D101239946CA44534608311E
:10D8A0009B07E8D1032205E003680838013E834264
:10D8B00000D003E23242F7D14346019A5B689343BA
:10D8C00042465360019A520001929A4216D8002AA9
:10D8D00006D113E004229146019ACA4452000192F3
:10D8E0001342F7D05646C2E70C23002033603EE7D0
:10D8F00080233F22402190469B0059E75E464746E1
:10D900000322BC68636893439A46AB4202D35A1B16
:10D910000F2A4FDC230053440293524B08209946B0
:10D920001B6810335B19019301F0E6FC4E4903902C
:10D930000B688B46013306D08446019B4242013B73
:10D940006344134001933000019901F0FDFF03008F
:10D950008046013300D1D8E0029B834200D9D2E057
:10D960004B4601995A688C46624403995A60029B5F
:10D9700010000139434500D0E5E043460B4200D09A
:10D98000E1E0BB6801219846634653440B4341469E
:10D990004B604946C96A914201D24946CA6249462A
:10D9A000096B914201D249460A634446AFE07B6865
:10D9B000984643E7012329001A431943651961601A
:10D9C0003000BD606A6001F05BFE20000830CEE6EA
:10D9D000A268D0608260C0E6614608E7DC68023178
:10D9E000A34200D103E7B1E65A0A042A00D883E033
:10D9F000142A00D908E110005B3082465C32D20064
:10DA0000082040428446BA189444624692680B301B
:10DA10008146944500D1DFE00800A2466146844675
:10DA200002E09268914204D04C465068A04398426C
:10DA3000F7D8D368614654469C466346A260E360CB
:10DA40009C60D460FAE614296ED9542900D9E4E028
:10DA50006E239846290B88446F31CB00A8E6C04658
:10DA6000681300205C1D002060130020BA460120CE
:10DA700051468446491905435046456085684746E6
:10DA80006046EB605E469D60534639617961204394
:10DA900008374860CF6030008F609C5001F0F0FD87
:10DAA0005046083063E6BA4601205E46524451684B
:10DAB00001435160BA683000D3609A6001F0E0FD24
:10DAC0003800083053E62B00E908083336E66119C0
:10DAD000884601218C460D43414665603961796174
:10DAE000CA608A60624602434A60E050300001F03A
:10DAF000C7FD200008303AE69A0910003932383064
:10DB00008246D2007CE7BC4214D0BC686368032222
:10DB100093435A1BAB4202D30F2A00DD4AE7300081
:10DB200001F0AEFD002022E65B23984688445C317C
:10DB3000CB003DE64B465868019B9C464B466044F3
:10DB40005860039B591E5B461B68013370D04346E7
:10DB5000029A9B1A4A461B185360072342464046C6
:10DB60001A400292184240D00398013384469B1A0F
:10DB7000019A98444244019263440A409B1A194016
:10DB800030008B4601F0E0FE431C77D04346C01ABC
:10DB900003005B4401934B465A6801205A445A6083
:10DBA00043464146BB60019B03434B60BC4200D1EE
:10DBB000EFE653460F2B3FD907210C3B8B4361689F
:10DBC0000140052019436160E118486088600F2B0F
:10DBD00049D843465B68DCE65346981001238340EE
:10DBE000404618438046786027E7019B039A4344E8
:10DBF0000B40D31A194030008B4601F0A5FE431CA0
:10DC0000C4D100239B46C6E7542A17D81A0B10002C
:10DC10006F326E308246D200F2E6AA235B00994250
:10DC200017D8DD3B9846E90B88447831CB00BFE537
:10DC30005B4642461A6090E7486070E7AA204000C1
:10DC4000824226D8DA0B1000783277308246D20032
:10DC5000D6E61C4B994226D87C239846A90C8844CA
:10DC60007D31CB00A4E521003000083101F072F9CC
:10DC70004B465A68BB6898465B688AE6019A029BE5
:10DC800094464246083B63449B1A019300239B46FB
:10DC900081E70C4882420CD89A0C10007D327C300F
:10DCA0008246D200ACE6FE237E227F2190469B0076
:10DCB0007EE5FE227E2092008246A1E643465B6816
:10DCC00000E6C04654050000F0B54546DE4657461E
:10DCD0004E46E0B503690D6985B080460A000191A2
:10DCE000AB4200DA98E00700013D1432AB00143774
:10DCF000D618FB1803931B6802929A463368504665
:10DD0000013319009946F4F7D9FF0400CA4543D3FB
:10DD1000029A002394462A0060461D00B4461E0065
:10DD20003B00B946924627001C0004C81104090CA8
:10DD30007943120C7A4389190B0CD2182368090411
:10DD40009B461B04090C1B0C5B1A5946160C12044B
:10DD50005B19090C120C8A1A191452181B04151499
:10DD60001B0C1204134308C48445DED2039A3C0002
:10DD7000136866464F465546002B0DD11300043BF1
:10DD80009F4204D306E0043B013D9F4202D21A6841
:10DD9000002AF8D043461D614046019902F014FA6A
:10DDA000002826DB00239C46230039006446B94640
:10DDB000AA469C46029820C80A682F0413041B0C2C
:10DDC0003F0CDB1B1B19120C2C0C121B1C14121900
:10DDD0001B0414141B0C1204134308C18642EAD21C
:10DDE00055464F46AB00FB181A686446002A0CD013
:10DDF0000134200005B0F0BCBB46B246A946A0469F
:10DE0000F0BD1A68002A03D1013D043B9F42F8D3BC
:10DE1000434601341D61ECE70020EBE7F0B54E46C8
:10DE20004546DE4657461400E0B51D00816B9FB0A5
:10DE3000814604940595002909D00123C26B9340C3
:10DE40004A608B6001F0CAFE00234A4693632E00AD
:10DE50000023002D03DA6E007608059601332B9A15
:10DE600013603200D64B1A409A4200D196E1049AD0
:10DE7000059B100019000022002306900791F5F77A
:10DE8000CBF9002812D001232A9A13602C9B002B77
:10DE900002D0CC4B2C9A1360CB4B039303981FB04A
:10DEA000F0BCBB46B246A946A046F0BD1CAB0193F0
:10DEB0001DAB00934846069A079B02F0F9FA330D12
:10DEC000834600D0A6E11D9B1C9F9846BF4BB844DB
:10DED0004344202B00DC62E34022D31A9E40BC4B1B
:10DEE00030004344DC402043F5F7C6F946460123A1
:10DEF000B84C013E09190E930022B74BF5F719F9FA
:10DF0000B64AB74BF5F745F9B64AB74BF5F71AF9E4
:10DF1000040030000D00F5F7B3F9B44AB44BF5F73F
:10DF200038F902000B0020002900F5F70BF9040076
:10DF30000D00F5F7BDF900228246002320002900DC
:10DF4000F5F772F900280BD05046F5F799F92B0038
:10DF50002200F5F761F94342584153461B1A9A468D
:10DF6000BF1B7B1E98465346162B00D9D0E206985D
:10DF7000079952469F4BD2009B181A685B68F5F7C9
:10DF800053F9002800D15AE101235B429C4600234B
:10DF9000E2441093002309934346002B04DA012343
:10DFA000DB1B0993002398465346002B00DB4DE111
:10DFB0005246099B0A929B1A099353420C930023E1
:10DFC0009A46289B092B00D949E1052B00DCC5E2C4
:10DFD000043B00242893032B01D100F06DFC01DCED
:10DFE00000F059FC289B042B01D000F008FC012311
:10DFF0000B93299B002B01DC00F05AFC1D001193B0
:10E00000089301220423172D01DC00F007FC5B00BC
:10E010001800143011000132A842F8D94B46D963D8
:10E02000484601F0B3FD0390002801D100F0B5FE91
:10E030004B46039A9A63089B0E2B00D97CE0002C78
:10E040007AD00A98002801DC00F019FD0F210200A7
:10E05000684B0A40D2009B1806111C685D68C30516
:10E0600001D500F00AFC069A079B12921393022333
:10E070000D93002E12D0604F012333420AD00D9B26
:10E080002000013329000D933A687B68F5F781F889
:10E0900004000D0076100837002EEDD11298139968
:10E0A00022002B00F5F757F806000F00109B002BFD
:10E0B00009D0002230003900504BF5F7B5F80028A0
:10E0C00001D000F0FCFB0D98F5F7DAF832003B00C8
:10E0D000F5F75FF800224A4BF5F734F8494A0B0090
:10E0E000944663441290139113930A9B1A93089BCE
:10E0F0000D93002B01D000F009FC00223000390004
:10E10000414BF5F716F8129E139F32003B000400B6
:10E110000D00F5F79FF8002801D000F0DAFD80200F
:10E1200000068446390061440B00320020002900BB
:10E13000F5F77AF800282AD11D9B002B00DAFDE0C4
:10E140000A9A0E2A00DDF9E00A9A2A4BD2009B189F
:10E150005C681B6804930594299B002B00DB8DE011
:10E16000089B002B00DD89E0089B002B0FD1049851
:10E1700005990022244BF5F70CF802000B000698D5
:10E180000799F5F757F8002801D100F0A2FD002308
:10E190000024039E0693299BDD43E9E21B4B2A9A48
:10E1A0003603360B1360264342D12C9B002B01D142
:10E1B00000F0E2FD164B039308332C9A13606DE6D2
:10E1C0000000F07F89120110881201103204000053
:10E1D00012040000000010FE0000F83F61436F636E
:10E1E000A787D23FB3C8608B288AC63FFB799F5070
:10E1F0001344D33FC8500110A05001100000F03F5D
:10E2000000001C400000C0FC000014400F2700006C
:10E21000C81B0110069C079D20002A03CA4C120B44
:10E220001443CA4A21009E1800231C9F0E9363E6E4
:10E230002C9B002B00D0D8E2C54B03932EE6002F79
:10E2400001DC00F053FC00231093099353460A931A
:10E2500000230C93289BD044092B00D8B5E601225B
:10E26000002301240B92023A289308922993002359
:10E270004A46D363089B00211193D1E6039B0133E7
:10E280001293049A059B069C079D20002900F4F731
:10E2900062FFF5F70DF80600F4F7F2FF049A059B0C
:10E2A000F4F777FF02000B0020002900F4F741FF8C
:10E2B0003300039A30331370089B129F012B01D156
:10E2C00000F01DFC01239846531E9A464346B8466B
:10E2D0001F0021E0049A059B20002900F4F73BFF72
:10E2E000F4F7E6FF0600F4F7CBFF049A059BF4F77A
:10E2F00050FF02000B0020002900F4F71AFF012351
:10E300009C463300524630330137D355089BE044D6
:10E31000BB4201D100F0F2FB00228E4BF4F739FF33
:10E320000022002304000D00F4F776FF0028D1D06E
:10E3300047460A9B3E0001330993BFE00B9A002A2F
:10E3400000D0EAE0002300240C9E099D0B93002DD1
:10E350000DD04346002B0ADD2B00454500DD6FE262
:10E36000099AED1AD21A09924246D31A98460C9B82
:10E37000002B0CD00B9B002B03D0002E01D000F003
:10E3800005FC594648460C9A01F038FE83460121A7
:10E39000484601F02DFD53460690002B00D00DE2BB
:10E3A000289B012B00DC98E001231F22110043442D
:10E3B00019401A4200D1AEE020235B1A042B00DC86
:10E3C00017E21C235B1A099AED1894469C44624696
:10E3D00098440992099B002B05DD59461A004846CE
:10E3E00001F074FE83464346002B05DD4246484655
:10E3F000069901F06BFE0690109B002B00D0C1E146
:10E40000089B002B00DC97E10B9B002B00D0D8E091
:10E410000A9B013309930125039B2F005E1E069B77
:10E42000A2465D4634009846089E07E02900002376
:10E430000A22484601F0DCFB05000137414628006E
:10E44000FFF742FC3030E055BE42EFDC089BAB46A4
:10E45000070054460125002B00DDEFE1039B9C469D
:10E4600000239A46654459460122484601F02EFE93
:10E470000699834601F0A8FE002800DCD3E1039A48
:10E4800002E0AA4200D1F3E22E00013D2B78392BA5
:10E49000F7D001332B704846069901F09FFB002C02
:10E4A0000CD05346002B05D0A24503D05146484618
:10E4B00001F094FB2100484601F090FB5946484684
:10E4C00001F08CFB0023099A33702A9B1A602C9B65
:10E4D000002B00D1E2E41E60E0E4049B002B00D09E
:10E4E00062E70499059A1300120300D05CE71A4909
:10E4F00000220B4206D0099B01320133099301230C
:10E500009C46E04453469246002B00D14CE760E124
:10E51000012310933EE51C2355E7289A012A00DCCD
:10E5200096E2089B0C9A5E1EB24200DA8AE1961BC4
:10E53000099AD51A002B00DA90E19C46099AE0442A
:10E5400015006244099289E10000F03F01FCFFFFE1
:10E55000D41B0110000024400000F07F289B012400
:10E56000032B00D1A8E100DD3CE5022B01D100F036
:10E5700010FC00244B4621004846DC6301F006FBFA
:10E580000390A04201D100F008FC4B46039A299465
:10E590009A6301230B93023B11930893CCE520224D
:10E5A0002000D31A98409FE4002321000A22484605
:10E5B00001F01EFB119B04000A96002B00DCCEE349
:10E5C0000893002D05DD21002A00484601F07EFD5C
:10E5D00004005346A046002B00D0C1E2089A039BDA
:10E5E00094469A46013B9C4463460993012357464F
:10E5F0005E46C246049A1A400C92069D30002900DD
:10E60000FFF762FB302203009446210063440B9025
:10E6100030009B4601F0D8FD29008046524648460E
:10E6200001F0F0FDC3680500002B34D1010030007B
:10E6300001F0CAFD29000890484601F0CFFA089B76
:10E64000289A134359D10C9B002B00D145E3434634
:10E65000002B00DA4CE35B463B70099B7D1CBB4200
:10E6600000D114E3310000230A22484601F0C0FA29
:10E67000002306000A2221004846544537D001F005
:10E68000B7FA5146040000230A22484601F0B0FAC6
:10E690002F008246B1E7454601004846D046BA46BB
:10E6A0005F46B34601F09AFA002D06DB0123049A77
:10E6B0001340289A15432B4330D15946012248462E
:10E6C00001F004FD0699834601F07EFD002800DC80
:10E6D000E7E0392F00D1EFE20B9F313753465E1C44
:10E6E0001F700A9BA246013344460993D3E601F00A
:10E6F0007FFA2F00040082467FE74346002B00DAB2
:10E700003EE3289A13430C9A134300D138E3089B45
:10E71000002BA0DDD046BA465F46B346392F00D164
:10E72000CAE253465E1C0A9B0137013309935346E4
:10E73000A2461F704446AEE6289B022B00DC63E62F
:10E74000089B039E002B00D025E50699052248462C
:10E7500001F04EFA01000690584601F035FD002800
:10E7600000DC18E53123039A0A9D561C137001350D
:10E770004846069901F032FA6B1C0993002C00D030
:10E7800098E69BE65846069901F01EFD002800DB3E
:10E7900036E60A9B59460A2248465E1E002301F0CF
:10E7A00027FA0B9B8346002B00D0FDE6119B002B24
:10E7B00000DCC7E20A9A089309922CE6010052464F
:10E7C000484601F01BFC289B0690012B4CDD0023E2
:10E7D0009A46069A9446136903339B00634458682B
:10E7E00001F0B2FA20231B1ADFE5D44B0393033365
:10E7F000E3E4042B00D1EDE53C235B1AE3E50523BC
:10E800002893043B0B930A9A299B944663441193E3
:10E8100001331D1E089301DDFFF7F3FB00214B467A
:10E82000D963FFF7FDFB002802D1FF0700D526E6DC
:10E830002E00013D2B78302BFAD02CE61D000DE682
:10E8400043468DE50C9B0C96F31A9A44089B0026D0
:10E850009C46099AE0441500624409920121484609
:10E8600001F0C6FA040072E5049B002BAFD10499B5
:10E87000059A13001203AAD139E6B14B0E401A6A69
:10E880005B6A06980799F4F766FC032312901391CC
:10E890000D93FFF7EEFB0223289300230B93FFF762
:10E8A000A8FB002800D019E7FB0700D511E715E702
:10E8B000012308932993DAE400230B93A3E7089B31
:10E8C000002B00D119E2119C002C00DC34E40A9BDF
:10E8D0000022013B300039001A939A4BF4F759FC9F
:10E8E00006000F000D980130F4F7CAFC32003B001F
:10E8F000F4F74FFC0022944BF4F724FC934A0B00EE
:10E9000094466344129013910D9413933900300090
:10E91000F4F7CEFC129B139C8D49169317948C46EA
:10E920000D9C1B91631EDB00634419685A681490A8
:10E9300018911992F4F7A4FC02000B003000390082
:10E94000F4F7F7FB039E149B04000B98771C3033FD
:10E95000DEB20D00189A199B1297002800D12EE103
:10E9600000207C49F4F7F7FB169A179BF4F7E1FBBC
:10E97000039B22001E702B0014901591F4F76AFC83
:10E98000002800D0D0E1002352469A46434618930F
:10E990005B461692BB46149E159F129334E00123EA
:10E9A0009C460D9BE2449A4500DBC3E10022300007
:10E9B0003900644BF4F7EDFB0022624B06000F00B8
:10E9C00020002900F4F7E5FB0D000400F4F770FCCB
:10E9D0008046F4F755FC02000B0020002900F4F7F4
:10E9E000A8FB01239C4643460D0004005146039AB0
:10E9F00030335354200032003B002900E344F4F745
:10EA000013FC002800D08CE122002B00002052498A
:10EA1000F4F78FFB32003B00F4F706FC0028BED071
:10EA2000129B5F469B46012294461A9B039A6344BD
:10EA3000984602E0BA4200D139E13E00013F3B78FE
:10EA4000392BF7D00133DBB23B704346099335E5F0
:10EA50000E9A002A00D116E1404A94466344099A6E
:10EA6000984494469C44634615000C9E0993F5E631
:10EA70003123039A1370099B013309930BE50A9B19
:10EA8000002B00D10DE1069807990F225C4222402D
:10EA90002F4BD2009B181A685B68F4F77AFB24119D
:10EAA00012901391002C00D160E1022206000F00A9
:10EAB0000023234D0D92012222420BD00D9B3000EA
:10EAC000013339000D932A686B68F4F762FB012368
:10EAD00006000F0064100835002CECD1002B01D08B
:10EAE000FFF7E4FA129E139FFFF7E0FA0123DB1B06
:10EAF0000993002398461093FFF7A8FB47460200AE
:10EB00000B00F4F71FFB0A9B04000133984609939E
:10EB1000049A059B0D00F4F79DFB002809D1049A87
:10EB2000059B20002900F4F777FB002803D0F607A7
:10EB300001D5039A81E73E00C0E4C046D41B011012
:10EB4000A05001100000244000001C400000C0FC48
:10EB5000C85001100000E03F0000F03F3304000007
:10EB60004846616801F012F8051E00D11CE1210041
:10EB700022690C31023292000C30F5F727F801229D
:10EB80002900484601F0A2FA804627E5210032001C
:10EB9000484601F033FA5A4601000400484601F0A5
:10EBA00057F907005946484601F018F80C9BBB4638
:10EBB0009B1B0C9301D1FFF7EAFBFFF7E2FB1698D2
:10EBC0001799F4F7E6FA0D9B0E900F9103991A002E
:10EBD0008C4662440E700B923E00012B1BD000222B
:10EBE000744B20002900F4F7D4FA0D000400F4F768
:10EBF0005FFB0700F4F744FB0B0002002900200034
:10EC0000F4F797FA30370B9B3770013604000D008C
:10EC1000B342E4D11F000E980F990022664BF4F71F
:10EC200091FA22002B00F4F7FFFA002800D0FAE650
:10EC30000E9A0F9B00206049F4F77BFA22002B000C
:10EC4000F4F708FB002814D11D9B002B01DAFFF715
:10EC500079FB0A9B0E2B01DDFFF774FB1B9A0A9BC5
:10EC60009446DB0063445C681B6804930594FFF7DB
:10EC700008FB3E00013F3B78302BFAD01A9B013352
:10EC80000993FFF71BFC36231C9A9B1AE7E6D04634
:10EC90000A9B5F460133A246B34644460993FFF7F9
:10ECA000E2FB0223069E079F0D93FFF7FFF9012267
:10ECB00094463123E044C7E6534652465D1C39234F
:10ECC00013700A9BA24601334446039A0993FFF747
:10ECD000DBFB00230024069344E54546D046BA46B4
:10ECE0005F46B346392FE7D0002D00DDF4E4F5E4AC
:10ECF000D046BA465F46B346F0E40D98F4F7C0FA42
:10ED000032003B00F4F745FA00222C4BF4F71AFAD4
:10ED10002B4A0B0094466344129013911393FFF710
:10ED2000ECF9129B5F469B461A9B3E000133099308
:10ED3000FFF7C4FB169B9A46189B9846129B9B466E
:10ED4000FFF7FAF9289B022B05DC0A9B0993119B1C
:10ED50000893FFF760FB119B0A960893F0E4119B60
:10ED60000893289B022B00DDEAE42AE40223129E8A
:10ED7000139F0D93FFF79AF9124B0393FFF78EF849
:10ED8000089BD046BA465F46B346002B00DD94E4AC
:10ED9000A4E400230B93FFF72CF9B02100220A4BC7
:10EDA0000A48FF31F6F754FB0022074B0748084991
:10EDB000F6F74EFB000024400000E03F00001C403E
:10EDC0000000C0FCC81B0110D81B0110EC1B011077
:10EDD000EF020000314B70B5050018680C000028E8
:10EDE00002D0426B002A4FD00C22A35E1A071DD519
:10EDF0002269002A24D0D90708D50021A1606169C1
:10EE000000204942A161002A08D070BD0021980766
:10EE100000D461690020A160002AF6D11A06F4D559
:10EE200040221343A38101204042EEE7DA062ED5AB
:10EE30005A0714D4226908210B43A381002ADAD18E
:10EE4000A02180208900800019408142D3D0210078
:10EE5000280001F08DFC0C22A35E2269CBE7216B18
:10EE600000290AD022004032914204D0280000F04C
:10EE700071F80C22A35E0022226324229343002215
:10EE8000626022692260D6E700F0FAFCACE7092252
:10EE90002A6040221343A381C5E7C04638120020F0
:10EEA000F0B5C646060000B508200D0000F024FAB3
:10EEB0000400300000F0E2FB234B210098469B68E1
:10EEC0005F6803239F4338001138401B0019F3F794
:10EED000F5FE451E6543AC4208DC0021300000F021
:10EEE00033FD43469B68DB19984206D0300000F0A2
:10EEF000C7FB002080BCB846F0BD3000694200F07E
:10EF000023FD01300ED0012243467F1B9B6817432F
:10EF10000E4A5F60136830005B1B136000F0B0FBAB
:10EF20000120E7E70021300000F00EFD43469A681B
:10EF3000831A0F2BDADD064C04492468001B086095
:10EF400001210B435360D1E768130020601D0020AE
:10EF500060130020F8B5CE46474605000C0080B58A
:10EF6000002957D000F08AFB012321009C46083974
:10EF700048686246030003249343CF187A68654EBD
:10EF8000A243B468BC4200D170E0BC18A1466446FC
:10EF90007A60044221D10868091A1B1888688046E3
:10EFA000484640682040340008348146A04551D08E
:10EFB0004046CC68C460A0604846002811D19B1828
:10EFC0005548BA68824200D17FE0F868D06082601C
:10EFD00001221A434A60CB5007E04846406820426D
:10EFE000EDD062461A434A603B6080229200934211
:10EFF00014D2DA0858090123834070680343736010
:10F00000D3009B199A68CB608A609960D160280010
:10F0100000F036FBC0BCB946B046F8BD5C0A042C13
:10F020003DD89C09200039343830E4003419226876
:10F03000083C0327944203D140E09268944203D0F5
:10F040005068B8439842F8D8D468CC608A60A16010
:10F05000D160DCE7002858D1B868D218FB68C360DB
:10F060009860634613434B608A50D0E79A18634612
:10F07000034206D10B68C91A8868D218CB68C360EE
:10F080009860012313434B60244BB1601B6893428B
:10F09000BDD8234B28001968FFF702FFB7E7142CEF
:10F0A00007D9542C1AD81C0B20006F346E30E400A2
:10F0B000BCE720005C345B30E400B7E7012380103C
:10F0C0008340706803437360BFE7D1609160CA609A
:10F0D0008A6001221A434A60CB5098E7AA22520064
:10F0E000944205D8DC0B200078347730E4009DE7AB
:10F0F0000C4A944205D89C0C20007D347C30E400FE
:10F1000094E7FE247E20A40090E762461A434A60FA
:10F110003B607CE76813002070130020641300201C
:10F120005C1D00205405000010B50A22002100F0EB
:10F13000C3F810BD10B50A23002200F0ADF810BDD1
:10F14000F0B557464E464546DE46E0B582460F00CE
:10F1500090461E00994683B0242B43D8012B41D002
:10F160000B0008204A4D1A0014780133295D08422B
:10F17000F9D11D002D2C00D176E02B2C3ED0454B33
:10F180009B4600230193002E53D1302C00D173E015
:10F190000A2399460A3649465846F3F78FFD2B0055
:10F1A0008C463D000200270000214C460020E1462D
:10F1B000AC463D00303D092D07D9113D192D03D92D
:10F1C0003D00613D192D20D80A35AE421DDD4F1C92
:10F1D00005D082422AD327D00121604328181F7806
:10F1E0000133E6E7FEF730FA16230360002003B090
:10F1F000F0BCBB46B246A946A046F0BD1C78254BE4
:10F20000951C9B4600230193BDE767464A1C21D00D
:10F21000019A002A00D040424246002AE7D0002945
:10F2200033D143461F60E2E7A945D5DA01214942BF
:10F23000D5E7102EAFD110239946302CABD1202228
:10F240002B789343582BA6D110236C78994610261F
:10F250000235A0E7222251460A6042465846002A5B
:10F26000C5D058465F1EDCE71C7880231B069B46F2
:10F270000123951C019386E720222B789343582B7A
:10F28000E2D008230826994685E78346E9E7C04689
:10F29000614F0110FFFFFF7F10B5FFF751FF10BD59
:10F2A00010B504001300034A10680A002100FFF79C
:10F2B00047FF10BD3812002010B504001300034AA8
:10F2C00010680A002100FFF73BFF10BD3812002034
:10F2D00010B5034B01001868FEF71CFA10BDC046BC
:10F2E0003812002010B5034B01001868FFF732FEFA
:10F2F00010BDC04638120020802310B55B010828DD
:10F3000001D1180010BDFEF79FF916230360173BCB
:10F31000F7E7C04610B50A22002100F01BFC10BD23
:10F3200010B50A23002200F005FC10BDF0B55746C9
:10F330004E46DE464546E0B50C000600170083B099
:10F34000002900D1ACE000F099F908235B4299460E
:10F35000A1444B465B68032219003D0091430B35E5
:10F36000CA468846162D67D81025AF4267D8A845EB
:10F370006EDA4946C04841444A6800908068934626
:10F38000884200D1A0E001208446100062469043EC
:10F3900008184068104200D077E05A4603208243A4
:10F3A0009346C3445D454EDD6046184212D14B463C
:10F3B00048461B68C31A03209B465B688343D218E8
:10F3C00042440092954200DCCCE0434400939D42CD
:10F3D00000DCCBE039003000FEF79CF9071E00D1BD
:10F3E0001EE14B4601225B68934302004B44083AFE
:10F3F000934200D1E3E04246043A242A00D9E3E0F4
:10F4000003002100132A09D923680360636843605D
:10F410001B2A00D9DCE00300083108330A681A60AF
:10F420004A685A608A689A6030002100FFF792FDAE
:10F43000300000F025F920E00432954395D50C23E7
:10F440000027336019E0D846CB688A68D3609A6099
:10F4500043465F1B5346012250465B6840441340BD
:10F460000F2F22D841460B4351464B60436813434C
:10F470004360300000F004F92700380003B0F0BC0E
:10F48000BB46B246A946A046F0BD1A42A2D14B46A1
:10F490004A461B68D31A03229B465B68934394E752
:10F4A0001100FEF737F90700E7E751462B434919EA
:10F4B000554617436B604F60436808311343436000
:10F4C0003000FFF747FDD4E703218A439446290023
:10F4D000C44410318C4500DB84E0DB0700D579E7BC
:10F4E0004B4648461B68C31A03209B465B68834310
:10F4F000D21842440192914200DD66E75B465A46CB
:10F50000DB6892685F46D3609A604246043A0837E7
:10F51000242A00D999E03B00132A0AD959462368C6
:10F520008B606368CB601B2A00D993E05B4608348C
:10F53000103322681A6062685A60A2689A605B465B
:10F5400001225919009B30009960019B5B1B1343FA
:10F550004B605B465B6813405A462B43536000F098
:10F560008FF88AE7CB688A68D3609A605B465A4610
:10F57000DB6892685F46D3609A604246043A083777
:10F58000242A17D83B00132A09D9594623688B60CF
:10F590006368CB601B2A39D85B4608341033226875
:10F5A0001A6062685A60A2689A60009B3C009846A4
:10F5B000DA464DE72100380001F098F9F5E703221B
:10F5C0005B689343984443E7210001F08FF92BE7F0
:10F5D000A3688360E368C360242A26D00300103147
:10F5E00010331BE74B465919009B01229960634673
:10F5F0005B1B13434B604B465B68300013404A462D
:10F600002B43536000F03CF8270036E7A3680B61FA
:10F61000E3684B61242A10D05B4610341833BEE7F0
:10F62000300000F02DF8002727E723691831036127
:10F630000300626918334261F0E623698B615B461F
:10F6400062692033CA611834A9E72100380001F04B
:10F650004DF974E7A3680B61E3684B61242A03D07A
:10F660005B461034183364E723698B615B4662693B
:10F670002033CA6118345CE7681300207047C04625
:10F680007047C0460020704710B5034A034904483C
:10F6900001F042F810BDC046701700209D0901100E
:10F6A0004012002041680B4B10B50400994201D074
:10F6B00001F074F9A168084B994202D0200001F0D2
:10F6C0006DF9E168054B994202D0200001F066F91E
:10F6D00010BDC046941D0020FC1D0020641E0020AB
:10F6E00000207047F8B5CE464746344C344B354A77
:10F6F0002000002580B51A600423082200215C3018
:10F7000025606560A560656625616561A561E3604A
:10F71000F4F756FA2C4B2000994623622B4B2C4FC2
:10F7200098466362CC23E5502A4B2B4E63678023B7
:10F7300008220021C430E550A762E662A566E566AE
:10F740002567A567E567E461F4F73AFA22008423A8
:10F750006832E2504A460433E25042462000043305
:10F76000E2500433E7500433E6503C33E5500433B1
:10F77000E5500433E550194A5C33E550583BE250FC
:10F780000433E5502D300433E550082204330021C2
:10F79000FF30E550F4F714FA2200EC23D032E250A7
:10F7A0004A460433E25042460433E2500433E75001
:10F7B0000433E650C0BCB946B046F8BD941D0020E5
:10F7C000901D002089F600106D0A0110990A0110A1
:10F7D000D90A011009000100090B011012000200F2
:10F7E000F8B5244B07001B68002B3BD0224E7368F2
:10F7F000B468013B03D51BE06834013B18D30C22ED
:10F80000A55E002DF8D120001C4B08220021E360EA
:10F8100065662560A560656025616561A5615C30F0
:10F82000F4F7CEF9256365636564A5642000F8BD2F
:10F830003568002D01D02E00D9E7D62138004900C7
:10F84000FDF768FF041E10D00423D02205602500B8
:10F8500043600C300021A0605200F4F7B1F934602D
:10F860002E00C4E7FFF73EFFC0E70C2330603B608B
:10F87000DCE7C046901D0020701700200100FFFF4C
:10F88000436B10B5002B00D010BD044B4363044BF9
:10F890001B68002BF8D1FFF725FFF5E7A5F6001050
:10F8A000901D00207047C0467047C04610B500202C
:10F8B000024A034900F030FF10BDC0467017002017
:10F8C00085F6001010B50020024A034900F024FF1D
:10F8D00010BDC04670170020E1F6001010B5010001
:10F8E00000230022002001F015F910BD10B5830798
:10F8F0000AD00300032102E001330B4205D01A783D
:10F90000002AF9D1181A10BD030019680C4A0D4CD1
:10F910008A188A4322420FD15968094A04338A1847
:10F920008A43224208D15968054A04338A188A4317
:10F930002242F1D000E001331A78002AFBD1E1E73E
:10F94000FFFEFEFE80808080002370B5064C05001F
:10F9500008002360F5F728FD431C00D070BD236824
:10F96000002BFBD02B60F9E7CC1E002070B5074CB4
:10F97000074D641BA41005D0013CA300EB58984729
:10F98000002CF9D101F00AFB70BDC046E81001104F
:10F99000E8100110F0B5DE464E4645465746E0B544
:10F9A00089B00D00059193461E00082107905F481D
:10F9B0002B001C780135025D1142F9D12D2C00D1AC
:10F9C00084E02B2C4BD001235B420393584B0493D0
:10F9D00000230693002E08D1302C00D180E00A23AA
:10F9E0009A4600230A36994605E0102E00D182E09F
:10F9F000F317B246994652464B4603980499F3F7DB
:10FA00009BF923000F008046029200200022002173
:10FA100013E0B94201D140451ED8804543D052463B
:10FA20004B46F3F777FFE31700940193009B019C8B
:10FA30000122C01861412B7801351C00303C092C93
:10FA400004D9113C192C0DD8373B1C00A64211DDFE
:10FA5000531CF0D0B942DCD901225242EBE72C789A
:10FA60009D1CB0E71C00613C192C03D8573B1C00BF
:10FA7000A642EDDC531C1ED0069B002B04D00300D5
:10FA80000C0000215842A1415B46002B04D0002A03
:10FA900048D15B46059A1A6009B0F0BCBB46B24635
:10FAA000A946A046F0BD8F42B9D1029BA342B6DA67
:10FAB00001225242BFE72223079A13605B46002BC4
:10FAC0002DD06B1E039804990593E2E72C789D1CBA
:10FAD0000023039380231B0604930123069379E7F5
:10FAE00020222B789343582B11D008239A460023C9
:10FAF000082699467FE7302C04D010239A4600232D
:10FB0000994678E720222B789343582BF5D1102380
:10FB10009A4600236C789946102602356BE70398C5
:10FB20000499B9E703900491CBE7C046614F0110F7
:10FB3000FFFFFF7F10B5FFF72DFF10BD10B50400CC
:10FB40001300034A10680A002100FFF723FF10BDCD
:10FB50003812002010B504001300034A10680A0090
:10FB60002100FFF717FF10BD3812002010B5140058
:10FB700092680023002A05D0220001F041F80022FB
:10FB80000300A26000221800626010BD436C70B5D3
:10FB900004000D00002B0AD0AA009B18186800284A
:10FBA0000ED002681A6000230361C36070BD212279
:10FBB0000421FDF74FFD031E6064EDD10020F5E741
:10FBC0000126AE40721D012120009200FDF742FD8A
:10FBD0000028F3D045608660E5E7C046002906D0DE
:10FBE0004A68436C92009B181A680A601960704753
:10FBF000F0B5C6461F008046002300B50E000D6913
:10FC000014310C6801332004000C5043240C54437D
:10FC1000C019070CE4190004270C000C2404241854
:10FC200010C19D42EDDC002F08D0B368AB4209DD66
:10FC30002B1D9B00F31801355F603561300080BCDF
:10FC4000B846F0BD716840460131FFF79FFF041EC2
:10FC500017D0310032690C31023292000C30F3F7C8
:10FC6000B5FF434672685B6C92009B181A6832605D
:10FC70001E6026002B1D9B00F31801355F60356167
:10FC8000DCE70022BA21024B0248F5F7E1FBC0464F
:10FC9000D81B0110181C0110F8B54746CE460600C7
:10FCA000180080B50C00083009211F009046F2F7BB
:10FCB000DDFF092F3BDD012500216D000131A84248
:10FCC000FBDC3000FFF762FF011E32D0089B43616E
:10FCD000012303614346092B16DC092398460A34A5
:10FCE00047450CDD4346E719FF1A23780A22300006
:10FCF000303BFFF77DFF01340100BC42F5D1080025
:10FD0000C0BCB946B046F8BD09239946A1444D464A
:10FD100044442B780A223000303BFFF769FF01355D
:10FD20000100A542F5D14446083C4C44D8E70021E7
:10FD3000C7E70022024B0348D331F5F789FBC046E1
:10FD4000D81B0110181C0110802203005202002051
:10FD5000934201D21B04103080225204934201D2FC
:10FD600008301B0280225205934201D204301B014D
:10FD70008022D205934203D3DB43DB0FC0187047C8
:10FD800099009B0004D403301142F8D12020F6E7FB
:10FD90000230F4E703680200590707D0D9071ED4E0
:10FDA000990720D55B0803600120704700201904E3
:10FDB00001D11B0C1030FF21194201D108301B0A60
:10FDC000190701D104301B09990701D102309B08A2
:10FDD000D90702D401305B0803D01360E5E70020A7
:10FDE000E3E72020E1E79B0803600220DDE7C0464F
:10FDF000436C70B504000D00002B0AD05868002831
:10FE000015D002685A600023C36001334561036165
:10FE100070BD21220421FDF71DFC031E6064EDD19D
:10FE200046210022084B0948FF31F5F711FB1C223F
:10FE300001212000FDF70EFC0028F1D001234360D2
:10FE400001338360DFE7C046D81B0110181C011086
:10FE5000F0B54E4657464546DE46E0B50B69166995
:10FE60008A469146984685B0B34204DB3300894602
:10FE70004646924698464B4659684346F5184B46C7
:10FE80009B68AB4200DA0131FFF780FE071E00D10C
:10FE9000A9E014239C4684446346AC0064441800E3
:10FEA0000022A34202D204C39C42FCD814234B4438
:10FEB0009B46434651469B0098461431B600884401
:10FEC0005E44414574D204239A464B4615339E4204
:10FED00000D380E05B460193434600935346B4460B
:10FEE000A246AB46B9460C00029306E02D0C31D178
:10FEF000009B04340430A34257D925682B04190C05
:10FF0000002BF3D0019D5346A04600260C008246EC
:10FF10002F00039308CF01681A04120C62431B0CD4
:10FF20000D0463432D0C52199219090C5B18110C26
:10FF30005B1812041E0C120C1B04134308C0BC45B2
:10FF4000E8D850464446039B9A46029BC650256813
:10FF50002D0CCDD0060000220368A0466046190093
:10FF60001400B446019F3A88090C6A4312195218CA
:10FF70001B0411041B0C0B43336010CF7168240C5D
:10FF80006C430B041B0CE318120C9B181C0C04365E
:10FF9000B842E8D86246844610004446029A0434C7
:10FFA0008350009B0430A342A7D854465D464F4679
:10FFB000002D03DC06E0013D002D03D0043C236846
:10FFC000002BF8D038003D6105B0F0BCBB46B2460E
:10FFD000A946A046F0BD4B46F31A153B9B080133DA
:10FFE0009B009A4676E7B1210022024B0248490065
:10FFF000F5F72EFAD81B0110181C0110F8B50323D1
:020000041001E9
:1000000047461400CE461A0080B50E000700224075
:10001000234234D1A41023D03D6C002D38D00123CD
:100020009846002399464346234208D1641017D0CE
:100030002868002819D0050043462342F6D02A003C
:1000400031003800FFF704FF002E06D072687B6C89
:1000500092009B181A6832601E6006006410E7D197
:100060003000C0BCB946B046F8BD2A0029003800AF
:10007000FFF7EEFE4B46286005000360DCE70F4B00
:10008000013A9200D2580023FFF7B2FD0600C1E703
:1000900001213800FFF77AFD051E07D0084B4361A8
:1000A00001230361002338640360B8E7462100227E
:1000B000044B0548FF31F5F7CBF9C04668500110F5
:1000C00071020000D81B0110181C0110F0B5454644
:1000D000DE4657464E46E0B50D002B695411984652
:1000E000A04443465E1CAB6883461700496883B052
:1000F0009E4203DD01315B009E42FBDC5846FFF768
:1001000045FD8446002853D0010014310B000191B5
:10011000002C0CDDA400220000201432624401C334
:100120009342FCD1019B9946A1444B4601931F2267
:100130002B0011002C691433A40039408A461C1985
:100140003A422FD00132521A914600270198514667
:100150001A688A403A4304C04A4680CBD7409C4242
:10016000F5D82A0015320423944204D3631B153BAF
:100170009B0801339B00019AD750002F00D14646BF
:1001800063461E615B4660466A685B6C92009B1822
:100190001A682A601D6003B0F0BCBB46B246A9468F
:1001A000A046F0BD019904CB04C19C42FBD8E6E710
:1001B000EF210022024B03484900F5F749F9C046F8
:1001C000D81B0110181C011002690B6930B505001D
:1001D000D01A9A4214D19B0014351431EA18CB1866
:1001E00001E095420CD2043A043B146819688C4231
:1001F000F7D000238C425B4102205B42184001385B
:1002000030BDC046F0B5454690465746DE464E46A0
:100210004346E0B50A691B690F0083B0D11A9A42C0
:1002200000D098E03D0042469900143514326B1816
:10023000521802E09D4200D395E0043B043A1C684A
:1002400011688C42F6D001258C4203D34346002529
:10025000B8461F0043465968FFF798FC84460028BB
:1002600000D194E0142242449146142243463900BE
:10027000624492460022C56038691B6914318000CF
:100280004D4608189C004C44BB461426070099466E
:1002900010000A0000950194434602CA9D590B04C0
:1002A0002C041B0C240CE41A63462418090C2D0C96
:1002B0006D1A2114691824040814240C09040C4331
:1002C0009C5104369742E7D8020038005F460099F7
:1002D0004B46894639000026153188427641C01BBD
:1002E00015388008250083460427019CF1B2002EB2
:1002F00036D14846C0195744B8463E0099460700D3
:1003000084423BD9130020CF2904090C8918091411
:100310002A0CED1889182D040A142D0C09040D431C
:1003200020C6BC42EED8013C221A920892004244F8
:100330004B461600002D04D1043E3268013B002AD2
:10034000FAD062461361604603B0F0BCBB46B246C9
:10035000A946A046F0BD0125002900DB76E779E734
:10036000471CBF00C5E70021FFF710FC84460028AA
:1003700013D00123036100234361E4E70026002931
:1003800001D15644D6E75A4696005644D2E7002299
:10039000054B06480649F5F75BF80022024B034877
:1003A0000449F5F755F8C046D81B0110181C011078
:1003B00045020000370200000D4A0E4B94460B40E8
:1003C00063440022002B02DD1900100070475B42DD
:1003D0001915132903DC80231B030B41F4E714399F
:1003E00001221E2902DC80221206CA400023EBE70C
:1003F0000000C0FC0000F07FF8B506004746CE467E
:1004000004691436A4003419231F1D6880B5280020
:100410000F009846FFF798FC2022111A030039605C
:100420000A282EDD07000B3F464519D208235B4200
:100430009C46A44463461B68002F1AD01900D21BA7
:10044000D140BD409146194A0D432A431100BB409B
:10045000664511D24A460C3C2468D44023430BE045
:100460000B2805D0BD40114B2B431900002303E09E
:1004700000230E4A2A4311001800C0BCB946B046FA
:10048000F8BD2F00153A121AD7409146074A3A4351
:1004900011000027464503D24A46083C2768D7404A
:1004A00015339D402B003B43E6E7C0460000F03F7C
:1004B000F0B5012183B014001D00FFF767FB061E95
:1004C0004AD02B036F001B0B7F0D02D080225203FA
:1004D00013430193002C16D101A8FFF75BFC012404
:1004E000019B203073613461002F24D01D4B3524D3
:1004F0009C46089B67443F181F60241A3000099BE4
:100500001C6003B0F0BD68460094FFF743FC019CFB
:1005100000281FD0202322001B1A9A40C440130039
:10052000009A019413437361B461631E9C410134CA
:100530003461002FDAD10C4B9C46089B6044186054
:100540000A4BE3189B00F3185869FFF7FDFB6401A1
:10055000241AD3E7009BE6E70022054B054806492D
:10056000F4F776FFCDFBFFFFCEFBFFFFFFFFFF3F62
:10057000D81B0110181C01100F030000F0B5CE4667
:10058000474680B585B0884602A98146FFF734FF0B
:1005900004000D00404603A9FFF72EFF02000B00E8
:1005A000404649460069096900920193091A4901C8
:1005B000884602980399401A0100414400290BDD46
:1005C00009054F193D0020002900F2F7C4FD05B0D0
:1005D000C0BCB946B046F0BD09055B1A0193009A4C
:1005E000019BF0E710B50400172809DD002007493A
:1005F0000022074B013CF2F7CCFD002CF8D110BDD6
:10060000044BC4001B1918685968F8E70000F03F54
:1006100000002440C85001101300013970B54C117E
:100620001169013414338900A400591804198B424C
:100630000AD2050040CB40C59942FBD88B1A153B26
:100640009B0801339B00C018844203D9002308C0D3
:100650008442FCD870BDC04610B504000269143451
:10066000481182420ADA9200A31803E0043B1A6898
:10067000002A14D1A342F9D8002010BD8300E3184A
:100680008242F7DD1F22100008400A42F2D01968AA
:100690000A00C240824001209142EED1EAE70120E7
:1006A000EBE7C04670B5CCB283070DD0531E002ACD
:1006B0000FD0032504E00130284206D0013B08D3C7
:1006C0000278A242F7D170BD1300032B03D8002B90
:1006D00014D10020F7E7FF220A401502AD182A04C2
:1006E0000B4EAD1803E0043B0430032BEFD9026836
:1006F00008496A40511891433142F4D0C31802E0CE
:1007000001309842E5D00278A242F9D1DBE7C04639
:1007100080808080FFFEFEFEF8B54746CE468846C4
:1007200080B58146170000267D68BC68013D0DD468
:10073000A389012B07D90E22A35E013303D0210028
:100740004846C04706436834013DF1D23F68002F58
:10075000EAD13000C0BCB946B046F8BDF0307047B1
:10076000004870476C180020004870476C18002043
:10077000F0B5C64600B50C228B5E05000C0096B0A5
:100780009A0709D523004333236023610123636162
:1007900016B080BCB846F0BD0E22895E002928DB69
:1007A0006A4600F007FA002821DBF023019F1B02B4
:1007B0001F40264B80269C4667447B425F41802336
:1007C000DB009846360141462800FCF7A3FF0028CD
:1007D0001BD08022A3892060134342461BB2A38111
:1007E00020616261002F1FD13343A381D0E70C2227
:1007F000A35E00271B0612D54023984628004146D9
:100800000026FCF787FF0028E3D10C22A35E9A059F
:10081000BED40322934302221343A381B2E7802371
:10082000DB0098460026CEE728000E23E15E00F0AC
:10083000D5F9002802D10C22A35ED5E70322A389B3
:100840009343012213431BB2CEE7C04600E0FFFFF3
:1008500070B50C001E000E23C95E150096B000296D
:1008600015DB6A4600F0A6F9002810DBF023019999
:100870001B0219400B4B80209C4661444B4259415E
:1008800080230001DB0031602B6016B070BDA389AE
:1008900000211B0602D540230020F4E7802300201E
:1008A000DB00F0E700E0FFFF30B583B0069D034CAE
:1008B0000095E4256459A04703B030BD7C170020A3
:1008C00082B000290AD0002A0BD0002B0BD013785D
:1008D0000B601078431E984102B0704701A9002AAE
:1008E000F3D10020F8E702204042F5E7F0B5884256
:1008F0000AD98B18984207D2531E002A03D0CA5C2B
:10090000C254013BFBD2F0BD05000F2A0AD8561E87
:10091000002AF8D00023CC5C1A00EC540133964234
:10092000F9D1F0E703273E000D430C0003002E40F1
:100930002F422DD11500103D2D09AC462F013F1837
:1009400025681D6065685D60A5689D60E568103478
:10095000DD601D001033BD42F2D165460F230C242B
:1009600001352D01491913404519144213D0043B98
:100970009B0801339B008C59AC5104369E42FAD13E
:1009800003231A40AD198919561E002AC2D1BAE7AD
:100990000500561EBEE71A00B9E7C04670B506004E
:1009A0000C1E08D0002802D0436B002B3BD00C2239
:1009B000A35E002B02D10025280070BD210030006D
:1009C000FCF71AFDE36A0500002B04D03000E16952
:1009D000984700281DDBA3891B061FD4216B002923
:1009E00008D023004033994202D03000FEF7B2FA1B
:1009F00000232363616C002904D03000FEF7AAFABB
:100A000000236364FEF74EFF0023A381FEF74CFF33
:100A1000D2E70125A3896D421B06DFD5300021698D
:100A2000FEF798FADAE7FEF72BFFC0E710B5034BA5
:100A300001001868FFF7B2FF10BDC0463812002051
:100A400070B5E025014C6459A04770BD7C170020AB
:100A5000002909D0FF2A02D801200A7070478A2392
:100A6000036001204042F9E70020F7E770B50C0071
:100A70000E25495F00F05EFA002803DB236D1B188A
:100A8000236570BDA389024A1340A381F9E7C046DC
:100A9000FFEFFFFF00207047F8B50C001F000C238C
:100AA000C95E05001600CB050AD40A4B3200194076
:100AB0002800A1810E23E15E3B0000F067F8F8BD3D
:100AC0000E23E15E0022022300F048FA0C23E15ECF
:100AD000EBE7C046FFEFFFFF70B50C000E25495F46
:100AE00000F03CFA431C07D08023A2895B0113432A
:100AF0001BB22065A38170BDA389024A13401BB2BB
:100B0000F8E7C046FFEFFFFF10B50E23C95E00F007
:100B1000FFF910BDF0B5C6461A4C00B52568002D8A
:100B20002AD06C681F2C2ADC002808D10020631C06
:100B30000234A4006B60615180BCB846F0BD8827C8
:100B4000A600AE19F2510137FF37BC460122AC4472
:100B50006746A2403F689046174362461760842765
:100B60007F00F3510228E1D1280042468D30FF304A
:100B7000036813430360D9E7034D2560D1E70120E3
:100B80004042D9E760200020D01E002070B504004C
:100B9000080011001A000023054D2B60F4F730FC0B
:100BA000431C00D070BD2B68002BFBD02360F9E7FD
:100BB000CC1E0020002370B5074D04000800110072
:100BC0002B60F4F737FC431C00D070BD2B68002B62
:100BD000FBD02360F9E7C046CC1E0020002370B58F
:100BE000064C050008002360F4F728FC431C00D0E5
:100BF00070BD2368002BFBD02B60F9E7CC1E0020D2
:100C0000F0B54E46DE4657464546E0B5936883B09C
:100C10000C0091460090002B5FD00C23CA5E130796
:100C200063D50B69002B60D04B461F68930723D513
:100C3000636A00269A46B34B00259846E169002D69
:100C400016D02B00454500D9AE4B32000098D04756
:100C5000002859DD4B464A469B6836181B1A2D1A48
:100C60009360002B39D0636AE1699A46002DE8D180
:100C70003E687D680837E2E7D30762D50023B846AF
:100C800000209A4600261F00002E45D000284CD098
:100C90003B00B3469E4200D99B4620682269A56866
:100CA0006369904203D9ED18AB4500DDFEE05B457A
:100CB00000DDEEE0656A5246E1690098A847051E2E
:100CC00022DD01207F1B19D04B464A469B68AA446F
:100CD0005B1B761B9360002BD6D1002003B0F0BCC9
:100CE000BB46B246A946A046F0BD21000098FEF7DB
:100CF00071F800280DD10C23E25E95E721000098E1
:100D0000FCF71EFC0028DFD00C22A35E4022134318
:100D1000A38101204042E1E70822434694465E68F1
:100D2000E044002EF8D01B689A4632000A21504653
:100D3000FFF7B8FC002800D1DBE053460130C71AAA
:100D4000A6E7002380219A4689008B4656465546E1
:100D50002068A36884469846002D5CD059460A4214
:100D60005DD09A46AB4200D990E09023DB001A4256
:100D700032D02169431A6069019343001B18D80FD0
:100D8000C3185810019B824601335B19834201D975
:100D90009A461800520500D497E001000098FCF72D
:100DA000B9FC8046031E00D1A6E0019A2169F2F742
:100DB0000DFFA389544A134080221343A381434665
:100DC0002361019B1A004244944622605246A84681
:100DD000AA46D31A6261A360524631006046FFF70B
:100DE00085FD4246A8460025A36820689B1A50440A
:100DF000A36020604B4642469B6846449B1A4A4685
:100E0000936000D169E70C23E25E2068A368844602
:100E10009846002DA2D13E687D6808379AE722697E
:100E200082421BD362699046AA4217D880232800C9
:100E30001B069D4200D335484146F1F717FF434654
:100E4000626A43439046E16932000098C047002837
:100E500000DC59E780464346ED1ACBE79846AB42A3
:100E600000D9A84642463100FFF740FD4246A3683C
:100E700020689B1A4044A3602060002BEBD1210026
:100E80000098FCF75DFB0028E5D03DE7A846AA46A0
:100E9000A2E75A465146FFF729FD5A46A3685D4628
:100EA0009B1AA36023685B4423600AE751462A002B
:100EB000FFF71CFD236821005B1900982360FCF7F5
:100EC0003FFB002800D1FCE61EE702000098FEF779
:100ED0002DFA8046002800D071E7009D2169280086
:100EE000FEF738F88022A3899343743A1BB22A6034
:100EF0000CE7731C1F00CCE6009A0C3313600C2225
:100F0000A35E03E700FCFF7F7FFBFFFFFFFFFF7F88
:100F1000002370B5064C050008002360F4F782FA40
:100F2000431C00D070BD2368002BFBD02B60F9E779
:100F3000CC1E002070B50400080011001A00002328
:100F4000054D2B60F4F74AFA431C00D070BD2B68A6
:100F5000002BFBD02360F9E7CC1E002070B5040005
:100F6000080011001A000023054D2B60F4F75EFA0B
:100F7000431C00D070BD2B68002BFBD02360F9E729
:100F8000CC1E0020034B10B5002B02D00248FEF708
:100F9000A5FC10BD000000006DF90010F8B5C046BA
:100FA00001B40248844601BC604700BFF903002039
:100FB00001B40248844601BC604700BF1D03002005
:100FC00001B40248844601BC604700BF59100020AC
:100FD00001B40248844601BC604700BF29010020DB
:100FE00001B40248844601BC604700BFED0C0020FC
:100FF00001B40248844601BC604700BF591000207C
:1010000001B40248844601BC604700BFB101002022
:1010100001B40248844601BC604700BFC9040020F7
:1010200001B40248844601BC604700BF8D02002025
:1010300001B40248844601BC604700BF0D10002087
:1010400001B40248844601BC604700BFF1010020A2
:1010500001B40248844601BC604700BF7D0D0020FA
:1010600001B40248844601BC604700BF2D0D00203A
:1010700001B40248844601BC604700BF69010020FA
:1010800001B40248844601BC604700BFC50C002083
:1010900001B40248844601BC604700BFC100002083
:1010A000412A00106D2A0010512C0010B13B001095
:1010B00011330010413A0010792B0010892A0010DA
:1010C000A92A0010BD2A00109D1B0010C52A00107F
:1010D000651F0010092A0010DD150010850F011092
:0810E000E5600010FD020010A4
:1010E8006C665F7363686564756C65282920636145
:1010F8006C6C65642061667465722073746F70200F
:101108007461672E000000007363686564756C6520
:101118002063616C6C656420776974682061206E57
:10112800656761746976652065787472615F646566
:101138006C617920256C6C642E205265706C61633B
:10114800696E672077697468207A65726F2E00006F
:1011580043414C4942524154494E4700526F6C6CCE
:1011680020726F626F74206F766572006C696768B1
:101178007420616E64206461726B2E0074696D6501
:101188003A25386420730000303A25346420313A17
:1011980025346400323A25346420333A2534640017
:1011A800343A2534640000003F0000006C696E6525
:1011B800646973706C61795F6D61696E000000002D
:1011C8004C696E65446973706C6179006C696E6511
:1011D8000000000064697370000000000A2A2A2ACF
:1011E8002050414E4943202A2A2A0A004E6F207374
:1011F80070696E6C6F636B732061726520617661D4
:10120800696C61626C6500004E6F207573657220B1
:10121800495251732061726520617661696C61621F
:101228006C650000486172647761726520616C6169
:10123800726D20256420616C726561647920636C2D
:1012480061696D65640000004861726420617373B0
:10125800657274004F7574206F66206D656D6F72CE
:101268007900000052656C6561736500626F6F7488
:10127800325F77323571303830000000322E322E2E
:1012880030000000706F6C6F6C755F3370695F328F
:101298003034305F726F626F740000004465632001
:1012A8003138203230323500666E692B000000007C
:1012B800666E69006E616E00666E692D0000000042
:1012C8002C2066756E6374696F6E3A20000000000A
:1012D800617373657274696F6E20222573222066AC
:1012E80061696C65643A2066696C65202225732201
:1012F8002C206C696E65202564257325730A00000F
:101308005541525420737464696E0000554152541B
:10131800207374646F75740055415254207374645B
:10132800696E202F207374646F75740055534220C2
:10133800737464696E202F207374646F7574000071
:101348005261737062657272792050690000000002
:101358005069636F00000000426F6172642043446B
:10136800430000005265736574000000556E6861A3
:101378006E646C65642049525120307825780A00E3
:10138800657020253032582077617320616C726552
:1013980061647920617661696C61626C6500000046
:1013A80043616E277420636F6E74696E756520786B
:1013B800666572206F6E20696E6163746976652058
:1013C80065702025303258004E6F2050494F2073E9
:1013D80074617465206D616368696E6573206172FC
:1013E8006520617661696C61626C65002D000000A2
:1013F800256C6C64000000002C2530336C6C640094
:101408004F7574206F66206D656D6F7279210000CD
:101418005F6C665F616476616E63655F746167289F
:10142800293A20417474656D7074656420746F2066
:101438006D6F76652028656C61707365642920740A
:10144800616720746F2028256C6C642C2025642922
:101458002C207768696368206973206561726C69FC
:101468006572207468616E206F7220657175616C99
:1014780020746F207468652028656C6170736564DA
:10148800292063757272656E74207461672C202838
:10149800256C6C642C202564292E00000A436F6D8E
:1014A8006D616E642D6C696E6520617267756D651E
:1014B8006E74733A200A000020202D662C202D2DF2
:1014C80066617374205B74727565207C2066616C3C
:1014D80073655D0020202057686574686572207404
:1014E8006F207761697420666F72207068797369FC
:1014F80063616C2074696D6520746F206D6174631D
:1015080068206C6F676963616C2074696D652E0A69
:101518000000000020202D6F2C202D2D74696D6592
:101528006F7574203C6475726174696F6E3E203CFF
:10153800756E6974733E000020202053746F70200C
:101548006166746572207468652073706563696686
:1015580069656420616D6F756E74206F66206C6FAD
:10156800676963616C2074696D652C2077686572A2
:101578006520756E69747320617265206F6E6520D1
:101588006F6600002020206E7365632C20757365DC
:10159800632C206D7365632C207365632C206D6943
:1015A8006E7574652C20686F75722C206461792CB7
:1015B800207765656B2C206F722074686520706CCD
:1015C8007572616C73206F662074686F73652E0A7C
:1015D8000000000020202D6B2C202D2D6B656570E0
:1015E800616C697665000000202020576865746882
:1015F800657220636F6E74696E75652065786563C2
:101608007574696F6E206576656E207768656E20E3
:10161800746865726520617265206E6F20657665F5
:101628006E747320746F2070726F636573732E0A03
:101638000000000020202D772C202D2D776F726B55
:10164800657273203C6E3E002020204578656375E6
:1016580074656420696E203C6E3E20746872656112
:10166800647320696620706F737369626C652028E3
:101678006F7074696F6E616C2066656174757265F0
:10168800292E0A0020202D692C202D2D6964203C4C
:101698006E3E0000202020546865204944206F6673
:1016A800207468652066656465726174696F6E2070
:1016B8007468617420746869732072656163746FFB
:1016C800722077696C6C206A6F696E2E0A000000C0
:1016D800436F6D6D616E6420676976656E3A0000D0
:1016E800257320002D2D6661737400002D2D666111
:1016F8007374206E65656473206120626F6F6C651A
:10170800616E2E00747275650000000066616C736E
:1017180065000000496E76616C69642076616C75BD
:101728006520666F72202D2D666173743A202573CB
:10173800000000002D2D74696D656F757400000040
:101748002D74696D656F7574000000002D2D746926
:101758006D656F7574206E656564732074696D6559
:1017680020616E6420756E6974732E00496E76610F
:101778006C69642074696D652076616C75653A20C2
:10178800257300006D736563000000007573656361
:10179800000000006E73656300000000686F7572DA
:1017A800000000007765656B00000000496E7661F7
:1017B8006C69642074696D6520756E6974733A206C
:1017C800257300002D2D6B656570616C6976650069
:1017D8002D2D6B656570616C697665206E65656435
:1017E80073206120626F6F6C65616E2E00000000CF
:1017F800496E76616C69642076616C756520666FE8
:1018080072202D2D6B656570616C6976653A2025AF
:10181800730000002D2D776F726B657273000000E6
:101828002D2D776F726B657273206E6565647320FA
:10183800616E20696E746567657220617267756D87
:10184800656E742E73000000496E76616C696420C1
:1018580076616C756520666F72202D2D776F726BBF
:101868006572733A2025732E205573696E6720318F
:101878002E0000002D2D726F732D617267730000AA
:10188800556E7265636F676E697A656420636F6D04
:101898006D616E642D6C696E6520617267756D652A
:1018A8006E743A20257300002D2D2D2D20456E765F
:1018B80020257520776173206E6576657220696EC4
:1018C800697469616C697A65640000002D2D2D2D9D
:1018D8002054686572652061726520257A752075C7
:1018E8006E70726F63657373656420667574757264
:1018F80065206576656E7473206F6E207468652048
:101908006576656E742071756575652E000000003A
:101918002D2D2D2D205468652066697273742066FC
:101928007574757265206576656E742068617320BC
:1019380074696D657374616D702028256C6C642CF6
:10194800202564292061667465722073746172743D
:10195800207461672E0000002D2D2D2D20436C650D
:101968006172656420257A7520756E70726F636583
:1019780073736564206576656E74732066726F6D27
:1019880020746865206576656E7420717565756567
:101998002E0000002D2D2D2D20456C61707365647F
:1019A800206C6F676963616C2074696D65202869B4
:1019B8006E206E736563293A2025730A00000000C3
:1019C8002D2D2D2D20456C6170736564207068790C
:1019D800736963616C2074696D652028696E206E77
:1019E800736563293A2025730A0000004F75742037
:1019F8006F66206D656D6F72793A206661696C65F6
:101A08006420746F207365747570205F6C665F74F2
:101A18006F6B656E5F72656379636C696E675F6231
:101A2800696E000050757474696E6720746F6B6519
:101A38006E202570206F6E2074686520726563794A
:101A4800636C696E672062696E2C20627574206908
:101A58007420697320616C726561647920746865AB
:101A680072652100546F6B656E206265696E672030
:101A780066726565642074686174206861732061AA
:101A88006C7265616479206265656E206672656551
:101A9800643A202570000000436F756C64206E6FF7
:101AA8007420696E73657274207265616374696FFE
:101AB8006E20696E746F207265616374696F6E5F02
:101AC800710000004661696C656420746F2072655E
:101AD800676973746572207465726D696E61746983
:101AE8006F6E2066756E6374696F6E21000000006A
:101AF80066696E645F657175616C5F73616D655F62
:101B08007072696F7269747928292063616C6C65D9
:101B18006420776974682061206E656761746976EE
:101B28006520706F7320696E6465782E0000000070
:101B3800257325730A000000666564657261746523
:101B48005F5F000046656420256420282573293AD4
:101B580020257325730A00004552524F523A20003F
:101B68005741524E494E473A2000000046415441E1
:101B78004C204552524F523A20000000A1C881FF24
:101B8800A6AF0000494E4600696E66004E414E0001
:101B9800303132333435363738394142434445469B
:101BA800000000003031323334353637383961625D
:101BB8006364656600000000286E756C6C2900007F
:101BC800496E66696E697479000000004E614E00C6
:101BD80042616C6C6F6320737563636565646564EB
:101BE800000000002E2E2F2E2E2F2E2E2F2E2E2FC1
:101BF8002E2E2F2E2E2F6E65776C69622F6C6962E0
:101C0800632F7374646C69622F64746F612E630050
:101C18002E2E2F2E2E2F2E2E2F2E2E2F2E2E2F2ED7
:101C28002E2F6E65776C69622F6C6962632F7374EF
:101C3800646C69622F6D707265632E63000000002A
:101C4800504F534958000000FFFFFFFFFFFFFF7F81
:101C580006005250D3F075426C1201100600525023
:101C6800E182887F7412011006005250ABB36053B2
:101C78008412011006005250BBFF3CB68C120110B2
:101C880006005250861C0302C8110110060052506B
:101C98005422A29DA412011005005250DE65F4687A
:101CA800F4690110FC470010AC470010AC47001065
:101CB800F4470010AC470010AC470010AC470010C8
:101CC800AC470010AC470010AC470010AC47001000
:101CD800EC470010AC470010E4470010AC47001078
:101CE800AC470010DC470010B04A00101248001042
:101CF800AA4A001012480010944A00101248001016
:101D08001248001012480010124800101248001023
:101D18001248001012480010044800101248001021
:101D28001248001012480010124800101248001003
:101D380004480010384B0010664700106647001032
:101D48006647001066470010664700106647001097
:101D58006647001066470010664700106647001087
:101D68006647001066470010664700106647001077
:101D78006647001066470010664700106647001067
:101D88006647001066470010664700106647001057
:101D98006647001066470010664700106647001047
:101DA8006647001066470010664700106647001037
:101DB80066470010C44A0010044B0010C44A0010C3
:101DC8006647001066470010664700106647001017
:101DD8006647001066470010664700106647001007
:101DE80066470010664700106647001066470010F7
:101DF80066470010664700106647001066470010E7
:101E0800D84C00106647001066470010664700105F
:101E180066470010664700106647001066470010C6
:101E28006647001066470010D84C00104A4B001057
:101E3800D84C0010C44A0010044B0010C44A0010CB
:101E4800000000000000F03F0000000000002440F7
:101E580000000000000059400000000000408F40D2
:101E6800000000000088C34000000000006AF8403D
:101E78000000000080842E4100000000D012634161
:101E88000000000084D797410000000065CDCD41D7
:101E98000D0A00000600525053B4F4A1201301109B
:101EA8000800525012000000080052509210000022
:101EB800000000002D5B001000000000315B0010E6
:101EC8003D5B0010695B0010655B001000000000BE
:101ED8000A00000000000306A60008000200020035
:101EE8009C001400030057494E555342000000005F
:101EF80000000000000080000400010028004400E9
:101F08006500760069006300650049006E00740092
:101F180065007200660061006300650047005500B7
:101F28004900440000004E007B0062006300370057
:101F3800330039003800630031002D0037003300CA
:101F4800630064002D0034006300620037002D0038
:101F580039003800620038002D00390031003300A4
:101F680061003800660063006100370062006600A7
:101F780036007D0000000000050F2100011C10053F
:101F880000DF60DDD88945C74C9CD2659D9E648A78
:101F98009F00000306A60001000000000600525042
:101FA80053B4F4A1341301100000000048130110C9
:101FB8005813011060300020601301106C130110D9
:101FC80009025400030100807D080B000202020090
:101FD8000009040000010202000405240020010594
:101FE80024010001042402060524060001070581D6
:101FF8000308001009040100020A00000007050296
:1020080002400000070582024000000904020000A7
:10201800FF00010512011002EF0201408A2E0A009A
:1020280000010102030100004C670010B4680010B1
:10203800046900108C6800109E6800107C6800100D
:10204800EC670010986700108C6700106E6C001029
:10205800546C0010246A00108E6C0010246A001062
:102068003C6C0010286C0010246A0010146C0010DE
:102078001A6B0010246A0010FA6E0010EC6E001043
:10208800E06E0010246A0010246A0010CA6E001066
:10209800EC6E0010246A0010246A0010246A0010F4
:1020A800246A0010246A0010246A0010246A0010B0
:1020B800806E00104E0E00204E0E0020980E00205C
:1020C800B80E0020FC0E00200E0F0020440E002049
:1020D8000000000095740010057500103975001097
:1020E800857500102D76001015770010000000008F
:1020F8000000000015780010717800108D7800102D
:10210800B5780010CD5B0010DD79001000000000EC
:10211800FFFFFFFFFFFFFF7FFFFFFFFF0000000043
:10212800FFFFFFFFFFFFFF7FFFFFFFFF0000000033
:10213800FFFFFFFFFFFFFF7FFFFFFFFF0000000023
:102148003333CCCC3333CCCC3333CCCC3333CCCC8F
:10215800A810000062010000000200000808080042
:1021680020000000210000002200000023000000E1
:1021780024000000250000002600000027000000C1
:1021880028000000290000002A0000002B000000A1
:102198002C0000002D0000002E0000002F00000081
:1021A8003000000031000000320000003300000061
:1021B8003400000035000000360000003700000041
:1021C80038000000390000003A0000003B00000021
:1021D8003C0000003D0000003E0000003F00000001
:1021E80040000000410000004200000043000000E1
:1021F80044000000450000004600000047000000C1
:1022080048000000490000004A0000004B000000A0
:102218004C0000004D0000004E0000004F00000080
:102228005000000051000000520000005300000060
:102238005400000055000000560000005700000040
:1022480058000000590000005A0000005B00000020
:102258005C0000005D0000005E0000005F00000000
:1022680060000000610000006200000063000000E0
:1022780064000000650000006600000067000000C0
:1022880068000000690000006A0000006B000000A0
:102298006C0000006D0000006E0000006F00000080
:1022A8007000000071000000720000007300000060
:1022B8007400000075000000760000007700000040
:1022C80078000000790000007A0000007B00000020
:1022D8007C0000007D0000007E000000A0000000DF
:1022E800A1000000A2000000A3000000A40000005C
:1022F800A5000000A6000000A7000000A80000003C
:10230800A9000000AA000000AB000000AC0000001B
:10231800AD000000AE000000AF000000B0000000FB
:10232800B1000000B2000000B3000000B4000000DB
:10233800B5000000B6000000B7000000B8000000BB
:10234800B9000000BA000000BB000000BC0000009B
:10235800BD000000BE000000BF000000C00000007B
:10236800C1000000C2000000C3000000C40000005B
:10237800C5000000C6000000C7000000C80000003B
:10238800C9000000CA000000CB000000CC0000001B
:10239800CD000000CE000000CF000000D0000000FB
:1023A800D1000000D2000000D3000000D4000000DB
:1023B800D5000000D6000000D7000000D8000000BB
:1023C800D9000000DA000000DB000000DC0000009B
:1023D800DD000000DE000000DF000000E00000007B
:1023E800E1000000E2000000E3000000E40000005B
:1023F800E5000000E6000000E7000000E80000003B
:10240800E9000000EA000000EB000000EC0000001A
:10241800ED000000EE000000EF000000F0000000FA
:10242800F1000000F2000000F3000000F4000000DA
:10243800F5000000F6000000F7000000F8000000BA
:10244800F9000000FA000000FB000000FC0000009A
:10245800FD000000FE000000000100000101000076
:102468000201000003010000040100000501000052
:102478000601000007010000080100000901000032
:102488000A0100000B0100000C0100000D01000012
:102498000E0100000F0100001001000011010000F2
:1024A80012010000130100001401000015010000D2
:1024B80016010000170100001801000019010000B2
:1024C8001A0100001B0100001C0100001D01000092
:1024D8001E0100001F010000200100002101000072
:1024E8002201000023010000240100002501000052
:1024F8002601000027010000280100002901000032
:102508002A0100002B0100002C0100002D01000011
:102518002E0100002F0100003001000031010000F1
:1025280032010000330100003401000035010000D1
:1025380036010000370100003801000039010000B1
:102548003A0100003B0100003C0100003D01000091
:102558003E0100003F010000400100004101000071
:102568004201000043010000440100004501000051
:102578004601000047010000480100004901000031
:102588004A0100004B0100004C0100004D01000011
:102598004E0100004F0100005001000051010000F1
:1025A80052010000530100005401000055010000D1
:1025B80056010000570100005801000059010000B1
:1025C8005A0100005B0100005C0100005D01000091
:1025D8005E0100005F010000600100006101000071
:1025E8006201000063010000640100006501000051
:1025F8006601000067010000680100006901000031
:102608006A0100006B0100006C0100006D01000010
:102618006E0100006F0100007001000071010000F0
:1026280072010000730100007401000075010000D0
:1026380076010000770100007801000079010000B0
:102648007A0100007B0100007C0100007D01000090
:102658007E0100009403000098030000A903000015
:10266800B8030000BC030000C003000026200000DF
:102678009021000091210000922100009321000088
:10268800122200001A2200001E220000642200000C
:1026980065220000A0250000A1250000B225000049
:1026A800B3250000B6250000B7250000BC250000B2
:1026B800BD250000C0250000C1250000CB25000075
:1026C800CF25000006260000102600001126000075
:1026D800392600003A2600003B260000612600004B
:1026E800652600006C2600000000000000000000C5
:1026F8000000005F5F0000000007070000070700F8
:10270800147F7F147F7F140000242E6B6B3A120015
:10271800466630180C666200307A4F5D377A48009A
:10272800000004070300000000001C3E6341000095
:10273800000041633E1C0000082A3E1C1C3E2A087B
:102748000008083E3E080800000080E06000000025
:102758000008080808080800000000606000000081
:10276800406030180C060301003E7F49457F3E005B
:102778000040427F7F404000006273594D4742004D
:1027880000226349497F3600181C16137F7F10000A
:1027980000276745457D3900003C7E4B497930006C
:1027A80000010171790F070000367F49497F360023
:1027B80000064F49693F1E000000006666000000E1
:1027C800000080E66600000000081C366341000037
:1027D8000014141414141400004163361C0800007B
:1027E80000020351590F06003E7F415D5D5F1E00E8
:1027F800007C7E13137E7C00007F7F49497F360072
:10280800003E7F4141632200007F7F41633E1C0000
:10281800007F7F4949494100007F7F09090901007C
:10282800003E7F41497B7A00007F7F08087F7F0058
:102838000041417F7F41410000206040407F3F00D0
:102848007F7F081C36634100007F7F404040400086
:102858007F7F060C067F7F007F7F060C187F7F0036
:10286800003E7F41417F3E00007F7F09090F06003F
:10287800003E7F41217F5E00007F7F09197F66004F
:1028880000266F49497B32000001017F7F0101006A
:10289800003F7F40407F3F00001F3F60603F1F00B8
:1028A8007F7F3018307F7F004163361C1C366341C0
:1028B8000103067C7C060301006171594D47430002
:1028C80000007F7F414100000103060C1830604082
:1028D800000041417F7F0000080C0603060C080039
:1028E80080808080808080800000000103060400D2
:1028F80000207454547C7800007F7F44447C380066
:1029080000387C444444000000387C44447F7F0005
:1029180000387C54545C180000047E7F05050000D4
:102928000098BCA4A4FC7C00007F7F04047C780091
:102938000000047D7D40400000808080FD7D000017
:10294800007F7F10386C44000000017F7F4040000A
:102958007C7C08380C7C7800007C7C04047C780043
:1029680000387C44447C380000FCFC24243C1800DB
:1029780000183C2424FCFC00007C7C04040C0800A7
:1029880000485C545474240000043F7F44444400CD
:10299800003C7C40407C7C00001C3C60603C1C008F
:1029A8001C7C6030607C1C00446C3810386C44001F
:1029B800001CBCA0A0FC7C00004464745C4C440077
:1029C8000008083E774141000000007F7F000000BA
:1029D800004141773E080800020301030203010099
:1029E80000000000000000000000007D7D000000E5
:1029F800183C247E7E242400487E7F4943622000C0
:102A080000151F0A0A1F15000103167C7C16030116
:102A18000000007777000000001ABFA5A5FD580048
:102A280000010100000101007E8199BDA5A5817EFC
:102A380000262F292F2F2800081C3622081C362292
:102A480000020202020E0E0000000808080800003A
:102A58007E81BD9595A9817E0001010101010100DA
:102A680000020705050702000044445F5F44440074
:102A780000191D1712000000001111151F0A00008F
:102A8800000004060301000080FC7C20203C1C00A0
:102A980000060F7F7F017F0000000008080000008B
:102AA80000000080C000000000021F1F000000009E
:102AB80000262F292F26000022361C0822361C0843
:102AC800426F30186C56FA40426F3018CCEEBA900C
:102AD80051753E186C56FA400030784D456020001C
:102AE80000797D15147C780000787C14157D7900B8
:102AF80000727A29297A72000273792B2A7B710075
:102B080000797D14147D79000070782B2B78700083
:102B18007C7E0B097F7F4941003E7FC1C163220053
:102B28007C7D5555544444007C7C5454554545009F
:102B3800787A5A59494A4A007C7D5554544545008B
:102B48000045457D7C4444000044447C7D45450067
:102B5800004A4A79794A4A000045457C7C45450047
:102B6800087F7F49633E1C007A7B1133227B790002
:102B7800387D4545447C3800387C4444457D3900DF
:102B8800307A4A49497A3200327B494B4A7B3100D4
:102B9800387D4544447D390022361C081C36220005
:102BA800007E7F594D7F3F003C7D4141407C3C0089
:102BB8003C7C4040417D3D00387A4241417A3A00B0
:102BC8003C7D4140407D3D00000C1C70711D0D0096
:102BD8007F7F1414141C0800007E7F01497F360093
:102BE80000217555547C780000207454557D790077
:102BF80020725A49497A7A002273594B4A7B7900E4
:102C080000217554547D79002070584B4B7878001A
:102C18002074547C3C545C5800387CC4C444000084
:102C280000397D55545C180000387C54555D1900F6
:102C380000327A59595A120000397D54545D1900EE
:102C48000001457D7C4000000000447C7D4101007E
:102C580000024A79794202000001457C7C4101006A
:102C680030784A4A7F3F0200027B790B0A7B710069
:102C780000397D45447C380000387C44457D390066
:102C880000327A49497A32000233794B4A7B310063
:102C980000397D44447D39000008086B6B08080042
:102CA800B87C64544C7C3A00003D7D41407C7C00FB
:102CB800003C7C40417D7D00003A7A41417A7A00AF
:102CC800003D7D40407D7D00001CBCA0A1FD7D0035
:102CD80000FFFF24243C180000797D15157D79003C
:102CE80000217555557D790001737A2A2A7B710078
:102CF80021735A4A4A7B7900007C7E1393FEFC00BC
:102D080000207454D4FCF800387C44444545450000
:102D180000387C4445450100307A4A49494A4A000E
:102D280000327A49494A0200387C44454544440007
:102D380000387C45454400003079494A4A494900F1
:102D48000031794A4A4901000079794A4A793100C3
:102D5800387C447F7F000300087F7F49633E1C0066
:102D68000030784A4A7F7F027C7D5555554545009D
:102D780000397D55555D1900797B5A5A4A4B4900EF
:102D880001337A5A5A5B11007C7C545555444400EF
:102D980000387C55555C1800007F7F49C9C9C100BF
:102DA80000387C54D4DC98007879595A4A4949004B
:102DB8000031795A5A59110000327A49496A6A0031
:102DC8000092BAA9A9FA7A0001337A4A4A6B6900D3
:102DD8000193BAAAAAFB790000387C45557474009F
:102DE8000098BCA5A5FC7C0000BEFFC1497B7A0009
:102DF8000090B8ABAAF87800007A7A11117A7A00B4
:102E08007F7F080A09797200027F7F0A0A7F7F02A2
:102E1800007F7F0A0A787000024B497B7A4B490091
:102E28000203497B7A4301000045457D7D45450005
:102E38000001457D7D410100014B4A7A7A4B4900EA
:102E480001034A7A7A4301000041417FFFC1C10072
:102E58000000047DFDC0C0000044447D7D44440062
:102E68000000447C7C4000007F7F0020407F3F00C2
:102E7800007D7D0080FD7D0040424241417A3A005C
:102E880000828281F97A02007F7F089CF663410004
:102E9800007F7F90F86C4400007C7C10386C440004
:102EA800007C7C40414141000000447C7D41410060
:102EB800007F7FC0C04040000080C1FF7F4000000D
:102EC800007F7F4042434100417F7F400203010071
:102ED800007F7F40484840000000447C7D4141001D
:102EE80010187F7F4C4440000011197F7F4C44002C
:102EF8007C7C1830617D7D00007C7C04057D790038
:102F08007F7F068CD87F7F00007C7C84C47C78001F
:102F180078791132227979000079790A0A79710071
:102F28000C007C7C047C78007F7F0181C17F3E009F
:102F3800007C7C0484FC7800387D4545457D39005B
:102F480000397D45457D3900317B4A4A4A7B31004D
:102F580001337A4A4A7B3100327B49484A7B310047
:102F6800023379484A7B31003E7F41417F7F4900E7
:102F7800387C44783C545800007C7C14157D6900EA
:102F8800007C7C04050D09007F7F89C9197F6600D4
:102F980000FCFC84040C08000079792A2A79510085
:102FA8000079790A0A191100484C545455752500BE
:102FB80000485C5455752500484E565555762600F0
:102FC800004A5E555576260000266FC9C97B320037
:102FD80000485CD4D47424005059597A6A6929008D
:102FE8000051597A7A692900000181FFFF01010027
:102FF8000084BFFF444400000005057E7E050500EF
:10300800083E7E484A0301000001097F7F0901004C
:1030180000143F7F544400003A7B4143427B39000F
:10302800023B7943427B79003C7D4141417D3D0033
:10303800003D7D41417D7D00397B4242427B390024
:10304800013B7A42427B7900387840434378380024
:1030580000387843437878003A7B4140427B390016
:10306800023B7940427B7900003F7F40C0FFBF00B0
:10307800003C7C40C0FCFC00787A2231217A7A003E
:10308800187A6231617A1A00000A1A71711A0A00F4
:10309800001ABAA1A1FA7A00000D1D70701D0D006A
:1030A800446474545D4D4500004464745D4D4500AE
:1030B800446474555D4C4400004464755D4C4400A0
:1030C8000049696A5A5949000049696A5A594900C8
:1030D800787C4643467C78003E7F4949497F3E00DC
:1030E8005E7F6101617F5E00003E7F49497F3E004F
:1030F800FCFC40403C7C4000047C7C04047C7C0458
:10310800600000600000600000183C7E1818181865
:10311800000406FFFF060400181818187E3C180063
:10312800002060FFFF602000000808080808080069
:1031380018306030180C0603183C241C38243C183E
:103148000040444E5B5140000040515B4E444000FB
:10315800007E7E7E7E7E7E00007E7E42427E7E00F7
:10316800C0F0FCFFFFFCF0C0E0F89C87879CF8E00B
:10317800FFFF7E7E3C3C18187F7F2236141C08080F
:10318800030F3FFFFF3F0F03071F39E1E1391F0717
:1031980018183C3C7E7EFFFF08081C1436227F7FEF
:1031A800003C664242663C00003C7E7E7E7E3C00DF
:1031B80048283416342848007F41414141417F0066
:1031C8007F4149514D437F007E81A59191A5817E24
:1031D8007E8195B1B195817E7EFFEBCFCFEBFF7EEF
:1031E8000E1F3362331F0E000E1F3F7E3F1F0E005F
:1031F800C0FF7F0505657F3FB81B00006201000026
:10320800000200001008100020000000210000004B
:103218002200000023000000240000002500000018
:1032280026000000270000002800000029000000F8
:103238002A0000002B0000002C0000002D000000D8
:103248002E0000002F0000003000000031000000B8
:103258003200000033000000340000003500000098
:103268003600000037000000380000003900000078
:103278003A0000003B0000003C0000003D00000058
:103288003E0000003F000000400000004100000038
:103298004200000043000000440000004500000018
:1032A80046000000470000004800000049000000F8
:1032B8004A0000004B0000004C0000004D000000D8
:1032C8004E0000004F0000005000000051000000B8
:1032D8005200000053000000540000005500000098
:1032E8005600000057000000580000005900000078
:1032F8005A0000005B0000005C0000005D00000058
:103308005E0000005F000000600000006100000037
:103318006200000063000000640000006500000017
:1033280066000000670000006800000069000000F7
:103338006A0000006B0000006C0000006D000000D7
:103348006E0000006F0000007000000071000000B7
:103358007200000073000000740000007500000097
:103368007600000077000000780000007900000077
:103378007A0000007B0000007C0000007D00000057
:103388007E000000A0000000A1000000A2000000D4
:10339800A3000000A4000000A5000000A600000093
:1033A800A7000000A8000000A9000000AA00000073
:1033B800AB000000AC000000AD000000AE00000053
:1033C800AF000000B0000000B1000000B200000033
:1033D800B3000000B4000000B5000000B600000013
:1033E800B7000000B8000000B9000000BA000000F3
:1033F800BB000000BC000000BD000000BE000000D3
:10340800BF000000C0000000C1000000C2000000B2
:10341800C3000000C4000000C5000000C600000092
:10342800C7000000C8000000C9000000CA00000072
:10343800CB000000CC000000CD000000CE00000052
:10344800CF000000D0000000D1000000D200000032
:10345800D3000000D4000000D5000000D600000012
:10346800D7000000D8000000D9000000DA000000F2
:10347800DB000000DC000000DD000000DE000000D2
:10348800DF000000E0000000E1000000E2000000B2
:10349800E3000000E4000000E5000000E600000092
:1034A800E7000000E8000000E9000000EA00000072
:1034B800EB000000EC000000ED000000EE00000052
:1034C800EF000000F0000000F1000000F200000032
:1034D800F3000000F4000000F5000000F600000012
:1034E800F7000000F8000000F9000000FA000000F2
:1034F800FB000000FC000000FD000000FE000000D2
:1035080000010000010100000201000003010000A9
:103518000401000005010000060100000701000089
:1035280008010000090100000A0100000B01000069
:103538000C0100000D0100000E0100000F01000049
:103548001001000011010000120100001301000029
:103558001401000015010000160100001701000009
:1035680018010000190100001A0100001B010000E9
:103578001C0100001D0100001E0100001F010000C9
:1035880020010000210100002201000023010000A9
:103598002401000025010000260100002701000089
:1035A80028010000290100002A0100002B01000069
:1035B8002C0100002D0100002E0100002F01000049
:1035C8003001000031010000320100003301000029
:1035D8003401000035010000360100003701000009
:1035E80038010000390100003A0100003B010000E9
:1035F8003C0100003D0100003E0100003F010000C9
:1036080040010000410100004201000043010000A8
:103618004401000045010000460100004701000088
:1036280048010000490100004A0100004B01000068
:103638004C0100004D0100004E0100004F01000048
:103648005001000051010000520100005301000028
:103658005401000055010000560100005701000008
:1036680058010000590100005A0100005B010000E8
:103678005C0100005D0100005E0100005F010000C8
:1036880060010000610100006201000063010000A8
:103698006401000065010000660100006701000088
:1036A80068010000690100006A0100006B01000068
:1036B8006C0100006D0100006E0100006F01000048
:1036C8007001000071010000720100007301000028
:1036D8007401000075010000760100007701000008
:1036E80078010000790100007A0100007B010000E8
:1036F8007C0100007D0100007E01000094030000B1
:1037080098030000A9030000B8030000BC030000F0
:10371800C003000026200000902100009121000035
:103728009221000093210000122200001A220000BA
:103738001E2200006422000065220000A02500006F
:10374800A1250000B2250000B3250000B625000021
:10375800B7250000BC250000BD250000C0250000DD
:10376800C1250000CB250000CF250000062600005B
:103778001026000011260000392600003A26000015
:103788003B26000061260000652600006C2600002C
:103798000000000000000000000000000000000021
:1037A800000000FEFE0000000000001919000000E3
:1037B800000E0E00000E0E000000000000000000C9
:1037C80020FCFC20FCFC2000021F1F021F1F02001F
:1037D800003078CE8E18100000040C38390F06001F
:1037E800383800C0F03C0C00303C0F03001C1C00B3
:1037F8000098FCE4BC1880000F1F10110F1F110067
:103808000000101E0E000000000000000000000074
:103818000000F0FC0E0200000000071F3820000026
:103828000000020EFCF00000000020381F07000016
:1038380080B0F0C0C0F0B0800006070101070600A4
:10384800008080F0F0808000000000070700000082
:1038580000000000000000000040643C1C00000064
:103868000080808080808000000000000000000050
:1038780000000000000000000000001C1C00000008
:10388800000000C0F03C0F03303C0F0300000000B4
:10389800F0F80C844CF8F000070F1910180F070007
:1038A800001018FCFC0000000010101F1F10100072
:1038B80000181C0484FC7800001C1E131110100052
:1038C80000181C8484FC7800000C1C10101F0F00CA
:1038D800C0E03018FCFC0000010101011F1F0100BD
:1038E800007C7C4444C48400000C1C10101F0F0092
:1038F80000F0F84C44C48000000F1F10101F0F0088
:1039080000040404C4FC3C000000001F1F00000069
:103918000078FCC484FC7800000F1F10111F0F00F2
:103928000078FC8484FCF80000001010180F0700D1
:1039380000000038380000000000001C1C000000D7
:1039480000000038380000000040643C1C00000003
:103958000080C0603018080000000103060C080051
:103968000020202020202000000202020202020083
:103978000008183060C0800000080C060301000031
:10398800000C0EC2E23E1C000000001919000000E5
:10399800F8FC04C4C4FCF8000F1F10131313010033
:1039A80000F0F88C8CF8F000001F1F00001F1F00AB
:1039B80000FCFC84C47C3800001F1F10111F0E007F
:1039C80000F8FC04041C1800000F1F10101C0C0049
:1039D80000FCFC040CF8F000001F1F10180F070073
:1039E80000FCFC8484840400001F1F1010101000C9
:1039F80000FCFC4444440400001F1F0000000000B9
:103A080000F8FC04849C9800000F1F10101F1F0072
:103A180000FCFC8080FCFC00001F1F00001F1F0032
:103A2800000404FCFC0404000010101F1F10100008
:103A38000000000000FCFC00000C1C10101F0F0010
:103A4800FCFC80C0703C0C001F1F0001071E180002
:103A580000FCFC0000000000001F1F1010101000E8
:103A6800FCFC38E038FCFC001F1F0000001F1F0092
:103A7800FCFCF0C080FCFC001F1F0001071F1F009A
:103A880000F8FC0404FCF800000F1F10101F0F00C2
:103A980000FCFC8484FC7800001F1F00000000006C
:103AA80000F8FC0404FCF800000F1F10307F4F00E2
:103AB80000FCFC8484FC7800001F1F00011F1E000E
:103AC80000387CC4841C1800000C1C10111F0E0048
:103AD800000404FCFC0404000000001F1F00000098
:103AE80000FCFC0000FCFC00000F1F10101F0F0062
:103AF80000FCFC0000FCFC000001071E1E07010082
:103B0800FCFC008000FCFC001F1F0E030E1F1F00A2
:103B18000C1C30E0E0301C0C181C060303061C18B3
:103B28000C3C70C0C0703C0C0000001F1F0000005F
:103B380000040484E47C1C00001C1F1310101000F7
:103B48000000FEFE0202000000003F3F20200000AF
:103B5800030F3CF0C000000000000000030F3C30E1
:103B680000000202FEFE0000000020203F3F00008F
:103B780060781C061C78600000000000000000004F
:103B8800000000000000000080808080808080802D
:103B9800000000060E1810000000000000000000E1
:103BA8000000404040C08000000E1F11111F1F0080
:103BB80000FCFC4040C08000001F1F10101F0F00B9
:103BC8000080C04040C08000000F1F10101808007F
:103BD8000080C04040FCFC00000F1F10101F1F0099
:103BE8000080C04040C08000000F1F121213030065
:103BF8000040F8FC4444440000001F1F000000007F
:103C08000080C04040C0C000008F9F9090FF7F00A0
:103C180000FCFC4040C08000001F1F00001F1F0068
:103C2800004040CCCC0000000000001F1F10100016
:103C380000000000CCCC000000808080FF7F0000E6
:103C480000FCFC0000C0C000001F1F02071D180078
:103C5800000404FCFC0000000000001F1F101000FE
:103C6800C0C08080C0C080001F1F000F001F1F0041
:103C780000C0C04040C08000001F1F00001F1F0080
:103C88000080C04040C08000000F1F10101F0F00B0
:103C980000C0C04040C0800000FFFF10101F0F0090
:103CA8000080C04040C0C000000F1F1010FFFF0080
:103CB80000C0C04040C08000001F1F00000101007C
:103CC8000080C0404040400000111312121E0C003A
:103CD8000040F8F84040400000000F1F101010008E
:103CE80000C0C00000C0C000000F1F10101F1F0040
:103CF80000C0C00000C0C00000070F18180F070060
:103D0800C0C0000000C0C000071F180F181F070020
:103D1800C0C0000000C0C000181D0702071D180021
:103D280000C0C00000C0C000000F9F9090FF7F003F
:103D38000040404040C0C00000181C16131110007D
:103D4800808080FC7E0202000000001F3F202000CF
:103D5800000000FFFF0000000000003F3F000000DF
:103D680002027EFC8080800020203F1F00000000AF
:103D78000C06020E080C06000000000000000000FF
:103D8800000000000000000000000000000000002B
:103D9800000000E6E60000000000001F1F00000011
:103DA80000E0F01E1E3020000001031E1E0301006B
:103DB80080F8FC841C180000101F1F10101C0C0039
:103DC8000074FC8888FC74000001010000010100F7
:103DD8000C3C70C0C0703C0C0005051F1F05050099
:103DE8000000003F3F0000000000003F3F000000CF
:103DF80000CCFE3262C6840000103123263F190031
:103E0800000303000003030000000000000000009E
:103E1800F008C4E4242408F0070811131212080754
:103E28000060F29292FEFC0000020202020202000E
:103E380080C0602080C060200001030200010302EE
:103E48004040404040C0C00000000000000707009C
:103E5800000080808080000000000000000000005A
:103E6800F008E4A4A44408F0070813101013080786
:103E78000001010101010100000000000000000034
:103E8800000C1E12121E0C000000000000000000B2
:103E9800008080F0F08080000010101717101000CC
:103EA80000C4E6B29E8C0000000000000000000084
:103EB8000044D692FE6C00000000000000000000E4
:103EC8000000303C0F03000000000000000000006C
:103ED80000C0C00000C0C00080FF7F10101F0F008E
:103EE8000078FCFCFC04FC000000001F1F001F0001
:103EF80000000080800000000000000000000000BA
:103F0800000000000000000000000080A0E0400069
:103F18000004FEFE00000000000000000000000099
:103F28000070F88888F8700000020202020202009D
:103F38002060C0802060C0800203010002030100ED
:103F4800043E00C0F03C0C00303C0F0330287C20BD
:103F5800043E00C0F03C0C00303C0F0364544800A1
:103F6800222A1CC0F03C0C00303C0F0330287C2077
:103F78000000C0E626000000000F1F10101C0C00F7
:103F880000E0F11B1AF0E000001F1F01011F1F00D5
:103F980000E0F01A1BF1E000001F1F01011F1F00C5
:103FA80000E2F21919F2E200001F1F01011F1F00B1
:103FB80002E3F11B1AF3E100001F1F01011F1F009C
:103FC80000E3F31818F3E300001F1F01011F1F008F
:103FD80000C2E73535E7C200001F1F01011F1F009F
:103FE800F0F89C9CFCFC84041F1F00001F1F10108D
:103FF80000F8FC04041C1800000F1F90B0FC4C00D3
:1040080000F8F98B8A880800001F1F101010100094
:1040180000F8F88A8B890800001F1F101010100084
:1040280000FAFA89898A0A00001F1F101010100070
:1040380000FBFB88888B0B00001F1F10101010005E
:10404800000809FBFA0808000010101F1F101000D4
:10405800000808FAFB0908000010101F1F101000C4
:10406800000A0AF9F90A0A000010101F1F101000B0
:10407800000B0BF8F80B0B000010101F1F1010009E
:1040880080FCFC840CF8F000001F1F10180F0700BC
:10409800FAFB61C382FBF9001F1F0000011F1F000C
:1040A80000F0F90B0AF8F000000F1F10101F0F00A6
:1040B80000F0F80A0BF9F000000F1F10101F0F0096
:1040C80000F2FA0909FAF200000F1F10101F0F0082
:1040D80002F3F90B0AFBF100000F1F10101F0F006D
:1040E80000F3FB0808FBF300000F1F10101F0F0060
:1040F8003060C080C0603000060301000103060084
:1041080000F8FC84F4FCFC00001F1F17101F0F00B0
:1041180000F8F90302F8F800000F1F10101F0F0035
:1041280000F8F80203F9F800000F1F10101F0F0025
:1041380000FAFA0101FAFA00000F1F10101F0F0011
:1041480000FBFB0000FBFB00000F1F10101F0F00FF
:104158000078F88283F978000000001F1F00000033
:10416800FCFC101010F0E0001F1F040404070300FB
:10417800F8FC0444FCB800001F1F0000101F0F00CB
:104188000000444C48C08000000E1F11111F1F0082
:10419800000040484CC48000000E1F11111F1F0072
:1041A80000084C4646CC8800000E1F11111F1F0046
:1041B800080C444C48CC8400000E1F11111F1F002E
:1041C800000C4C4040CC8C00000E1F11111F1F002A
:1041D80000085C5454DC8800000E1F11111F1F00DA
:1041E800004040C0C040C0800C1E121F0F121313A5
:1041F8000080C04040C08000000F1F90B0F8480009
:104208000080C44C48C08000000F1F121213030026
:104218000080C0484CC48000000F1F121213030016
:104228000088CC4646CC8800000F1F1212130300EA
:10423800008CCC4040CC8C00000F1F1212130300DE
:10424800000044CCC80000000000101F1F10000030
:10425800000040C8CC0400000000101F1F10000020
:1042680000084CC6C60C08000000101F1F100000F4
:10427800000C4CC0C00C0C000000101F1F100000E8
:104288000080D25E4CFEF200000F1F10101F0F00BE
:1042980008CCC44C48CC8400001F1F00001F1F001E
:1042A8000080C44C48C08000000F1F10101F0F0072
:1042B8000080C0484CC48000000F1F10101F0F0062
:1042C8000088CC4646CC8800000F1F10101F0F0036
:1042D800088CC44C48CC8400000F1F10101F0F001E
:1042E800008CCC4040CC8C00000F1F10101F0F001A
:1042F800008080B0B080800000000006060000004A
:104308000080C04040C08040100F1F16131F0F00D0
:1043180000C0C40C08C0C000000F1F10101F1F00F1
:1043280000C0C0080CC4C000000F1F10101F1F00E1
:1043380000C8CC0606CCC800000F1F10101F1F00B5
:1043480000CCCC0000CCCC00000F1F10101F1F00A9
:1043580000C0C0080CC4C000000F9F9090FF7F00F1
:1043680000F8F84040C0800000FFFF10101F0F0049
:1043780000F1F98D8DF9F100001F1F00001F1F00CB
:104388000008484848C88800000E1F11111F1F0068
:1043980000E1F31A1AF3E100001F1F01011F1F00BB
:1043A80000044C4848CC8400000E1F11111F1F0048
:1043B80000F0F88C8CF8F000001F1F40E0BF9F0051
:1043C8000000404040C08000000E1F51F1BF9F0018
:1043D80000F0F80A0B393000000F1F10101C0C00F9
:1043E8000080C0484CC48000000F1F10101808003F
:1043F80000F2FA09093A3200000F1F10101C0C00D5
:104408000088CC4646CC8800000F1F101018080002
:1044180000F0F80B0B383000000F1F10101C0C00B8
:104428000080C04C4CC08000000F1F1010180800FE
:1044380000F1F90A0A393100000F1F10101C0C0096
:104448000082C64C4CC68200000F1F1010180800CE
:1044580000F9F90A1AF1E100001F1F10180F0700F0
:1044680080C040FCFC001C000F1F101F1F00000034
:1044780080FCFC840CF8F000001F1F10180F0700C8
:104488000080C04848FCFC08000F1F10101F1F00C8
:1044980000FDFD8585850500001F1F101010100008
:1044A8000088C84848C88800000F1F12121303006C
:1044B80000F9FB8A8A8B0900001F1F1010101000DA
:1044C8000084CC4848CC8400000F1F12121303004C
:1044D80000F8F88B8B880800001F1F1010101000C0
:1044E8000080C04C4CC08000000F1F121213030044
:1044F80000FCFC8484840400001F1F50F0B090006E
:104508000080C04040C08000000F1F52F2B38300FB
:1045180000F9F98A8A890900001F1F10101010007D
:104528000082C64C4CC68200000F1F1212130300F3
:1045380000F2FA09093A3200000F1F10111F1F007C
:104548000088CC4646CCC800008F9F9090FF7F0023
:1045580000F1FB0A0A3B3100000F1F10111F1F005A
:104568000084CC4848CCC400008F9F9090FF7F0007
:1045780000F0F80B0B383000000F1F10111F1F0040
:104588000080C04C4CC0C000008F9F9090FF7F00FF
:1045980000F8FC04043C3800000F9FD0511F1F0096
:1045A80000C0E02C2EE2E000000F9F9090FF7F00FB
:1045B80000FAFA8181FAFA00001F1F00001F1F008D
:1045C80000F4F60303060400001F1F01011F1E006C
:1045D80020FCFCA0A0FCFC20001F1F00001F1F00E7
:1045E80000FEFE1414F0E000001F1F00001F1F0053
:1045F800020B09FBFA0B09000010101F1F10100016
:10460800080C44CCC80C04000000101F1F10000048
:10461800000505FDFD0505000010101F1F10100006
:10462800000848C8C80808000000101F1F10000034
:1046380000090BFAFA0B09000010101F1F101000D8
:1046480000044CC8C80C04000000101F1F10000014
:10465800000404FCFC0404000010105FFFB090008C
:10466800004040CCCC0000000000005FFFB090008C
:10467800000808FBFB0808000010101F1F1010009E
:10468800000040C0C00000000000101F1F10000004
:10469800FCFC000000FCFC001F1F0008101F0F009E
:1046A80000CCCC0000CCCC00001F5F40407F3F0016
:1046B8000002020101FAFA00000C1C10101F0F0082
:1046C80000080C06C6CC080000808080FF7F000030
:1046D800FCFC80C0703C0C001F1F0081A7FE580026
:1046E80000FCFC0000C0C000001F1F82A7FD58008E
:1046F80000C0C00000C0C000001F1F02071D180036
:1047080000F8F80203010000001F1F10101010002D
:10471800000808FAFB0100000000001F1F1010002D
:1047280000FCFC0000000000001F1F90B0F05000CB
:10473800000404FCFC000000001090DF5F10100073
:1047480000FCFC00002C1C00001F1F1010101000A3
:104758000404FCFC002C1C0010101F1F101000008B
:1047680000FCFC0000606000001F1F10101010000B
:10477800000808FAFB0100000000001F1F101000CD
:104788000080FCFCC060000003011F1F1010100017
:10479800000484FCFCC060000003011F1F1010000F
:1047A800F8F860C283F9F8001F1F0000011F1F00FE
:1047B80000C0C0484CC48000001F1F00001F1F001D
:1047C800FCFCF0C080FCFC001F1F0081A7FF5F00FD
:1047D80000C0C04040C08000001F1F80A0FF5F00D5
:1047E800F8F961C282F9F9001F1F0000011F1F00BC
:1047F80000C2C64C4CC68200001F1F00001F1F00CD
:104808005C3CE0E020E0C00000001F1F001F1F000C
:10481800F8F8080808F8F0001F1F808080FF7F0064
:1048280000C0C04040C08000001F9F8080FF7F0004
:1048380000F9FD0505FDF900000F1F10101F0F00FE
:104848000088C84848C88800000F1F10101F0F00B4
:1048580000F1FB0A0AFBF100000F1F10101F0F00E8
:104868000084CC4848CC8400000F1F10101F0F0094
:1048780002F3F9080AFBF100000F1F10101F0F00C8
:10488800088CC44048CC8400000F1F10101F0F0074
:10489800F8FC0404FCFC84000F1F10101F1F1000FC
:1048A80080C040C0C040C0800F1F101F0F121313DC
:1048B80000F8F88A8BF97000001F1F00011F1E0006
:1048C80000C0C0484CC48000001F1F000001010048
:1048D80000FCFC8484FC7800001F9FC0411F1E0060
:1048E80000C0C00080C0C000009FDF410000000081
:1048F80000F9F98A8AF97100001F1F00011F1E00C4
:1049080000C2C64C4CC68200001F1F0000010100F7
:10491800003078CA8B393000000C1C10111F0E00B3
:104928000080C0484C44400000111312121E0C00B5
:1049380000327AC9893A3200000C1C10111F0E008F
:104948000088CC46464C480000111312121E0C0079
:1049580000387CC4841C1800000C1C90B1FF4E0069
:104968000080C0404040400000111392B2FE4C004D
:10497800003179CA8A393100000C1C10111F0E0051
:104988000082C64C4C46420000111312121E0C0045
:10499800000404FCFC040400000080BFFF40000089
:1049A8000020FCFC2020200000008FBFF0501000E9
:1049B800000909FAFA0909000000001F1F00000099
:1049C80020FCFC2020005838000F1F1010000000A9
:1049D800000484FCFC8404000000001F1F00000089
:1049E80000A0FCFCA0A0200000000F1F1010100069
:1049F80002FBF90302FBF900000F1F10101F0F0044
:104A080008CCC40C08CCC400000F1F10101F1F00D6
:104A180000FDFD0101FDFD00000F1F10101F0F001C
:104A280000C8C80808C8C800000F1F10101F1F00C2
:104A380000F9FB0202FBF900000F1F10101F0F0006
:104A480000C4CC0808CCC400000F1F10101F1F00A2
:104A580000F2F70505F7F200000F1F10101F0F00F6
:104A680000C8DC1414DCC800000F1F10101F1F0042
:104A780002FBF90002FBF900000F1F10101F0F00C6
:104A880008CCC40008CCC400000F1F10101F1F0062
:104A980000FCFC0000FCFC00000F1F50F0BF8F0062
:104AA80000C0C00000C0C000000F1F50F0BF9F0032
:104AB800F8FA028101FAFA001F1F0E030E1F1F00E9
:104AC800C0C80C0606CCC800071F180F181F07001F
:104AD800007AFA8181FA7A000000001F1F000000A6
:104AE80000C8CC0606CCC800000F9F9090FF7F003E
:104AF800007BFB8080FB7B000000001F1F00000084
:104B08000008088ACB793800001E1F111010100009
:104B1800004040484CC4C00000181C161311100077
:104B28000008088BCB783800001E1F1110101000E9
:104B38000040404C4CC0C00000181C161311100057
:104B48000009098ACA793900001E1F1110101000C7
:104B58000042464C4CC6C20000181C161311100027
:104B6800E0F0180C18F0E0001F1F1010101F1F00B5
:104B7800F8FC848484FCF8000F1F1010101F0F002D
:104B8800F8FC040404FCF800131F1E001E1F130089
:104B980000F8FC8484FCF800000F1F10101F0F00A1
:104BA800C0C00000C0C000007F7F10100F1F1000A1
:104BB80040C0C04040C0C040001F1F00001F1F0071
:104BC8000000000000000000180000180000180095
:104BD8000080C0E08080808000010307010101019E
:104BE800000406FFFF060400000000FFFF000000AD
:104BF80080808080E0C0800001010101070301007E
:104C0800000000FFFF000000002060FFFF602000A0
:104C1800008080808080800000000000000000008C
:104C28000000000000F8FE0603070C181F0700002C
:104C3800C0E020E0C020E0C001030201030203013C
:104C48000080C0603010000000101113161410000E
:104C58000000103060C080000010141613111000FE
:104C680000FCFCFCFCFCFC00003F3F3F3F3F3F00DA
:104C780000FCFC0C0CFCFC00003F3F30303F3F00C8
:104C88000000F0FFFFF00000F0FFFFFFFFFFFFF064
:104C980000C0F03F3FF0C000FCFFC3C0C0C3FFFC32
:104CA800FFFEFCF8F0E0C080FF7F3F1F0F07030105
:104CB800FFFE0C183060C0807F3F180C060301000F
:104CC8000FFFFFFFFFFFFF0F00000FFFFF0F0000A8
:104CD8003FFFC30303C3FF3F00030FFCFC0F0300A8
:104CE80080C0E0F0F8FCFEFF0103070F1F3F7FFFC5
:104CF80080C06030180CFEFF000103060C183F7FCF
:104D080000F03C0C0C3CF000000F3C30303C0F0035
:104D180000F0FCFCFCFCF000000F3F3F3F3F0F00A1
:104D2800C0C0303C30C0C000300C0F030F0C300046
:104D3800F01010101010F000070404040404070019
:104D4800F0109010D030F0000704040504040700A8
:104D5800F8042404042404F80F1012111112100F7F
:104D6800F8042404042404F80F1011131311100F6D
:104D7800F8FCDCFCFCDCFCF80F1F1E1C1C1E1F0FC3
:104D8800F0F8181018F8F0000003070C07030000EB
:104D9800F0F8F8F0F8F8F0000003070F0703000038
:104DA80000F8F8282828F8F81C1F0F00000E0F0735
:104DB800C04D01100DFF000087600740E2A046A02B
:104DC800A700C3A0090022A0F04047A081004040EE
:104DD80042A0000008C20010C0BF0010C0BF0010F1
:104DE80000C20010C0BF0010C0BF0010C0BF00103C
:104DF800C0BF0010C0BF0010C0BF001082C10010AB
:104E0800F6C10010C0BF001098C10010B4C1001056
:104E1800C0BF0010EEC10010AEC00010AEC0001040
:104E2800AEC00010AEC00010AEC00010AEC0001082
:104E3800AEC00010AEC00010AEC00010C0BF001061
:104E4800C0BF0010C0BF0010C0BF0010C0BF00101E
:104E5800C0BF0010C0BF0010C0BF0010C0BF00100E
:104E6800C0BF00101CC30010FAC00010C0BF001063
:104E7800FAC00010C0BF0010C0BF0010C0BF0010B3
:104E8800C0BF0010F0C30010C0BF0010C0BF0010AA
:104E9800CAC30010C0BF0010C0BF0010C0BF0010C0
:104EA800C0BF0010C0BF001038C20010C0BF001043
:104EB800C0BF0010ACCB0010C0BF0010C0BF0010B6
:104EC800C0BF0010C0BF0010C0BF0010C0BF00109E
:104ED800C0BF0010C0BF0010C0BF0010C0BF00108E
:104EE8001CC2001060CA0010FAC00010FAC00010FE
:104EF800FAC00010A0C4001060CA0010C0BF0010A3
:104F0800C0BF001092C40010C0BF001076C40010CB
:104F18000CCC001050C4001048C40010C0BF0010D2
:104F2800F8C30010C0BF0010F6CB0010C0BF0010BF
:104F3800C0BF001000CC00102020202020202020FE
:104F480020202020202020203030303030303030D9
:104F580030303030303030300020202020202020E9
:104F68002020282828282820202020202020202011
:104F78002020202020202020208810101010101021
:104F8800101010101010101010040404040404046D
:104F98000404041010101010101041414141414107
:104FA80001010101010101010101010101010101E9
:104FB80001010101101010101010424242424242F9
:104FC80002020202020202020202020202020202B9
:104FD8000202020210101010200000000000000061
:104FE80000000000000000000000000000000000B9
:104FF80000000000000000000000000000000000A9
:105008000000000000000000000000000000000098
:105018000000000000000000000000000000000088
:105028000000000000000000000000000000000078
:105038000000000000000000000000000000000068
:105048000000000000000000000000000000000058
:105058000000000000000000000000000000000048
:1050680005000000190000007D000000000000009D
:10507800BC89D897B2D29C3C33A7A8D523F6493926
:105088003DA7F444FD0FA5329D978CCF08BA5B2548
:10509800436FAC642806C80A0080E03779C34143EF
:1050A800176E05B5B5B89346F5F93FE9034F384D86
:1050B800321D30F94877825A3CBF737FDD4F157532
:1050C800000000000000F03F000000000000244045
:1050D80000000000000059400000000000408F4020
:1050E800000000000088C34000000000006AF8408B
:1050F8000000000080842E4100000000D0126341AF
:105108000000000084D797410000000065CDCD4124
:10511800000000205FA00242000000E87648374205
:10512800000000A2941A6D42000040E59C30A242A3
:105138000000901EC4BCD64200003426F56B0C4318
:105148000080E03779C3414300A0D88557347643BF
:1051580000C84E676DC1AB43003D9160E458E14320
:10516800408CB5781DAF154450EFE2D6E41A4B4495
:1051780092D54D06CFF08044F64AE1C7022DB544DA
:08518800B49DD9794378EA4493
:10519000581C0110641C0110701C01107C1C0110B3
:1051A000881C0110941C0110A01C0110B01E0110DD
:0C51B000A81E01109C1E0110A41F01107D
:1051BC00F8B54746CE4680B51F0000230400904644
:1051CC0099460CE02368BFF35F8F4A461A608CF354
:1051DC0010884046390000F0E3FF00281AD12668F9
:1051EC00EFF3108C72B63568002DFCD0BFF35F8FD7
:1051FC000423E55E002DE5DD013DA5802368BFF3AA
:10520C005F8F00221A608CF310880120C0BCB94655
:10521C00B046F8BD0020F9E70268EFF3108C72B6C7
:10522C001368002BFCD0BFF35F8F0422835E818058
:10523C008B4208DA0368BFF35F8F00221A608CF38D
:10524C00108840BF70470368BFF35F8F00221A605D
:10525C008CF31088F6E7C046D02330B500251B062A
:10526C0000245D5706E00368BFF35F8F1C6081F379
:10527C00108820BF0268EFF3108172B61368002B00
:10528C00FCD0BFF35F8F03797F2BECD905710368DA
:10529C00BFF35F8F00221A6081F3108830BDC046C7
:1052AC0003000068EFF3108C72B60268002AFCD081
:1052BC00BFF35F8F04229A56002A04DB002900D02A
:1052CC000A60002004E0D0220120120612681A7134
:1052DC001B68BFF35F8F00221A608CF31088704735
:1052EC00F0B5C646150000B504001E000268EFF3C9
:1052FC00108172B61368002BFCD0BFF35F8F0423B0
:10530C00E356002B2DDB2268BFF35F8F002010606B
:10531C0081F31088D0221206127852B290469A422B
:10532C0003D1002080BCB846F0BD00270BE02368F9
:10533C00BFF35F8F1F6081F310882800310000F0ED
:10534C002FFF0028EDD12268EFF3108172B613689D
:10535C00002BFCD0BFF35F8F23797F2BE7D943461B
:10536C0002E0D0231B061B6823712368BFF35F8FF9
:10537C0000221A6081F310880120D3E7F0B5C646ED
:10538C0000B50D00040000F0FBFEFA2206000F0031
:10539C00002328000021920000F0E2FE8023361842
:1053AC004F411B069F4202D30126174F7642D02352
:1053BC001B061B68002598460BE02368BFF35F8F24
:1053CC001D6081F310883000390000F0E9FE0028E0
:1053DC0018D12268EFF3108172B61368002BFCD041
:1053EC00BFF35F8F23797F2BE7D943462371236863
:1053FC00BFF35F8F00221A6081F31088012080BCFC
:10540C00B846F0BD0020FAE7FFFFFF7F0268EFF31C
:10541C00108172B61368002BFCD0BFF35F8FFF2393
:10542C0003710368BFF35F8F00221A6081F3108849
:10543C0040BF704710B5084C2378002B0AD180234D
:10544C00064807495B051A68C25004338B42FAD1EF
:10545C000123237010BDC0467C3000202C26001088
:10546C000001001010B5014B984710BD2D260020EF
:10547C00064B5A6802609A684260DA6882601A6960
:10548C00C2605A6902619B69436170470000024027
:10549C000268064B5A6042689A608268DA60C26899
:1054AC001A6102695A6142699A61704700000240B0
:1054BC00034B1A68C0239B009343024A1360704746
:1054CC000C8001400C900140054B1A6880239B0016
:1054DC005340C02292001340024A13607047C046EA
:1054EC000C8001400C9001401423F0B5D6464F4679
:1054FC0046469A46C0B581461888043386B098460D
:10550C000E001B8829491400984753460700188839
:10551C00434627491B88984753460500188843463D
:10552C0024491B8898478046FFF784FF6846FFF79D
:10553C009FFFB847A847FFF7C7FF221E20D0C02106
:10554C0008270220490511E0002C14D0131B0D2B49
:10555C0024D9002D0AD02300002A05D00B6E013A65
:10556C003370130001362343002B09D03D008B6AA6
:10557C001D401842E8D1002DEDD123001343F5D185
:10558C00FFF796FFC047FFF76DFF6846FFF780FFF8
:10559C0006B0E0BCBA46B146A846F0BD4B461B78F7
:1055AC00013C0B6601239C46E144E4E749460000BC
:1055BC0045580000464300000022154B10B59A6078
:1055CC00DA601A615A619A61DA611A625A629A62F5
:1055DC00DA621A635A639A63DA631A645A649A64D5
:1055EC00DA641A655A659A65DA651A665A669A66B5
:1055FC00DA661A675A679A67DA67F0329200002106
:10560C00044800F0D5FD044B044A1A6010BDC04696
:10561C0000001050402C0020203000208001105041
:10562C00F0B54E464546DE465746E0B5214B0024C4
:10563C009E6D012585B0002E22D01F4B9A4601236A
:10564C0099461E4B984601E0202C19D02A002300C5
:10565C0001342F003240E4B26D00002AF4D05246DF
:10566C0097654A465B085B0022409B185B014344EC
:10567C0018009B4600F030FC002808D1BE43E3D153
:10568C0005B0F0BCBB46B246A946A046F0BD5B4691
:10569C00E0219A78DB8A01A883600023C90001808D
:1056AC0001210271437100F037FC584600F0B0FB49
:1056BC00E4E7C0460000115000301150002C0020CF
:1056CC009823F0B5C646C64A00B5D55880232E009F
:1056DC009B02102484B01E401D4273D0C14BC24C9F
:1056EC009A6AC24B00261A603B23E35C022B00D162
:1056FC00F4E07B23E35C022B00D10CE1BB23E35CE5
:10570C00022B00D1FBE0FB23E35C022B00D135E143
:10571C003C23FF33E35C022B00D122E17C23FF33DB
:10572C00E35C022B00D10FE1BC23FF33E35C022BC3
:10573C0000D1FCE0FC23FF33E35C022B00D1A6E19B
:10574C00AB4BE35C022B00D196E1AA4BE35C022B42
:10575C0000D185E1A84BE35C022B00D174E1A74B8F
:10576C00E35C022B00D163E1A54BE35C022B00D17F
:10577C002AE1A44BE35C022B00D10BE1A24BE35CCE
:10578C00022B00D18FE1A14BE35C022B00D1A6E1EF
:10579C00002E08D19E4B1B78002B04D180219D4AF2
:1057AC0090338902D150C0228D4B01A89B6C920082
:1057BC005B055B0D012180260280436000F0ACFB91
:1057CC00954CB602EB0600D57CE080235B021D42B3
:1057DC0032D01E43012302249846834FBB7E002BFC
:1057EC0014D000F0D5FC012800D96FE0C0220021B4
:1057FC003800920100F012FB380000F009FB00F0B9
:10580C00C7FC012802D9834B5C661C664346FB70BF
:10581C002037012C01D00124E0E7C02301A8DB00D4
:10582C007E4A038002AB12CA12C3012100F074FB42
:10583C008022784B92021A6580235B011D420ED1A7
:10584C008023DB011D4221D180231B021D422CD160
:10585C00AE4200D0C0E104B080BCB846F0BD00241C
:10586C001E435F4B1C60FFF7A7FE80236A465B005C
:10587C0093801472012101A800F04EFB8022654B2D
:10588C0012031A658023DB011D42DDD01E438023E9
:10589C0001A8DB000380012100F03EFB10225D4BD0
:1058AC001A6580231B021D42D2D01E43A02301A8DF
:1058BC00DB000380012100F02FFB8022554B1201ED
:1058CC001A65C5E7FFF7ACFE26007EE7544B444A49
:1058DC001C66536E2340A342FBD187E73833E65C4A
:1058EC00002E00D105E70233E25C002A00D100E76C
:1058FC00200000222030E25400F0B8FAF9E6B83368
:10590C00E75C002F00D1FEE60233E25C002A00D0F7
:10591C0022E13E00F7E67833E75C002F00D1EDE69C
:10592C000233E25C002A00D00EE13E00E6E6B93319
:10593C00FF33E75C002F00D1FCE60233E25C002A67
:10594C0000D0F8E03E00F5E67933FF33E75C002F3A
:10595C0000D1E9E60233E25C002A00D0E2E03E002E
:10596C00E2E63933FF33E75C002F00D1D6E6023391
:10597C00E25C002A00D0CCE03E00CFE6F833E75CD6
:10598C00002F00D1C4E60233E25C002A00D0B8E05C
:10599C003E00BDE6234BE75C002F00D1EEE6023360
:1059AC00E25C002A00D010E1174BE35C022B00D123
:1059BC008BE0164BE35C022B00D0F4E61A4BE35C55
:1059CC00002B00D090E0EEE6184BE75C002F00D1E6
:1059DC00CFE60233E25C002A00D0EEE03E00C8E6DF
:1059EC000000115000400540002C0020F42B00203A
:1059FC003B0200007B020000BB020000FB02000027
:105A0C003B0300007B030000BB030000FB03000012
:105A1C007A300020003011501000020000001050AD
:105A2C00002011507A030000FA0300003A03000032
:105A3C006C4BE75C002F00D196E60233E25C002A47
:105A4C0000D0B2E03E008FE6674BE75C002F00D140
:105A5C0085E60233E25C002A00D09EE03E007EE642
:105A6C00624BE75C002F00D174E60233E25C002A43
:105A7C0000D08AE03E006DE65D4BE75C002F00D164
:105A8C0063E60233E25C002A77D13E005DE6F9332F
:105A9C00FF33E75C002F00D152E60233E25C002AB0
:105AAC0062D13E004CE6534BE35C002B00D16AE61E
:105ABC00EF239B00E25C002A00D17AE70022E2543B
:105ACC001C3BE01800F0D2F973E74A4BE35C002B67
:105ADC00EED1494BE35C022B00D064E63E00474B11
:105AEC00E35C002B00D153E6FF239B00E25C002A11
:105AFC0000D158E60022E2541C3BE01800F0B6F945
:105B0C0051E620000022E030E2543E0000F0AEF9F5
:105B1C00FEE5200000222130FF30E2543E0000F070
:105B2C00A5F9FBE5200000226130FF30E2543E0075
:105B3C0000F09CF9F8E520000022A130FF30E2547F
:105B4C003E0000F093F9F5E5200000226030E254AD
:105B5C003E0000F08BF9D1E520000022A030E25489
:105B6C003E0000F083F9CEE520000022E130FF304A
:105B7C00E2543E0000F07AF9E2E50022E2541C3BCC
:105B8C00E01800F073F93E00DFE50022E2541C3B04
:105B9C00E01800F06BF93E00DCE50022E2541C3BFF
:105BAC00E01800F063F93E00D9E50022E2541C3BFA
:105BBC00E01800F05BF93E00D6E50022E2541C3BF5
:105BCC00E01800F053F93E00D3E50022E2541C3BF0
:105BDC00E01800F04BF9E7E631000948694000F0A5
:105BEC00C7FAC046FA020000BA0200007A020000AE
:105BFC003A020000BA030000FB030000FA030000A5
:105C0C0074130110F0B5D6464F464646C0B5020097
:105C1C00838A008B8A46041C984200D91C1CD578B8
:105C2C0080262800471EB841A4B2F6002643400344
:105C3C003043012675401B1BD57055789BB293825F
:105C4C00002D37D15146D6688D01611E76198846D4
:105C5C001569002C29D006293AD933002B439B0710
:105C6C0036D16B1CF31A022B32D9231F9B0801333C
:105C7C009C4600270023E9580137F1500433BC45FA
:105C8C00F9D8634641469B00ED18F618CF1A9C4292
:105C9C0009D02B783370002F05D06B787370012FDF
:105CAC0001D0AB78B3701569938A2D1915618022D8
:105CBC0012021043002B02D18023DB011843534600
:105CCC00002B00D00004E0BCBA46B146A846F0BD9B
:105CDC000023EF5CF75401339C42FAD11569938A87
:105CEC00E3E7C0468368F0B51B680500002900D0C7
:105CFC001B0C9B05980D6B78002B08D1EB8AC318F5
:105D0C00EB822B8B834201D90023AB82F0BDEB6875
:105D1C008901461EB4462A695C18002827D0062E35
:105D2C002BD901315B18D31A022B26D9130023432C
:105D3C009B0722D100230021061FB6080136E75825
:105D4C000131D75004338E42F9D86346B600A419FA
:105D5C0092199F1BB04209D023781370002F05D0E5
:105D6C0063785370012F01D0A37893702A69EB8A62
:105D7C001218C318EB822A61C3E70023E15CD154EB
:105D8C0001339842FAD12A69F1E7C04610B50400F4
:105D9C00836800211B68FFF7A5FF63681B685B0025
:105DAC0002D5238B834200D010BD01212000FFF7C8
:105DBC0099FFF9E7084A0300126C0020920703D4FC
:105DCC009A78D209012A00D07047D87E0238434213
:105DDC005841C0B2F8E7C0460000115010B5FFF7AB
:105DEC00E9FF00280CD00749074B8C46074A9B6AF1
:105DFC00126863449B1A0020C6229A424041C0B2EA
:105E0C0010BDC046E0FCFFFF00400540F42B002015
:105E1C0000238376436103617047C04610B58368E5
:105E2C00002901D01C682140002A12D08024E400F3
:105E3C00114322420DD01A6822420CD1084A0A4062
:105E4C001A60084A126C920703D40C23033BFDD250
:105E5C008368196010BD8178034800F089F9C04649
:105E6C00FFFBFFFF0000115088130110436870B551
:105E7C00002180251E680400FFF7C4FE134B6D0142
:105E8C001B6C05439B070FD5A3785B060FD0104BFB
:105E9C001E4080239B053343626800211360200061
:105EAC002A00FFF7BBFF70BDA378DB09EFD0A38AF4
:105EBC00002BECD001212000FFF7A4FEA023054A03
:105ECC00DB05324005431343E6E7C04600001150A2
:105EDC00FFFFFFAFFFFFFFDF70B5857E0400002DD5
:105EEC0014D0FFF753FFA38A002B01D1280070BDFB
:105EFC002000FFF773FF002803D001230025237730
:105F0C00F4E72000FFF7B2FF0025EFE781780148A6
:105F1C0000F02EF9A8130110F0B5CE46474680B517
:105F2C00437805000E0085B0062B08D86C4A9B0000
:105F3C00D3589F466B4A13780133DBB213706A4B0C
:105F4C001C686269EFF3108172B61368002BFCD0E9
:105F5C00BFF35F8FA1612000290000F031F9626965
:105F6C00A369BFF35F8F0021116083F310880028B1
:105F7C0004D105B0C0BCB946B046F0BD320069785A
:105F8C00287800F0E5F8F4E70121584B1A788A4399
:105F9C001A701A7801318A431A7000225A701A78D2
:105FAC0002318A431A70CAE75149524F8946524905
:105FBC000024002388463A7812E043461B686101AE
:105FCC005B18002B06D0DB69002B03D0696828789E
:105FDC0098473A780134E4B2511C2300A14217DBF4
:105FEC00A242EAD89B1A5B014B44ECE73F4B1A7870
:105FFC00D207BED504211A780A431A709FE73B4B8F
:10600C001A78D207B5D504211A788A431A7096E704
:10601C00364F3B785B072BD504223B78002193430A
:10602C003B706B460632981D00F0C2F82B7801AC21
:10603C002370052363702C4B1B6898465A69EFF349
:10604C00108172B61368002BFCD0BFF35F8F4346F0
:10605C0040469961210000F0B3F843465A699B69A8
:10606C00BFF35F8F0021116083F31088002831D1BA
:10607C00FB78DB0700D47CE76B460A220021981DD5
:10608C0000F096F82B7801AC2370032363706B68D7
:10609C006360154B1D686A69EFF3108172B6136863
:1060AC00002BFCD0BFF35F8FA9612800210000F00A
:1060BC0087F86A69AB69BFF35F8F0021116083F3C6
:1060CC001088002800D154E732006178207800F065
:1060DC003FF84EE732006178207800F039F8C7E7D6
:1060EC00BC2001107B300020942200203C22002098
:1060FC00D8200110763000206420002030B5040038
:10610C00101E0AD00A000D180221E3681942FCD0B7
:10611C0013780132A3609542F7D1E3685B0704D58D
:10612C000421A368E3681942FBD11021E3681942EA
:10613C00FCD1E3685B0704D50421A368E36819422A
:10614C00FBD10123236230BD7047C0460000000024
:10615C0001B40248844601BC604700BFE5650010ED
:10616C0001B40248844601BC604700BF15390010D9
:10617C0001B40248844601BC604700BF49140010BA
:10618C0001B40248844601BC604700BF6124001082
:10619C0001B40248844601BC604700BF3D140010A6
:1061AC0001B40248844601BC604700BF452300107F
:1061BC0001B40248844601BC604700BFC13B0010DB
:1061CC0001B40248844601BC604700BF69800010DE
:1061DC0010000000000000000000010000000000A2
:1061EC0000000000000002000000000000000000A1
:1061FC000000030000000000000000000000FF0091
:10620C000000000001B5486801318E460047704619
:10621C0009380149884701BD8D1A001000000000A3
:10622C000000000000000000000000000000000062
:10623C00F818002000000000000000000000000022
:10624C00503300004C330000543300005233000034
:10625C004D5300004D430000533400004334000004
:10626C0041590010455A00108D590010595A001010
:10627C000000000000010000A15D0010515D001045
:10628C00C15C0010395C001000000000000100002F
:10629C009822002010000C000000000000000000FC
:1062AC00000000000000000000000000FF000000E3
:1062BC0000000000000000800000000000000080D2
:1062CC00FFFFFFFFFFFFFFFFFFFFFFFFFFFF0000D0
:1062DC00B1AC0010B9AC0010CDAC0010D5AC0010B6
:1062EC00C1AC0010C9AC0010D5AC0010D5AC00107E
:1062FC0089AC001091AC0010A5AC0010ADAC001036
:10630C0099AC0010A1AC0010ADAC0010ADAC0010FD
:10631C0058210110000000000104010401040104D3
:10632C000104FF00000000004012002000000000EB
:10633C0000000000941D0020FC1D0020641E0020A5
:10634C000000000000000000000000000000000041
:10635C000000000000000000000000000000000031
:10636C000000000000000000000000000000000021
:10637C000000000000000000000000000000000011
:10638C000000000000000000000000000000000001
:10639C0000000000000000000000000000000000F1
:1063AC0000000000000000000000000000000000E1
:1063BC0000000000000000000000000000000000D1
:1063CC0000000000000000000100000000000000C0
:1063DC000E33CDAB34126DE6ECDE05000B00000085
:1063EC0000000000000000000000000000000000A1
:1063FC000000000000000000000000000000000091
:10640C000000000000000000000000000000000080
:10641C000000000000000000000000000000000070
:10642C000000000000000000000000000000000060
:10643C000000000000000000000000000000000050
:10644C000000000000000000000000000000000040
:10645C00FFFFFFFF00000200000000000000000032
:10646C0068130020681300207013002070130020A4
:10647C007813002078130020801300208013002054
:10648C008813002088130020901300209013002004
:10649C009813002098130020A0130020A0130020B4
:1064AC00A8130020A8130020B0130020B013002064
:1064BC00B8130020B8130020C0130020C013002014
:1064CC00C8130020C8130020D0130020D0130020C4
:1064DC00D8130020D8130020E0130020E013002074
:1064EC00E8130020E8130020F0130020F013002024
:1064FC00F8130020F81300200014002000140020D2
:10650C00081400200814002010140020101400207F
:10651C00181400201814002020140020201400202F
:10652C0028140020281400203014002030140020DF
:10653C00381400203814002040140020401400208F
:10654C00481400204814002050140020501400203F
:10655C0058140020581400206014002060140020EF
:10656C00681400206814002070140020701400209F
:10657C00781400207814002080140020801400204F
:10658C0088140020881400209014002090140020FF
:10659C009814002098140020A0140020A0140020AF
:1065AC00A8140020A8140020B0140020B01400205F
:1065BC00B8140020B8140020C0140020C01400200F
:1065CC00C8140020C8140020D0140020D0140020BF
:1065DC00D8140020D8140020E0140020E01400206F
:1065EC00E8140020E8140020F0140020F01400201F
:1065FC00F8140020F81400200015002000150020CD
:10660C00081500200815002010150020101500207A
:10661C00181500201815002020150020201500202A
:10662C0028150020281500203015002030150020DA
:10663C00381500203815002040150020401500208A
:10664C00481500204815002050150020501500203A
:10665C0058150020581500206015002060150020EA
:10666C00681500206815002070150020701500209A
:10667C00781500207815002080150020801500204A
:10668C0088150020881500209015002090150020FA
:10669C009815002098150020A0150020A0150020AA
:1066AC00A8150020A8150020B0150020B01500205A
:1066BC00B8150020B8150020C0150020C01500200A
:1066CC00C8150020C8150020D0150020D0150020BA
:1066DC00D8150020D8150020E0150020E01500206A
:1066EC00E8150020E8150020F0150020F01500201A
:1066FC00F8150020F81500200016002000160020C8
:10670C000816002008160020101600201016002075
:10671C001816002018160020201600202016002025
:10672C0028160020281600203016002030160020D5
:10673C003816002038160020401600204016002085
:10674C004816002048160020501600205016002035
:10675C0058160020581600206016002060160020E5
:10676C006816002068160020701600207016002095
:10677C007816002078160020801600208016002045
:10678C0088160020881600209016002090160020F5
:10679C009816002098160020A0160020A0160020A5
:1067AC00A8160020A8160020B0160020B016002055
:1067BC00B8160020B8160020C0160020C016002005
:1067CC00C8160020C8160020D0160020D0160020B5
:1067DC00D8160020D8160020E0160020E016002065
:1067EC00E8160020E8160020F0160020F016002015
:1067FC00F8160020F81600200017002000170020C3
:10680C000817002008170020101700201017002070
:10681C001817002018170020201700202017002020
:10682C0028170020281700203017002030170020D0
:10683C003817002038170020401700204017002080
:10684C004817002048170020501700205017002030
:10685C0058170020581700206017002060170020E0
:10686C000000000003000000941D00204300000005
:10687C00000000000000000000000000000000000C
:10688C0000000000000000000000000043000000B9
:10689C0000000000000000000000000000000000EC
:1068AC000000000000000000000000004300000099
:1068BC0000000000000000000000000000000000CC
:1068CC000000000000000000000000004300000079
:1068DC0000000000000000000000000000000000AC
:1068EC000000000000000000000000004300000059
:1068FC00000000000000000000000000000000008C
:10690C000000000000000000000000004300000038
:10691C00000000000000000000000000000000006B
:10692C000000000000000000000000004300000018
:10693C00000000000000000000000000000000004B
:10694C00000000000000000000000000510A0110CF
:10695C00C108011000000000604F011078180110F0
:10696C001815011018150110181501101815011023
:10697C001815011018150110181501101815011013
:10698C0018150110FFFFFFFFFFFFFFFFFFFFFFFFC9
:10699C00FFFF000001004153434949000000000083
:1069AC0000000000000000000000000000000000DB
:1069BC000000000000004153434949000000000062
:1069CC0000000000000000000000000000000000BB
:1069DC0000000000000000000000000000000000AB
:0869EC000000000000000000A3
:04000005100001E9FD
:00000001FF
