:020000041000EA
:1000000000B5324B212058609868022188439860DF
:10001000D860186158612E4B002199600221596106
:100020000121F02299502B49196001219960352056
:1000300000F044F80222904214D00621196600F024
:1000400034F8196E01211966002018661A6600F04E
:100050002CF8196E196E196E052000F02FF8012189
:100060000842F9D1002199601B49196000215960AB
:100070001A491B48016001219960EB211966A021F2
:10008000196600F012F800219960164914480160C1
:100090000121996001BC002800D000471248134993
:1000A000086003C880F30888084703B5996A0420EC
:1000B0000142FBD001200142F8D103BD02B5186610
:1000C0001866FFF7F2FF186E186E02BD00000240BE
:1000D000000000180000070000035F00212200005C
:1000E000F4000018222000A00001001008ED00E03C
:1000F00000000000000000000000000074B24E7A12
:1001000000200420F7010010CB010010CD010010E9
:10011000C9010010C9010010C9010010C901001077
:10012000C9010010C9010010C9010010CF01001061
:10013000C9010010C9010010D1010010D301001045
:10014000C1010010C1010010C1010010C101001067
:10015000C1010010C1010010C1010010C101001057
:10016000C1010010C1010010C1010010C101001047
:10017000C1010010C1010010C1010010C101001037
:10018000C1010010C1010010C1010010C101001027
:10019000C1010010C1010010C1010010C101001017
:1001A000C1010010C1010010C1010010C101001007
:1001B000C1010010C1010010C1010010C1010010F7
:1001C000EFF30580103800BE00BE00BE00BE00BECA
:1001D00000BE00BEF2EB887128010110540101102D
:1001E0003802001090A31AE71E481F49086006C88D
:1001F00081F3088810471D480068002801D019487D
:10020000F3E70DA40ECC002902D000F012F8F9E7B4
:100210001749184A002000E001C19142FCD116495B
:100220008847164988471649884700BEFDE701C937
:1002300001C29A42FBD3704754010110C000002054
:1002400050180020E41801100000042000000420D1
:10025000E418011000100420001004200000000029
:10026000704700000000000008ED00E0000000D032
:1002700050180020542B00204D470010FD060010A0
:100280000D470010F8B5C0460448054B10B5834231
:1002900003D0044B002B00D0984710BD501800200D
:1002A000501800200000000006480749091A8B106A
:1002B000C90FC91810B5491003D0044B002B00D04A
:1002C000984710BD50180020501800200000000072
:1002D00010B5074C2378002B09D1FFF7D5FF054B4C
:1002E000002B02D0044800E000BF0123237010BDA2
:1002F000881C002000000000A8ED0010054B10B580
:10030000002B03D00449054800E000BFFFF7CCFFF5
:1003100010BDC046000000008C1C0020A8ED00109D
:10032000F0B54546DE4657464E46E0B51F00182359
:10033000984604008BB080440D0016004146082208
:10034000684602F0A5FD20002269636907F00CFCF5
:10035000002800D0F0E0002F00DAE5E0149B002B2D
:1003600003D01A00DB680133D360002D00D1F2E026
:100370002B7F002B03D12A6A6B6AB6185F41414676
:10038000082268460296039702F082FD226963699B
:1003900006A807F083F9069B20009B46079B9A4618
:1003A000089B9946AB6A0593EB6A049307F07AFCC5
:1003B0003023149A8561C261EB5C8046002B59D1D1
:1003C000049B002B67DB2B7F002B15D1A86BE96BFF
:1003D000002803D180231B0699420DD0059A049B67
:1003E00007F0F8F807000E00514500DDBBE000D132
:1003F000B6E0BB4500D1C3E05B46069353462100FF
:1004000007934B46102210316846089302F040FDD6
:10041000099B0799089A069807F024F94342584126
:1004200081444B46102206A94046089302F030FD55
:100430000822684608A902F02BFD2000069A079BB7
:1004400007F092FB002866D12800102206A9383058
:1004500002F01EFD4146A06C08F090FF606F431C47
:1004600000D571E063670BB0F0BCBB46B246A9464D
:10047000A046F0BD07F06EF980197941236A9B46CA
:10048000636A9A46994261DD83468A46002399460B
:10049000049B002B97DA5B460693534607934B4623
:1004A00006A910224046089302F0F2FC4146A06CD7
:1004B00008F068FF00289FD04E464746A8465D4694
:1004C00001365346102206A9380007930896069570
:1004D00002F0DEFC3900A06C08F054FF0136002861
:1004E000EFD10822684608A902F0D2FC2000069A43
:1004F000079B4546B84607F037FB00280BD128007C
:10050000102206A9383002F0C3FC3900A06C08F0B4
:1005100035FF0020A7E7149808F044FA2000414670
:1005200007F0B2FC00209EE732003B00364809F09D
:1005300055F80026002711E7149808F033FA3348DD
:1005400009F04CF800208EE701238BE799429DD1FA
:1005500058459BD998E7149808F024FA002082E7C0
:10056000584500D845E74823EB5C022B29D0032BE4
:100570000FD0012BCFD00023BB46B24699463BE7B4
:10058000B24500D038E7059B049A134300D033E707
:10059000E9E7200007F086FB290006001022383129
:1005A000856102F075FC3100A06C08F0EBFE011EC5
:1005B00002D0A06C08F0F2FE3100200007F064FCCD
:1005C0001AE7200007F06EFB29008146383110221F
:1005D000856102F05DFC4946A06C08F0D3FE00285E
:1005E0000CD0149907F05EFC4146200007F04CFC4B
:1005F0002000494607F048FC002034E74946200027
:1006000007F042FCB7E7C046D0ED0010A8ED00109F
:1006100010B5192000F000F9D02380221B069204A7
:100620005A6210BD012310B50400017E59400176C5
:10063000084804F0DBFA237E002B05D1D02380226A
:100640001B0692045A6110BDD02380221B0692041F
:100650009A61F8E718EE0010C82070B5400007F066
:100660000DFA234A00230262882101228025214CB1
:1006700083624467406243668366836742501E49D3
:1006800006004151842140504031435004314350D1
:100690000C314450043143500100802500241931AD
:1006A0002D06FF310C604D6090214900435080368B
:1006B0001031465046183C39465004314250113EE4
:1006C00004314254FF3E8C31465001007131FF31FC
:1006D0000C604D600400BC21893449004350FF3454
:1006E0002C394450043142505432FF32835470BD8F
:1006F0001106001028EE00102506001010B500218C
:10070000002008F07BFB10BD7047C046002200B5FA
:10071000094B8BB01B6808920792069205920492CF
:10072000039202920132019200920449002204488D
:1007300008F0CAF90BB000BD5C2100202CEE0010BF
:10074000D0190020014B036001207047D019002010
:10075000D0B5FFF781FF802301001D4A2031D35817
:10076000826019600023040003760021461C0020EB
:10077000FF363060716000211648926FB060F16002
:100780002100E031116096225200A3508021220006
:1007900000200906B832A065E165106051600E4A7C
:1007A0000126E260A0220D4F76426361236430008F
:1007B000A3503900002207F0FFFF0122206361638C
:1007C0003000390007F0F8FF903420606160D0BD40
:1007D000D019002080B2E60E38EE0010FFFFFF7F38
:1007E0007047C046094A83009A1810B51468402221
:1007F000544080322240064CC000A44663441A6034
:10080000044B9C466044416010BDC04604C001409A
:1008100004D00140004001400123D0228340120651
:1008200093629361094A83009A18116840225140EB
:1008300080320A400649C0008C4663441A60054B6A
:100840009C460523604443607047C04604C0014095
:1008500004D00140004001408023DB051868000FF0
:100860007047C0460FB400B5084883B004F036F9AD
:10087000049B002B07D005A91800019103F0DCFEB2
:10088000034804F02BF9012003F0EEFE40EE0010C7
:100890000CF3001070B5EFF3108C72B60D4D2B6891
:1008A000002BFCD0BFF35F8F0724CB08C618C05CB9
:1008B00001230C40A3401C000440034207D118430D
:1008C0003070BFF35F8F2C608CF3108870BD100008
:1008D000FFF7C8FF2C0100D0F8B54746CE46884642
:1008E00080B5EFF3108C72B6214D2C68002CFCD033
:1008F000BFF35F8F9A422CD8D4080727055D0619ED
:1009000001241740BC402C421FD0072101278946F3
:1009100009E0D408055D06194C4639001440A14091
:100920000C00294211D001329342F2D20120404200
:10093000BFF35F8F00220E4B1A608CF310880028E3
:100940000FDBC0BCB946B046F8BD2543100035707A
:10095000EEE7BFF35F8F00232B608CF3108801203C
:1009600040424346002BECD00898FFF77BFFC0467F
:100970002C0100D0044A1078431CDBB2172B00D99D
:10098000102313707047C0469010002010B5064B1E
:10099000064C82B00100009318221F232000FFF7AD
:1009A0009BFF02B010BDC04650EE00107C26002018
:1009B0000021044B044ABFF35F8F02C39342FAD174
:1009C0007047C046000100D0800100D0054B064AA8
:1009D0001360064A136053609360D36013615361E0
:1009E000936170478080808000E400E004E400E0D0
:1009F0001F2318401E3B8340002905D0C021044A14
:100A00004900535013607047802201498B50FAE728
:100A100000E100E001228240034B1B6813405A1E94
:100A20009341D8B27047C04600E100E00123834003
:100A3000014A13607047C04600E200E0064B1030E8
:100A40009B688000C358054A00209B1A2F229A42B7
:100A50004041C0B27047C04600ED00E09410002055
:100A600070B50D00EFF3108672B60F4A1368002BB5
:100A7000FCD0BFF35F8F0D4B10309B6884001B5977
:100A80000B4A934203D09D4201D001F027F9074B56
:100A90009B681D51BFF35F8FBFF35F8F0022024B36
:100AA0001A6086F3108870BD240100D000ED00E0CC
:100AB000C1010010F0B557464E46DE464546E0B54A
:100AC00085B0060000911700EFF3108B72B66A4AEA
:100AD0001368002BFCD0BFF35F8F0025674B5D5779
:100AE0009A46002D00DAA9E06B00654C01935B1972
:100AF0009B009846A146C1444B4652469B7910360E
:100B00001370604BB6009B6899590B1B2F2B33D980
:100B10005D4B994200D0ACE0019B42469C465B4B4A
:100B20006544AD0063535A4B0232A218043B9B1A32
:100B30001B05584A5B0D651913436B80564B012109
:100B4000AB80FF23AB71009BEF71AB604B460B4357
:100B500019004C4B9B689951BFF35F8FBFF35F8FB8
:100B60000022454B1A608BF3108805B0F0BCBB46E1
:100B7000B246A946A046F0BD01200A008243D379BF
:100B80008C46BB4231D84546130044491B1B5B4190
:100B90005943090D3D4B63533D4B02356519043BE9
:100BA0005B1B1B053B4D5B0D2B43AA464D466B80E3
:100BB0000425AC465546E044131F44441B1B1B054B
:100BC0005B0D1D434B46997100999D809960494684
:100BD000DF71334B01431360BBE75800C01880003E
:100BE0002018C179B9422FD902000623D356002B11
:100BF000F3DA02932B4B61460393131D9A460423A9
:100C00005B429C46E14450464B461B1A1B055B0D5C
:100C10009C46204B9571984663464046034393801B
:100C2000019B5A199200039BA418A380029B1C4AA3
:100C3000A371009B2260E771A3608AE701F04EF880
:100C4000002553465D574FE7908802934005131DDA
:100C50009A46031561469C464046D4446346043098
:100C60002018181AE0230005400D1B0218430390BA
:100C7000C5E701F033F84FE7240100D04C2B0020EA
:100C80009410002000ED00E0C101001000A1FFFF62
:100C9000C410002000E0FFFF01BDFFFFAAAA000072
:100CA0000148804701BD0000F0B5DE4657464E467C
:100CB0004546E0B50C0083B0EFF3108872B6634A86
:100CC0001368002BFCD0BFF35F8F614B61499A68BA
:100CD000030010339F00D55900938D4243D0A542A5
:100CE00054D05D4EAA1B2F2A3DD85C4B9C461B68F6
:100CF0009A4601231A0099468240534613401F2208
:100D000001934B46024093409A46802263465046E8
:100D10009850BFF35F8FEFF305839B46002B37D0CE
:100D2000009B5B4501D000F0D9FF2A004B469A4357
:100D30009068844208D177E04B005B189B00F31861
:100D40009868844236D01A00062151560029F3DAF9
:100D5000844255D0019B002B27D0C02251463F4BE7
:100D60005200995019603A4B9B68DD51BFF35F8F79
:100D7000BFF35F8F0022354B1A6088F3108803B0F1
:100D8000F0BCBB46B246A946A046F0BD0D00EAE75E
:100D90002A004B469A4390688442D5D106201056CB
:100DA000130000280ADA0D0032E0802351462B4A56
:100DB000D150D8E706201856002822DB420011182F
:100DC000890074188946A1689960E179D971062172
:100DD00061569971002925DBA488F11A6405241550
:100DE0004C440919E0240905490D24022143998046
:100DF00013181B4A9B001178F31899711070A9E71A
:100E000013005946002914D1FF3191711549918081
:100E100013490A789A71144A9B1B5B415A43120D7D
:100E20000A7097E71149E2E70620105613000028E0
:100E3000C4DA0F4A0F49D21A083A5002400D014352
:100E400099800D4952080A43DA8083E7240100D0D3
:100E500000ED00E0C10100109410002000E100E06E
:100E60004C2B002001BDFFFFAAAA000001BD00001D
:100E7000CE10002000F0FFFF00F8FFFF70B5012446
:100E80000443EFF30581EFF3108C72B6214A136827
:100E9000002BFCD0BFF35F8F1F4B05001F4AED1ADC
:100EA0006D416A43120D1E4D8900AE6852B27658EC
:100EB000A6421CD00621595691421CD012215956E7
:100EC000914222D01E215956914220D02A215956B2
:100ED0000324914210D0134B19781A708171BFF31B
:100EE0005F8F00220B4B1A608CF3108870BDAB68CB
:100EF0000D4C5C50EFE700246100091989005B1874
:100F0000FF21997109499980E5E70124F4E702245A
:100F1000F2E7C046240100D094100020AAAA0000E5
:100F200000ED00E04C2B0020C101001001BDFFFFCF
:100F300010B5084B084C82B0010000930022052335
:100F40002000FFF7C9FC002801DB1F23181A02B09C
:100F500010BDC0466CEE0010512B002070B504008F
:100F60000E001500FFF706FD0100200000F006F856
:100F7000A680E580BFF35F8F70BDC046024B9C46E4
:100F800061448900016070474000003470B5114C25
:100F9000114DAC420FD2FF262368002B0CD0FFF777
:100FA000E9FC01002000FFF7E9FFA680BFF35F8F97
:100FB0000834AC42F0D370BDFFF7DCFC0100200028
:100FC000FFF7DCFF2671BFF35F8F0834AC42E3D339
:100FD000F1E7C046401800205018002010B504006A
:100FE000FFF7C8FC01002000FFF7C8FFFF232371B3
:100FF000BFF35F8F10BDC04610B504000120FFF79E
:10100000C5FC034BC3189B002360BFF35F8F10BD6B
:1010100040000034034B9C46614489000160BFF3EB
:101020005F8F7047400000340A4B1968EFF310805F
:1010300072B60A68002AFCD0BFF35F8F1B68BFF34B
:101040005F8F00221A6080F3108840BF00200021CB
:101050007047C046202B0020F0B5DE4657464E466E
:101060004546E0B583B0EFF3058203231340B54A4C
:10107000990052580091904601229A409346B24BF3
:101080001A60B24B01935B46B14843634346082262
:101090009B5E9946002B3ADA43469B881BB2002B95
:1010A00000DB9DE043469B79002B00D0E1E0434606
:1010B00008241C5F002C20DB43465A6963001B197F
:1010C000DB00D3189D68DC686B1C00D103E1A048ED
:1010D000009984466144826A0B69AE1A9B1A9E424B
:1010E00013D35A46036A1A420FD0994800F028FBDE
:1010F0008C4202DCC7D18542C5D940BF03B0F0BCE9
:10110000BB46B246A946A046F0BD0D61EDE742469A
:1011100052695B0092464B44DB009A4453469E68FA
:10112000DF6800F00DFB8F42B6DC00D1F8E0002F45
:1011300000DAD9E05246534654691B69019A93423A
:1011400000D1CCE0414652460820085E5288000497
:1011500021001043984704000D0023002B4300D1C9
:10116000C2E0002D00DBDFE030003900001BA941A8
:1011700053469860D96000229A5E002A00DA8BE715
:1011800043465D6953009C18E4002C19A768E46885
:101190008C4200DD80E702D1874200D97CE74646D9
:1011A000328108360DE08C4200D1C6E01E000023DB
:1011B000F25E002A0ADB53009C18E4002C19A76891
:1011C000E4689B18DB00EB188C42ECDD53461A8078
:1011D0004B46338043469B881BB2002B00DA61E705
:1011E00043461A69EFF3108172B61368002BFCD0E6
:1011F000BFF35F8F43469E88012342465B42938044
:1012000036B21369BFF35F8F00221A6081F3108832
:10121000002E00DA46E743465D69083342469C46A5
:101220007700BF19FF00EF19BB6860469846082396
:10123000D15E9246FC68002907DA0EE0A24246D051
:1012400018000023C15E002906DB4B005B18DB00A1
:10125000EB18DA68A242F1DD524606800023FE5EFA
:101260003980002EDCDA904643469B79002B00D172
:101270001DE7002342469371434646460821595EC6
:1012800008364B1C00D138E747468946556902E0CD
:1012900006004B1C18D04B005B18DB00E8180A0056
:1012A0008C46E95E43881BB2002BF1DA01235B42D6
:1012B000DC178360C4604A4503D031803B890380DA
:1012C0003A81E1464B1CE6D1B8464C46F2E69A68B4
:1012D0004245B5D9C0E7631C00D0F8E605E7200019
:1012E00023699847002825D1534642461B8813811D
:1012F0001269EFF3108372B611680029FCD0BFF3B6
:101300005F8F4246514652880A8042464946518084
:101310001269BFF35F8F0021116083F31088BBE671
:10132000864200D803E7B7E6094800F009FA001939
:1013300069411DE7656824680FE7874200D835E7F3
:1013400044E7C046002B00203C70054059100010B7
:101350000040054070B52E4C2569002D04D00A21AF
:101360002C48FFF70BFE70BD2B4E0321300000F020
:10137000DDF9E660FFF7FEFA284B03229C46D023F6
:1013800022701B061B6801216370254B6044A3601B
:101390000F23800020610220638063694942A1809D
:1013A00019800231198647311D83585218315A521B
:1013B00075325C3999521832013199521832013123
:1013C0009952183201319952083518329D52023122
:1013D000183299521832013199521832013199520A
:1013E00018320131995218320131995218320131B3
:1013F00099520C4B0C49DC6001303562FFF730FB31
:1014000001210320FFF7F4FA084B1D60A7E7C0464F
:10141000DC100020202B002000400540400000345C
:10142000FFFF1000002B002059100010386005400D
:1014300000487047DC100020F8B51F0008AB1B788F
:1014400004001600002B08D100F082F932003B00A6
:10145000121A8B41002B00DA53E02269EFF310805F
:1014600072B61368002BFCD0BFF35F8F0223E15EDE
:1014700063694A005218D2009B18002937DB1A888A
:1014800062802269BFF35F8F0025156080F31088AA
:10149000069A9E60DF601A61079A5A615A88013283
:1014A0005204520C101C002A1FD082B2588008042B
:1014B00010432669EFF3108772B63268002AFCD019
:1014C000BFF35F8FA2881A80A1802369BFF35F8F6B
:1014D00000221A6087F310880B4923788C4601326A
:1014E0009A40E36863441A60F8BD0120DDE7236990
:1014F000BFF35F8F00221A6080F310880120404202
:10150000F2E70020F0E7C0463C20000070B5010083
:101510000469EFF3108C72B620680028FCD0BFF38A
:101520005F8F02200D5E4C6968004019C0002418CE
:10153000002D37DB208848800869BFF35F8F0026C5
:1015400006608CF31088E36063880498013320619F
:101550005B0405985B0CA26060611A1C002B1FD015
:1015600093B22804628018430A69EFF3108C72B6B4
:101570001368002BFCD0BFF35F8F8B8823808D8096
:101580000B69BFF35F8F00221A608CF310880B7811
:1015900001329A40CB6808498C4663441A6070BD9A
:1015A0000122DDE70B69BFF35F8F00221A608CF325
:1015B000108801204042F2E73C20000010B543892A
:1015C0000A1493421ADD53009B184269DB00D318BA
:1015D0000469EFF3108C72B62268002AFCD0BFF3C6
:1015E0005F8F5A88090494B2090C8A4208D00369B3
:1015F000BFF35F8F00221A608CF31088002010BDAB
:101600008022120214435C80012302698371BFF3BC
:101610005F8F002111608CF31088044902788C469A
:101620009340C268012062441360E8E73C20000058
:1016300040787047F0B5D6464F464646C0B50400E0
:101640000D0082B0EFF305878946002F0ED0344994
:1016500000204B6AAB4203D38A6A0130A24226D3F0
:1016600002B0E0BCBA46B146A846F0BD2D4B984644
:10167000DB689A46434650461E7800F061F80B003E
:10168000514602000436B600715820008E1A290017
:10169000801A99418F4211DC0ED020BF204A0020D1
:1016A000536A4B45DCD3926A0130A242D8D25B1B0D
:1016B0005A1E9341D8B2D3E78642EED900F048F8DB
:1016C00022002B00121A8B41002B1ADB00230193FE
:1016D000154B2200009340462B00FFF717FF011E19
:1016E0000FDD0F4B5A6A4A4517D39B6AA34212D3A8
:1016F0004046FFF763FF0A4A0020536A4B45AFD3C9
:10170000D1E7074A0020536A4B45A9D3926A0120CA
:10171000A242A5D2CBE74A45EAD120BFE8E7C046BE
:1017200000400540DC1000202910001010B5024ACE
:101730000248FFF7AFF810BD88EE001080260020A9
:101740000300416A0A00986A596A8A42FAD17047CE
:10175000034B596A0A00986A596A9142FAD1704754
:101760000040054070B504000D00174A536A190087
:10177000966A536A8B42FAD13000190024184D4101
:10178000AB4216D813D0104A2B00526A954203D9A7
:101790000D494A6A9A42FCD39A4207D10A4A02E0AA
:1017A000516A994202D1916AA142F9D370BDA64211
:1017B000E9D9054B5B6A1C005A1CEFD001230124B8
:1017C0006442E5175B42E3E700400540F8B50400DA
:1017D00006200D0000F078F9002844D0374B384936
:1017E000E3185A1E93418022120494465B429B0DDB
:1017F000344A9B0563441360334A136018000A6837
:101800009043FBD12D4B314AE31859424B41802183
:101810005B0049000620995200F056F92900C000EB
:1018200000F0AEFB0130C3091ED1402701226262E5
:10183000A362266BF30722D4E36A254B0620E51842
:1018400000232B60266300F03FF93900800000F090
:1018500097FB7023E26A5A400E3313402B601D4BF6
:1018600023630323A364F8BD1B4A93421ED90023BC
:101870001A4A1B4F6262A362266BF307DCD5194B31
:10188000144AE3181A60656AA36A0620AD01ED18D0
:1018900000F01AF9144900F073FBAD0201002800B2
:1018A00000F06EFB0021FFF75DFFC5E74006800EEC
:1018B0009F011A003F180300B9E7C0460080FCBF33
:1018C00008C0004000E0004000F000402C2B002049
:1018D0002C10000001030000FEFF0000FFFF0000CD
:1018E000C0FF3F00303000004E0E0000F8B5DE466D
:1018F0004E4657464546E0B58B4605000A99180006
:10190000160000F03DFB0A9B6C001F02324B64196D
:101910009C46A4006444636881469F4200D9676086
:101920002B1FDBB29846012B30D9C02380229B01AC
:10193000E31812011A60294BAD0059599A46002943
:101940001BD17301E026226853401E40802342468B
:101950005B01E3181E60012A30D9802380229B019D
:10196000E31812011A6053464A4667605A51F0BCA8
:10197000BB46B246A946A046F8BD586900F000FB38
:10198000013043001B18033BFDD2DAE75B46012B15
:10199000CBD1C02303229B01E3181A60023AA3684B
:1019A0001A42FCD07301E0262268AD0053401E406D
:1019B00080230A4A5B019246E3181E605A4621685A
:1019C000514003220A401A6001225B469A40A368F4
:1019D0001A42FCD0C1E7C0460080004084260020A7
:1019E000F0B546464F46D646C0B51F00344B4400BE
:1019F0009C462418A4006444636888461600FF2BA4
:101A000002D880235B006360031FDBB29A46012B80
:101A100030D9C02380229B01E31812011A60294BA0
:101A200085005959994600291BD17301E026226887
:101A300053401E40802352465B01E3181E60012A7A
:101A400030D9802380229B01E31812011A60802381
:101A50005B0063604B465F51E0BCBA46B146A846A6
:101A6000F0BD586900F08CFA013043001B18033BAD
:101A7000FDD2DAE74346012BCBD1C02303229B01E1
:101A8000E3181A60023AA3681A42FCD07301E026F8
:101A90002268850053401E4080230A4A5B0191461C
:101AA000E3181E6042462168514003220A401A6032
:101AB000012342469340A2681342FCD0C1E7C046CE
:101AC0000080004084260020014B8000C0587047F1
:101AD00084260020F8B5040021481E0017000D00E0
:101AE00000F04EFA0100380000F04AFA069B360476
:101AF0001B031E432368002B20DB1A4B1A49E318F3
:101B00005A1E93418022920194465B421B0B174A56
:101B10001B0363441360164A13601F000A6897434F
:101B2000FBD1144B2560E2182123A06013602368C9
:101B3000002BFCDA0823E6601360F8BD3F2322681F
:101B40001340AB42D9D1A3681B051B0D8342D4D1EE
:101B5000EE22E368D2021340B342CED1EDE7C04695
:101B6000001BB7000040FDBF08C0004000E000407F
:101B700000F000400430000010B580241C4BE40548
:101B80001C6000281AD001231A4C18431A4BDC6140
:101B90001A4C44401C62596298628021144BC9055A
:101BA0001960174817490860E021C9041960002A24
:101BB00007D18022144B12061A6010BD0E4BD8615B
:101BC000EBE753019B1A9B009A18802312015B04D8
:101BD0009A4209D213000D490B60074B5A608022CC
:101BE000094BD2051A60E8E7094B1A00F3E7C04633
:101BF00000B00540D3C007B0008005402D3FF84F2E
:101C0000FCFF01000820014000A00540F02A002050
:101C1000FFFFFF008023024A9B000B43D362704703
:101C200000800540142310B50100188804331B8878
:101C3000984710BD162310B50100188802331B8881
:101C4000984710BDF8B54746CE4680B50F1E19D04F
:101C500014239946043304000025012698464B4678
:101C60001888434621681B88984701C4431E984141
:101C7000013540420640AF42F1D13000C0BCB94608
:101C8000B046F8BD0126F8E7142370B504001888A3
:101C900004331B880D000549984703000020002CE1
:101CA00001DB0130A04029009847C04655420000A2
:101CB000AA23064A1B0113608D235B00D3600449ED
:101CC000044B19605368002BFCDA70470040024057
:101CD00000B0FA00006002407047C04610B50148ED
:101CE000FEF7C0FDACEE001070B5074D074EB542D3
:101CF00009D20024013E761BB60808CD9847230080
:101D00000134B342F9D170BD60ED00109CED0010BC
:101D1000054B064A06491A60064A074B1A6010002E
:101D20000B689843FBD1704700E00040BFCDFBFE3D
:101D300008C00040FE7F3C0000F00040044BDB6C1C
:101D4000002B03D18022034BD2021A607047C04699
:101D5000000011504C201150044A054B1A60054AEE
:101D60001368DB018033FBD17047C046FFFFFF01E2
:101D700000F0004008C000404022034B9A675A67B9
:101D80001A67DA667047C04600F0014010B5FEF7EA
:101D90000FFE10BDF8B52749274C284D641AA61030
:101DA0003200302E00D930222800920001F070F865
:101DB000BC2C3BD830202F232C196407204A801BD1
:101DC000E40F9B1B052B16D93700002C02D0B30063
:101DD000771CEA50001B33199B004108EB18C9001F
:101DE000C9181A605A6008339942FAD10123034294
:101DF0001CD09843C619B300EA50731C2F2E15D07F
:101E00009B00EA50B31C2E2E10D09B00EA50F31C0E
:101E10002D2E0BD09B00EA50331D2C2E06D09B009C
:101E2000EA50731D2B2E01D09B00EA50054B9D609C
:101E3000F8BDC04600010010C001001000000020E5
:101E4000C101001000ED00E0002310B5294C82B064
:101E5000A367FFF72DFF0122274B1A60636C012B4C
:101E6000FCD10322254B1A60224A936B012BFCD133
:101E7000013300930121224A22480433FFF72AFE4E
:101E8000052301210093204A2048FFF723FE00226A
:101E9000022104201E4BFFF7A3FD00220121052093
:101EA0001C4BFFF79DFD0022002107201A4BFFF776
:101EB00097FD002200210820174BFFF791FD80239A
:101EC000DB000093002200210920134BFFF70EFDD9
:101ED0000022104B00210620FFF782FD0420FFF7AF
:101EE000F3FD0E4900F04CF801000020FFF792FED0
:101EF00002B010BD008000403CB0004030B0004057
:101F0000002F685900800240008C864700C00240C4
:101F1000001BB70040597307006CDC0240420F0001
:101F200001480421014B184700110020451C0010F6
:101F3000124A936F9B0815D29066D166002905D08E
:101F4000FFE7FFE7FFE7516F106F704704B580218F
:101F50000906C2175140002800D0C8430CF0B8FE53
:101F6000002104BDF0B5146E556E576F166FFFF764
:101F7000E3FF1466556657671667F0BD000000D092
:101F8000114A936F9B0813D210665166002905D041
:101F9000FFE7FFE7FFE7516F106F704704B50028B8
:101FA00001D00020C0430CF093FE002104BDC046C8
:101FB000F0B5146E556E576F166FFFF7E5FF146698
:101FC000556657671667F0BD000000D094464A4A30
:101FD000926F9208624601D228E0C046F0B5464EA4
:101FE000346E756E776F366F00F020F89446424A73
:101FF00014665566576716676246F0BD94463E4ABA
:10200000926F9208624601D254E0C046F0B53A4E53
:10201000346E756E776F366F00F04CF89446364A22
:1020200014665566576716676246F0BD002B24DBC1
:1020300011D000293EDA00B5C943404200D1013138
:1020400000F038F8C943404200D10131DB4352422D
:1020500000D1013300BD002AEBD1002801D10029B5
:1020600005D00020C90FC90701D1C043410800B500
:102070000CF00EFE0022002300BD00B500290ADB93
:10208000DB43524200D1013300F014F8C94340420F
:1020900000D1013100BDC943404200D10131DB43D1
:1020A000524200D1013300F005F8DB43524200D127
:1020B000013300BD002923D1002B18D1002A0CD0F8
:1020C000BC460D4F38667A6600210023FFE7FFE724
:1020D000FFE77A6F386F67467047002801D00748DE
:1020E000010000B50CF0D4FD0022002300BD020069
:1020F0000B00002000217047000000D0FFFFFFFF11
:10210000002B00D0BFE0130C28D1002AE7D080B408
:10211000114F39667A66FFE7FFE730B4040C7B6F36
:10212000396F1B0423433B667A66FFE7FFE7FFE74F
:10213000C04684B27B6F3D6F1B0423433B667A66C7
:10214000FFE7FFE7C04600232C042D0C7A6F386FA1
:1021500000196941B0BC7047000000D0F0B594464A
:102160000025140E01D112020835140F01D11201FD
:102170000435940F01D192000235D40F01D15200E1
:102180000135D40B0134254F7C66254C3C660E0C82
:1021900093B2FFE7FFE7FFE73C6F6643360C770338
:1021A000BE467343DF0B5B04C01AB941130C734383
:1021B000DB18C91ACE086643360CB64493B2734393
:1021C0001F0F1B01C01AB941130C73431F0B1B05D2
:1021D000C01AB941860D8F023E436643360C092D65
:1021E00024DB520A7243801A7703460A6643360C90
:1021F00016235B1BDE40DF40BF1964466643821B2B
:102200007046043506330100D940A840C01900D3F8
:102210000131A24206D20023F0BD0000000000D030
:10222000FFFFFFFF121B0130F3D3F1E709277F1BEC
:10223000FE406446A2B27243801A00D20139220CD9
:102240007243130C1204821A99410B007046043534
:1022500013370100F940A840801900D30131002B49
:1022600002D1A2420AD2F0BD013000D30131121BCB
:10227000FAD2013BF8D1A24200D2F0BD013000D326
:102280000131121BF7E7F0B51C0C00D080E00CB454
:1022900000251C0A04D11B02160E33431202083516
:1022A0001C0B04D11B01160F3343120104359C0B88
:1022B00004D19B00960F334392000235DC0B02D110
:1022C00092185B4101351C00971864410134464F58
:1022D0007C66464C3C660E0CFFE7FFE7FFE7C04616
:1022E0003C6F6643360C7703BE4697B27743C01BFC
:1022F00000D20139C01B00D201399FB27743C91BFC
:10230000C91B170C77437E04FF0B801BB941CE0815
:102310006643360C0C2D33DBB644120B1F053A43D3
:102320001B0B97B27743C01B00D201399FB2774392
:10233000C91B170C77433E043F0C801BB941860D27
:102340008F023E43664329277F1BFE400C3D7746A4
:10235000AF40BF1930BCA2B2ABB272437343801A14
:102360009941220C7243130C1204801A9941020005
:102370000B000137001BA941F9D2781E0021F0BDE6
:102380000C277F1BFE4077467F0BAF40FF19E0E72D
:1023900000245D1C07D0144F7D663966FFE7FFE718
:1023A000FFE7FFE73C6F95B29EB265436643401B73
:1023B000B141150C1E0C6543664336042F0C3E4399
:1023C0002D04401BB141994204D202000B002000B1
:1023D0000021F0BD01D19042F7D3801A9941013418
:1023E0009942F2D3F6E70000000000D0FFFFFFFFA4
:1023F00048404140484018B41B4B5B68FC46019381
:1024000008BD04DFAB26001018B4174B1B68FC4650
:10241000019308BD00DFB52600109446134A926F61
:10242000920809D2624618B40F4BDB68FC46019350
:1024300008BD0CDF6D2900100C4AF0B5146E556E06
:10244000576F166F6246FFF7EEFF084A146655662F
:1024500057671667F0BD18B4034B9B68FC460193A1
:1024600008BD08DF11280010881A0020000000D0E5
:10247000FFB550404240504059404B40594000E069
:10248000FFB5154F4C00640D03D0BC4204D10C03C2
:1024900014D80020090D09055C00640D03D0BC426E
:1024A00004D11C030AD800221B0D1B0501264B403A
:1024B00009D44B4003D58B4200D18242FFBD9942E3
:1024C000FCD19042FFBD0B43DB1803431343F5D00F
:1024D000C9434918FFBD0000FF07000000B5FFF722
:1024E000CFFF01D0002000BD012000BD00B5FFF7E7
:1024F000C7FF804100BDC04600B5FFF7C1FF01D94D
:10250000002000BD012000BD00B5FFF7B1FF01D9DB
:10251000002000BD012000BD00B5FFF7A9FF8041EC
:1025200000BD012040054A00121804D85A001218B4
:1025300001D80020704701207047000000210028CA
:1025400005D17047C1174840401AFAD0C90713B5E2
:10255000064B1B6898470CBC441CA2401005120B8C
:102560000349091B09051943114310BD1C2B002009
:102570001F04000010B54C00620D8023D218DB0050
:10258000D21A5B057E2A10DD9E3A13DACC170903B6
:10259000490819435242D140640001341532202ABF
:1025A00005DAD0400843604310BD002010BD084646
:1025B000604310BDC80FC018013810BD18B4044BDB
:1025C0005B6AFC46019308BD24DF1D2B0010000050
:1025D000881A0020132370B51D78012D19D014DD41
:1025E0001F48FFF727FB06001E48FFF723FB1E4C82
:1025F00080223100200000F04BFC022D2DD01B4822
:10260000FFF710FB1A4B186070BD1A4B164CA364F1
:10261000F5E7184B144C23606360A360E36023610B
:102620006361A361E36123626362A362E362236384
:102630006363A363E36323646364A364E364236564
:102640006365A365E36523666366A366E366236744
:102650006367A367E367A364D1E7064BA364CEE790
:102660005344000053460000881A00204C330000F9
:102670001C2B00207926001007B5604601880A0A45
:102680000230DF2AFAD1C9B2820804D30288408816
:102690000004104300E00068014A5050039007BD59
:1026A000881A00200FB403BC0CBCF0B50124E40769
:1026B000634000E0F0B50C0DCF0F661E3605891B98
:1026C000640503D3C943404200D30131640D03D0F4
:1026D000661CF60A07D0E41B00207F00791C8907DE
:1026E0008912803C24031D0DDF0F6E1E36059B1BD7
:1026F0006D0503D3DB43524200D301336D0D03D08C
:102700006E1CF60A07D0ED1B00227F007B1C9B0786
:102710009B12803D2D032F1B661B58D4A446202EF0
:1027200046DA20371400BC401D00BD40F240334162
:102730002A4380185941CB0F05D0C943C04300221A
:1027400064425041514162464D0D28D10D0D07D1D3
:1027500000281FD0241940414941013A0D0DF9D0FC
:10276000640006D3013000D30131002C01D14008B0
:102770004000013A0BD4941CE40A04D11205114420
:10278000DB071944F0BDD907204B194300E0D907F6
:102790000020F0BD0029DDD1002CDBD1F0BD0132DD
:1027A000C6074008CD0728434908002EE1D0D9E7E5
:1027B0003C2E29DA203E40371400BC4000D00124D2
:1027C000F24014431A00BB401C43D317ACE7AC469D
:1027D000202F08DA20360400B4400D00B540F84040
:1027E00039412843A5E73C2F0CDA203F403604004E
:1027F000B44000D00124F84004430800B1400C4329
:10280000C117EAE710001900002494E70000F07FE8
:10281000F0B50C0D661E3605891BE60A6405640DCD
:1028200002D0651CED0A04D0002001210905803C7E
:102830002403A4461C0D671E3F05DB1BE70A640545
:10284000640D02D0651CED0A04D0002201231B0593
:10285000803C24037740644497B484B296B27443B6
:10286000070C7E43150C6F4380B26843361802D3C1
:10287000012000043F183004350C00197D418446C6
:1028800088B29AB250430C0C62431F0C7C438EB248
:102890007E43921902D301263604A4191604170C9C
:1028A0003618674101BC81B29AB25143040C6243AD
:1028B0001B0C5C4380B25843121802D30120000461
:1028C00024181004130C401863412D185E41002099
:1028D000474106BC88B293B258430C0C6343120CB8
:1028E000544389B251435B1802D30121090464188F
:1028F00019041A0C091862416D185641002047410D
:1029000018BCF902720D1143F0026A0D1043ED027A
:102910000A0D03D16D1940414941013B124E9B1BE9
:102920007600B3420ED26D0007D30130002671410C
:102930006646354301D1400840001B05C918E4072D
:102940002144F0BD0BDA013306D1013004D101314D
:102950004F0D01D04908F2E7E1070020F0BD013634
:1029600031050020EBE70000FF030000F0B51C0D6F
:10297000671E3F05DB1BE70A6405640D02D0661C79
:10298000F60A04D0002201231B05803C2403D02535
:102990002D060026F6432E661E096E66CE0FF6192A
:1029A000B44649004F0D02D07E1CF60A03D0002029
:1029B0000021403F3F033E1BB600B444013F7F056A
:1029C000C91B49082E6F013676089C02950D2543D8
:1029D0007543ED137543AD1301356D10F603761B8A
:1029E0000CB4CC02450D2C43A2B2B3B25A43270C0F
:1029F0007B43350C6F43A4B26C431B1902D30124F3
:102A000024043F191C041D0CA4187D4124196D4198
:102A1000009A91B2ACB26143170C7C432B0C5F431C
:102A200092B25A43A41802D301221204BF182204FE
:102A3000230C52187B41019C6C431B19520ED90187
:102A40000A434401A01A81B2B2B2514303145A435B
:102A5000360C734387B27743D617D21900277E41CD
:102A600036049B191704160C7F185E417316ED1877
:102A7000F301002680337541A90F06D16400690A6D
:102A8000E8055B0A184309D22FE0042294448033FE
:102A90007541A90AA8059B0A184326D3404149411C
:102AA0002404009A019B0D005543641B4343E41A20
:102AB00095B286B27543170C7E43030C5F4392B206
:102AC0005A43B61802D301221204BF183204330C41
:102AD00052197B4152429C41002C02D40022013009
:102AE00051414008CA071043490802B06246D7075F
:102AF0009210084BD218084B9A4203D2120589183B
:102B0000C919F0BD0020002A01DC3900F0BD0133F5
:102B10001905F5E7FD030000FE070000002200B5DF
:102B2000203200F004F8080000BD000000220B1560
:102B30000AD410B5944600F031F81414013400DAC8
:102B40000021CB17144C204700200021704762441D
:102B5000343A0CD40C2A07DA0400914090405242D7
:102B60002032D440214310BDD843D94310BD203278
:102B700007D40C469440524220321141D0402043A9
:102B800010BD0800C917203203D452422032104130
:102B900010BD1800190010BD4F2B00100A0DCC0FEE
:102BA000531E1B05C91A520503D3C943404200D323
:102BB0000131520D03D0531CDB0A07D0121B002039
:102BC0006400611C89078912803A1203014BD21AF2
:102BD00070470000FF03000051434343C9188C466F
:102BE000110C83B24B4310B4040C614392B280B217
:102BF000504362431C041B0C001910BC59411304C0
:102C0000120CC018514161447047000048404140D7
:102C100048400E4B5B6818470C4B1B6818470C4A22
:102C2000936F9B0802D2094BDB681847F0B5146E0E
:102C3000556E576F166FFFF7F6FF054A1466556617
:102C400057671667F0BD014B9B681847881B00202B
:102C5000000000D007B548404140484001E0C04670
:102C600007B54200120E03D0FF2A03D1420218D842
:102C7000C00DC0054A00120E03D0FF2A03D14A023C
:102C80000FD8C90DC9050122414005D4414001D5E5
:102C9000814207BD884207BD0143491801D0C043A6
:102CA000001807BD00B5FFF7D5FF01D9002000BD12
:102CB000012000BD491A002808D1084670470000CD
:102CC000C10FC90700D54042002817D0F44603B40D
:102CD0000B4B1B68984706BC81409E3840428031B0
:102CE00007D20B0607D04900490AC0051043084324
:102CF00060470130F8E7490A8902F5E770470000AC
:102D00001C2B0020132310B512481C78FEF792FFED
:102D10000100012C0AD003DD80220F4800F0B8F832
:102D20000E48FEF77FFF0E4B186010BD0A4C542270
:102D3000200000F0ADF80B4B6365A365E3652366E7
:102D40006366A366E36623676367A367E36723623B
:102D5000E361E5E753460000881B00204C33000088
:102D60001C2B0020692D001007B5604601880A0A57
:102D70000230DF2AFAD1C9B2820804D3028840881F
:102D80000004104300E00068014A5050039007BD62
:102D9000881B002070B504000A4E30000BF0D0FFF5
:102DA00020000AF0FDF8050030000BF069FF002D4F
:102DB00005D0054B2C199C4201D8280070BD034852
:102DC000FDF750FD4018002000000420B8EE001070
:102DD000F8B506000C000C4F38000BF0B1FF2100D5
:102DE000300008F08DFA050038000BF049FF7443FD
:102DF000002D05D0054B2C199C4201D82800F8BDA8
:102E00000348FDF72FFDC0464018002000000420B5
:102E1000B8EE001070B505000C000B4E30000BF042
:102E20008FFF2800210008F0D1FA050030000BF0D8
:102E300027FF002D05D0054B2C199C4201D82800F6
:102E400070BD0348FDF70EFD40180020000004206F
:102E5000B8EE001070B50400054D28000BF070FFAF
:102E600020000AF0A7F828000BF00AFF70BDC0464A
:102E70004018002001480421014B18471011002080
:102E8000451C0010014B1B68184700001011002062
:102E9000014B5B6818470000101100209A4200D2D5
:102EA000885470477047C046F8B55746DE464E46D0
:102EB0004546E0B599460A9B07009A460D9B884611
:102EC00093460B9C9B073BD10C9B9C423DD21E1B07
:102ED0000B9415000C005E442A004B46013521007E
:102EE0002020B847B542F7D1A0460B9C002C20D03B
:102EF000454636195346321B013C185D29004B46A6
:102F0000B847002CF6D12B00350098460D9B9B0747
:102F10000FD55B46EC1A0C9BA3420AD9464698464D
:102F20002A004B46310020200134B8470135444582
:102F3000F6D32800F0BCBB46B246A946A046F8BD71
:102F400016001500002CD3D1E0E71600002CCFD1DD
:102F50001500EEE7F0B54F464646D646C0B584B0FC
:102F600098460EAB1B7894469946129B0D9C109F79
:102F7000119E9A0725D4002E65D1BC4221D2012290
:102F80001A409246202C00D1E9E00C9A551E3022BE
:102F900002E0202C00D17BE001342A55A742F8D86A
:102FA0005246002A0DD0B4420BD20C9A551E302244
:102FB000202C02D171E0202C2DD001342A55B442AE
:102FC000F9D1DA063CD55A052ED4002C28D10F9A17
:102FD000102A00D1B6E0022A00D1BCE030220C9CBD
:102FE000227001244A46002A65D15A0700D499E08C
:102FF0002B220C9D2A55013403930C9B62460093AF
:10300000029643460194FFF74FFF04B0E0BCBA4676
:10301000B146A846F0BD2024DA06EDD55A0503D402
:10302000A74266D0B44264D00F9A102A71D0022A07
:1030300057D0202CE0D02200013430250C9FBD5405
:10304000202CD9D0CEE7012215001D40AA461A42F5
:1030500036D04A46002A4AD10C321A4247D1BC42E5
:10306000A1D2202C91D1202E17D82024DA06C3D546
:103070005A051BD4202F01D0202ED5D11F220F9D01
:10308000102D6FD0022DD8D162250C9FBD54D0E7F2
:103090005246002A79D0202EBDD92024DA06ABD59D
:1030A0005A0503D4202FE9D0202EE7D00F9A102AFA
:1030B000A2D12024A0E72D220C9D2A5501349BE7A4
:1030C000BC4200D37DE7202C00D05EE7DA06F0D5C5
:1030D0005A05EED4202F62D0202EEAD134001F22D0
:1030E000CDE7202C00D187E722000134CCE7013E58
:1030F000B5E7621E012CC2D10F9A102A00D06AE7F0
:103100009A063BD558220C9C2270283A6270022401
:1031100068E79A060ED4202CCBD078220C9D2A5535
:10312000013486E71A0700D466E720220C9D2A5551
:10313000013461E7202CBCD058250C9A1219157067
:10314000013476E79A0608D558220C9C227030226A
:103150006270022446E76032F7E77822F5E7002A3A
:1031600083D1B3E7A21E013C9D0603D478250C9FB2
:10317000BD5460E758250C9FBD545CE778220C9C39
:103180002270483A627002242CE7DA0600D433E752
:103190005A058BD4202F00D044E71F226FE73C0054
:1031A0001F226CE710B5002800D110BD01F04AFCC9
:1031B000FBE7C0460B0010B5002802D049681B6829
:1031C000984710BDF0B557464E464546DE46E0B539
:1031D00099B08246894690460893229A239B100014
:1031E0001900FFF79EF9002800D0CDE0229823991E
:1031F0000122D94B5242FFF78FF9002800D0C3E0DB
:10320000229823990122D54B5242FFF76FF90028EB
:1032100000D0B9E02298239900220023FFF766F935
:10322000002800D0F1E1229E239F8023269ADB0014
:103230001A400D92269A1A4201D106232493802324
:10324000269A1B011A403B0093460996334300D04F
:10325000B3E0002A00D0C2E1002300240A930B94BB
:10326000002304250993259B0024AB4200D95C1B55
:103270000223269A1A400C92269A134203D06B42DC
:103280006B415B421C40099B002B07D00A9A0B9BA9
:1032900030003900FFF7C1F806000F00229823998B
:1032A00000220023FFF722F9002803D0802109061D
:1032B0007B181F00269AAA4B009601971340089E80
:1032C0000493249B0394029342463300494650469C
:1032D00000F0AAF90400002D67D02020269A494664
:1032E000024013005A4253415B42621C18400A924A
:1032F000330022004530D047099A6F1ED317D418E7
:103300005C40D30F9B46002501E0202D13D008AA76
:1033100094461F23200063440A2101355E19FEF7FD
:103320002FFE3031317020000A21FEF729FE2600E1
:103330000400092EE9D805230693002304930A33D9
:1033400003935B46089E029310AB0A9A009349468A
:103350003300504605970195FFF7FCFD0C9A0400D9
:10336000002A22D04246851A259AAA421DD9B04683
:103370005746160022004346494620200135B847EB
:103380000134AE42F6D810E0269B42460493259BBA
:1033900049460393249B50460293229B239C00930F
:1033A0000194089B00F040F90400200019B0F0BC23
:1033B000BB46B246A946A046F0BD6A4B78009C4683
:1033C000400D6044FFF7BEF8674A684BFFF743F8CB
:1033D000674A684BFFF718F8674A3B031B0B1A4311
:1033E00004000D0009981100644B0022FFF703F858
:1033F000634A644BFFF72FF802000B0020002900FE
:10340000FFF702F8FFF7B6F80990FFF79BF85E4A5E
:103410005E4B04000D00FFF71EF800225C4BFEF728
:10342000F3FFFFF7A7F85B4A5B4B29000C902000E5
:10343000FFF711F804000C980D00FFF783F8574AC6
:10344000574BFFF708F802000B0020002900FEF799
:10345000D2FF04000D0002000B000A940B95FEF74A
:10346000FAFF04000D000A980B9902000B00FEF70A
:10347000CBFF00220E900F914A4B20002900FEF74F
:10348000CCFF0022484BFEF7BFFF02000B002000DC
:103490002900FEF7C2FF0022444BFEF7B5FF0200F1
:1034A0000B0020002900FEF7B8FF0A9A0B9B0D00C5
:1034B00080210400C9050020FEF79DFF02000B00DB
:1034C00020002900FEF7A0FF02000B000E980F99C4
:1034D000FEF7A3FF0022284BFEF796FF344B0C9C0F
:1034E0009C46644423050022FEF7B5FF04000D004E
:1034F00002000B00300039000A940B95FEF7F6FF2E
:1035000000285DD123002A00C625099963318D4228
:10351000AD4159466D420435002900D1A3E613435D
:1035200063D030003900234A234BFEF7EDFF00281B
:1035300007D0002230003900204BFEF7D7FF0028CB
:1035400053D1249B002B00D18DE60D9B5A1E934135
:10355000249AD31A249386E6FFFFEF7FFFFFEFFF45
:10356000FFF7FFFF01FCFFFFFB799F501344D33FA0
:10357000B3C8608B288AC63F0000F03F0000F83FC8
:1035800061436F63A787D23F71A379094F930A40C4
:103590000000E03F1655B5BBB16B0240EF39FAFEB3
:1035A000422EE63F00002C4000002440000018405E
:1035B000FF0300002D431CEBE2361A3F80842E41AE
:1035C000099B0022013B09932000164B2900FEF7BE
:1035D00024FF0A00010003000A910B9294E70023E4
:1035E00000240A930B9400230993249A099B9A427E
:1035F00014DDD31A013B24938023269ADB001A435F
:1036000000230025269209932DE680221206944677
:10361000229B1E00239B63441F0006E60023249385
:10362000EAE7C04600002440F0B54546DE464E4677
:103630005746E0B595B08B46904699461E9A1F9B1B
:103640000A9019001000209DFEF76BFF002800D0A3
:10365000B0E11E981F990122C74B5242FEF746FF68
:10366000002800D037E11E981F990122C34B524217
:10367000FEF752FF002800D0A7E01E981F990022F5
:10368000BF4BFEF749FF002800D088E01E981F9925
:103690000022BC4BFEF72AFF002800D07FE01E98D6
:1036A0001F9900220023FEF721FF002800D0FAE036
:1036B00000230B938023229C229ADB001C401A4299
:1036C00000D102E1092D00D87CE106A98C462C002E
:1036D000172200233021093C62440133D154EF1AF0
:1036E000202B00D132E1A342F7D10022A44B069255
:1036F00007931E981F99FEF73DFF0500FEF722FF76
:1037000002000B001E981F99FEF775FE069A079B94
:10371000FEF7A1FE08900991FEF750FF0600FEF7A4
:103720000DFF02000B0008980999FEF764FE0022C5
:10373000954B08900991FEF7EFFE002800D1D2E0EA
:1037400001363000FEF7FAFE069A079BFEF7DCFE14
:10375000002801D000260135AA46002F00D098E0AD
:103760002800FEF7EFFE02000B001E981F99FEF7DF
:1037700042FE854B002206000F00FEF7B7FE0CABA1
:103780009A46002845D10022300039007E4BFEF7D2
:10379000C3FE00283DD1EB073BD5013539E0229B24
:1037A00042460493219B594603930A981E9B1F9CF3
:1037B0000295009301944B46FFF704FD15B0F0BC51
:1037C000BB46B246A946A046F0BD229B5B0767D424
:1037D00003226E4B22990192039121990291009349
:1037E00042464B4659460A98FFF75EFBE6E706AAB3
:1037F00094461723280063440A2101341E19FEF75A
:1038000097FB3031280031700A21FEF791FB051E2D
:1038100076D0202CEBD10323229A1340012B1DD10B
:10382000219B002B1AD00B9B002B00D0BBE0229ACF
:103830000C33134200D0B6E0219BA34200D887E0AE
:1038400006AB9C4617223023624404E021990134E0
:1038500013558C4259D0202CF8D12024229B01945E
:103860000393219B02935346B9E706AA9446172374
:103870000A216344300001341D19FEF781FB303109
:10388000297030000A21013FFEF77AFB092E46D944
:103890000600202CE9D155460CAB20249A46B8E707
:1038A00004223B4B96E71E9A1F9B00200021FEF747
:1038B000A2FD01230B938023229C229ADB001E9001
:1038C0001F911C401A4200D0FCE60022314B062713
:1038D000069207930DE7229B0393219B02930423F7
:1038E00001932D4B7BE7002208980999264BFEF7A0
:1038F000FDFD002800D02FE7002E4FD101362BE729
:103900000323229A1340012B66D0202CA6D00B9BB8
:10391000002B1FD02D235246135501349EE75546E8
:10392000202CB9D030233A19002F08D0172006A92F
:10393000013409180B55202CAED09442F6D10CABB3
:103940009A462E2352461355013462E72024CCE6D2
:10395000202C83D0229B5B0708D4229B1B0700D41A
:103960007CE7202352461355013477E72B23524638
:103970001355013472E7C046FFFFEFFFFFFFEF7FF3
:1039800065CDCD4165CDCDC10000E03F14EF001005
:103990000CEF001080842E411CEF0010F30700D4C0
:1039A000DAE60136D8E6219B013B2193A34200D9F8
:1039B00046E7AAE7229B0393219B029303230193EB
:1039C000074B0CE7074BEA009B185C681B682F004D
:1039D0000693079400248CE6219B002B95D022E7C8
:1039E00018EF001078FA0010F0B55746DE464E4644
:1039F0004546E0B5A5B01F002E9B91460D93CA4ADF
:103A0000CA4B82468B461A60002900D129E2002366
:103A100038789846002800D12BE2C54B44460C93D9
:103A2000C44B55464E460E930AE0631C984622004E
:103A300033005946A84744463878002800D187E02B
:103A400001372528F1D108239A46043B9946023BC9
:103A50009846013B00229C460B943878791C030061
:103A6000203BDBB2102B03D80C9C9B00E3589F46F5
:103A70000300303B0B9C0B92092B3AD9002398464C
:103A80002A2800D1DDE000239A462E284BD00300DF
:103A9000683BDBB2122B1ED80E9A9B00D3589F4670
:103AA00063460F001A43D8E743460F001A43D4E792
:103AB0004B460F001A43D0E710230F001A43CCE700
:103AC00053460F001A43C8E780235B000B9A7878AF
:103AD0001A430B9201310F0067284FD82428A4D92C
:103AE0000300253BDBB2422B9FD893499B00CB5868
:103AF0009F46002398460B9B47469C4600E00131B9
:103B0000BB00DB195B001F180878303F0300303B17
:103B1000092BF4D963460B930023B8469A460F004D
:103B200001312E28B3D180200B9AC00002430B92A2
:103B300030225242944678780B0084446246092A27
:103B400000D8AAE12A2800D1B9E10F0001319EE78F
:103B5000A046AA46B146C84503D301235B424B4465
:103B600098464B46424659460020D047200025B093
:103B7000F0BCBB46B246A946A046F0BD010069397B
:103B8000C9B20F2900D950E701238B409C466B4BEB
:103B9000994663464A4613400F9362464B461A4283
:103BA00000D068E10A2956D0072900D03DE70D9BD7
:103BB00002CB9846002900D092E10B9B10211A00FD
:103BC0008A43100011310843814680201A00C0004A
:103BD0000240110003421CD114AB9C461F220F234C
:103BE00062440D959C4615000F9B0B9402E0202B20
:103BF0000CD0110064460C4020003730092C00D84E
:103C000007380133E8540A090F29F0D80B9C0D9DA1
:103C10000F934B46082206935346059208320392AF
:103C2000002204930F9B029201931CAB220000938D
:103C3000594633002800FFF78DF9434604000D93E1
:103C4000FAE60D9B04CB9046002A79DB78780D9339
:103C50000F00013117E70D9B02CB14930B789C46A4
:103C600018005346002B00D134E1002815D05346EC
:103C7000013B013399460D940B9C89444A460B0045
:103C8000A14601E0934203D05C780133002CF9D1C6
:103C90004A465B1A0D9C0B920F938023DB009946DA
:103CA0000B9A13400D934B461A4204D00F9B534579
:103CB00001D953460F93022399460B9A13400B9355
:103CC0004B46134200D1F5E16346002B00D1D6E10B
:103CD0000D9B002B00D182E10B1BD14631009A468F
:103CE0003B00A1442E005F464D4622009B4689467C
:103CF00009E04B463900541CB0475346185D002874
:103D000000D192E122009542F3D14B465A46A94692
:103D1000BB46350017001E004C460B9B002B00D005
:103D2000ADE1149B0D9387E6E9390010EC2A0020E1
:103D3000DCF8001020F900106CF900104190000030
:103D40000B9A283802430B924246524278789046AA
:103D50000F000D93013196E678786C2800D15DE173
:103D600080230B9A5B001A430B920131B3E6802348
:103D70009B00ABE67878682800D148E180230B9A55
:103D800001311A430B92A6E6672800D1B2E047281A
:103D900000D11AE1452800D11CE10B9A07210492B9
:103DA00042460D9B0392073352468B431900029201
:103DB0000CC92800009201930D912200330059464E
:103DC000FFF700FA040037E6462800D18DE00B9A91
:103DD0000721049242460D9B0392073352468B43C0
:103DE000190002920CC92800009201930D91220043
:103DF00033005946FFF718FC04001DE6631C984683
:103E00002200330059462520A847444614E60D9B5E
:103E100004330F93631C99460B9B9A0700D40AE165
:103E20000D9B2200187859463300A8474346444466
:103E3000012B00D86FE1B0462E0025004C46B94654
:103E40005F4622004346013439002020B047AC428F
:103E5000F7D12C00BB4635004F4646460F9B0D93CD
:103E6000EAE5D64B38789A4600239846002800D0D9
:103E7000D3E500246FE66F2842D000D8FDE110237F
:103E8000782800D19BE00B9A9A430B920A239C4618
:103E9000002314930A330F9338E057460B9AB90066
:103EA000C919490001330F181878303F0100303923
:103EB0000929F4D9BA460B921F00591CE7E50D9B5E
:103EC000B87804CB0237D143C9170A4092460D9304
:103ED000791CDCE5002800D1DFE602235B42C8E65E
:103EE00021200B9A0243914676E620230B9A1A432F
:103EF0000B926CE780230B9A1B011A430B924CE741
:103F000008239C460023149308330F930B988023B7
:103F10000200DB001A4011000200184200D080E0CD
:103F20000C239A431000802302009B001A400B923E
:103F3000184200D0F1E0802302005B001A40914655
:103F40000D9A04321492184200D0C3E2430600D501
:103F5000D7E0030600D421E30D9B1B880993002BB7
:103F600000D02DE110339843002900D128E100232F
:103F7000994643460593534604930F9B069003933B
:103F8000002302934B4601931CAB22000093594639
:103F900033002800FEF7DEFF0400C2E6582809D0EF
:103FA000622800D0E3E202239C46002314930233EC
:103FB0000F93ABE720230B9A1A430B92103B9C46BE
:103FC0000023149310330F93A0E780230B9A1B0157
:103FD0001A430B9220230B9A1A430B92DDE60B1B1C
:103FE0009A460F9B99463B0037005E469B4622004F
:103FF0003B003100A84753460134185D0028F6D134
:104000004B460F935B46B3463E001F0085E6C02338
:104010000B9AB8781A430B92F91C5CE5C0239B00FD
:10402000F6E70D239A4310007DE75B463500BB465B
:104030004E461F0071E64346012B66D9631E43447A
:1040400032002E001D003B00A2465F4691469B4673
:1040500022004B46013439002020B047AC42F7D152
:104060005B463500BB464E46A14654461F000D9B9D
:104070004A461878594633004444A847EEE60F9B59
:10408000A146984500D84CE64444E41AB0462E00B8
:1040900025004C46B9465F462200434601343900AC
:1040A0002020B047AC42F7D12C00BB4635004F462C
:1040B000464636E60F98804500D873E24346E2183C
:1040C000131A32002E001D003B0091465F469B46AE
:1040D0000F9122004B46013439002020B047AC42FA
:1040E000F7D15B46BB461F0043460F9901330F9340
:1040F0000B7835009C464E466046002800D0E7E528
:104100000FE60D9B1B78099329E70D9B2200187879
:1041100059463300A8474C46A0E60D9AFA3BFF3BB0
:1041200007329A430133994691444B460D931368E5
:10413000526815921A4306D1103290430022099218
:10414000002900D083E06122810600D54122D2B24D
:104150000A9214AA91460A9A00210A3A0B92424600
:104160001792524618925A46B24609911E001F31C4
:10417000149B4944BB4616941A95002467469846FA
:104180008946159D19901B920AE03032D2B24B46F7
:1041900001341A55A8454CD0202C4CD006000D00F7
:1041A0003A00002330002900FDF728FFD2B2092A87
:1041B000EBD90B9B9C466244D2B2E8E7A52E0010D7
:1041C0006123820600D54123DBB20A3B0B934346B1
:1041D00014A91F228C46159353466244B2460D948F
:1041E00017974C468046A9461700099D0F9E1693C7
:1041F00008E03033DBB201343B55B5420ED3202CFE
:104200000CD0050031002800FDF7BAFECBB2092919
:10421000EFD90B9A94466344DBB2ECE7159B40461A
:104220009846169B4D465646A1469A460D9C179FAA
:104230009FE6B742B0D9179B56469846189B5F46F3
:104240009A461B9B09949B46169C19981A9D4346B7
:104250000593534604930F9B069003930023029308
:10426000099B01931CAB22000093594633002800A0
:10427000FEF770FE0400FFF7DFFB10230B9A9A4352
:104280000F92692800D091E10B9980230A00DB008E
:104290001A4010000A00194203D0112118008A4365
:1042A0000F920F9A802311009B0019408C461A42EE
:1042B0005BD1802311005B00194089460D990431C0
:1042C0000B911A4200D0B2E013005B0600D4EDE07F
:1042D0000D9B1B781A00D90F0D91002B00D1A3E084
:1042E000100014AA944642461F2315925246634476
:1042F000A846BA464D461494B14604001F001692D3
:1043000001E0202D0FD020000A21FDF739FE0135F4
:104310007E193031317020000A21FDF731FE260070
:104320000400092EEDD8159B4E46A94645469846F1
:10433000169B57469A46149C0F9B0693434605933B
:10434000534604930A2303930D9B02934B46019318
:104350001CAB22000093594633002800FEF7FAFDFB
:104360000B9B04000D93FFF767FB07220D9B0733A0
:104370009343013294469C4462460D920CCBD90F74
:104380000B911100194300D19BE0D91713911291A1
:104390005140109113995940119110981199129A06
:1043A000139B801A99411090119114AA9446424689
:1043B0000023159252469946169232001F336344E9
:1043C000A8464E46BA4614941F00109C119D914673
:1043D00001E0202E10D0200029000A220023FDF742
:1043E0000DFE013630322B00BA550D0022000400BC
:1043F000002BEED1092AECD8159B10941195454657
:1044000098464B46169AB14657461E009246149C53
:104410000F9B069343460593534604930A23039345
:104420000B9B02934B461CE7002885D159E70D9B57
:104430001B68DA0F1100002B00D1A6E0DA179818DC
:10444000504014AA91461F2342464B44A8460D945F
:10445000169704006546B1461F001491159201E0BD
:10446000202D0FD020000A21FDF78AFD01357E198D
:104470003031317020000A21FDF782FD2600040052
:10448000092EEDD8159BAC4645469846149B4E46E2
:1044900019000D9C169F0F9B0291069343460593AE
:1044A000534604930A230393634650E713001B0605
:1044B0006ED50D9B00229B5ED9175A184A4092B2C6
:1044C00009E7002399460028A2D100220023109278
:1044D00011936AE70D9B1B689946002B03D110339B
:1044E0009843002938D16123820600D54123DBB2ED
:1044F0000A3B0D9343461693534614A91F228C463C
:1045000017932B0062444D46B24615941897804687
:10451000170099460B9C0F9E08E03033DBB2013444
:104520003B55B5420ED3202C0CD00500310028009D
:10453000FDF726FDCBB20929EFD90D9A94466344C5
:10454000DBB2ECE7169B40469846179B56464D4615
:104550009A460B94189F159C434605935346049323
:104560000F9B06900393002302930B9B0BE50B9983
:1045700080230A00DB001A4010000A00194200D014
:104580008BE610239A430F928BE6002883D158E7DD
:104590000D9B1B68D9175A184A409CE60D9B1B6857
:1045A0000993DCE4030001330F93A5E50B926DE45E
:1045B0000CB430B585B008AC08CC064D0A000094A8
:1045C000010028000394FFF70FFA05B030BC08BCC7
:1045D00002B018479D2E001000B585B0039101214F
:1045E00002900093034813004A4202A9FFF7FCF926
:1045F00005B000BDB53100100FB430B50C4985B021
:1046000008AA08CA0D680392002D0CD0009201225E
:10461000084C5242200002A9A847012005B030BC36
:1046200008BC04B01847180000F058FA0020F5E75D
:10463000EC2A0020A531001010B5094A03001468C7
:1046400084B0002C08D0012200910648524203A9F0
:10465000A047012004B010BD00F040FA0020F9E7A7
:10466000EC2A0020A531001000BEFDE7094A030036
:104670001068002805D00849C3188B4207D813607A
:10468000704706480449C31810608B42F7D90120CF
:104690004042F5E7E826002000000420542B0020CB
:1046A000030010B508001100002B05D1044B1A6857
:1046B0005B6800F065F910BD01204042FBE7C04691
:1046C00080F800100300013B10B508001400012B16
:1046D00006D801230022210000F0D2F8200010BDEE
:1046E00001204042FBE7C046012040427047C046DF
:1046F000012040427047C046012040427047C046FA
:104700000300022200209A424041704710B5FFF793
:10471000ABFFC04630B50D0083B01900002A0BD0A6
:10472000074B084C0192009302002B002000FFF77A
:1047300063FF0120FFF798FF034B1A00F1E7C04623
:1047400024EF001034EF001050F1001070B5FDF7A9
:10475000CBFA074D074EB54209D20024013E761B25
:10476000B60808CD984723000134B342F9D170BD93
:104770009CED0010A8ED0010030010B5080011001A
:104780001B68984710BDC046F0B5C64600B5437DCE
:1047900007000D001600002B38D0002A2EDD002166
:1047A0006A1E90466A5C037D4C1C00200A2A0CD0CD
:1047B000A64216D043461B5D21000D3B5A42534191
:1047C0006A5CDBB24C1C0A2AF2D1002BF0D1884281
:1047D00017DB022110483B689847A64207D020000B
:1047E000E8E7864203DD311A3B6828189847AD197F
:1047F000013D2B780D3B5A4253413B7580BCB84676
:10480000F0BD091A3B6828189847E2E703681100D1
:1048100028009847F2E7C046C8FA0010F0B5C6462F
:104820000B6806000C0000B5802B06D05A1C2260D5
:10483000E418267180BCB846F0BD0F4B1D68002DF2
:1048400016D00B1D98460D4F02E02D69002D0FD09C
:104850002B68002BF9D03B68002B01D0AB42F4D180
:10486000280041462268FFF78FFF2D69002DEFD108
:1048700001220023DBE7C046DC260020E4260020DE
:10488000F0B5DE4657464E464546E0B585B01700C2
:104890001C0006000D00FCF75BFF0023314A1218D4
:1048A0004B41802109068B4202D301222E4B5242FA
:1048B0002E4908008A460AF023FA01906B1C03D1A6
:1048C000300008F07BFE0500002C26D0284B9846CF
:1048D000284B1C68002C15D0002F21D1264F02E058
:1048E0002469002C0ED02368002BF9D03B68002BE4
:1048F00001D09C42F4D120002A003100C047246935
:10490000002CF0D1019B002B28D1280005B0F0BC71
:10491000BB46B246A946A046F0BD184B9846D7E71D
:10492000154B994602ABDF1D0A239B4602E0246922
:10493000002CE7D02368002BF9D04B461B68002BD6
:1049400001D0A342F3D12A0031002000C0475B46CA
:104950000122390020003B70C047E8E750460AF0CA
:104960008FF9D2E740420F00FFFFFF7F4818002079
:1049700089470010DC260020E4260020794700103B
:10498000F8B557464E464546DE4698461A4BE0B5C2
:104990009B461A4B07000E0091469A46184D5B46FF
:1049A0001C68002C03D115E02469002C12D02B6860
:1049B000002B01D0A342F7D1A368002BF4D0310023
:1049C000380098470028EFDDF0BCBB46B246A94648
:1049D000A046F8BD53465B6A984508D85246926A8D
:1049E0004A4502D302204042EEE79845FAD1012021
:1049F0000021FCF7B7FED2E7DC260020004005408E
:104A0000E42600200A4A1368002B05D10CE01A00A6
:104A10001B691032002B07D09842F8D1002902D12F
:104A200003691360016170470029FCD01060FAE748
:104A3000DC26002010B500F0B3F900F0FBFB0120EC
:104A400010BDC046F0B5CE46474680B583B06B4634
:104A50000600DD1D2870FCF77BFE00231A4A1218A1
:104A60004B41802109068B4202D30122174B52424F
:104A70001749080088460AF043F9164B81461C681E
:104A8000002C14D0144F02E02469002C0FD02368AE
:104A9000002BF9D03B68002B01D09C42F4D12000C0
:104AA00001222900FFF770FE2469002CEFD14B464C
:104AB000002B05D1300003B0C0BCB946B046F0BDF4
:104AC00040460AF0DDF8F5E740420F00FFFFFF7FA8
:104AD00048180020DC260020E426002070B50400E1
:104AE00008F06CFD01230100050001222000FFF702
:104AF000C7FE084B1C68002C06D06368002B05D04D
:104B000098472469002CF8D1280070BD2469002C36
:104B1000F3D1F9E7DC260020F0B5CE46474680B554
:104B2000A3B004000D00FCF713FE0023294A12185D
:104B30004B41802109068B4202D30122264B52426F
:104B4000264F38000AF0DCF800230600019322000B
:104B50002B00234801A9FFF73FFD019B8046002B56
:104B600014D1204B1C68002C06D06368002B0BD09E
:104B700098472469002CF8D1002E25D1404623B057
:104B8000C0BCB946B046F0BD2469ECE7154B1D68C2
:104B90009946002D1CD0144C02E02D69002D0FD039
:104BA0002B68002BF9D02368002B01D0AB42F4D145
:104BB0002800019A02A9FFF7E7FD2D69002DEFD12A
:104BC0004B4601951C68CEE738000AF059F8D5E746
:104BD0000195D1E740420F00FFFFFF7F48180020FA
:104BE0001D480010DC260020E42600200FB400B58C
:104BF00083B004A901C90191FFF78EFF03B008BC7F
:104C000004B01847F0B5002915DD0E4B0D271A68C2
:104C10000D4B0E4CD3185D426B41451820215B00B3
:104C20001E5F0478A64207D093691942FCD1013077
:104C30001460A842F5D1F0BD93691942FCD1176008
:104C4000F2E7C046302B00200080FCBF2C2B002058
:104C5000204B70B504000D1E1E682ADD00201021B7
:104C60001D4B013C1A689369194214D101309369B4
:104C70001942FCD1136823548542F4D1002E08D088
:104C800050239363516B183B0B4014498C4662448C
:104C9000136028000CE0002E08D050239363516B62
:104CA000183B0B400D498C466244136000280DD020
:104CB00070BD002E0AD05022074B1B689A63596BB7
:104CC000183A0A4005498C4663441A600320404262
:104CD000EEE7C0466C260020302B00203410000088
:104CE000064B10B51B68002B06D00021044A126841
:104CF0009163044A1068984710BDC0466C26002096
:104D0000302B0020742600200822034B19688B6981
:104D10001A42FCD17047C046302B0020F8B51A4F1C
:104D20001A4B3A680500D31858424341184E1433C1
:104D30001C003368002D02D0002B0FD0F8BD002BD3
:104D4000FCD0002120009563FBF752FE20001149A2
:104D5000FBF7AAFF104B35601D60EFE70E4B2000FC
:104D600019600C493560FBF77BFE01212000FBF741
:104D70003FFE50223B689A63596B183A0A40074934
:104D80008C4663441A60D9E7302B00200080FCBFBA
:104D90006C260020E14C0010742600203410000026
:104DA0000D4B10B51B780D4B0D4C1B780D4B022194
:104DB0001B780D4B00202360FBF714FD022101201E
:104DC000FBF710FDE12120684902FCF7FFFC0121FF
:104DD0000648FFF717FE10BD4C01011048010110F5
:104DE000302B00204401011000400340201100201E
:104DF0007047C0460022014B1A7070474D2B0020AF
:104E00004B790020FF2B0BD18B79002B08D1CB796C
:104E1000012B05D1082A03D9024B8A7809301A7070
:104E20007047C0464D2B00200120704710B5012966
:104E300001D0012010BD13495379107909781B0264
:104E4000034300209942F5D15378012B08D0022B5F
:104E5000F0D1002064220021FCF78EFE0120E9E75A
:104E6000D37891781B021943DB0507D54A0A100055
:104E700001231A407E331940FCF706FF01204A0A3D
:104E80004042F5E74D2B002000487047B0FB001072
:104E900070B5050014000120012909D153780020C4
:104EA000012B05D1637912791B021343072B00D024
:104EB00070BD21002800024A9F3301F05FFAF7E736
:104EC00008FB00100123037000487047E8FA001047
:104ED0004B780A781B0213438A7810B512041A43E0
:104EE000CB781B0613439622D200934200D010BD0C
:104EF0000022012011004042FCF7C6FE024B186060
:104F0000024B19607047C0467026002078260020AA
:104F100010B5024B1878FBF789FD10BD4F2B002010
:104F2000154B70B51A68002A22D0EFF3108172B6C3
:104F300010680028FCD0BFF35F8F00200F4A596033
:104F400010701B68BFF35F8F186081F31088002416
:104F500000250B4E3078FBF75DFD002804D10024BE
:104F600000252900200070BD3078FBF75FFDF8E7D1
:104F7000FA240025A400ECE7F82A0020502B00209A
:104F80004F2B002070B5040000200E0001F016FB2E
:104F9000002836D0002001F027FB002831D0FCF794
:104FA000D7FB0023184A12184B41802109068B4277
:104FB00016D2164D280009F0A3FE002821D00020AB
:104FC00001F0FCFA00280FD101200021404200F03E
:104FD00009FD03246442280009F052FE200070BD40
:104FE00001220B4B5242E4E7002001F0FDFA0028B9
:104FF000EAD021003200002001F000FB041EEAD1BB
:10500000E7E703246442E9E740420F00242B002035
:10501000FFFFFF7F10B5FCF79BFB00230E4A121821
:105020004B41802109068B4202D301220B4B524295
:105030000B4C200009F064FE00280CD00120002158
:10504000404200F0CFFC002001F022FB0028F5D107
:10505000200009F015FE10BD40420F00FFFFFF7F4A
:10506000242B0020F8B5DE46574680B505000C001D
:10507000FCF76EFB0023374A12184B4180210906CA
:105080008B4202D30122344B5242344908008A46F3
:1050900009F036FE002803D1C0BCBB46B246F8BDBD
:1050A000002001F08BFA00284AD00026002C43DDB6
:1050B0002B4B9B4614E0A919002001F023FB0700AD
:1050C00001200021404200F08DFC002001F0E0FAB8
:1050D000FCF73EFB224BF61918605960B4422BDDF9
:1050E000002001F02FFBA71B0200B84200DD3A00B0
:1050F000002AE0D101200021404200F073FC002092
:1051000001F0C6FA002001F059FA002814D000205E
:1051100001F018FB0028E1D1FCF71AFB5B460F00F9
:105120001A685B68002184460E4812184B419F4262
:1051300002D8D3D19445D1D9504609F0A1FDABE7AF
:1051400000200021064B18605960504609F098FD78
:10515000A2E7C04640420F00FFFFFF7F242B002044
:10516000801A002020A1070030B52B4C85B000210B
:10517000200009F0B5FD00281CD1284B1A68002A30
:1051800016D0EFF3108172B610680028FCD0BFF380
:105190005F8F01242248596002781B68D2B20470E4
:1051A000BFF35F8F0020186081F31088002A17D0AA
:1051B00005B030BD01200021404200F013FC00206A
:1051C00001F012FA0500200009F05AFD002DEFD081
:1051D000144B1B68002BEBD0134A10689847E7E785
:1051E000FCF726F90400FCF7B3FAFA220023920038
:1051F00012184B41802109068B4202D301220B4B2E
:10520000524201210291002101910949200000919F
:10521000FCF712F9CCE7C046242B0020F82A002026
:10522000502B00207026002078260020FFFFFF7FF3
:10523000214F0010D02310B51B0684B01C68FCF76A
:10524000F7F8FCF7F5F9A04202D0002004B010BD39
:105250002A4B002100201B7801F070FD28480368CC
:10526000002B47D00120FBF763FEFF23254C264986
:1052700020701840FBF7F4FB20780121FBF7B8FB06
:105280000520FBF7DBFB002826D1082200211F4860
:10529000FDF7F8FDFCF7CCF80400FCF759FAFA2208
:1052A0000023920012184B41802109068B4202D341
:1052B0000122174B5242012102910021019115490F
:1052C00020000091FCF7B8F80028BEDB124801214D
:1052D000FFF798FB0120B9E70120FBF757FB0B4BC9
:1052E00001001800FBF796FE002205200B49FBF792
:1052F000E1FBEBE7FBF772FEB4E7C046500101109B
:10530000242B00204F2B002069510010F82A002088
:10531000FFFFFF7F214F001038110020114F0010B8
:10532000004870474CFC001000487047F8FB001024
:1053300010B5040017480378002B20D0002C06D1AC
:10534000154B16484380063BFF3B038010BD052CE0
:1053500019D8134BA400E05812490123013804E086
:1053600001330A800231142B0FD0C25C002AF7D11E
:10537000C022DBB25B00920008481343E5E711212D
:1053800000F01AF8DAE70020E0E7CA2303489B00A0
:10539000DBE7C046342B002009040000B4260020BF
:1053A000E0FB0010B626002010B5024800F0D8F847
:1053B00010BDC046142B002030B54B1E012900D172
:1053C000A7E0664A11780D092C0030349F2900D9D6
:1053D000A2E00470012B00D1BEE00F21147821401F
:1053E0000C003034092900D998E04470022B00D118
:1053F000B2E054782509290030319F2C00D990E083
:105400008170032B00D1A7E00F2121400C00303424
:10541000092900D987E0C470042B00D19CE094785E
:105420002509290030319F2C00D97FE00171052B1F
:1054300000D191E00F2121400C003034092900D91E
:1054400076E04471062B00D186E0D4782509290046
:1054500030319F2C00D96EE08171072B00D17BE0A9
:105460000F2121400C003034092966D8C471082B63
:1054700000D171E014792509290030319F2C5FD8C3
:105480000172092B68D00F2121400C00303409290A
:1054900058D844720A2B5FD054792509290030313D
:1054A0009F2C52D881720B2B56D00F2121400C001B
:1054B000303409294BD8C4720C2B4DD0947925096E
:1054C000290030319F2C00D9073101730D2B43D0B7
:1054D0000F2121400C003034092901D937310C004B
:1054E00044730E2B38D0D1790C09220030329F2919
:1054F00000D9073282730F2B2ED00F220A401100E1
:105500003731092A01D830321100C173102B23D052
:1055100010300023037030BD07345AE737310C00D8
:1055200063E707316CE737310C0074E707317DE73B
:1055300037310C0085E707318EE737310C0095E7EE
:1055400007319DE737310C00A3E70731AAE7373170
:105550000C00C4720C2BB1D1C018DAE7142B002058
:1055600010B588B004000D2200216846FDF78AFCC2
:105570000D22002104A8FDF785FC4B236A466846EE
:10558000137004A90D2209F073FB152108222000D5
:105590006944FDF77DFC08B010BDC046F8B500F0C9
:1055A00043F90C23194DFF22AB6705201849FBF77F
:1055B00081FA184C402200212000FDF763FC4027AF
:1055C000002301262121144A66702783A2601360FC
:1055D00063545F31618445396354104A10496360F4
:1055E000E2602787A1620B606362E26209F058FB08
:1055F00080239B052E64EB6490230A4A0120EA5025
:105600008022094B5202DA64F8BDC04600001150F6
:10561000D1050020EC26002084001050000110501D
:105620008000105010D001000020115010B5012151
:105630000520FBF7DDF910BD10B50022002102485E
:1056400000F012F910BDC0460C270020044B197061
:10565000002904D080219023024A8902D15070474A
:10566000482B0020002011500B785B0602D14B78AC
:10567000052B00D070478A78014B1A60FAE7C046C4
:1056800000001150F0B5C646C87800B58007830FFA
:105690001800012B60D08F780A794B797F2139402F
:1056A000FC091B024E001343334D32195201AA1854
:1056B000977001276740577000275B055B0DD77017
:1056C0001383D076B846CA00012C32D02B4FBC468B
:1056D0008F016244BC46AC446746BA6047461760D7
:1056E000002932D0264AC9009046624641445160A2
:1056F0003F223F339343022837D0224937190A68A3
:105700007F01D3180B602049EF19FA608B422ED825
:1057100036197601AD19EB7E1C499B064A401343AE
:105720008022120613436A681360012080BCB846C9
:10573000F0BD174FBC468F016244BC46AC4467467F
:10574000BA6247461760002908D1002364012C196A
:105750006360104BE360E8E70020E7E70B4AC9000D
:105760009046624641445162C2E75B00C5E7FCF7E0
:10577000B5FAFA68CCE7C046EC2600208400105049
:1057800004001050F42A0020FF0F105000001050A9
:10579000800010500001105010B509F081FA10BDC2
:1057A00010B57F200C0020404000E40911000019D2
:1057B0001A00034B4001C01800F056F8012010BD3C
:1057C000EC2600207F23180010B50840CA090B42C0
:1057D00003D107497D3B9B1A8B66400080188022CD
:1057E000044B40010021C018120109F0A1FA10BDBC
:1057F00000201150EC2600207F22130010B50B4032
:105800000A4200D110BDC9095B005B1804485B0166
:10581000C018002300220349C37009F089FAF1E798
:10582000EC260020FFF7FFFF80220A4B520410B540
:105830001A60094B09491A6010000B689843FBD1A4
:105840008022002152010648FDF71CFB0922054B6E
:105850005A6710BD00E0004000F0004008C0004062
:105860000000105000001150002310B5C382013316
:10587000828283760161040009F052FA002804D084
:1058800080219023074A8902D150200009F010FAA4
:10589000002802D00123237710BD200009F038FA38
:1058A000FAE7C046002011507047C0467047C04616
:1058B00000207047002070477047C0467047C046C0
:1058C0007047C0467047C046024B5878431E984107
:1058D000C0B2704784210020024B18784007C00FE7
:1058E0007047C04684210020F0B5D6464F46464654
:1058F000C0B5314B07009A461B780E00FF2B01D034
:10590000012044E0002941D0002154222B48FDF71A
:10591000B9FA00222A4C2B4B20001A70FBF75EFBD1
:10592000294B1C60294C2000143CFBF765FB200030
:1059300001F00CFE264B274D1C60274B002B2BD073
:105940002800FFF7BFFA254B2A7818602449002465
:10595000894622490023884610E043461B686201BD
:105960009B18002B12D05B68002B0FD098472A7829
:105970000134E4B2511C2300A1420FDBA242ECD857
:105980009B1A5B014B445B68002BEFD10020E0BC0D
:10599000BA46B146A846F0BD2A78D7E7534631004B
:1059A00038001F70FFF7FAFD0028EFD03800FFF72E
:1059B0003DFE0120EBE7C0466C1100208421002051
:1059C0007C210020492B0020D821002064110020D8
:1059D000DC210020452B0020C54E0010AC1F00200C
:1059E00008FD0010F0B5DE4657464E464546E0B588
:1059F000C84B91B002931B78FF2B00D13EE1C64B00
:105A0000C64E9B465F46C64B0DAC0193C54B0093FB
:105A100035686A69EFF3108172B61368002BFCD009
:105A2000BFF35F8FA9612800210001F0BDFB6A6907
:105A3000AB69BFF35F8F0021116083F310880028EA
:105A400000D11BE16378082BE2D89B00FB589F46EE
:105A50006368002BDCD0A0689847D9E77F222179C2
:105A6000AF4D0A405300EB189846C80980444046A1
:105A70000123303005799D430571057903339D433A
:105A80000571002A00D100E14346A74A1B7D127828
:105A9000934200D3EFE0A54A5B011568ED18002D95
:105AA00000D1EBE0A36862792078AD69A847AFE741
:105AB0009F4A1378002B00D1E0E01378013BDBB262
:105AC00013701378002BA3D10122954D01212B785F
:105AD000042013432B703423EA5C8A43EA54EA5CC3
:105AE0008243EA540133EA5C8A43EA54EA5C824323
:105AF000EA54237800209B4600F0A0FC6022237922
:105B00001A40602A00D1EFE0402A00D1F5E0DB0620
:105B1000DB0E012B00D113E1022B00D1C7E0002BDB
:105B200000D0E1E0202A00D11CE2002A00D0DBE016
:105B30006379092B00D9D7E07E4A9B00D3589F4652
:105B4000774D2B78DB0700D462E7FFF7BBFE5FE7FA
:105B5000019BDB78DB0700D45AE76068FFF7A6FEFD
:105B600056E76F4D2B78DB0700D451E72878000704
:105B7000C00FFFF7A5FE4BE723786A4999468B468D
:105B8000694B6A4998468A4639001A784746002385
:105B9000B04600254E46894610E053461B686A0110
:105BA0009B18002B00D176E0DB68300098473A78EC
:105BB0000135EDB2511C2B008D4244DC9542ECD3F3
:105BC0009B1A5B015B44EFE7237858499946564B93
:105BD0008A4698463100BB464E461A780025002377
:105BE000474689460FE053461B686A019B18002B05
:105BF00055D0DB68300098473A780135EDB2511C3A
:105C00002B008D4207DC9542EDD39B1A009A5B0175
:105C100094466344EDE7019D542200212800FDF7DE
:105C200031F91022FF214448FDF72CF928002022E9
:105C3000FF2114304E465F46FDF724F900F0F4FBD7
:105C4000FFF73CFEE4E6364D542200212800FDF724
:105C500019F91022FF21281DFDF714F92800202230
:105C6000FF21143046464F46FDF70CF900F0DCFBEF
:105C70002379AB70CCE6501C984213DA11B0F0BC1B
:105C8000BB46B246A946A046F0BDA368627920781B
:105C900000F0E8FBBCE646464F46214DE6E74E469F
:105CA0005F46CBE71F4D9B1A5B015D19FAE6702337
:105CB000217A0B4218D1C80982460F330B405B0092
:105CC00098461948EB1853441B7D00789946834247
:105CD00066D216485B01006881469944002A00D1CB
:105CE0005FE14B46002B68D120780021FFF76AFD69
:105CF00080212078FFF766FD8AE6104800F09EFBC1
:105D0000012158460EAAFFF7C3F8002800D07FE60D
:105D1000EAE7C0466C11002060FC0010DC21002086
:105D20008421002008FD0010452B0020AC1F00201E
:105D3000492B002084FC001088210020914E001087
:105D4000237A0F2BD0D8CF4AEB181B791578AB42AA
:105D50003ED3691C9942C7DB5D1BCB4B6D01ED182F
:105D6000686900F06BFB012158466B690EAA9847E1
:105D7000002800D04CE66022150023791D401A420D
:105D8000B2D163790A3B012BAED800F057FB63799F
:105D90000A2B00D199E158460EA900F0D9FA37E64E
:105DA000431C4B4500DAF7E04B461B1A5B01994652
:105DB000B5488144002A00D1F3E04B46586900F011
:105DC0003DFB4B46012158465B690EAA98479CE76C
:105DD000AE4A5B011568ED18002DC1D184E7A379A7
:105DE00099466B789945D6D06B78002B00D033E17B
:105DF0004B466B70002B00D12BE148460138C0B2F6
:105E0000FFF792FA002800D17EE143780793022B36
:105E100000D079E10122C179B1468B1149111340BB
:105E20000A40302112015B0113432A78A8468A43B5
:105E300013432B7009239A4682445646BA46C378C8
:105E400082781B021343C31805938E4B04938E4B29
:105E500008938E4B09938E4B0A93059BB34200D84F
:105E600055E1737801220B2B03D13378F278F618C1
:105E70007378042B00D044E1059B00279B1B9BB249
:105E80000693049B0B921D78002303931BE0099A51
:105E90007B011568ED18002D00D132E13100584624
:105EA0002B69069A98478446082803D9069A8242A5
:105EB00000D313E1049B01371D78FFB26B1C0397DD
:105EC0009F4200DD1DE1BD42E1D8039B5D1B089BA5
:105ED0006D019C466544E1E76B780CAA02321370B1
:105EE000584601230EA900F049FA91E5E3881A0A01
:105EF000D8B20F2A00D9F7E666499300CB589F46DF
:105F00000EA800F0A1FA5846A179FFF795FB0222EE
:105F10002B7813432B707BE5E388012B00D0E3E65D
:105F200008222B78584693430EA92B7000F010FAE4
:105F30006EE5022029780CAB9A1C8B068908DB0FD2
:105F400001400B431380584602230EA900F016FAB5
:105F50005EE5E388012B00D0C6E608222B781343C8
:105F60002B7018E7237A0F2B00D9BDE6EB181D79AB
:105F7000444B1B789D4228D2444B6D011B685D1930
:105F8000002D00D1B0E6686900F058FA01215846AA
:105F90006B690EAA9847B8E6002A00D0A4E6002351
:105FA000994662790220130003928343012B15D096
:105FB000002A00D098E62B004344534430331B7929
:105FC0000CAA9B07DB0F0232BCE75A1CAA4200DA7C
:105FD0008AE6ED1A2C4B6D01ED18D4E7E388002B0F
:105FE00012D1029B1878039B012B23D0FFF7EAFB09
:105FF00043460221EB18534430331A790A430121F6
:106000001A711A790A431A714B46002B00D1FFE42A
:10601000586900F013FA4B4601215B690EAA5846F5
:106020009847002000F00AFA3523EB5CDB0700D527
:10603000EEE4B0E6FFF7E0FB43460221EB185344E1
:1060400030331A798A431A711A7903998A431A717B
:10605000DAE7FFF733FC9EE600215846FFF7F6FA31
:106060005846FFF799FBAB78074903930491054B1A
:10607000064998461A780591002329001D008A4692
:106080001BE0C046452B002008FD0010AC1F00207F
:1060900098210020ACFC0010059B6A011B689B182E
:1060A000002B4DD0DB685846984743461A78013597
:1060B000EDB2511C2B008D422EDC9542ECD39B1A85
:1060C000049A5B0194466344ECE70CAB9A1C584677
:1060D00001230EA9157000F051F999E40B9A012AD9
:1060E0004FD0002A3CD00023B07804E00133DBB26B
:1060F0000F71934234D2C118C9B241440D79FF2DBA
:10610000F4D04E464546574600236B70ECE54E46AC
:106110005746FFF7D1FB3EE65546542200212800A2
:10612000FCF7B0FE1022FF21281DFCF7ABFE280073
:106130002022FF211430FCF7A5FE039BAB7057E62D
:106140005546FAE7FEF7A0FE021E00D1CCE5D37853
:1061500091781B020B4358460EA900F00FF9D4E5C5
:1061600065463B002A0031000A9800F08DFEAC46DF
:10617000049B039A1B7866440133934200DB6CE670
:10618000BFE7174B29699942ADD1079AABE7FFF7F3
:106190008FFB021E00D1A7E5584613780EA900F028
:1061A000EDF8B2E52189FFF7C3F8021EF4D19BE5B3
:1061B000022A0FD0FFF77EFB021EC8D194E5FFF73D
:1061C000AFF8021E00D18FE5122358460EA900F049
:1061D000D5F89AE5FFF7A8F8021EB8D184E5C046C5
:1061E00049680010F8B557464E46DE4645460C0055
:1061F000E0B516001F00002A3CD01F4B00259A4630
:10620000702399461D4B9B4617E05B46200099780A
:1062100000F0FCFD00281FD021004046FFF732FAB5
:10622000002819D0A378DA09012A1CD00A9A01356E
:1062300013702378E418B5421CDA6378052B0BD170
:10624000E3789B079B0FBB4206D153464A461B7817
:106250009846A3781A42D8D00020F0BCBB46B2467C
:10626000A946A046F8BD0B9A013513702378E418AF
:10627000B542E2DB0120F0E76C1100208421002010
:10628000702270B5094B0C001D788B781A4201D032
:10629000002070BD064B2000997800F0B7FD002863
:1062A000F6D021002800FFF7EDF9F2E76C1100208D
:1062B000842100200B007F2010B51840DB09343307
:1062C0004000044AC018044B1168C01800F05AFD81
:1062D00010BDC046D8210020842100200B007F2063
:1062E00010B51840DB0934334000044AC018044B91
:1062F0001168C01800F06EFD10BDC046D821002006
:106300008421002070B57F240F480C4064000419DC
:10631000CD09641930342079C00701D5002070BD43
:10632000012625790948354300782571FFF738FAA9
:106330000028F4D101222379934323712379033276
:1063400093432371EAE7C046842100206C110020AA
:1063500070B5094C0600082220000D00FCF798FDDE
:1063600000238021E360A3602B7830009943002252
:106370000023FFF7C7FF70BD3C210020F8B5CE46D3
:1063800047469046264E80B58146082230000D00D3
:106390001F00FCF77DFD4346B3600023F381EC79D9
:1063A000AB7924021C43231CBC4200D93B1C9FB286
:1063B000B381002C0ED0002F18D04346002B2CD0D8
:1063C0003B1C402F1BD89FB233787F2B1CD8002159
:1063D000144A0FE080212B7800229943484600237D
:1063E000FFF790FFC0BCB946B046F8BD7F2300223E
:1063F000317899433B004846FFF784FFF2E740239A
:106400009FB233787F2BE2D9064C3A0041462000F8
:10641000FCF73EFD80212200ECE70020E2E7C046C9
:106420003C210020FC20002010B51422002102484D
:10643000FCF728FD10BDC0463C210020014B18612F
:106440007047C0463C21002010B5054C01000822D1
:106450002000FCF71DFD0023A360E36010BDC046D3
:106460003C21002070B5384C1D0023780600DA0965
:10647000C9098A4210D00020002D00D070BD210033
:106480003000FFF7F1F82369002B03D0220003212D
:10649000300098470120F1E7A0687F2B05D800283D
:1064A00034D02A002949FCF7F3FCE289A16852198B
:1064B000E38892B24919E281A160934214D03F2D42
:1064C00012D9A389981A051C80B240282AD82078AE
:1064D000ADB27F2828D800219A4232D01B4A2B0027
:1064E0003000FFF70FFFC9E72369002B05D022001A
:1064F00002213000984700280AD08021237800220A
:10650000994330000023FFF7FDFEB7E70020B5E711
:1065100000213000FFF756F930008021FFF752F9D3
:106520000120ABE74025D2E79A4207D0074C2A006A
:106530002000FCF7ADFC80212200D0E78021002262
:10654000CDE70022CBE7C0463C210020FC20002004
:1065500070B50500FFF7B8F9002800D170BDFFF74E
:10656000BBF90028FAD1C8236B43124CE618F17826
:106570000029F3D010331C19200000F0FFFD3F2844
:10658000ECD90020F178FFF795FE0028E6D0200036
:1065900000F0F4FD3F2808D9074BEA01D218F17842
:1065A00040230020FFF7AEFED8E7F1780020FFF788
:1065B00095FED3E734200020B01F002010B5040062
:1065C000FFF782F9002801D1002010BDFFF784F900
:1065D0000028F9D1C8226243024B01309B181B7975
:1065E0001840F2E734200020C82310B54343024886
:1065F000181800F0A5FD10BD44200020F0B5C824F7
:10660000C646802344431F4F1034050000B53C1993
:106610005B029A4200D31C4A200092B200F012FEA4
:106620008046FFF751F9002803D1404680BCB846A8
:10663000F0BDFFF751F90028F7D1C8266E43BE1907
:10664000F378002BF1D0200000F098FD3F28ECD922
:106650000020F178FFF72EFE0028E6D0200000F0A1
:106660008DFD3F2808D9094BEA01D218F178402363
:106670000020FFF747FED8E7F1780020FFF72EFE55
:10668000D3E7C04634200020FFFF0000B01F0020E9
:10669000F8B50600FFF718F9002801D10020F8BD71
:1066A000FFF71AF90028F9D1C82474432500134FC5
:1066B0002435ED19280000F043FD0028EED03F19E5
:1066C0000020B978FFF7F6FD0028E7D00C4BF40165
:1066D000E41821002800402200F0B4FDB978051E1E
:1066E00008D0030022000020FFF70CFE0028D5D0C0
:1066F0002800D4E70020FFF7F1FDCFE73420002089
:10670000F01F002070B5C82444430C4B0500E4186A
:1067100080235B029A4200D3094A200092B200F023
:1067200059FE0600200000F00BFD3F2801D8300084
:1067300070BD2800FFF7ACFFF9E7C04658200020E5
:10674000FFFF0000C82310B543430248181800F0AB
:1067500015FD10BD58200020F0B50025184C83B061
:10676000C82200212000FCF78DFB164B21001D7074
:10677000FF236371E1235B02A36020000823402212
:10678000A37338310095073B103000F0A3FC2700BD
:106790000123210020002600402278310093B837E1
:1067A000243000F097FCC0363800FAF717FC3000B0
:1067B000FAF714FCE56127622663656303B0F0BD58
:1067C00034200020302000200B4B196B00290AD008
:1067D0001A6A002A0DD000221A621A63DA610022B6
:1067E0005A63012070471A6A002AFAD0D9611962E7
:1067F000F7E71A63F3E7C0463420002070B50F4C6A
:10680000052200212000FCF73DFB0D4D2B78DA0717
:1068100007D50C4C9B070CD50121200000F0B6FEDB
:1068200070BD2000103000F091FE2B78054C9B07C6
:10683000F2D4200000F08AFEEEE7C04634200020AB
:106840003020002058200020F0B54B79060083B09E
:10685000022B02D18B79022B03D00025280003B034
:10686000F0BD214FBB78002BF7D18B7809253B7009
:106870000C780C196378242B0BD1082A02D80FE06E
:10688000AA420DD32378E4185D196378ADB2242BA6
:10689000F6D0052B08D0042B02D163790A2B11D036
:1068A0000020FFF755FED9E721003000FFF7E8FC94
:1068B0000028D2D0A3787B7023785D19E418637820
:1068C000ADB2E8E7094B2778019301330093022228
:1068D00002233000E119FFF785FC0028BDD00E35FA
:1068E000ED19ADB2DCE7C046342000203620002090
:1068F000F8B5602314001278050013400020202B07
:1069000007D1304A6379277916781B023B439E42B0
:1069100000D0F8BD6378222B1AD007D8202B34D0B2
:10692000212BF6D101293ED00120F2E7232BF0D113
:10693000012940D00329F7D1234B002BF4D0E17873
:10694000A37809020020194300E000BF0120E0E71E
:10695000012930D00329E7D101252E00A378E4785E
:10696000023924021C431471264024321000714065
:1069700000F00CFE154B002BD6D062080020310031
:106980002A4000E000BF0120C3E701290BD0032902
:10699000CAD10F4B002BC7D0083200201100FEF7E0
:1069A00097FA0120B5E7072321002800094AFFF7DD
:1069B000E5FC0120ADE721002800FFF7C9FC01201C
:1069C000A7E7C046342000200000000000000000BF
:1069D000D14E00103C200020F0B54F464646D6462A
:1069E000364DC0B5EA781F0080460C00AB788A426D
:1069F0003BD08B4210D00020E0BCBA46B146A8463E
:106A0000F0BD2F4B002B04D02E4800F0AFFB002828
:106A100051D00020FFF79CFDAB78A34201D00120AC
:106A2000EAE7294B002B02D0002000E000BF002045
:106A3000FFF72EFE0028F2D1244C200000F080FB4E
:106A40000028ECD1002FEAD0BF06E8D1243C404614
:106A5000A178FFF72FFC0028E1D000230022404658
:106A6000A178FFF74FFC0120C6E710239A46184E85
:106A7000AA4431005046BAB200F0ACFC154B002BD2
:106A8000BFD06B79FF2BBCD0002FBAD0F219914642
:106A900003E00136B145B4D06B7932789A42F8D12F
:106AA000504600F063FB0028F3D15346103B597960
:106AB00000E000BFEDE700E000BFAAE734200020BF
:106AC00000000000442000200000000058200020AA
:106AD000B01F0020000000009322F0B5134C85B0D9
:106AE000002120009200FCF7CDF923002000802631
:106AF00040270F4D4D337600FF3329300295009328
:106B000000220023002103970196FF3000F0D6F900
:106B10004035201D283400230122002103970295CF
:106B20000196009400F0CAF905B0F0BD20230020C2
:106B3000A022002010B5054C200000F0F5F920003F
:106B40002538FF3800F0F0F9012010BD482400205E
:106B500070B5084C002520003130FF30257000F062
:106B6000F5FC20000C3000F0F1FC2A23FF33E55443
:106B7000657170BD20230020F8B557464546DE46B6
:106B80004E46E0B54B7980460F00FF2B27D1424B94
:106B90000C7899462A234946FF33CB5C002B1ED143
:106BA0004E79002E1BD1BB783C190B703B79002B22
:106BB00012D098235B004B449A460C234B449B46CF
:106BC000A5186378052B05D110E02378E4186378C5
:106BD000052B0BD0A542F8D8E01B80B200E00020C6
:106BE000F0BCBB46B246A946A046F8BDA542F3D9C3
:106BF00021004046FFF744FB0028F0D0A37801367F
:106C0000F6B2DB09012B29D0504600F09FFC2A2365
:106C10004946A278FF33CA54637922791B02134391
:106C20001E4A5B0594465B0D942163445A425341CE
:106C30004A4602204900525C5B00824313434A46A5
:106C4000535451464046083900F0D6F90028C6D0C2
:106C50002378E4183B79B342B3D8BDE7584600F037
:106C600075FC5A46A3780C3A5371637921791B025B
:106C70000B430A495B058C465B0D634459424B410B
:106C8000022011795B0081430B43594600200839EB
:106C9000137100F07FF9DBE72023002000FEFFFFE7
:106CA00070B505002A201F4CFF30205C1E00637960
:106CB000884203D000208B421DD070BD9A235B0018
:106CC000E35A002B0DD1184B002B04D0002017499C
:106CD000B2B200E000BF2800154900F08DF9012094
:106CE000EBE72000962331305B00E158B2B2FF3071
:106CF00000F070FBE7E70F4B002B04D031040020BD
:106D0000090C00E000BF0C4C2800210000F042F903
:106D10000028E4D132002100280000F007F901200A
:106D2000CBE7C0462023002000000000A022002066
:106D300048240020000000002423002000B50300A8
:106D400083B0002910D00020012B07D80A78002A30
:106D500004D00B48C2540120012A01D003B000BD69
:106D60001800FEF7C1FDF9E7012301A900200B80FF
:106D7000FEF7BAFD0028F1D00122014B1A70EDE7B1
:106D800078210020037870B5DB0704000E00DD0FCA
:106D9000002B17D103785B0701D5280070BD0121B6
:106DA0003000494207F0A4FF2378DB07DD0F002BFA
:106DB0000AD123785B0708D40422237801251343E2
:106DC000237002E00025E8E70025300007F058FFB7
:106DD000E3E7C04670B50C000121060049422000DF
:106DE00007F086FF33785B07DD0F002B04DB200004
:106DF00007F046FF280070BD3378DB0704D4042277
:106E0000337893433370F2E70025F0E74379027952
:106E10001B021343C2785B0592075B0D920F022A97
:106E20001DD0032A0CD00020012A08D102394A4281
:106E30005141124A9446614499424041C0B2704760
:106E400002394A1E91410E4A494211408022D20025
:106E500094460020614499424041C0B2EFE70229C4
:106E600005D0002040229A424041C0B2E7E7054ADF
:106E7000981843425841C0B2E1E7C046FF03000002
:106E800040FCFFFF00FEFFFF8A1870B5914207D259
:106E90007F264C78052C04D00C7809198A42F8D842
:106EA00070BD34008D782C4064000419ED096355E1
:106EB0000C7809198A42ECD8F2E7C046F0B5C6460C
:106EC00000B582B0150008AA40CA040017880BAAB2
:106ED0001288012090460A00217802408143200058
:106EE000114321703A00009331000123083000F073
:106EF000F1F8002E01D0002F08D10A9B0120636019
:106F00004346638002B080BCB846F0BD26001C3604
:106F10003000FAF763F80023002D01D0330000267B
:106F20006361A661E9E7C04601207047F8B5022415
:106F30000B7807001C4063425C41144B64421C40C8
:106F4000134B08009C4608300D001600644400F006
:106F5000F7F8002807D1002E05D0344203D10124D0
:106F60002B781C4201D00020F8BD38006978FFF76B
:106F7000A1F90028F7D02B781C42F4D1002300227D
:106F800038006978FFF7BEF9EEE7C04640FEFFFF24
:106F9000FF010000F8B50D000835060028000C00C0
:106FA00000F0CEF8002803D0012723781F4201D03B
:106FB0000020F8BD30006178FFF77CF90028F7D099
:106FC00028006288616800F03DF92378051E0BD027
:106FD0001F42EDD10300626830006178FFF792F93B
:106FE0000028E5D02800E4E71F42E1D130006178B5
:106FF000FFF774F9DCE7C046F8B5CE46474680B5E2
:107000008A8905000C000B78002A07D101261E4250
:107010003FD00020C0BCB946B046F8BD9B0734D570
:10702000FE2380261B029946B60027000837380049
:1070300000F0A4F88642ECD80122237890461A4248
:10704000E7D128006178FFF735F90028E1D0380052
:1070500000F094F8864231D841462378628819427C
:10706000D7D14B461840061C904200D9161CB6B228
:1070700000226178002E00D0626833002800FFF7FC
:1070800041F90028C5D03000C4E7114B402699468D
:10709000CBE74978FFF70EF90028BAD02278638849
:1070A0001642B6D100226178002B00D06268280019
:1070B000FFF728F90028ACD06088ABE74246237878
:1070C0001A42A6D128006178FFF708F9A1E7C04667
:1070D000C0FF0000F0B5C64600B5040006A805785C
:1070E0008020884617001E000002824226D8E068F1
:1070F000002803D00121494207F0FAFD2069002849
:1071000003D00121494207F0F3FD43462360730495
:107110005B0CED031D430023E0686381A780E580DD
:107120002381002801D007F0ABFD2069002801D0A1
:1071300007F0A6FD012080BCB846F0BD0020FAE7AC
:1071400010B5048941898288A3B288B28C4207D3E2
:107150001B1A9BB2101C9A4200D9181C80B210BD99
:107160005100091A5B189BB2F4E7C04603894089B5
:10717000181A43425841C0B27047C04610B504893E
:1071800041898288A3B288B28C4207D31B1A9BB272
:1071900000209A4201D9D21A90B210BD5100091AAA
:1071A0005B189BB2F4E7C04670B5040000690E009E
:1071B000002803D00121494207F09AFD2589608902
:1071C000A288A9B283B285422CD3CD1AADB2002DCC
:1071D0002ED0AA4208D2914230D3891A8BB2638151
:1071E0009A4203D89B1A9BB29A42FBD9E288216843
:1071F0005204520C53433000C918FBF749FE63890F
:107200000125591C89B2A2888B4213D90021520052
:10721000891A89B220696181002801D007F030FD08
:10722000280070BD5500ED1A4D19ADB2002DD0D11A
:10723000618989B252009142ECDBE9E789188BB28F
:107240006381CDE7F0B546464F46D646C0B5060049
:10725000006989469046002803D00121494207F081
:1072600047FD31897289B5888BB294B2914254D36B
:107270001F1BBFB2002F4AD0BD4205D2AB4251D234
:107280005B199CB22F0074814346B8453DD89FB22C
:10729000A54203D8641BA4B2A542FBD9F288316889
:1072A0005204520C904662432B1B9BB289184246F3
:1072B0009F4225D953439BB21A0048469A46FBF792
:1072C000E7FD434648467D1B64195C4331685044E2
:1072D000A2B2FBF7DDFD7189B588CB199BB26A00BC
:1072E000994216D99B1A9BB230697381002801D04C
:1072F00007F0C6FC3800E0BCBA46B146A846F0BD6F
:1073000048467A43FBF7C4FDE5E73B1CBFE77389BA
:107310009BB26A009342E7DBE4E76F003F1BDF1993
:10732000BFB2A7E75B1B9CB2ACE7C046F8B5040050
:10733000C0680E00002803D00121494207F0D8FCA4
:10734000258920896189A288ADB283B28FB2884233
:1073500029D3DB1B9BB29A4209D8E779FF0906D1F2
:10736000E068002801D007F08BFC3800F8BD95429A
:107370001ED32B009B1A9BB29342FBD2E28820685B
:107380005204520C53433100C018FBF781FD6B1CB3
:107390009BB2A2889D4218D9002352009B1A9BB22F
:1073A00001272381DCE75100C91B5B189BB2D2E7A0
:1073B0002B00E28820685204520C53433100C0185D
:1073C000FBF766FD0135A288ABB252009342E7DBC2
:1073D000E4E7C046F0B557464546DE464E46E0B5C2
:1073E000140005000F0083B0002A75D0C068002883
:1073F00003D00121494207F07BFC2E89E9796A8993
:10740000AB88B6B292B2C90945D1964200D36DE0BD
:1074100059008A1AB21892B2002189469A4234D28F
:107420009A1A111C92B2A24200D9211C8AB291462A
:10743000EA885204520C90464A46B21892B29246DA
:107440004A46D21A92B2934634009E4203D3E41ABB
:10745000A4B29C42FBD24246624328681B1B9BB2EB
:10746000801842464B4554D34B4639005A43FBF7EC
:107470000FFDAB885B00564501D89A4503DB5246A9
:10748000D31A9BB29A4653462B81E868002825D030
:1074900007F0F6FB22E0E9884904490C88469C4243
:1074A00027D2964247D3B11A89B28C465800E11AC6
:1074B00089B28B4661460919814208DBD11889B22D
:1074C0000E1BB6B28A46B2423BD9361AB6B2A219E0
:1074D00092B29246A146B7E700239946484603B0C8
:1074E000F0BCBB46B246A946A046F0BDB21A92B265
:1074F00092E700218946002BC7D04146E41A4C434D
:107500001600D118002289B28A46994693463F193F
:107510009AE753439BB21A0039005C440193FBF78E
:10752000B7FC414622004A43019B286892B2F918F1
:10753000FBF7AEFC9DE75800811A711889B28C46A2
:10754000B5E7A146B04200DD7EE7BEE710B5040016
:10755000C068002803D00121494207F0C9FB206917
:10756000002803D00121494207F0C2FB0023E06854
:1075700063812381002801D007F082FB2069002865
:1075800001D007F07DFB012010BDC04670B504009E
:10759000C0680D00002803D00121494207F0A8FB74
:1075A0002069002803D00121494207F0A1FB7F2177
:1075B000E379ED011940E0682943E171002801D029
:1075C00007F05EFB2069002801D007F059FB01207D
:1075D00070BDC046F0B504000D0016001F00002865
:1075E00038D0002E31D0631C1ED0731C22D0200056
:1075F0002900801979418D4203DD002F10DC0DD068
:10760000F0BD8D4207D0A9421ADD002FF8DA8021A3
:1076100000200906F4E78442F5D9EEE7002EEFD00A
:1076200001200F494042EBE70D4B9D42DDD1200088
:107630002900E5E70A4B9F42D9D130003900DFE746
:10764000A942DDD1A042E0D8DAE780231B069F42A1
:10765000C9D1F2E780231B069942C2D1E7E7C046B1
:10766000FFFFFF7F84B0059B0292049A8B4212DCDD
:107670000FD099420BDC08D0029B069883420AD3B4
:1076800098428041404204B070479042F4D90120B2
:10769000F9E78242EDD901204042F4E782B0F0B52B
:1076A00085B00A920B9304000A9E0B9F0C9D002E3E
:1076B00023D00F9B002B24DB0E980F9901221C4B2B
:1076C0005242121A8B41BB4221DD102268460AA9A0
:1076D000FBF7DEFB0E9B0F9A0135134321D11022DD
:1076E00069462000009601970295FBF7D1FB200028
:1076F00005B0F0BC08BC02B0184780231B069F42AF
:10770000D7D1102220000AA9FBF7C2FBEFE7BB424A
:1077100001D1B242D9D8102220000649FBF7B8FBAC
:10772000E5E70E9A0F9B0025B6185F41D7E7C046E4
:10773000FFFFFF7F48FD0010416900697047C046A8
:10774000034B416900691A685B68801A9941704768
:107750007011002000B583B0684600F04FF9009822
:10776000019903B000BDC04600B583B0684600F083
:1077700045F900980199034B1A685B68801A994192
:1077800003B000BD70110020F0B54E464546DE4600
:107790005746E0B51D0013000400160093B02B43BC
:1077A00000D1C1E0002D00DAABE00492FA22002300
:1077B0003000290092000595FAF708FC80460F007A
:1077C000002D00DCC3E00690079100233000290063
:1077D0007A4AFAF7FBFB82468946002D00DCAAE0D4
:1077E000534608934B463000099329000023744AFE
:1077F000FAF7ECFB80460F00002D00DCB3E00A90A6
:107800000B91E823300029006E4AFAF7DFFB82462D
:107810008946E82D00DCB1E053460C934B4630001E
:107820000D932900684B694AFAF7D0FB664B8346F3
:1078300003919D4200DCAAE05B460E93039B30005F
:107840000F932900624B634AFAF7C0FB604B8046F6
:107850000F009D4200DCA5E006250726109011913F
:1078600003239946013B9B46013B9A46023EFA227E
:107870004046390000239200FAF7A8FB564990468B
:10788000009220000A00019305211F00FCF790FEE2
:10789000002F0BDC07D003DC56D14346092B53D90C
:1078A000D946023403E04346632BF6D90334002D56
:1078B0001FDDF30004AAD518484B37009846286806
:1078C0006968FA2200239200FAF780FB20000092F8
:1078D000019308214246FCF76BFE04343B00083D4F
:1078E000013F002BEBDCF343DB171E400136B600F3
:1078F000B144484613B0F0BCBB46B246A946A046C8
:10790000F0BD02223649FBF7C3FA029B02269846D5
:10791000042301259946013B9B46013B9A46039F60
:10792000013476426D42A2E702222E49FBF7B0FAFB
:1079300001239946DDE7002D03D12B4B9E4200D950
:107940004EE7012502268BE7D1460134AFE7002D33
:1079500004D1FA239B009E4200D334E7B0462F00A7
:10796000012600257CE7002D03D1204B9E4200D943
:1079700045E7D0464F460225032671E7E82D03D19F
:107980001B4B9E4200D947E70325042668E79D422A
:1079900003D1184B9E4200D94EE7D0464F460425EE
:1079A00005265DE79D4203D1134B9E4200D953E764
:1079B000D84605250626039F52E7C04640420F00E1
:1079C00000CA9A3B0010A5D47E8D03000080C6A497
:1079D000B3B6E00D000064A730F0001038F00010DE
:1079E0002CF00010E4EE00103F420F00FFC99A3B5C
:1079F000FF0FA5D4FF7FC6A4FFFF63A7D0B5D6466F
:107A00004F4680B582B0040001F0A0FF82460028F6
:107A10002AD1174B994600220023484602F012F85B
:107A20000B006168020020688B4202DC14D18242A4
:107A300012D901260027B6185F41484626606760C4
:107A40000096019702F014F80028E4D0504602B0E6
:107A5000C0BCBA46B146D0BD00900191484602F084
:107A600007F80028D7D0F1E701235B429A46EDE7FB
:107A70007811002010B501F07BFF10BD010070B53A
:107A80000120FBF7A5F9051E0CD008210120FBF70A
:107A90009FF9041E0AD0074B28001A6825601C6055
:107AA000626070BD044801F00DFEEEE7024801F08F
:107AB00009FEF0E76021002040F0001082B010B510
:107AC000303084B00100069204001022684607930B
:107AD000FBF7DEF906980799089A099BFFF7C2FDA4
:107AE000002804DA1022200006A9FBF7D1F904B01F
:107AF00010BC08BC02B01847F8B543780500002B4D
:107B000000D1F8BD00F066FFE96D6A6DAB6D914282
:107B100001DD11002B6D002906DD002089005918B8
:107B200004CB10709942FBD12B6E002B18D02E0085
:107B3000603630000024002701F002FA84420FD2A0
:107B40002100300001F0D6F9002803D00368002B93
:107B500000D01F603000013401F0F2F98442EFD30D
:107B60000023EB65CDE7C046010082B000B585B0CB
:107B700006926846102230310793FBF789F9099B7A
:107B800006980799089AFFF76DFDC317181AC00FDA
:107B900005B008BC02B01847F0B5DE46474680B5D0
:107BA000804685B0806C01F0F1FB10234344041E35
:107BB0009B4653D04746102259466846FBF768F962
:107BC0000FCCFFF74FFD041E48D1B86C01F0E2FB6B
:107BD00005008069002853D0EB6982699846002A25
:107BE0000BDD436930269C466146A300C9588B5D76
:107BF000002B38D001349442F6DB49230122C254D1
:107C0000037F002B04D0C36A826A002B42DC3FD082
:107C1000380001215C3001F009FF7A6D0300A8698A
:107C20009A4204DD0100BA6D9B00493199504146EA
:107C300000F096FE404600F0B5FE00210022002331
:107C400029606A60A961EA61AB602900F86C01F003
:107C500095FBB86C01F09AFB041EACD105B0C0BC1A
:107C6000BB46B046F0BD01223800524200F0D4FFBE
:107C7000A86901348269A242BFDD43699C46B3E72B
:107C800000230024A8602B606C60AB61EC61DCE732
:107C9000002ABDD00021009101003800F8F740FB18
:107CA000A869C4E710B5C06C01F074FB041E01D0D4
:107CB000200010BD20210120FBF78AF8041EF7D117
:107CC000014801F0FFFCF3E740F00010F0B5474633
:107CD000CE4680B50E6A4F6A330080460D0089B0EB
:107CE0003B4332D18B690024002B0CDD6B69A20071
:107CF000D15801224046524200F08EFFAB69013458
:107D0000A342F3DC0124AE6AEF6A33003B4316D092
:107D10004046FFF711FD36184F414146002310221F
:107D200030316846069304960597FBF7B1F804983E
:107D30000599069A079BFFF795FC002807DD2000B0
:107D400009B0C0BCB946B046F0BD0024E0E74346E8
:107D5000D86C01F01FFB011E09D000238B60434645
:107D60000E604F60986C8D6101F008FBE7E72031F1
:107D70000120FBF72DF88146011EEED1024801F0EB
:107D8000A1FC4B469D61FFDE40F0001070B5050080
:107D9000C06F002825DD00240026AB6FA200D1585B
:107DA000002906D02800FFF791FF002800D0060028
:107DB000E86F01348442F0DB002801DC300070BD44
:107DC000E86C01F0E7FA011E0DD00022002300202C
:107DD0008A61CB6188600A604B60E86C01F0CEFA82
:107DE000ECE70026EAE720310120FAF7F1FF040072
:107DF000011EEAD1034801F065FC00220023226045
:107E00006360FFDE40F00010F8B584230500C05821
:107E1000002480268427002803DC13E001348442F8
:107E200010DAAB59A200D1580029F7D08B6D002B86
:107E3000F4D101222800524200F0EEFEE85901344C
:107E40008442EEDBF8BDC046F8B58C230500C0586F
:107E5000002488268C27002803DC13E001348442A8
:107E600010DAAB59A200D1580029F7D08B6D002B46
:107E7000F4D101222800524200F0CEFEE85901342C
:107E80008442EEDBF8BDC0460022002310B500247A
:107E90008A61CB610A604B608C60C06C01F06EFA45
:107EA00010BDC04670B50400C0690D00884201D005
:107EB00000F078FDE56170BD82B0F0B5070087B0D5
:107EC0000C920CA9102268460D93FAF7E1FF38696D
:107ED0007969BA69FB69FFF7C5FB00280ADA38003F
:107EE000102210300CA9FAF7D3FF07B0F0BC08BC81
:107EF00002B01847B9690A4B0A4E1C685D680491C4
:107F000038697969001BA9410C9A0D9B0290039175
:107F10000E99121BAB413000009101F0D3FBE4E756
:107F20007011002050F00010486810B50C000B686C
:107F300041609847002263685A6010BDF0B5DE4684
:107F400057464E464546E0B592460A6A81468B46FC
:107F500085B0002A70D000270024390002E00134E7
:107F6000944255D25B465B6AA0001B58002BF6D0AA
:107F70001B78002BF3D05B46DB6A1B5898465B46A8
:107F80009B6A1D58002DEADD4246002301920394AE
:107F90001A00029002E00132AA4233DA01989300FB
:107FA000C658002EF7D0B369002BF4DD00249046AC
:107FB0000FE0002903D05246484600F02DFE29006C
:107FC0005246484600F028FE0021B36901349C4225
:107FD00010DA7269A0008558002DF7D08D42F5D0D7
:107FE0000137012FE5D1EA695A45E2D10134290070
:107FF0009C42EEDB5B4642469B6A029801321D586A
:10800000AA42CBDB5B46039C1A6A01349442A9D393
:108010000F1E11D0CB6B002B15DA78683B684760D8
:10802000984700227B6839005A6048465246FFF75D
:1080300085FF40230022FA5405B0F0BCBB46B2468F
:10804000A946A046F0BDFFF785FBBA6B0C001100F6
:10805000FB6B050019430AD17B6C002BE9D07868D3
:108060009847524639004846FFF768FFE1E749461E
:1080700008694969FFF7AEFA8C42EDDCCDD1854243
:10808000EAD8CAE7F8B505001B480E00FCF726FD44
:108090001A48FCF723FD1A48FCF720FD1948FCF7A5
:1080A0001DFD1948FCF71AFD1848FCF717FD184884
:1080B000FCF714FD1748FCF711FD1748FCF70EFDFF
:1080C0001648FCF70BFD1648FCF708FD1548FCF7B1
:1080D00005FD1548FCF702FD002D09DD0024134FB6
:1080E000A3003800F1580134FCF780FDA542F7D118
:1080F0000F48FCF7F3FCF8BDDCF00010F8F00010BE
:1081000014F1001054F1001078F10010C4F10010C7
:1081100014F2001028F2001074F2001088F200101F
:10812000C4F20010D4F2001010F3001020F300107D
:108130000CF30010F0B5DE4657464E464546E0B516
:10814000012489B0012824DD80460D00BF4B009337
:10815000BF4B0193A600AF59631C9A463B789946E2
:108160002D2B1ED17B78662B1BD1BB78002B18D111
:10817000D04500DCDCE0AE1976680099300002F0F2
:108180005FFF00284ED10122B24B1A700234A04585
:10819000E0DC012009B0F0BCBB46B246A946A046CF
:1081A000F0BD3800AC4902F04BFF0028E0D04B4650
:1081B0002D2B40D17B786F2B3DD1BB78002B3AD152
:1081C000A31C434500DBF1E0AE1973689B46B3681E
:1081D0005846994604F006FF06000F009F4B9A464A
:1081E0001E605F6003000B4304D15B461B78302B9D
:1081F00000D0F5E04B461B789B46732B44D14B4691
:108200005B78652B40D14B469B78632B3CD1944ADD
:10821000002330003900FAF7DFFC5346186059603C
:108220000334B4E73000019902F00AFF002826D198
:10823000884B1870AAE738008A4902F001FF00282D
:10824000BED03800884902F0FBFE0028B8D04B466B
:108250002D2B66D03800854902F0F2FE00287CD133
:10826000D04500DCE5E0AE1976687849300002F0D0
:10827000E7FE002868D101227D4B1A7086E73100A5
:108280007C4801F037F981E7042248467A4902F038
:10829000FDFF002826D1F30E7A011A4373010392E1
:1082A0000293029A039B921BBB41D10D58020843D3
:1082B000530205900493049A059B92197B41910EF9
:1082C0009801084391010790069106980799801A32
:1082D00099410B000200514692197B4103340A6018
:1082E0004B6054E704224846644902F0CFFF00285F
:1082F00002D1FA2292008BE704224846604902F03C
:10830000C5FF00288CD05B466D2B40D14B465B7877
:10831000692B3CD14B469B786E2B38D10D23594AA3
:1083200077E77B786B2B95D1BB78002B98D091E7C2
:108330002B0045469846544801F0DCF82800414699
:10834000FFF7A0FE002025E73000414902F078FE4B
:10835000002826D1464B187018E74B462D2B02D12A
:108360007B78772B51D03800484902F069FE00280D
:1083700043D1D04500DCA9E0AE1976680234300064
:1083800004F03AFD00284EDD414B1860FFE6042260
:108390004846404902F07AFF002813D13E4A3F4B3D
:1083A00037E731003E4801F0A5F8EFE62B004546DF
:1083B00098463C4801F09EF828004146FFF762FECF
:1083C0000020E7E65B46642B23D14B465B78612BAC
:1083D0001FD14B469B78792B1BD1334A334B18E77F
:1083E0002B00454698465946314801F083F828004D
:1083F0004146FFF747FE0020CCE638002D4902F049
:108400001FFE00286ED15446C1E6BB78002BB0D0C9
:10841000A9E704224846284902F038FF00286ED117
:10842000264A274BF5E62748310001F063F8012082
:10843000AAE72B0045469846234801F05BF8280040
:108440004146FFF71FFE0020A4E6C04644F300109B
:108450004CF300104B2B002024F30010801100205F
:1084600000CA9A3B74F3001080F3001004F400106B
:108470004E2B002054F30010C4F30010CCF3001076
:10848000D4F30010005847F82CF3001054F40010F7
:108490005C210020DCF3001000A0B830460300008F
:1084A00030F400108CF3001000004F91944E000047
:1084B000ACF30010B4F40010E4F30010000029F94C
:1084C0000F26020088F4001010F400102B0045461F
:1084D0009846114801F00EF828004146FFF7D2FDFA
:1084E000002057E62B004546984639000B4801F01E
:1084F00001F828004146FFF7C5FD00204AE62B00A1
:10850000454698464946064800F0F4FF2800414693
:10851000FFF7B8FD00203DE660F40010C0F4001045
:10852000ECF3001010B5F8F713F910BDF0B5DE4606
:1085300057464E464546E0B5954B91B01A78002A0D
:1085400006D011B0F0BCBB46B246A946A046F0BD6D
:10855000013207A81A70F8F7F5F880460798F8F77F
:108560003FF94346002B00DC0FE100240025894B36
:108570009946894B0393894B0493894B0293079B3C
:108580001E191B5D002B00D183E04B461B78002B8E
:1085900056D07378002B38D000F01CFAF16D726D54
:1085A000B36D914201DD1100336D002906DD00201D
:1085B0008900591804CB10709942FBD1336E002BFF
:1085C0001FD060239A460023B2449B465346A246DE
:1085D0001C002000002700F0B3FC874210D23900B5
:1085E000200000F087FC002804D00368002B01D095
:1085F0005A461A602000013700F0A2FC8742EED3F1
:1086000054460023F365079E3619B06C002805D048
:1086100000F0B0FE00286CD1079E36193000FFF73D
:108620008FF802000B1E0BDB08A8FFF7ADF80398CC
:1086300008A9FCF7DBFA049A5368002B36DC32D029
:108640000135B034A8459AD14B461B78002B00D198
:1086500077E700F007F9534E3568002D37D02F68C3
:10866000002F0BD03C68002C08D02068FAF7F2FBF2
:1086700020006468FAF7EEFB002CF6D13800FAF718
:10868000E9FB6C682800FAF7E5FB002C1FD02500F9
:10869000E5E7B1680298013500F0A0FFB034A845C5
:1086A00000D06CE7D0E71368002BC9D0FFF75CF867
:1086B00002000B0008A8FFF767F801353A4808A93F
:1086C000FCF794FAB034A84500D058E7BCE7002383
:1086D00033604346002500244646002B00DC30E78B
:1086E00007980134401900F09FF9B035A642F7D140
:1086F00027E7079B1B19986C00F03CFE83462B482C
:10870000594600F06BFF079B1B19986C00F03EFE6A
:10871000010022480A684B6889680668476824484F
:10872000921BBB41009100F059FF00239A464B4633
:108730000026A94600272500059316E0079B5B1934
:10874000986C00F027FE0400C069002801D000F0FA
:1087500029F95246A661E761079B21005B19266053
:108760006760D86CA26000F009FE079B5B19986CEB
:1087700000F000FE0028E1D1059B59460D482C0071
:108780004D46994600F02AFF46E7024B99465BE7C3
:10879000472B0020462B0020D4F50010701100203C
:1087A000E8F400106021002000F600100CF5001025
:1087B00050F5001098F5001080235B02994207DA0B
:1087C000030C090419430004D317104319437047DD
:1087D0000121024849421043F9E7C0460000FFFF6B
:1087E00070B504000068002806D0A3685B68002B01
:1087F0002FD0984700232360002000F073FB164D14
:108800002868002818D000F073FF80239B0098424E
:1088100009D22100286800F099FF002807D0002025
:1088200000F064FB70BD2000FAF714FBF7E72100AD
:108830000A4800F0D3FEF2E7043000F067FF28603A
:108840000028E0D100F052FB054800F03BFF28680B
:10885000D9E7FAF7FFFACDE76C21002064F60010A3
:108860002CF60010F0B5C646394C00B5206800283B
:1088700011D0384D04E0FFF7B3FF206800280AD07C
:108880000269C3682260002B55D0013BC360002BF6
:10889000F1D0101EF4D1002000F024FB2E4F3868D8
:1088A000002828D001F012F805002A4B280098462D
:1088B000002601F019F8002815DB280001F030F837
:1088C0000400C068002808D0C368002B39D0013BE1
:1088D000C360002B01D1FFF783FFE660280001F0A1
:1088E00003F80028E9DA2800FAF7B4FA386800F04B
:1088F00001FF00233B60194D2868002815D000F0C7
:10890000E5FF040004E0200001F00AF8FAF7A2FAFB
:10891000200000F0E9FF0028F5DA2000FAF79AFAC3
:10892000286800F0E7FE00232B60002000F0DEFA4C
:1089300080BCB846F0BD0100280000F04FFE206862
:108940009CE70100404600F049FEE660C6E7C046ED
:1089500074210020A4F60010702100206C2100205A
:1089600070B50C00C1680500A1420ED0002906D0E8
:10897000CB68002B10D0013BCB60002B06D0002C25
:1089800002D0E3680133E360EC6070BD0800FFF7DC
:1089900027FF002CF5D1F7E7014800F01FFEEEE7B6
:1089A000A4F6001010B5002806D0C368002B08D02C
:1089B000013BC360002B01D0002010BDFFF710FF6A
:1089C000FAE7034B0100180000F008FEF4E7C04688
:1089D000A4F6001070B50E4C2068002811D00D4D83
:1089E00004E0FFF7FDFE206800280AD00269C36892
:1089F0002260002B06D0013BC360002BF1D0101E7B
:108A0000F4D170BD0100280000F0E8FD2068EBE71C
:108A100074210020A4F600108B698069C01A4342BB
:108A2000584170477047C04610B504004068FAF7D7
:108A300011FAA06FFAF70EFA8023E058FAF70AFA53
:108A40008823E058FAF706FA9023E058FAF702FA7A
:108A5000206DFAF7FFF9A06DFAF7FCF9A06C00F0B1
:108A60006DFC04E0E06C00F095FCFAF7F3F9E06CC3
:108A700000F080FC0028F5D1E06C00F05FFCA8233A
:108A8000E05800F0A7FB10BD70B5190004000025E8
:108A90001000059B049A20616161A56120626162FA
:108AA000A56222646364002B06DA200010220549C7
:108AB0003030FAF7EDF970BDFEF78CFDA563206349
:108AC0006163F8E758FD0010F0B5DE4600B584B0EC
:108AD00007000E0015000E9C002900D17AE0080066
:108AE00004F06CFD431C18009B46FAF753F95A46F4
:108AF0003100786000F0D4FF380010223B49BD609F
:108B00003030FAF7C5F90A9B0020FB67002B03DD24
:108B100050211800FAF75CF984230B9AB8670020FB
:108B2000FA50002A03DD60211000FAF751F9802382
:108B30000C9AF8500C330020FA50002A03DD602113
:108B40001000FAF745F988230D9AF8500C330020ED
:108B5000FA50002A03DD60211000FAF739F990235A
:108B6000F85000237C65FB65002C35DC00203B655C
:108B70009C23119AB865FA50002A05DD04211000E3
:108B8000FAF726F9A023F8500126194D194C2B00AD
:108B9000220019497E670A2000F0BCFB2B0022004E
:108BA000B86416490A2000F0B5FBF8641448154B68
:108BB00002901548154A01901548164900900A2060
:108BC00000F0DEFAA823F85000203E7004B080BC0C
:108BD000BB46F0BD41608FE704212000FAF7F8F8AA
:108BE000042138652000FAF7F3F8C1E758FD0010BA
:108BF000258A0010198A0010F9920010D1930010F4
:108C0000ED930010E5930010D5930010DD93001054
:108C1000E9930010A59300103023CA5C10B5002A18
:108C200000D010BD0132CA547833C05800F0EAFABF
:108C30000028F6D0014800F045FDF2E7D8F6001014
:108C4000F0B54F464646D6460223C0B50500A826D5
:108C50003027994684B014E0FEF77CFDA26B88466D
:108C60001100E36B8246194324D1636C002B06D0BC
:108C700060689847002221002800FFF75FF9002371
:108C8000E355A85900F0B0FA00281DD0A85900F00B
:108C90000FFB4B46C355C36B0400002BDCDA2100ED
:108CA00028000022FFF740F9002221002800FFF7EA
:108CB00045F9E4E728696969FEF78CFC8845D4DC4E
:108CC000EDD18245D1D8EAE729001022684630313B
:108CD0001035FAF7DDF80FCDFEF7C4FCC00F04B075
:108CE000E0BCBA46B146A846F0BDC046F0B50400A7
:108CF0008DB000F061FEA06C00F048FB1022050072
:108D00003A4904A8FAF7C4F8002D4AD010222900E5
:108D100004A8FAF7BDF82E686F680822684606A90D
:108D200004960597FAF7B4F82000049A059BFEF71D
:108D30001BFF002807D021001022303104A8FAF7C9
:108D4000A7F8266B676B2A4B1B78002B31D006A93E
:108D50000822684604960597FAF79AF8059B2000C2
:108D6000049AFFF7A9F82100102230316846FAF77B
:108D70008FF820696169A269E369FEF773FC002836
:108D800002DB2000FFF760F82000FEF7B5FE2000B0
:108D9000FEF702FF00F02EFE2000FFF751FF0DB09E
:108DA000F0BD144B1B78002B0ED00126124F7642DB
:108DB000B3E732003B002000FEF75CFE0028C6D07F
:108DC00000F018FE0120EAE722696369089209931E
:108DD000A3690822013368460AA90A93FAF758F8EA
:108DE0002000089A099BFEF769FEDEE768FD001087
:108DF0004B2B00204E2B0020FFFFFF7F30B587B0AC
:108E000004000D00F7F780FC00F090FD2E4B196870
:108E10002E4B1868FFF78EF9002851D0290020004A
:108E2000FFF788F900284BD0294804F0BFFB002841
:108E300042D1F7F76BFC05A8F7F784FCFFF772FB4C
:108E4000FEF788FC0B000200224905980CC122495C
:108E50000C684D6800940195FFF716FE0598FEF723
:108E6000D3FF0598FEF792FF059C1022210068466B
:108E700030311034FAF70CF80FCCFEF7F3FB002872
:108E800002DB0598FEF7E0FF012305984370FFF72A
:108E9000D7FE002805D101220020104B1A7007B020
:108EA00030BD0598FFF722FF0028F4D00598FFF7A2
:108EB0001DFF0028F5D1EEE7094800F08FFBB8E769
:108EC00001204042EBE7C046B0260020AC2600203F
:108ED0002D8500107011002080110020462B0020ED
:108EE00004F7001010B500F067FD10BD10B500F0DC
:108EF00081FD10BDF8B505008E000068331D6F6858
:108F0000C318BB4201D91F006B60AB68BB4215D8C8
:108F1000EC681B1A0134EC605B10994202D35B00D1
:108F20009942FCD29C0021003F1AF9F773FF0023FD
:108F3000C71904192B6128606F60AC608019F8BDF7
:108F400009C8181A80107047F0B5DE464E464546EF
:108F50005746436AE0B58E009B5988469B460400FD
:108F6000036985B05846984743462268B1468A4609
:108F700001905D00954203D34DE098469B009946D1
:108F8000691C636A0091914215D2E268AE0098595B
:108F9000236902929847636A0436039098592369BB
:108FA0000F0098470B00020039000398029FB84752
:108FB000636A012803D0002D30D0AE000095985987
:108FC0002369E568984702000B0001985146A847BD
:108FD00001281CD14946636A9A595A50636A585805
:108FE000A36941469847009B22685D009542C4D31F
:108FF0001F00636A5A469A5139005846A369984738
:1090000005B0F0BCBB46B246A946A046F0BD4E46F0
:109010004746636AEEE74746636AEBE74E464746D4
:10902000E8E7C046F0B5DE4657464E464546436A39
:10903000E0B58E009B590400984683B00369404612
:109040000D009847B14683468A466F08012D22D904
:10905000434601930EE04246636A29009A583D0058
:109060009A51636A9859A36998477B08012F21D0C8
:109070001F00AE00E3689946BB0098464246636A0B
:109080009858236998475A465346C8470128E2D062
:10909000019AB14690464A464146636A4046995015
:1090A000A3692900984703B0F0BCBB46B246A94665
:1090B000A046F0BD019B984604239946EBE7C046C5
:1090C000F8B557464E46DE4645460400E0B50F006B
:1090D000160000284BD0294B9B4638E02368B3424A
:1090E0003DD9636AB200D558002D38D0E368280016
:1090F0009A462369984723698146380088469847ED
:1091000002000B0048464146D047012827D0E368BB
:1091100028009A4623699847236981463800884683
:10912000984702000B0048464146D047002805D129
:1091300039002800E3699847002811D176003200F1
:1091400039002000FFF7BCFF051E09D10136002EB3
:10915000C4DA584600F0B6FA2368B342C1D80025F5
:109160002800F0BCBB46B246A946A046F8BD002A7E
:10917000F5DA024800F0A6FA0025F1E730F7001012
:10918000F0B5C646050000B52820884617001E0029
:10919000F9F700FE041E1BD00135A800F9F7FAFD0F
:1091A0006062002811D0012323604346E360069BE0
:1091B000A560A361079B6560E361089B2761666109
:1091C0002362200080BCB846F0BD2000F9F742FEC3
:1091D0000024F6E710B50400406AF9F73BFE2000D2
:1091E000F9F738FE10BDC046002802D000680138EB
:1091F00070470020FCE7C04610B50122FFF760FF72
:1092000010BDC04670B504000E00002817D00168DC
:109210006368406A994209D3A5684D19A900F9F716
:10922000F9FD00280BD02168606265604B1C23604B
:109230008B001E502000FFF7F5FE002070BD0120BE
:10924000FCE7C046F8B5CE464746036804000D006B
:1092500080B5012B23D043690800984781008846D8
:109260002368626A013B23609B009B5806005350B1
:10927000E36828009946236998474246636A0700D5
:10928000985823690D00984702000B003800290008
:10929000C8473100012807D02000FFF755FE002005
:1092A000C0BCB946B046F8BD2000FFF7BBFEF6E7EC
:1092B00010B500280ED00368012B0BD0426A013B89
:1092C000546803609B009B5801215360FFF73CFEEC
:1092D000200010BD0024FBE7002805D00368012B07
:1092E00002D0436A586870470020FCE700217047AD
:1092F000006970470161704710B5040084B0110027
:1093000068461022F9F7C4FD0FCCFEF7ABF904B0A4
:1093100010BDC04630B585B0054D064C0293064BD6
:109320000192009322002B00FFF72AFF05B030BD09
:10933000F1920010ED920010F5920010016870B5E6
:1093400005000124012903D810E001348C420DD21C
:109350006B6AA200D0580028F7D04369002BF4D0E4
:10936000F9F778FD296801348C42F1D32800FFF722
:1093700031FF70BD10B5FFF737FF10BD10B5FFF717
:1093800041FF10BD10B5FFF737FF10BD10B5FFF757
:10939000A3FF10BD10B5FFF78BFF10BD10B5FFF791
:1093A00051FF10BD10B5994207D804D001248B425B
:1093B00005D9604210BD9042F8D90120FAE78B42EE
:1093C00001D00024F5E78242F3D80024F1E7C0463B
:1093D00000207047401A4342584170474169006974
:1093E0007047C04680697047816170477047C046CA
:1093F000F0B54F46D6464646C0B51700354A04007C
:1094000010680D0086B0022800DA022098423ADB8C
:10941000314B99461A88314B9A423AD005A8F7F752
:1094200091F9059B20005B68984604F0C7F8060098
:10943000280004F0C3F88246404604F0BFF85644C2
:10944000301806002130F9F7A5FC0A22824624498B
:109450004046203601F01AFF00282FD041464B46E7
:1094600050461B881F4A0091029531000194FBF77A
:109470009FF81D4B1B68002B24D03900504698479D
:109480005046F9F7E7FC06B0E0BCBA46B146A8463C
:10949000F0BD200004F092F80600280004F08EF8D9
:1094A000361830002130F9F775FC310023000F4ADF
:1094B000203100958246FBF77BF8DAE70A239C46C9
:1094C000E044CBE70A4B3A001B685146986801F02C
:1094D00071FDD5E7881100208C110020FFFF0000EE
:1094E00078F7001084F70010102B002070F70010A0
:1094F000901100200FB4F0B54746CE4680B52F4EF0
:1095000087B00EAC80CC32882D4B04949A423CD06C
:1095100005A8F7F717F9059B38005B68984604F033
:109520004DF80500404604F049F8272399462818CD
:1095300081442830F9F72EFC0A22050021494046D3
:1095400001F0A4FE00281CD01F4933880191414638
:10955000280000911D4A49460297FBF729F81C4B49
:109560001B68002B21D02100280098472800F9F71C
:1095700071FC07B0C0BCB946B046F0BC08BC04B032
:1095800018470A239C46E044DEE7380004F016F84A
:1095900006002830F9F7FEFB31000B4B0D4A27314E
:1095A00000970500FBF704F8D9E70B4B22001B6876
:1095B0002900986801F0FEFCD8E7C0468C11002015
:1095C000FFFF000078F7001098F7001084F70010F4
:1095D000102B002070F70010901100200FB4F0B590
:1095E0004746CE4680B52F4E87B00EAC80CC328831
:1095F0002D4B04949A423CD005A8F7F7A3F8059B9D
:1096000038005B68984603F0D9FF0500404603F038
:10961000D5FF29239946281881442A30F9F7BAFB47
:109620000A2205002149404601F030FE00281CD0E6
:109630001F49338801914146280000911D4A49463F
:109640000297FAF7B5FF1C4B1B68002B21D02100B5
:10965000280098472800F9F7FDFB07B0C0BCB946C1
:10966000B046F0BC08BC04B018470A239C46E0444E
:10967000DEE7380003F0A2FF06002A30F9F78AFB84
:1096800031000B4B0D4A293100970500FAF790FF86
:10969000D9E70B4B22001B682900986801F08AFC6F
:1096A000D8E7C0468C110020FFFF000078F70010BB
:1096B000A0F7001084F70010102B002070F70010A6
:1096C000901100200FB400B583B004AA02CA002391
:1096D00005480192FFF78CFE044B1B68986801F067
:1096E000ADFD0120FBF712F8ACF70010901100203F
:1096F0000069704710B5041E04D0C068002801D06E
:10970000F9F7A8FB2000F9F7A5FB10BD70B51821EB
:1097100005000120F9F75CFB041E14D00560012050
:10972000A840431E0421A0606360F9F751FBE0608C
:10973000002805D00022002322616361200070BD53
:109740002000FFF7D7FF0024F8E7C046F8B5DE4653
:1097500057464E464546436904009C46E0B50069BD
:10976000012924D9CB00CB186668DB00CB18E5684B
:1097700033409A00AA181768002F00D19CE00122FC
:109780005242904609E04F4A91464B4433409A007A
:10979000AA181768002F00D17DE0B94200D177E008
:1097A000012FF0D14246002AEDDA9846EBE701237B
:1097B0005B429A466044F9F77DFAA768051C3800B9
:1097C000F9F778FA4049F9F73EFA011C281CF9F735
:1097D00069FA002806D15046F0BCBB46B246A946FD
:1097E000A046F8BD0120E3680421984623680133B0
:1097F0009840451E2360A0606560F9F7E9FA0023F0
:10980000E06023616361002F36D0BF0047444646C5
:10981000BC46306801282CD9C300C318DB00C3182C
:10982000E7682B409A00BA181168002928D0012255
:109830005242914608E0234A93465B442B409A00EB
:10984000BA181168002908D0884212D00129F2D133
:109850004A46002AEFDA9946EDE72369013323618E
:109860004B46002B0FDB6369013B63614B469B005A
:10987000D85104366645CCD14046F9F7EBFAAAE751
:10988000236901332361043610606645C1D1F3E7D3
:1098900000239A468EE7434601302061002B0DDB02
:1098A00001235B429946CC446346636143469B0077
:1098B000595101239A467DE701302061012311604F
:1098C0009A4677E7911300009A99593F10B50821FD
:1098D00004000120F9F77CFA002803D001235B4241
:1098E0000460436010BDC04602684368116930B52A
:1098F0000133050000290FD0916899420CD00BD993
:10990000D46802E00133994206D99A00A258012A8C
:10991000F8D918006B6001E00120404230BDC0461C
:109920000CC8D2689B0098587047C04610B5FBF72A
:1099300081F80448F7F760FB012200210248F7F79D
:109940000DFB10BD502100206421002010B5041E25
:109950000AD0F7F7FDFEFA2200239200F9F73CF94E
:1099600020606160002010BD01204042FBE7C0463E
:10997000F8B5050017001C000026002B17DB0D4E64
:109980000021300005F09CF92800FFF7AFFAFA2219
:109990000023920038002100F8F718FB02000B00AA
:1099A000300005F0D5F946422800FFF79BFA300059
:1099B000F8BDC046642100200C4810B5016800299C
:1099C00011D00B4A1368002B09D1EFF3108472B643
:1099D0000B68002BFCD0BFF35F8F1368446000203E
:1099E0000133136010BD0120FCE7C0465021002068
:1099F000582100200B490A68002A10D00A48036841
:109A0000002B0CD0013B0360002B01D000207047DD
:109A10004968BFF35F8F136081F31088F6E7012078
:109A2000F5E7C046502100205821002070B5050000
:109A30000C00FFF7C1FF2E6834192C60FFF7DAFF26
:109A4000300070BDF0B5C646804600B516001F0058
:109A5000FFF7B2FF43461C685D6836196F411E6010
:109A60005F60FFF7C7FF2900200080BCB846F0BD4B
:109A700070B504001E001500FFF79EFF2368AB427F
:109A800004D00024FFF7B6FF200070BD6368B34226
:109A9000F7D1049A059B226063600124F2E7C04677
:109AA0000B00034370B506009B070ED1032A0CD9A7
:109AB000114D04E0043A043110C6032A05D90C689C
:109AC0000E4BE318A3432B42F4D03300002406E0EE
:109AD0000D5D013A355501330134002D02D0002AC5
:109AE000F6D170BD00219C18002AFAD019700133FC
:109AF000A342FBD1F5E7C04680808080FFFEFEFEDA
:109B0000F0B5DE464E4645465746E0B5C7B08B46F3
:109B100091461C000F930500069004F089FC036831
:109B20001800189303F04AFD1790002D04D06B6BBA
:109B3000002B01D100F0A0FF5A460C21515E80227B
:109B40005B4692015B6E114205D10A4359468A81F8
:109B5000C74A13404B669B0401D501F02EF95B46C2
:109B60000C229A5E130745D55B461B69002B41D03A
:109B70001A2313400A2B4CD036AB29930023002420
:109B80002B932A9316930023149315940023CA460B
:109B90001A931B930C93B74B36AE1193B64B199394
:109BA00053461B78002B60D0544603E063780134A1
:109BB000002B3BD0252BF9D15346E51A544539D11A
:109BC0002378002B51D0631C9A4600231AAAD3771E
:109BD000012252429146002263780B9200244F46A4
:109BE0005246013219002039582951D8119889005C
:109BF00041588F465946069802F054FF002801D07C
:109C000001F0DBF85B460C229A5E1A2313400A2B04
:109C1000B2D15B460E229B5E002BADDB23004A4691
:109C20005946069801F0D2F90C9029E05346E51AFE
:109C300054451AD0534633602B9B75605B192B93A8
:109C40002A9B01332A93072B06DC08360C9B9C4683
:109C5000AC4463460C93B3E75946069829AA03F02F
:109C6000EDFD002806D136AEF0E72B9B002B01D08E
:109C700000F081FF5B469B895B0601D501F09DF8F2
:109C80000C9847B0F0BCBB46B246A946A046F0BD12
:109C900092461293002BE8D02CAD2B7000231AAA09
:109CA000D377013307930D93002399460A941393B6
:109CB0000E930A9A8423110019402B9C1091134291
:109CC00005D10B9B079A9F1A002F00DD9DE31AAB6D
:109CD000DB7F002B0FD01AAA1F2394466344336006
:109CE000012373602A9B013401332B942A93072BA1
:109CF00000DDBCE308360E9B002B0CD022AB33609A
:109D0000022373602A9B023401332B942A93072B7E
:109D100000DDC3E30836109B802B00D187E24B4661
:109D20000D9A9F1A002F00DDBCE20A9BDB0500D5CF
:109D300022E20D9B35609C4673602A9B644401338C
:109D40002B942A93072B35DC08360A9B5B0705D535
:109D50000B9B079A9D1A002D00DDABE30B9B079A26
:109D6000934200DA13000C9A94469C4463460C9389
:109D7000002C00D0F6E2002336AE2A9310E7303BE9
:109D80000020190083001B185B00C81813780132EB
:109D9000190030390929F5D90B9023E7A34614009F
:109DA0004246641910320133326075602B942A9355
:109DB000072BC9DD5946069829AA03F03FFD002864
:109DC00000D057E72B9C36AEBFE79246072212938E
:109DD0000F9BB9460733934319000CC90F9111002B
:109DE0001A001491159201225B005B081D931C91CF
:109DF000224B52421C981D99F8F793FB002801D082
:109E000000F0AAFC1C981D9901221C4B5242F8F745
:109E100073FB002801D000F09FFC149815990022D4
:109E20000023F8F763FB002801D000F07DFE1AAB99
:109E3000D87F129B472B01DD00F063FE104D80237D
:109E40009C437D3B07930D9300230A9499461393FB
:109E5000B9E00F9908C90B93002B01DB00F064FCFB
:109E60000B9B0F915B420B9304231C431378B8E6C2
:109E7000FFDFFFFF78FD0010DCFE0010FFFFEF7F2B
:109E8000BCF700101378551C2A2B01D101F081F882
:109E9000190030392A000027092900D9A2E6BB00A1
:109EA000DB195B005F18137801321900303909297A
:109EB000F5D9002F00DB95E601277F4292E680234B
:109EC0001C4313788DE62B231AA9CB77137888E6E9
:109ED00001231C43137884E61AA9C97F137800294B
:109EE00000D07EE620311AA8C1777AE612930F9B44
:109EF000924604CB2CAD2A700F93002201231AA99D
:109F0000CA7707930D93CFE612931023B946924672
:109F10001C43A30600D4E7E307220F9B07339343B8
:109F200019000CC90892099301230F9100201AAA65
:109F3000D0774A46002A09DB8022210091430A910A
:109F40000899099A0D00154378D00A9C012B00D17D
:109F50008CE0022B00D1E5E10723B0469C464B463E
:109F6000814636AD07940A93089A099B61465807C3
:109F70001140D708DC0838432E003031013D020083
:109F8000230029702043F1D108920993079C0A9A73
:109F90004846370091464646E20700D4DDE13029C5
:109FA00000D1DAE13023023F013D2B703D0036AB9A
:109FB000DB1B0D930A944B4607930D9B994500DAE2
:109FC000079300231393002802D0079B01330793C4
:109FD0000A9A0223110019400E91134200D168E63B
:109FE000079B0233079302230E9362E6129310231A
:109FF000B94692461C430F9AA30600D45AE307239E
:10A0000007329A4301339C46944463460F93536846
:10A01000126809930892002B00DA5BE31AABD87F31
:10A020004B46002B22DB802322009A430A92089A97
:10A03000099B110019430B1E17D101334A46002A10
:10A0400000D062E1002B00D0E1E201331A0022408F
:10A050000D9236AD2342AED0302126332CAAD154F6
:10A060001AAB6F259C466544A5E70A9C089A099B94
:10A07000002B01D000F074FC092A01D900F070FC1B
:10A080002722089B2CA930338B5401230D931AAB44
:10A090006F259C460A9465448DE712931023B946B8
:10A0A00092461C43A30600D42BE307220F9B0733E1
:10A0B000934319000CC9089209930F91002335E7C7
:10A0C00008231C4313788CE5B946129300230F9F95
:10A0D000924620CF1AAAD3774B46002D01D100F02B
:10A0E00002FC002B01DA00F0D9FC4A4600212800CE
:10A0F00004F040F9421B002801D100F052FE1AABD7
:10A10000D87FD343DB170D921A400023079299465C
:10A110000F970A94139356E720231C43137860E5A6
:10A120000F9B924604CBD849089200220992023232
:10A13000144322AA118078220F93D44BB9461A9364
:10A1400012920223F2E69246A30600D4F4E20F9B99
:10A150000C9A1B681A60D2175A600F9B04330F9336
:10A160001EE513786C2B00D182E310210C4338E5F7
:10A1700040231C43137834E5129B652B00DCFAE086
:10A180001498159900220023F8F7A8F9002800D1A7
:10A19000CAE1BF4B01343360012373602A9B2B94C7
:10A1A00001332A93072B01DD00F059FC0836239B6D
:10A1B000169A934200DBB1E2189B3360179B9C46D2
:10A1C00073602A9B644401332B942A93072B00DD90
:10A1D00042E30836169B5D1E002D00DCB5E5AD4A56
:10A1E0002A9B9046102D00DCDAE51022424491466D
:10A1F000102722005C4604E00836103D102D00DCDC
:10A20000CCE5494610320133316077602B922A93B6
:10A21000072BF1DD2100069829AA03F00FFB002887
:10A2200001D000F027FE2B9A2A9B36AEE5E70B9B68
:10A23000079A9F1A002F00DC71E5964A2A9B9046E8
:10A24000102F04DC1BE0103F0836102F17DD924A58
:10A25000103432601022013372602B942A93072B42
:10A26000F1DD5946069829AA03F0E8FA002800D043
:10A2700000E5103F2B9C2A9B36AE102FE7DC4246B0
:10A28000E41910320133326077602B942A93072B44
:10A2900001DD00F0F6FB4B460D9A08369F1A002FA1
:10A2A00000DC42E52A9B102F01DC00F02DFC199AFE
:10A2B00090461022914603E0103F0836102F17DD1C
:10A2C000754A103432604A46013372602B942A93E7
:10A2D000072BF1DD5946069829AA03F0AFFA0028AA
:10A2E00000D0C7E4103F2B9C2A9B36AE102FE7DC32
:10A2F0004246E41910320133326077602B942A937E
:10A30000072B00DDC9E108360FE500220A9C012B6E
:10A3100001D100F015FD022B01D000F018FC002344
:10A3200008920993089A099B0F21A4468046079634
:10A330001A9E36AD08001040305C013D1C072870A5
:10A340001009044320001F0922003B003843F1D1CB
:10A350006446404608920993079E36AB5B1B0D93FB
:10A360000A9428E65946069829AA03F067FA0028B5
:10A3700000D100E57EE4082399462A9F169B01340C
:10A380000137B144012B00DC45E1012335607360E6
:10A390002B942A97072F00DD12E34B46189A0137BA
:10A3A0001A60179B4A469C46644453602B942A9734
:10A3B000072F00DD12E308239C46E144169B002290
:10A3C000149815995E1E0023F8F788F8002800D02D
:10A3D0003BE14B4601370135A41960C32B942A9702
:10A3E000072F00DD23E108239C46E1444A4625ABC4
:10A3F00013601B9B01379C46644453602B942A973F
:10A40000072F00DDD6E44E469EE4224A2A9B904662
:10A41000102F20DD2200444603E0103F0836102FA5
:10A4200017DD102110320133346071602B922A93B2
:10A43000072BF2DD5946069829AA03F0FFF90028F8
:10A4400001D0FFF717FC103F2B9A2A9B36AE102F36
:10A45000E7DCA04614004246E4190133326077601D
:10A460002B942A93072B00DDC6E208362FE45946C9
:10A47000069829AA03F0E2F9002801D0FFF7FAFBB9
:10A480002B9C36AE37E4C04630780000DCF7001075
:10A49000E4EE0010DCFE0010ECFE001059460698B9
:10A4A00029AA03F0CBF9002801D0FFF7E3FB2B9C8E
:10A4B00036AE30E4A64A2A9B9046102D20DD2200BD
:10A4C0001027444603E0103D0836102D16DD1032EB
:10A4D0000133346077602B922A93072BF3DD5946C2
:10A4E000069829AA03F0AAF9002801D0FFF7C2FBB9
:10A4F000103D2B9A2A9B36AE102DE8DCA0461400A6
:10A5000042466419013324C62B942A93072B00DC9E
:10A5100024E45946069829AA03F090F9002801D0AE
:10A52000FFF7A8FB2B9C19E4239A002A00DC70E2B9
:10A53000139A169B17009A4200DD89E1002F0BDD6C
:10A540002A9BE4190133356077602B942A93072BFB
:10A5500001DD00F0FFFB0836FB43DB171F40139BB8
:10A56000DF1B002F00DDC8E1239B169A934200DA1F
:10A57000E7E10A9AD20700D5E3E1169A1399D31AB4
:10A58000571A9F4200DD1F00002F0DDD139AE419BA
:10A5900094462A9A65440132356077602B942A925A
:10A5A000072A00DDE6E30836FA43D2171740DD1B21
:10A5B000002D01DCFFF7C9FB654A2A9B9046102D50
:10A5C00001DCFFF7EDFB10224244914621003200EE
:10A5D00010275E46069C04E00832103D102D00DC7A
:10A5E000B3E3484610310133106057602B912A9332
:10A5F000072BF1DD3100200029AA03F01FF9002804
:10A6000001D000F055FC2B992A9B36AAE5E70023E0
:10A6100036AD0D93CFE401230A9A134200D0B4E67D
:10A62000356073602B942A97072F00DCDEE65946CD
:10A63000069829AA03F002F9002801D0FFF71AFBB7
:10A6400036AB99462B9C2A9FD0E6169B012B00DC4B
:10A65000CCE6112B01DC00F07BFC3D4B102598462D
:10A660004B4604E00833103E102E00DC3BE2394A32
:10A67000103401371A605D602B942A97072FF1DDA3
:10A680005946069829AA03F0D9F8002801D0FFF707
:10A69000F1FA2B9C2A9F36ABE5E75946069829AA82
:10A6A00003F0CCF8002801D0FFF7E4FA2B9C36AE7B
:10A6B000FFF73BFB08CA0F92E20606D4620604D5F8
:10A6C0001BB20893DB170993A5E40893DB170993E2
:10A6D00000D4A3E408980999002342428B412D201D
:10A6E00008920993012322E40F9A08CA0F92E20606
:10A6F00002D4620600D59BB208930023099301336C
:10A7000014E40F9A08CA0F92E20602D4620600D53A
:10A710009BB2089300230993FFF708FC0A9BDB0711
:10A7200001D4FFF712FB47E513780F91FFF759FAB1
:10A73000B946924612935EE4E30600D52AE1640628
:10A7400000D427E10F9B0C9A1B681A8005E5C046D0
:10A75000DCFE0010ECFE00101498159902000B00AE
:10A76000F7F7DFFE002800D0B4E32023129A9A43C3
:10A7700090464A46E03323430A93159B013200D1A9
:10A78000F5E24246472A00D124E2002B00DAE6E156
:10A79000149A159B1E921F9300230E93129B662BF7
:10A7A00000D00FE34B460793032327AA079F049289
:10A7B00024AA039223AA02920197009306981E9A54
:10A7C0001F9B01F093F9129B0500C719662B05D159
:10A7D0002B78302B00D16EE3239BFF1800221E98AC
:10A7E0001F990023F7F77AFE002800D0D2E2279BBA
:10A7F000BB4206D230215A1C27921970279B9F42D8
:10A80000F9D8239A13925B1B16934346472B00D12A
:10A8100005E2129B662B00D009E201234A46234041
:10A820001343139A002A00DCA2E3002B00D061E35B
:10A83000139B07930D93662312930E9B002B00D15D
:10A8400059E22D231AAAD37700239946FFF7BDFBBF
:10A850001F1E00DD74E67FE65946069829AA02F01D
:10A86000EDFF002801D0FFF705FA2B9C36AEB1E4CE
:10A870004C3B1C4301321378FFF7B3F9B9469246BB
:10A880001293CD4B1A93A30600D489E007220F9BA5
:10A890000733934319000CC9089209930F910223BF
:10A8A000E20701D4FFF742FB0899099A0800104318
:10A8B00001D1FFF73BFB302122AA117012991C43F2
:10A8C0005170FFF733FBB94692461293FFF721FB15
:10A8D0001293BA4BB94692461A93D4E7B9469246B8
:10A8E0001293FFF7DFFB0D93062B00D934E10D9B8C
:10A8F000B34D07930F97FFF7D7F9B24A2A9B9046BB
:10A9000010229146102F05DC02E10836103F102F6F
:10A9100000DCFDE0AC4A103432604A46013372601C
:10A920002B942A93072BF0DD5946069829AA02F0AA
:10A9300085FF002801D0FFF79DF92B9C2A9B36AE9E
:10A94000E4E7189A3260179A944672602A9A64442F
:10A9500001322B942A92072A00DDD2E108360CE658
:10A96000070036AD089809990A220023F7F746FB3D
:10A97000099B3032013D2A700991089A0890002BFA
:10A98000F0D1092AEED836AB5B1B38000D930A9440
:10A99000FFF711FB0F9B0C9A1B681A60FFF7DDFB9A
:10A9A0000F9A08CA0F92E20606D4620604D59BB23B
:10A9B00008930023099372E70893002309936EE735
:10A9C0005946069829AA02F039FF002801D0FFF75E
:10A9D00051F936AB99462B9C2A9FDEE459460698DE
:10A9E00029AA02F02BFF002801D0FFF743F936AB6C
:10A9F00099462B9C2A9FE1E45946069829AA02F021
:10AA00001DFF002801D0FFF735F92B9C36AEFFF76C
:10AA10005EF96E4B01343360012373602A9B2B94E3
:10AA200001332A93072B00DD84E00836002A3BD14E
:10AA300001230A9A1340169A134301D1FFF785F9AF
:10AA4000189B3360179B191973602A9B2B91013354
:10AA50002A93072B00DD95E03000083034E059469A
:10AA6000069829AA02F0EAFE002801D0FFF702F9B1
:10AA70002B9C36AEFFF79BFB069802F069FDFFF7B3
:10AA80005BF85946069829AA02F0D8FE002801D0A2
:10AA9000FFF7F0F82B9C36AEFFF741F9280002F0E3
:10AAA0008DFD0200FFF72BFB189B3360179B1919D4
:10AAB00073602A9B2B9101332A93072B62DC3000B1
:10AAC0000830002A00DA86E1169A0133541805602E
:10AAD00042602B942A93072B01DDFFF76BF90830B6
:10AAE0000600FFF732F9994643464A461033A41947
:10AAF0000137136056602B942A97072F00DC72E40D
:10AB000095E5334DFFF79BF92E4A9046FFF7F0FB92
:10AB10004246E41910320133326077602B942A9355
:10AB2000072B3DDC08361FE52D231AAA2D20D377ED
:10AB3000FFF77FF95946069829AA02F07FFE002800
:10AB400001D0FFF797F8239A2B9C36AE6EE70023CF
:10AB500008920993FFF700FA06230D93C7E61499AC
:10AB6000159A130080221206944663441F932D23E6
:10AB70001E910E9312E65946069829AA02F05EFE2F
:10AB8000FFF778F85946069829AA02F057FE0028E0
:10AB900001D0FFF76FF8239A2B992A9B36A890E7EC
:10ABA0005946069829AA02F049FE002801D0FFF76D
:10ABB00061F82B9C36AED7E4C8F70010DCF7001024
:10ABC000F0F70010DCFE0010ECFE0010E4EE0010C8
:10ABD000C0F700104A46002A00D140E1002B00DAFD
:10ABE000AAE1149A159B1E921F9300230E9327AB84
:10ABF000049324AB039323AB02934B4601930223AC
:10AC0000069800931E9A1F9B00F070FF0500E30753
:10AC100000D5C3E0279B1B1A1693239B1393139A0B
:10AC2000D31C01DB914579DA129B023B12931399F5
:10AC300025AA4B1E994648462393129B13702B233B
:10AC4000002803DA2A3B5B1A99462D2353704B46A2
:10AC5000092B00DCE1E01AAA3B23944663440795E4
:10AC60001F004D46A046B14628000A21F7F760F9BB
:10AC70003E003031013F280039700A21F7F758F9BA
:10AC80002C000500632CEFDC4446B04643469A1E78
:10AC900003001AA930338C4613703B2363444E469D
:10ACA000079D9A4200D371E12E21130061441A7866
:10ACB0001AA80A7084463B220133624401319A4249
:10ACC000F5D1424646AB9B1A713B1B93169B1B99D1
:10ACD0001A008C4662440D92012B00DCDCE0179BCD
:10ACE0000D9A9C466244D343DB170D921A40002311
:10ACF00007921393A1E51AABD87F00239946FFF77B
:10AD000062F95946069829AA02F098FD002801D058
:10AD1000FEF7B0FF239B2B9C36AE2EE4169B139AB6
:10AD2000934200DDA9E0139AE40700D5DDE0D343A8
:10AD30001100DB171940672307910D9212937CE5F0
:10AD4000002308920993FFF79BF9B3460C00160005
:10AD5000FFF726F85946069829AA02F06FFD002849
:10AD600001D0FEF787FF2B9C36AEFFF7F5FB0622DE
:10AD700091460AE55946069829AA02F05FFD002887
:10AD800001D0FEF777FF239B169A2B9CD31A36AE81
:10AD9000FFF70AFC239B13933B0034E54B46C7188F
:10ADA0001CE51AABD87F4B4607930D9300230F97F2
:10ADB00099460A941393FFF706F901235B420C931B
:10ADC000FEF75EFF4346452B00D010E74B460133AC
:10ADD00007930223E9E45742103226DA724A10261A
:10ADE00014009046103403E00830103F102F1EDD91
:10ADF00010310133046046602B912A93072BF3DD59
:10AE00005946069829AA02F019FD002801D0FEF73C
:10AE100031FF2B992A9B36A8E7E7302393704B46E6
:10AE20003033D37004231B9350E75F4A9046424669
:10AE3000C91910320133026047602B912A93072B06
:10AE400000DC0AE65946069829AA02F0F7FC002819
:10AE500001D0FEF70FFF2B992A9B36A834E6002B72
:10AE60005CDB149A159B1E921F9300230E930133F3
:10AE70009946BCE6A346FEF7FDFE179B169A9C4634
:10AE8000139B62440D92002B42DDD343DB171A4023
:10AE9000672307921293D0E40123190021401391F4
:10AEA000234200D01BE7D343DB171A400792C4E4C8
:10AEB000B346FEF7DFFE00221E981F990023F7F726
:10AEC0000DFB002847D0239B9C46674413937B1BB4
:10AED0001693A2E4159B002B45DB1AABD87F129B7F
:10AEE000472B3DDC314DFEF7AAFF179B9C46624481
:10AEF0000D92CAE7130017994B441A008C4662441E
:10AF0000D343DB170D921A4066230792129394E401
:10AF10000D9B139A9B1A5A1C0D92B6E71499159A19
:10AF2000130080221206944663441F932D230E9330
:10AF30002C3B99461E915AE61499159A13008022CB
:10AF40001206944663441F932D231E910E934EE6E2
:10AF5000154B9846C8E50123079A9B1A23933CE4B6
:10AF6000134DFEF76CFF2D231AAA2D20D377B6E7D9
:10AF7000002B06D10123079365331293653B0D9394
:10AF80005BE4179B01331A004A44B9E702231B9381
:10AF90009CE60F9980C9002F01DA01277F42537880
:10AFA0000F912A00FEF71DFEDCFE0010C4F7001012
:10AFB00018EF001010B504001300034A10680A00CF
:10AFC0002100FEF79DFD10BD9011002070B5060018
:10AFD00002201A4CA5440C0089898143684681816E
:10AFE000616E1991E189C181E16930000791616A5F
:10AFF00009911AA9009104918021C900029105913B
:10B00000002106916946FEF77BFD051E0CDA6B46B2
:10B010009B895B0603D54022A3891343A3812800A3
:10B020008D23DB009D4470BD6946300000F0F0F8D0
:10B030000028ECD001256D42E9E7C04698FBFFFFF0
:10B04000024670B50A4392072AD11E4DEE0104C88C
:10B0500008C9541B9443344017D0D0B2D9B2401A17
:10B060002106014310D190B299B2401A2104014344
:10B070000AD110021902000A090A401A21020143EA
:10B0800002D1100E190E401A70BD9A42DFD010BACC
:10B0900019BA884201D9012070BD0020C04370BD9B
:10B0A00002780B7801300131002A09D09A4207D189
:10B0B00002780B7801300131002A01D09A42EFD09A
:10B0C000D01A70BD01010101F0B5C64600B50C22D1
:10B0D0008B5E07000C001A0751D480254A682D01A9
:10B0E0001D438D81002A00DC6CE0A66A002E42D050
:10B0F0003A68E169904600223A60DB0467D4002296
:10B1000001233800B0470200431C00D16EE00C233D
:10B11000E55EA66AE1696D0706D56368D21A236BFE
:10B12000002B01D0E36BD21A00233800B047431C38
:10B130004FD139680C22A35E1D2962D8324ACA4019
:10B14000D2075ED5314A1A40A2810022626022698C
:10B150002260DB0401D5002946D04346216B3B60C9
:10B16000002908D023004033994202D0380001F072
:10B1700059FD00232363002080BCB846F0BD0E6952
:10B18000002EF8D00D680022AD1B0E609B0700D189
:10B190004A69A260002D04DCEDE736182D1A002D57
:10B1A000E9DD636A3200984638002B00E169C04748
:10B1B0000028F2DC4022A38913431BB20120A381A3
:10B1C0004042D9E7CA6B002A00DD8EE7D3E7226D43
:10B1D000A1E70C22A35E0D4A1A40A2810022626000
:10B1E00022692260DB04B8D52065B6E73B68002BF6
:10B1F00000D18CE71D2B01D0162BDBD143463B60E1
:10B20000B9E740221343D9E701004020FFF7FFFFD1
:10B2100070B504000D00002802D0436B002B09D04C
:10B220000C22AB5E0020002B03D029002000FFF78A
:10B230004BFF70BD02F08CF9F2E7C04670B5041EFA
:10B2400015D00E4B1D68002D02D06B6B002B0AD061
:10B250000C22A35E0020002B00D170BD210028002D
:10B26000FFF732FFF9E7280002F072F9F0E7044A2D
:10B270000449054803F0B8F8EFE7C04690110020F4
:10B28000C816002011B200109811002030B5002A15
:10B2900026D003000B439B0724D1032A22D9164D45
:10B2A0000BE0043A002A1BD0144C1C199C432C427E
:10B2B00016D104300431032A14D903680C68A34260
:10B2C000EFD004780D78A54213D1012306E0C45CC9
:10B2D000CD5CAC420DD101339A4201D0002CF6D1A5
:10B2E000002030BD04780D78AC4202D1012AECD1A7
:10B2F000F6E7601BF5E7C04680808080FFFEFEFE1B
:10B30000030010B50A0003490868190000F00AF8A4
:10B3100010BDC04690110020014B18687047C04610
:10B320009011002070B50B0C0024150C002B28D1B7
:10B33000002D3CD18BB291B2594300F053F8051E59
:10B3400033D00300083B5A6803239A43043A242A63
:10B3500012D80300132A0AD90460446008331B2A58
:10B3600005D98460C460242A2AD003001033002247
:10B370001A605A609A6002E00021F7F783FD280006
:10B3800070BD002D16D1151C89B292B24A43ADB2E0
:10B390009BB26B43110C5B18190C0BD1190492B2C0
:10B3A000114300F01FF8051ECBD10025E7E72B1C49
:10B3B0000D1CE9E7FFF7B0FF0C2300250360DEE773
:10B3C0000300046118334461D1E7C046030010B59F
:10B3D0000A0003490868190001F010FE10BDC046BC
:10B3E00090110020F0B54E464546DE465746E0B582
:10B3F0000D000B35060085B0162D27D8102900D971
:10B40000DAE001F0A3FF102518230221C84FFB1832
:10B410001A005C68083A944200D147E1032263684D
:10B42000A1689343E268CA6091600121E3185A68F9
:10B4300030000A435A6001F08BFF2000083005B04D
:10B44000F0BCBB46B246A946A046F0BD07239D43CB
:10B4500000D5B1E0A94200D9AEE001F077FFFC23AE
:10B460005B009D4200D296E1690A00D1A8E0042960
:10B4700000D950E138239846A90988443931CB00D6
:10B48000082252429446AA4FFB189C446346DC684B
:10B49000A44514D0032399460B0061469C4607E05F
:10B4A000E068002A00DBFBE0814200D1FCE0040000
:10B4B0004A46636893435A1B0F2AF1DD41463A001E
:10B4C0003C690832944200D1D9E003206368834389
:10B4D000581B0F2800DD62E13A617A610028A4DA86
:10B4E0007A68904680229200934200D3E4E0DA0822
:10B4F000580901238340404618438046D300DB1996
:10B500009A687860E360A2609C60D46001208B1030
:10B51000984040455CD8434603420AD103239943EF
:10B52000434640000431034203D14000043103424A
:10B53000FBD00323B3469C460E00B8460190F000B2
:10B5400040440100B246CB680BE064465A681F00D5
:10B55000A243DB68541B0F2C00DDEFE0002C00DB66
:10B5600009E19942F1D101239946CA445346083171
:10B570009B07E8D1032205E003680838013E8342B7
:10B5800000D003E23242F7D14346019A5B6893430D
:10B5900042465360019A520001929A4216D8002AFC
:10B5A00006D113E004229146019ACA445200019246
:10B5B0001342F7D05646C2E70C23002033603EE723
:10B5C00080233F22402190469B0059E75E46474634
:10B5D0000322BC68636893439A46AB4202D35A1B6A
:10B5E0000F2A4FDC230053440293524B0820994604
:10B5F0001B6810335B19019301F0E6FC4E49039080
:10B600000B688B46013306D08446019B4242013BC6
:10B610006344134001933000019901F0FDFF0300E2
:10B620008046013300D1D8E0029B834200D9D2E0AA
:10B630004B4601995A688C46624403995A60029BB2
:10B6400010000139434500D0E5E043460B4200D0ED
:10B65000E1E0BB6801219846634653440B434146F1
:10B660004B604946C96A914201D24946CA6249467D
:10B67000096B914201D249460A634446AFE07B68B8
:10B68000984643E7012329001A431943651961606D
:10B690003000BD606A6001F05BFE20000830CEE63D
:10B6A000A268D0608260C0E6614608E7DC680231CB
:10B6B000A34200D103E7B1E65A0A042A00D883E086
:10B6C000142A00D908E110005B3082465C32D200B7
:10B6D000082040428446BA189444624692680B306F
:10B6E0008146944500D1DFE00800A24661468446C9
:10B6F00002E09268914204D04C465068A0439842C0
:10B70000F7D8D368614654469C466346A260E3601E
:10B710009C60D460FAE614296ED9542900D9E4E07B
:10B720006E239846290B88446F31CB00A8E6C046AB
:10B73000C0120020A41C0020B8120020BA4601202C
:10B740005146844649190543504645608568474639
:10B750006046EB605E469D605346396179612043E7
:10B7600008374860CF6030008F609C5001F0F0FDDA
:10B770005046083063E6BA4601205E46524451689E
:10B7800001435160BA683000D3609A6001F0E0FD77
:10B790003800083053E62B00E908083336E6611913
:10B7A000884601218C460D434146656039617961C7
:10B7B000CA608A60624602434A60E050300001F08D
:10B7C000C7FD200008303AE69A09100039323830B7
:10B7D0008246D2007CE7BC4214D0BC686368032276
:10B7E00093435A1BAB4202D30F2A00DD4AE73000D5
:10B7F00001F0AEFD002022E65B23984688445C31D0
:10B80000CB003DE64B465868019B9C464B46604446
:10B810005860039B591E5B461B68013370D043463A
:10B82000029A9B1A4A461B18536007234246404619
:10B830001A400292184240D00398013384469B1A62
:10B84000019A98444244019263440A409B1A194069
:10B8500030008B4601F0E0FE431C77D04346C01A0F
:10B8600003005B4401934B465A6801205A445A60D6
:10B8700043464146BB60019B03434B60BC4200D141
:10B88000EFE653460F2B3FD907210C3B8B436168F2
:10B890000140052019436160E118486088600F2B62
:10B8A00049D843465B68DCE6534698100123834041
:10B8B000404618438046786027E7019B039A43443B
:10B8C0000B40D31A194030008B4601F0A5FE431CF3
:10B8D000C4D100239B46C6E7542A17D81A0B100080
:10B8E0006F326E308246D200F2E6AA235B009942A4
:10B8F00017D8DD3B9846E90B88447831CB00BFE58B
:10B900005B4642461A6090E7486070E7AA20400014
:10B91000824226D8DA0B1000783277308246D20085
:10B92000D6E61C4B994226D87C239846A90C88441D
:10B930007D31CB00A4E521003000083101F072F91F
:10B940004B465A68BB6898465B688AE6019A029B38
:10B9500094464246083B63449B1A019300239B464E
:10B9600081E70C4882420CD89A0C10007D327C3062
:10B970008246D200ACE6FE237E227F2190469B00C9
:10B980007EE5FE227E2092008246A1E643465B6869
:10B9900000E6C04654050000F0B54546DE46574671
:10B9A0004E46E0B503690D6985B080460A000191F5
:10B9B000AB4200DA98E00700013D1432AB001437C7
:10B9C000D618FB1803931B6802929A4633685046B8
:10B9D000013319009946F6F7D3FA0400CA4543D358
:10B9E000029A002394462A0060461D00B4461E00B9
:10B9F0003B00B946924627001C0004C81104090CFC
:10BA00007943120C7A4389190B0CD2182368090464
:10BA10009B461B04090C1B0C5B1A5946160C12049E
:10BA20005B19090C120C8A1A191452181B041514EC
:10BA30001B0C1204134308C48445DED2039A3C0055
:10BA4000136866464F465546002B0DD11300043B44
:10BA50009F4204D306E0043B013D9F4202D21A6894
:10BA6000002AF8D043461D614046019902F014FABD
:10BA7000002826DB00239C46230039006446B94693
:10BA8000AA469C46029820C80A682F0413041B0C7F
:10BA90003F0CDB1B1B19120C2C0C121B1C14121953
:10BAA0001B0414141B0C1204134308C18642EAD26F
:10BAB00055464F46AB00FB181A686446002A0CD066
:10BAC0000134200005B0F0BCBB46B246A946A046F2
:10BAD000F0BD1A68002A03D1013D043B9F42F8D310
:10BAE000434601341D61ECE70020EBE7F0B54E461C
:10BAF0004546DE4657461400E0B51D00816B9FB0F9
:10BB0000814604940595002909D00123C26B934016
:10BB10004A608B6001F0CAFE00234A4693632E0000
:10BB20000023002D03DA6E007608059601332B9A68
:10BB300013603200D64B1A409A4200D196E1049A23
:10BB4000059B100019000022002306900791F6F7CC
:10BB5000C5FC002812D001232A9A13602C9B002BCD
:10BB600002D0CC4B2C9A1360CB4B039303981FB09D
:10BB7000F0BCBB46B246A946A046F0BD1CAB019343
:10BB80001DAB00934846069A079B02F0F9FA330D65
:10BB9000834600D0A6E11D9B1C9F9846BF4BB8442E
:10BBA0004344202B00DC62E34022D31A9E40BC4B6E
:10BBB00030004344DC402043F6F7C0FC46460123F6
:10BBC000B84C013E09190E930022B74BF6F713FC4F
:10BBD000B64AB74BF6F73FFCB64AB74BF6F714FC3C
:10BBE000040030000D00F6F7ADFCB44AB44BF6F794
:10BBF00032FC02000B0020002900F6F705FC0400CF
:10BC00000D00F6F7B7FC0022824600232000290031
:10BC1000F6F76CFC00280BD05046F6F793FC2B008F
:10BC20002200F6F75BFC4342584153461B1A9A46E2
:10BC3000BF1B7B1E98465346162B00D9D0E20698B0
:10BC4000079952469F4BD2009B181A685B68F6F71B
:10BC50004DFC002800D15AE101235B429C460023A1
:10BC6000E2441093002309934346002B04DA012396
:10BC7000DB1B0993002398465346002B00DB4DE164
:10BC80005246099B0A929B1A099353420C93002334
:10BC90009A46289B092B00D949E1052B00DCC5E217
:10BCA000043B00242893032B01D100F06DFC01DC40
:10BCB00000F059FC289B042B01D000F008FC012364
:10BCC0000B93299B002B01DC00F05AFC1D00119303
:10BCD000089301220423172D01DC00F007FC5B0010
:10BCE0001800143011000132A842F8D94B46D9632C
:10BCF000484601F0B3FD0390002801D100F0B5FEE5
:10BD00004B46039A9A63089B0E2B00D97CE0002CCB
:10BD10007AD00A98002801DC00F019FD0F210200FA
:10BD2000684B0A40D2009B1806111C685D68C30569
:10BD300001D500F00AFC069A079B12921393022386
:10BD40000D93002E12D0604F012333420AD00D9B79
:10BD50002000013329000D933A687B68F6F77BFBDE
:10BD600004000D0076100837002EEDD112981399BB
:10BD700022002B00F6F751FB06000F00109B002B52
:10BD800009D0002230003900504BF6F7AFFB0028F5
:10BD900001D000F0FCFB0D98F6F7D4FB32003B001D
:10BDA000F6F759FB00224A4BF6F72EFB494A0B00E7
:10BDB000944663441290139113930A9B1A93089B21
:10BDC0000D93002B01D000F009FC00223000390057
:10BDD000414BF6F710FB129E139F32003B0004000C
:10BDE0000D00F6F799FB002801D000F0DAFD802065
:10BDF00000068446390061440B003200200029000F
:10BE0000F6F774FB00282AD11D9B002B00DAFDE019
:10BE10000A9A0E2A00DDF9E00A9A2A4BD2009B18F2
:10BE20005C681B6804930594299B002B00DB8DE064
:10BE3000089B002B00DD89E0089B002B0FD10498A4
:10BE400005990022244BF6F706FB02000B0006982A
:10BE50000799F6F751FB002801D100F0A2FD00235D
:10BE60000024039E0693299BDD43E9E21B4B2A9A9B
:10BE70003603360B1360264342D12C9B002B01D195
:10BE800000F0E2FD164B039308332C9A13606DE625
:10BE90000000F07FE5EE0010E4EE00103204000038
:10BEA00012040000000010FE0000F83F61436F63C1
:10BEB000A787D23FB3C8608B288AC63FFB799F50C3
:10BEC0001344D33F60000110380001100000F03F20
:10BED00000001C400000C0FC000014400F270000C0
:10BEE000F8F70010069C079D20002A03CA4C120B8D
:10BEF0001443CA4A21009E1800231C9F0E9363E638
:10BF00002C9B002B00D0D8E2C54B03932EE6002FCC
:10BF100001DC00F053FC00231093099353460A936D
:10BF200000230C93289BD044092B00D8B5E60122AE
:10BF3000002301240B92023A2893089229930023AC
:10BF40004A46D363089B00211193D1E6039B01333A
:10BF50001293049A059B069C079D20002900F6F782
:10BF60005CFAF6F707FB0600F6F7ECFA049A059B75
:10BF7000F6F771FA02000B0020002900F6F73BFAF1
:10BF80003300039A30331370089B129F012B01D1A9
:10BF900000F01DFC01239846531E9A464346B846BE
:10BFA0001F0021E0049A059B20002900F6F735FACE
:10BFB000F6F7E0FA0600F6F7C5FA049A059BF6F7DD
:10BFC0004AFA02000B0020002900F6F714FA0123B8
:10BFD0009C463300524630330137D355089BE0442A
:10BFE000BB4201D100F0F2FB00228E4BF6F733FA90
:10BFF0000022002304000D00F6F770FA0028D1D0CB
:10C0000047460A9B3E0001330993BFE00B9A002A82
:10C0100000D0EAE0002300240C9E099D0B93002D24
:10C020000DD04346002B0ADD2B00454500DD6FE2B5
:10C03000099AED1AD21A09924246D31A98460C9BD5
:10C04000002B0CD00B9B002B03D0002E01D000F056
:10C0500005FC594648460C9A01F038FE83460121FA
:10C06000484601F02DFD53460690002B00D00DE20E
:10C07000289B012B00DC98E001231F221100434480
:10C0800019401A4200D1AEE020235B1A042B00DCD9
:10C0900017E21C235B1A099AED1894469C446246E9
:10C0A00098440992099B002B05DD59461A00484621
:10C0B00001F074FE83464346002B05DD42464846A8
:10C0C000069901F06BFE0690109B002B00D0C1E199
:10C0D000089B002B00DC97E10B9B002B00D0D8E0E5
:10C0E0000A9B013309930125039B2F005E1E069BCB
:10C0F000A2465D4634009846089E07E029000023CA
:10C100000A22484601F0DCFB0500013741462800C1
:10C11000FFF742FC3030E055BE42EFDC089BAB46F7
:10C12000070054460125002B00DDEFE1039B9C46F0
:10C1300000239A46654459460122484601F02EFEE6
:10C140000699834601F0A8FE002800DCD3E1039A9B
:10C1500002E0AA4200D1F3E22E00013D2B78392BF8
:10C16000F7D001332B704846069901F09FFB002C55
:10C170000CD05346002B05D0A24503D0514648466B
:10C1800001F094FB2100484601F090FB59464846D7
:10C1900001F08CFB0023099A33702A9B1A602C9BB8
:10C1A000002B00D1E2E41E60E0E4049B002B00D0F1
:10C1B00062E70499059A1300120300D05CE71A495C
:10C1C00000220B4206D0099B01320133099301235F
:10C1D0009C46E04453469246002B00D14CE760E178
:10C1E000012310933EE51C2355E7289A012A00DC21
:10C1F00096E2089B0C9A5E1EB24200DA8AE1961B18
:10C20000099AD51A002B00DA90E19C46099AE0447D
:10C2100015006244099289E10000F03F01FCFFFF34
:10C2200004F80010000024400000F07F289B012447
:10C23000032B00D1A8E100DD3CE5022B01D100F089
:10C2400010FC00244B4621004846DC6301F006FB4D
:10C250000390A04201D100F008FC4B46039A2994B8
:10C260009A6301230B93023B11930893CCE52022A0
:10C270002000D31A98409FE4002321000A22484658
:10C2800001F01EFB119B04000A96002B00DCCEE39C
:10C290000893002D05DD21002A00484601F07EFDAF
:10C2A00004005346A046002B00D0C1E2089A039B2D
:10C2B00094469A46013B9C446346099301235746A2
:10C2C0005E46C246049A1A400C92069D3000290030
:10C2D000FFF762FB302203009446210063440B9079
:10C2E00030009B4601F0D8FD290080465246484662
:10C2F00001F0F0FDC3680500002B34D101003000CF
:10C3000001F0CAFD29000890484601F0CFFA089BC9
:10C31000289A134359D10C9B002B00D145E3434687
:10C32000002B00DA4CE35B463B70099B7D1CBB4253
:10C3300000D114E3310000230A22484601F0C0FA7C
:10C34000002306000A2221004846544537D001F058
:10C35000B7FA5146040000230A22484601F0B0FA19
:10C360002F008246B1E7454601004846D046BA460E
:10C370005F46B34601F09AFA002D06DB0123049ACA
:10C380001340289A15432B4330D159460122484681
:10C3900001F004FD0699834601F07EFD002800DCD3
:10C3A000E7E0392F00D1EFE20B9F313753465E1C97
:10C3B0001F700A9BA246013344460993D3E601F05D
:10C3C0007FFA2F00040082467FE74346002B00DA05
:10C3D0003EE3289A13430C9A134300D138E3089B99
:10C3E000002BA0DDD046BA465F46B346392F00D1B8
:10C3F000CAE253465E1C0A9B013701330993534638
:10C40000A2461F704446AEE6289B022B00DC63E682
:10C41000089B039E002B00D025E50699052248467F
:10C4200001F04EFA01000690584601F035FD002853
:10C4300000DC18E53123039A0A9D561C1370013560
:10C440004846069901F032FA6B1C0993002C00D083
:10C4500098E69BE65846069901F01EFD002800DB91
:10C4600036E60A9B59460A2248465E1E002301F022
:10C4700027FA0B9B8346002B00D0FDE6119B002B77
:10C4800000DCC7E20A9A089309922CE601005246A2
:10C49000484601F01BFC289B0690012B4CDD002335
:10C4A0009A46069A9446136903339B00634458687E
:10C4B00001F0B2FA20231B1ADFE5D44B03930333B8
:10C4C000E3E4042B00D1EDE53C235B1AE3E505230F
:10C4D0002893043B0B930A9A299B94466344119337
:10C4E00001331D1E089301DDFFF7F3FB00214B46CE
:10C4F000D963FFF7FDFB002802D1FF0700D526E630
:10C500002E00013D2B78302BFAD02CE61D000DE6D5
:10C5100043468DE50C9B0C96F31A9A44089B002623
:10C520009C46099AE044150062440992012148465C
:10C5300001F0C6FA040072E5049B002BAFD1049908
:10C54000059A13001203AAD139E6B14B0E401A6ABC
:10C550005B6A06980799F5F760FF03231290139121
:10C560000D93FFF7EEFB0223289300230B93FFF7B5
:10C57000A8FB002800D019E7FB0700D511E715E755
:10C58000012308932993DAE400230B93A3E7089B84
:10C59000002B00D119E2119C002C00DC34E40A9B32
:10C5A0000022013B300039001A939A4BF5F753FFF4
:10C5B00006000F000D980130F5F7C4FF32003B0074
:10C5C000F5F749FF0022944BF5F71EFF934A0B0045
:10C5D00094466344129013910D94139339003000E4
:10C5E000F5F7C8FF129B139C8D49169317948C4640
:10C5F0000D9C1B91631EDB00634419685A681490FC
:10C6000018911992F5F79EFF02000B0030003900D7
:10C61000F5F7F1FE039E149B04000B98771C303352
:10C62000DEB20D00189A199B1297002800D12EE156
:10C6300000207C49F5F7F1FE169A179BF5F7DBFE13
:10C64000039B22001E702B0014901591F5F764FFD8
:10C65000002800D0D0E1002352469A464346189362
:10C660005B461692BB46149E159F129334E001233D
:10C670009C460D9BE2449A4500DBC3E1002230005A
:10C680003900644BF5F7E7FE0022624B06000F000D
:10C6900020002900F5F7DFFE0D000400F5F76AFF22
:10C6A0008046F5F74FFF02000B0020002900F5F748
:10C6B000A2FE01239C4643460D0004005146039A06
:10C6C00030335354200032003B002900E344F5F797
:10C6D0000DFF002800D08CE122002B0000205249E1
:10C6E000F5F789FE32003B00F5F700FF0028BED0C9
:10C6F000129B5F469B46012294461A9B039A634411
:10C70000984602E0BA4200D139E13E00013F3B7851
:10C71000392BF7D00133DBB23B704346099335E543
:10C720000E9A002A00D116E1404A94466344099AC1
:10C73000984494469C44634615000C9E0993F5E684
:10C740003123039A1370099B013309930BE50A9B6C
:10C75000002B00D10DE1069807990F225C42224080
:10C760002F4BD2009B181A685B68F5F774FE2411F2
:10C7700012901391002C00D160E1022206000F00FC
:10C780000023234D0D92012222420BD00D9B30003D
:10C79000013339000D932A686B68F5F75CFE0123BD
:10C7A00006000F0064100835002CECD1002B01D0DE
:10C7B000FFF7E4FA129E139FFFF7E0FA0123DB1B59
:10C7C0000993002398461093FFF7A8FB4746020001
:10C7D0000B00F5F719FE0A9B0400013398460993F4
:10C7E000049A059B0D00F5F797FE002809D1049ADD
:10C7F000059B20002900F5F771FE002803D0F607FD
:10C8000001D5039A81E73E00C0E4C04604F8001059
:10C81000380001100000244000001C400000C0FC53
:10C82000600001100000E03F0000F03F3304000012
:10C830004846616801F012F8051E00D11CE1210094
:10C8400022690C31023292000C30F6F721FB0122F2
:10C850002900484601F0A2FA804627E5210032006F
:10C86000484601F033FA5A4601000400484601F0F8
:10C8700057F907005946484601F018F80C9BBB468B
:10C880009B1B0C9301D1FFF7EAFBFFF7E2FB169825
:10C890001799F5F7E0FD0D9B0E900F9103991A0083
:10C8A0008C4662440E700B923E00012B1BD000227E
:10C8B000744B20002900F5F7CEFD0D000400F5F7BC
:10C8C00059FE0700F5F73EFE0B000200290020008C
:10C8D000F5F791FD30370B9B3770013604000D00E2
:10C8E000B342E4D11F000E980F990022664BF5F772
:10C8F0008BFD22002B00F5F7F9FD002800D0FAE6A9
:10C900000E9A0F9B00206049F5F775FD22002B0061
:10C91000F5F702FE002814D11D9B002B01DAFFF76A
:10C9200079FB0A9B0E2B01DDFFF774FB1B9A0A9B18
:10C930009446DB0063445C681B6804930594FFF72E
:10C9400008FB3E00013F3B78302BFAD01A9B0133A5
:10C950000993FFF71BFC36231C9A9B1AE7E6D04687
:10C960000A9B5F460133A246B34644460993FFF74C
:10C97000E2FB0223069E079F0D93FFF7FFF90122BA
:10C9800094463123E044C7E6534652465D1C3923A2
:10C9900013700A9BA24601334446039A0993FFF79A
:10C9A000DBFB00230024069344E54546D046BA4607
:10C9B0005F46B346392FE7D0002D00DDF4E4F5E4FF
:10C9C000D046BA465F46B346F0E40D98F5F7BAFD97
:10C9D00032003B00F5F73FFD00222C4BF5F714FD2C
:10C9E0002B4A0B0094466344129013911393FFF764
:10C9F000ECF9129B5F469B461A9B3E00013309935C
:10CA0000FFF7C4FB169B9A46189B9846129B9B46C1
:10CA1000FFF7FAF9289B022B05DC0A9B0993119B6F
:10CA20000893FFF760FB119B0A960893F0E4119BB3
:10CA30000893289B022B00DDEAE42AE40223129EDD
:10CA4000139F0D93FFF79AF9124B0393FFF78EF89C
:10CA5000089BD046BA465F46B346002B00DD94E4FF
:10CA6000A4E400230B93FFF72CF9B02100220A4B1A
:10CA70000A48FF31F7F74EFE0022074B07480849E6
:10CA8000F7F748FE000024400000E03F00001C4093
:10CA90000000C0FCF8F7001008F800101CF80010A7
:10CAA000EF020000314B70B5050018680C0000283B
:10CAB00002D0426B002A4FD00C22A35E1A071DD56C
:10CAC0002269002A24D0D90708D50021A160616914
:10CAD00000204942A161002A08D070BD00219807BA
:10CAE00000D461690020A160002AF6D11A06F4D5AD
:10CAF00040221343A38101204042EEE7DA062ED5FF
:10CB00005A0714D4226908210B43A381002ADAD1E1
:10CB1000A02180208900800019408142D3D02100CB
:10CB2000280001F08DFC0C22A35E2269CBE7216B6B
:10CB300000290AD022004032914204D0280000F09F
:10CB400071F80C22A35E0022226324229343002268
:10CB5000626022692260D6E700F0FAFCACE70922A5
:10CB60002A6040221343A381C5E7C04690110020EC
:10CB7000F0B5C646060000B508200D0000F024FA06
:10CB80000400300000F0E2FB234B210098469B6834
:10CB90005F6803239F4338001138401B0019F5F7E5
:10CBA000EFF9451E6543AC4208DC0021300000F07F
:10CBB00033FD43469B68DB19984206D0300000F0F5
:10CBC000C7FB002080BCB846F0BD3000694200F0D1
:10CBD00023FD01300ED0012243467F1B9B68174383
:10CBE0000E4A5F60136830005B1B136000F0B0FBFF
:10CBF0000120E7E70021300000F00EFD43469A686F
:10CC0000831A0F2BDADD064C04492468001B0860E8
:10CC100001210B435360D1E7C0120020A81C002063
:10CC2000B8120020F8B5CE46474605000C0080B586
:10CC3000002957D000F08AFB012321009C460839C7
:10CC400048686246030003249343CF187A68654E10
:10CC5000A243B468BC4200D170E0BC18A14664464F
:10CC60007A60044221D10868091A1B188868804636
:10CC7000484640682040340008348146A04551D0E1
:10CC80004046CC68C460A0604846002811D19B187B
:10CC90005548BA68824200D17FE0F868D06082606F
:10CCA00001221A434A60CB5007E0484640682042C0
:10CCB000EDD062461A434A603B6080229200934264
:10CCC00014D2DA0858090123834070680343736063
:10CCD000D3009B199A68CB608A609960D160280064
:10CCE00000F036FBC0BCB946B046F8BD5C0A042C67
:10CCF0003DD89C09200039343830E40034192268CA
:10CD0000083C0327944203D140E09268944203D048
:10CD10005068B8439842F8D8D468CC608A60A16063
:10CD2000D160DCE7002858D1B868D218FB68C3602E
:10CD30009860634613434B608A50D0E79A18634665
:10CD4000034206D10B68C91A8868D218CB68C36041
:10CD50009860012313434B60244BB1601B689342DE
:10CD6000BDD8234B28001968FFF702FFB7E7142C42
:10CD700007D9542C1AD81C0B20006F346E30E400F5
:10CD8000BCE720005C345B30E400B7E7012380108F
:10CD90008340706803437360BFE7D1609160CA60ED
:10CDA0008A6001221A434A60CB5098E7AA225200B7
:10CDB000944205D8DC0B200078347730E4009DE7FE
:10CDC0000C4A944205D89C0C20007D347C30E40051
:10CDD00094E7FE247E20A40090E762461A434A604E
:10CDE0003B607CE7C0120020C8120020BC1200206B
:10CDF000A41C00205405000010B50A22002100F0F8
:10CE0000C3F810BD10B50A23002200F0ADF810BD24
:10CE1000F0B557464E464546DE46E0B582460F0021
:10CE200090461E00994683B0242B43D8012B41D055
:10CE30000B0008204A4D1A0014780133295D08427E
:10CE4000F9D11D002D2C00D176E02B2C3ED0454B86
:10CE50009B4600230193002E53D1302C00D173E068
:10CE60000A2399460A3649465846F5F789F82B00B1
:10CE70008C463D000200270000214C460020E14680
:10CE8000AC463D00303D092D07D9113D192D03D980
:10CE90003D00613D192D20D80A35AE421DDD4F1CE5
:10CEA00005D082422AD327D00121604328181F7859
:10CEB0000133E6E7FEF730FA16230360002003B0E3
:10CEC000F0BCBB46B246A946A046F0BD1C78254B37
:10CED000951C9B4600230193BDE767464A1C21D061
:10CEE000019A002A00D040424246002AE7D0002999
:10CEF00033D143461F60E2E7A945D5DA0121494213
:10CF0000D5E7102EAFD110239946302CABD120227B
:10CF10002B789343582BA6D110236C789946102672
:10CF20000235A0E7222251460A6042465846002AAE
:10CF3000C5D058465F1EDCE71C7880231B069B4645
:10CF40000123951C019386E720222B789343582BCD
:10CF5000E2D008230826994685E78346E9E7C046DC
:10CF6000FDFE0010FFFFFF7F10B5FFF751FF10BD62
:10CF700010B504001300034A10680A002100FFF7EF
:10CF800047FF10BD9011002010B504001300034AA4
:10CF900010680A002100FFF73BFF10BD9011002030
:10CFA00010B5034B01001868FEF71CFA10BDC0460F
:10CFB0009011002010B5034B01001868FFF732FEF6
:10CFC00010BDC04690110020802310B55B010828D9
:10CFD00001D1180010BDFEF79FF916230360173B1F
:10CFE000F7E7C04610B50A22002100F01BFC10BD77
:10CFF00010B50A23002200F005FC10BDF0B557461D
:10D000004E46DE464546E0B50C000600170083B0EC
:10D01000002900D1ACE000F099F908235B42994661
:10D02000A1444B465B68032219003D0091430B3538
:10D03000CA468846162D67D81025AF4267D8A8453E
:10D040006EDA4946C04841444A6800908068934679
:10D05000884200D1A0E0012084461000624690433F
:10D0600008184068104200D077E05A4603208243F7
:10D070009346C3445D454EDD6046184212D14B468F
:10D0800048461B68C31A03209B465B688343D2183B
:10D0900042440092954200DCCCE0434400939D4220
:10D0A00000DCCBE039003000FEF79CF9071E00D110
:10D0B0001EE14B4601225B68934302004B44083A51
:10D0C000934200D1E3E04246043A242A00D9E3E047
:10D0D00003002100132A09D92368036063684360B1
:10D0E0001B2A00D9DCE00300083108330A681A6003
:10D0F0004A685A608A689A6030002100FFF792FD02
:10D10000300000F025F920E00432954395D50C233A
:10D110000027336019E0D846CB688A68D3609A60EC
:10D1200043465F1B5346012250465B684044134010
:10D130000F2F22D841460B4351464B60436813439F
:10D140004360300000F004F92700380003B0F0BC61
:10D15000BB46B246A946A046F0BD1A42A2D14B46F4
:10D160004A461B68D31A03229B465B68934394E7A5
:10D170001100FEF737F90700E7E751462B4349193D
:10D18000554617436B604F60436808311343436053
:10D190003000FFF747FDD4E703218A439446290076
:10D1A000C44410318C4500DB84E0DB0700D579E70F
:10D1B0004B4648461B68C31A03209B465B68834363
:10D1C000D21842440192914200DD66E75B465A461E
:10D1D000DB6892685F46D3609A604246043A08373B
:10D1E000242A00D999E03B00132A0AD9594623681A
:10D1F0008B606368CB601B2A00D993E05B460834E0
:10D20000103322681A6062685A60A2689A605B46AE
:10D2100001225919009B30009960019B5B1B13434D
:10D220004B605B465B6813405A462B43536000F0EB
:10D230008FF88AE7CB688A68D3609A605B465A4663
:10D24000DB6892685F46D3609A604246043A0837CA
:10D25000242A17D83B00132A09D9594623688B6022
:10D260006368CB601B2A39D85B46083410332268C8
:10D270001A6062685A60A2689A60009B3C009846F7
:10D28000DA464DE72100380001F098F9F5E703226E
:10D290005B689343984443E7210001F08FF92BE743
:10D2A000A3688360E368C360242A26D0030010319A
:10D2B00010331BE74B465919009B012299606346C6
:10D2C0005B1B13434B604B465B68300013404A4680
:10D2D0002B43536000F03CF8270036E7A3680B614E
:10D2E000E3684B61242A10D05B4610341833BEE744
:10D2F000300000F02DF8002727E72369183103617B
:10D300000300626918334261F0E623698B615B4672
:10D3100062692033CA611834A9E72100380001F09E
:10D320004DF974E7A3680B61E3684B61242A03D0CD
:10D330005B461034183364E723698B615B4662698E
:10D340002033CA6118345CE7C01200207047C04621
:10D350007047C0460020704710B5034A034904488F
:10D3600001F042F810BDC046C81600206DE600105E
:10D370009811002041680B4B10B50400994201D070
:10D3800001F074F9A168084B994202D0200001F025
:10D390006DF9E168054B994202D0200001F066F971
:10D3A00010BDC046DC1C0020441D0020AC1D002028
:10D3B00000207047F8B5CE464746344C344B354ACA
:10D3C0002000002580B51A600423082200215C306B
:10D3D00025606560A560656625616561A561E3609E
:10D3E000F5F750FD2C4B2000994623622B4B2C4F18
:10D3F00098466362CC23E5502A4B2B4E636780230B
:10D4000008220021C430E550A762E662A566E56601
:10D410002567A567E567E461F5F734FD22008423FD
:10D420006832E2504A460433E25042462000043358
:10D43000E2500433E7500433E6503C33E550043304
:10D44000E5500433E550194A5C33E550583BE2504F
:10D450000433E5502D300433E55008220433002115
:10D46000FF30E550F5F70EFD2200EC23D032E250FC
:10D470004A460433E25042460433E2500433E75054
:10D480000433E650C0BCB946B046F8BDDC1C0020F1
:10D49000D81C002059D300103DE7001069E70010A8
:10D4A000A9E7001009000100D9E7001012000200EE
:10D4B000F8B5244B07001B68002B3BD0224E736845
:10D4C000B468013B03D51BE06834013B18D30C2240
:10D4D000A55E002DF8D120001C4B08220021E3603E
:10D4E00065662560A560656025616561A5615C3044
:10D4F000F5F7C8FC256365636564A5642000F8BD85
:10D500003568002D01D02E00D9E7D621380049001A
:10D51000FDF768FF041E10D00423D022056025000B
:10D5200043600C300021A0605200F5F7ABFC346082
:10D530002E00C4E7FFF73EFFC0E70C2330603B60DE
:10D54000DCE7C046D81C0020C81600200100FFFF01
:10D55000436B10B5002B00D010BD044B4363044B4C
:10D560001B68002BF8D1FFF725FFF5E775D30010F6
:10D57000D81C00207047C0467047C04610B5002038
:10D58000024A034900F030FF10BDC046C816002013
:10D5900055D3001010B50020024A034900F024FFC3
:10D5A00010BDC046C8160020B1D3001010B5010050
:10D5B00000230022002001F015F910BD10B58307EB
:10D5C0000AD00300032102E001330B4205D01A7890
:10D5D000002AF9D1181A10BD030019680C4A0D4C25
:10D5E0008A188A4322420FD15968094A04338A189B
:10D5F0008A43224208D15968054A04338A188A436B
:10D600002242F1D000E001331A78002AFBD1E1E791
:10D61000FFFEFEFE80808080002370B5064C050072
:10D6200008002360F7F722F8431C00D070BD236880
:10D63000002BFBD02B60F9E7141E002070B5074CBF
:10D64000074D641BA41005D0013CA300EB5898477C
:10D65000002CF9D101F00AFB70BDC046A8ED001006
:10D66000A8ED0010F0B5DE464E4645465746E0B5FB
:10D6700089B00D00059193461E00082107905F4870
:10D680002B001C780135025D1142F9D12D2C00D1FF
:10D6900084E02B2C4BD001235B420393584B049323
:10D6A00000230693002E08D1302C00D180E00A23FD
:10D6B0009A4600230A36994605E0102E00D182E0F2
:10D6C000F317B246994652464B4603980499F4F72D
:10D6D00095FC23000F0080460292002000220021CA
:10D6E00013E0B94201D140451ED8804543D052468F
:10D6F0004B46F5F771FAE31700940193009B019CE8
:10D700000122C01861412B7801351C00303C092CE6
:10D7100004D9113C192C0DD8373B1C00A64211DD51
:10D72000531CF0D0B942DCD901225242EBE72C78ED
:10D730009D1CB0E71C00613C192C03D8573B1C0012
:10D74000A642EDDC531C1ED0069B002B04D0030028
:10D750000C0000215842A1415B46002B04D0002A56
:10D7600048D15B46059A1A6009B0F0BCBB46B24688
:10D77000A946A046F0BD8F42B9D1029BA342B6DABA
:10D7800001225242BFE72223079A13605B46002B17
:10D790002DD06B1E039804990593E2E72C789D1C0D
:10D7A0000023039380231B0604930123069379E748
:10D7B00020222B789343582B11D008239A4600231C
:10D7C000082699467FE7302C04D010239A46002380
:10D7D000994678E720222B789343582BF5D11023D4
:10D7E0009A4600236C789946102602356BE7039819
:10D7F0000499B9E703900491CBE7C046FDFE001001
:10D80000FFFFFF7F10B5FFF72DFF10BD10B504001F
:10D810001300034A10680A002100FFF723FF10BD20
:10D820009011002010B504001300034A10680A008C
:10D830002100FFF717FF10BD9011002010B5140054
:10D8400092680023002A05D0220001F041F800224E
:10D850000300A26000221800626010BD436C70B526
:10D8600004000D00002B0AD0AA009B18186800289D
:10D870000ED002681A6000230361C36070BD2122CC
:10D880000421FDF74FFD031E6064EDD10020F5E794
:10D890000126AE40721D012120009200FDF742FDDD
:10D8A0000028F3D045608660E5E7C046002906D031
:10D8B0004A68436C92009B181A680A6019607047A6
:10D8C000F0B5C6461F008046002300B50E000D6966
:10D8D00014310C6801332004000C5043240C5443D1
:10D8E000C019070CE4190004270C000C24042418A8
:10D8F00010C19D42EDDC002F08D0B368AB4209DDBA
:10D900002B1D9B00F31801355F603561300080BC32
:10D91000B846F0BD716840460131FFF79FFF041E15
:10D9200017D0310032690C31023292000C30F5F719
:10D93000AFFA434672685B6C92009B181A683260BB
:10D940001E6026002B1D9B00F31801355F603561BA
:10D95000DCE70022BA21024B0248F6F7DBFEC046A4
:10D9600008F8001048F80010F8B54746CE46060003
:10D97000180080B50C00083009211F009046F4F70C
:10D98000D7FA092F3BDD012500216D000131A842A6
:10D99000FBDC3000FFF762FF011E32D0089B4361C1
:10D9A000012303614346092B16DC092398460A34F8
:10D9B00047450CDD4346E719FF1A23780A22300059
:10D9C000303BFFF77DFF01340100BC42F5D1080078
:10D9D000C0BCB946B046F8BD09239946A1444D469E
:10D9E00044442B780A223000303BFFF769FF0135B1
:10D9F0000100A542F5D14446083C4C44D8E700213B
:10DA0000C7E70022024B0348D331F6F783FEC04636
:10DA100008F8001048F8001080220300520200208D
:10DA2000934201D21B04103080225204934201D24F
:10DA300008301B0280225205934201D204301B01A0
:10DA40008022D205934203D3DB43DB0FC01870471B
:10DA500099009B0004D403301142F8D12020F6E74E
:10DA60000230F4E703680200590707D0D9071ED433
:10DA7000990720D55B080360012070470020190436
:10DA800001D11B0C1030FF21194201D108301B0AB3
:10DA9000190701D104301B09990701D102309B08F5
:10DAA000D90702D401305B0803D01360E5E70020FA
:10DAB000E3E72020E1E79B0803600220DDE7C046A2
:10DAC000436C70B504000D00002B0AD05868002884
:10DAD00015D002685A600023C360013345610361B9
:10DAE00070BD21220421FDF71DFC031E6064EDD1F1
:10DAF00046210022084B0948FF31F6F70BFE1C2295
:10DB000001212000FDF70EFC0028F1D00123436025
:10DB100001338360DFE7C04608F8001048F80010C2
:10DB2000F0B54E4657464546DE46E0B50B691669E8
:10DB30008A469146984685B0B34204DB3300894655
:10DB40004646924698464B4659684346F5184B461A
:10DB50009B68AB4200DA0131FFF780FE071E00D15F
:10DB6000A9E014239C4684446346AC006444180036
:10DB70000022A34202D204C39C42FCD814234B448B
:10DB80009B46434651469B0098461431B600884454
:10DB90005E44414574D204239A464B4615339E4257
:10DBA00000D380E05B460193434600935346B4465E
:10DBB000A246AB46B9460C00029306E02D0C31D1CB
:10DBC000009B04340430A34257D925682B04190C58
:10DBD000002BF3D0019D5346A04600260C00824640
:10DBE0002F00039308CF01681A04120C62431B0C28
:10DBF0000D0463432D0C52199219090C5B18110C7A
:10DC00005B1812041E0C120C1B04134308C0BC4505
:10DC1000E8D850464446039B9A46029BC650256866
:10DC20002D0CCDD0060000220368A04660461900E6
:10DC30001400B446019F3A88090C6A43121952181D
:10DC40001B0411041B0C0B43336010CF7168240CB0
:10DC50006C430B041B0CE318120C9B181C0C0436B1
:10DC6000B842E8D86246844610004446029A04341A
:10DC70008350009B0430A342A7D854465D464F46CC
:10DC8000002D03DC06E0013D002D03D0043C236899
:10DC9000002BF8D038003D6105B0F0BCBB46B24661
:10DCA000A946A046F0BD4B46F31A153B9B0801332D
:10DCB0009B009A4676E7B1210022024B02484900B8
:10DCC000F6F728FD08F8001048F80010F8B503230F
:10DCD00047461400CE461A0080B50E0007002240C9
:10DCE000234234D1A41023D03D6C002D38D0012321
:10DCF0009846002399464346234208D1641017D022
:10DD00002868002819D0050043462342F6D02A008F
:10DD100031003800FFF704FF002E06D072687B6CDC
:10DD200092009B181A6832601E6006006410E7D1EA
:10DD30003000C0BCB946B046F8BD2A002900380002
:10DD4000FFF7EEFE4B46286005000360DCE70F4B53
:10DD5000013A9200D2580023FFF7B2FD0600C1E756
:10DD600001213800FFF77AFD051E07D0084B4361FB
:10DD700001230361002338640360B8E746210022D1
:10DD8000044B0548FF31F6F7C5FCC0460000011002
:10DD90007102000008F8001048F80010F0B5454680
:10DDA000DE4657464E46E0B50D002B6954119846A5
:10DDB000A04443465E1CAB6883461700496883B0A5
:10DDC0009E4203DD01315B009E42FBDC5846FFF7BB
:10DDD00045FD8446002853D0010014310B00019109
:10DDE000002C0CDDA400220000201432624401C388
:10DDF0009342FCD1019B9946A1444B4601931F22BB
:10DE00002B0011002C691433A40039408A461C19D8
:10DE10003A422FD00132521A9146002701985146BA
:10DE20001A688A403A4304C04A4680CBD7409C4295
:10DE3000F5D82A0015320423944204D3631B153B02
:10DE40009B0801339B00019AD750002F00D1464612
:10DE500063461E615B4660466A685B6C92009B1875
:10DE60001A682A601D6003B0F0BCBB46B246A946E2
:10DE7000A046F0BD019904CB04C19C42FBD8E6E763
:10DE8000EF210022024B03484900F6F743FCC0464D
:10DE900008F8001048F8001002690B6930B5050059
:10DEA000D01A9A4214D19B0014351431EA18CB18B9
:10DEB00001E095420CD2043A043B146819688C4284
:10DEC000F7D000238C425B4102205B4218400138AE
:10DED00030BDC046F0B5454690465746DE464E46F4
:10DEE0004346E0B50A691B690F0083B0D11A9A4214
:10DEF00000D098E03D0042469900143514326B186A
:10DF0000521802E09D4200D395E0043B043A1C689D
:10DF100011688C42F6D001258C4203D3434600257C
:10DF2000B8461F0043465968FFF798FC844600280E
:10DF300000D194E014224244914614224346390011
:10DF4000624492460022C56038691B691431800022
:10DF50004D4608189C004C44BB46142607009946C1
:10DF600010000A0000950194434602CA9D590B0413
:10DF70002C041B0C240CE41A63462418090C2D0CE9
:10DF80006D1A2114691824040814240C09040C4384
:10DF90009C5104369742E7D8020038005F4600994A
:10DFA0004B46894639000026153188427641C01B10
:10DFB00015388008250083460427019CF1B2002E05
:10DFC00036D14846C0195744B8463E009946070026
:10DFD00084423BD9130020CF2904090C8918091465
:10DFE0002A0CED1889182D040A142D0C09040D4370
:10DFF00020C6BC42EED8013C221A9208920042444C
:10E000004B461600002D04D1043E3268013B002A25
:10E01000FAD062461361604603B0F0BCBB46B2461C
:10E02000A946A046F0BD0125002900DB76E779E787
:10E03000471CBF00C5E70021FFF710FC84460028FD
:10E0400013D00123036100234361E4E70026002984
:10E0500001D15644D6E75A4696005644D2E70022EC
:10E06000054B06480649F6F755FB0022024B0348CC
:10E070000449F6F74FFBC04608F8001048F80010B6
:10E0800045020000370200000D4A0E4B94460B403B
:10E0900063440022002B02DD1900100070475B4230
:10E0A0001915132903DC80231B030B41F4E71439F2
:10E0B00001221E2902DC80221206CA400023EBE75F
:10E0C0000000C0FC0000F07FF8B506004746CE46D1
:10E0D00004691436A4003419231F1D6880B5280074
:10E0E0000F009846FFF798FC2022111A03003960B0
:10E0F0000A282EDD07000B3F464519D208235B4254
:10E100009C46A44463461B68002F1AD01900D21BFA
:10E11000D140BD409146194A0D432A431100BB40EE
:10E12000664511D24A460C3C2468D44023430BE098
:10E130000B2805D0BD40114B2B431900002303E0F1
:10E1400000230E4A2A4311001800C0BCB946B0464D
:10E15000F8BD2F00153A121AD7409146074A3A43A4
:10E1600011000027464503D24A46083C2768D7409D
:10E1700015339D402B003B43E6E7C0460000F03FCF
:10E18000F0B5012183B014001D00FFF767FB061EE8
:10E190004AD02B036F001B0B7F0D02D0802252034D
:10E1A00013430193002C16D101A8FFF75BFC012457
:10E1B000019B203073613461002F24D01D4B352426
:10E1C0009C46089B67443F181F60241A3000099B37
:10E1D0001C6003B0F0BD68460094FFF743FC019C4F
:10E1E00000281FD0202322001B1A9A40C44013008D
:10E1F000009A019413437361B461631E9C4101341E
:10E200003461002FDAD10C4B9C46089B60441860A7
:10E210000A4BE3189B00F3185869FFF7FDFB6401F4
:10E22000241AD3E7009BE6E70022054B0548064980
:10E23000F6F770FACDFBFFFFCEFBFFFFFFFFFF3FBE
:10E2400008F8001048F800100F030000F0B5CE46A3
:10E25000474680B585B0884602A98146FFF734FF5E
:10E2600004000D00404603A9FFF72EFF02000B003B
:10E27000404649460069096900920193091A49011B
:10E28000884602980399401A0100414400290BDD99
:10E2900009054F193D0020002900F4F7BEF805B02C
:10E2A000C0BCB946B046F0BD09055B1A0193009A9F
:10E2B000019BF0E710B50400172809DD002007498D
:10E2C0000022074B013CF4F7C6F8002CF8D110BD32
:10E2D000044BC4001B1918685968F8E70000F03FA8
:10E2E00000002440600001101300013970B54C118A
:10E2F0001169013414338900A400591804198B42A0
:10E300000AD2050040CB40C59942FBD88B1A153B79
:10E310009B0801339B00C018844203D9002308C026
:10E320008442FCD870BDC04610B5040002691434A4
:10E33000481182420ADA9200A31803E0043B1A68EB
:10E34000002A14D1A342F9D8002010BD8300E3189D
:10E350008242F7DD1F22100008400A42F2D01968FD
:10E360000A00C240824001209142EED1EAE701203A
:10E37000EBE7C04670B5CCB283070DD0531E002A20
:10E380000FD0032504E00130284206D0013B08D31A
:10E390000278A242F7D170BD1300032B03D8002BE3
:10E3A00014D10020F7E7FF220A401502AD182A0415
:10E3B0000B4EAD1803E0043B0430032BEFD9026889
:10E3C00008496A40511891433142F4D0C31802E021
:10E3D00001309842E5D00278A242F9D1DBE7C0468D
:10E3E00080808080FFFEFEFEF8B54746CE46884618
:10E3F00080B58146170000267D68BC68013D0DD4BC
:10E40000A389012B07D90E22A35E013303D021007B
:10E410004846C04706436834013DF1D23F68002FAB
:10E42000EAD13000C0BCB946B046F8BDF030704704
:10E4300000487047C417002000487047C4170020E8
:10E44000F0B5C64600B50C228B5E05000C0096B0F8
:10E450009A0709D5230043332360236101236361B5
:10E4600016B080BCB846F0BD0E22895E002928DBBC
:10E470006A4600F007FA002821DBF023019F1B0207
:10E480001F40264B80269C4667447B425F41802389
:10E49000DB009846360141462800FCF7A3FF002820
:10E4A0001BD08022A3892060134342461BB2A38164
:10E4B00020616261002F1FD13343A381D0E70C227A
:10E4C000A35E00271B0612D540239846280041462C
:10E4D0000026FCF787FF0028E3D10C22A35E9A05F3
:10E4E000BED40322934302221343A381B2E78023C5
:10E4F000DB0098460026CEE728000E23E15E00F000
:10E50000D5F9002802D10C22A35ED5E70322A38906
:10E510009343012213431BB2CEE7C04600E0FFFF46
:10E5200070B50C001E000E23C95E150096B00029C0
:10E5300015DB6A4600F0A6F9002810DBF0230199EC
:10E540001B0219400B4B80209C4661444B425941B1
:10E5500080230001DB0031602B6016B070BDA38901
:10E5600000211B0602D540230020F4E78023002071
:10E57000DB00F0E700E0FFFF30B583B0069D034C01
:10E580000095E4256459A04703B030BDD41600209F
:10E5900082B000290AD0002A0BD0002B0BD01378B0
:10E5A0000B601078431E984102B0704701A9002A01
:10E5B000F3D10020F8E702204042F5E7F0B58842A9
:10E5C0000AD98B18984207D2531E002A03D0CA5C7E
:10E5D000C254013BFBD2F0BD05000F2A0AD8561EDB
:10E5E000002AF8D00023CC5C1A00EC540133964288
:10E5F000F9D1F0E703273E000D430C0003002E4045
:10E600002F422DD11500103D2D09AC462F013F188A
:10E6100025681D6065685D60A5689D60E5681034CB
:10E62000DD601D001033BD42F2D165460F230C247E
:10E6300001352D01491913404519144213D0043BEB
:10E640009B0801339B008C59AC5104369E42FAD191
:10E6500003231A40AD198919561E002AC2D1BAE700
:10E660000500561EBEE71A00B9E7C04670B50600A1
:10E670000C1E08D0002802D0436B002B3BD00C228C
:10E68000A35E002B02D10025280070BD21003000C0
:10E69000FCF71AFDE36A0500002B04D03000E169A5
:10E6A000984700281DDBA3891B061FD4216B002976
:10E6B00008D023004033994202D03000FEF7B2FA6E
:10E6C00000232363616C002904D03000FEF7AAFA0E
:10E6D00000236364FEF74EFF0023A381FEF74CFF87
:10E6E000D2E70125A3896D421B06DFD530002169E1
:10E6F000FEF798FADAE7FEF72BFFC0E710B5034BF9
:10E7000001001868FFF7B2FF10BDC046901100204D
:10E7100070B5E025014C6459A04770BDD4160020A7
:10E72000002909D0FF2A02D801200A7070478A23E5
:10E73000036001204042F9E70020F7E770B50C00C4
:10E740000E25495F00F05EFA002803DB236D1B18DD
:10E75000236570BDA389024A1340A381F9E7C0462F
:10E76000FFEFFFFF00207047F8B50C001F000C23DF
:10E77000C95E05001600CB050AD40A4B32001940C9
:10E780002800A1810E23E15E3B0000F067F8F8BD90
:10E790000E23E15E0022022300F048FA0C23E15E22
:10E7A000EBE7C046FFEFFFFF70B50C000E25495F99
:10E7B00000F03CFA431C07D08023A2895B0113437D
:10E7C0001BB22065A38170BDA389024A13401BB20E
:10E7D000F8E7C046FFEFFFFF10B50E23C95E00F05B
:10E7E000FFF910BDF0B5C6461A4C00B52568002DDE
:10E7F0002AD06C681F2C2ADC002808D10020631C5A
:10E800000234A4006B60615180BCB846F0BD88271B
:10E81000A600AE19F2510137FF37BC460122AC44C5
:10E820006746A2403F6890461743624617608427B8
:10E830007F00F3510228E1D1280042468D30FF309D
:10E84000036813430360D9E7034D2560D1E7012036
:10E850004042D9E7A81F0020181E002070B5040010
:10E86000080011001A000023054D2B60F5F72AFF60
:10E87000431C00D070BD2B68002BFBD02360F9E750
:10E88000141E0020002370B5074D0400080011007D
:10E890002B60F5F731FF431C00D070BD2B68002BB7
:10E8A000FBD02360F9E7C046141E0020002370B59A
:10E8B000064C050008002360F5F722FF431C00D03A
:10E8C00070BD2368002BFBD02B60F9E7141E0020DD
:10E8D000F0B54E46DE4657464546E0B5936883B0F0
:10E8E0000C0091460090002B5FD00C23CA5E1307EA
:10E8F00063D50B69002B60D04B461F68930723D567
:10E90000636A00269A46B34B00259846E169002DBC
:10E9100016D02B00454500D9AE4B32000098D047A9
:10E92000002859DD4B464A469B6836181B1A2D1A9B
:10E930009360002B39D0636AE1699A46002DE8D1D3
:10E940003E687D680837E2E7D30762D50023B84602
:10E9500000209A4600261F00002E45D000284CD0EB
:10E960003B00B3469E4200D99B4620682269A568B9
:10E970006369904203D9ED18AB4500DDFEE05B45CD
:10E9800000DDEEE0656A5246E1690098A847051E81
:10E9900022DD01207F1B19D04B464A469B68AA44C2
:10E9A0005B1B761B9360002BD6D1002003B0F0BC1C
:10E9B000BB46B246A946A046F0BD21000098FEF72E
:10E9C00071F800280DD10C23E25E95E72100009834
:10E9D000FCF71EFC0028DFD00C22A35E402213436C
:10E9E000A38101204042E1E70822434694465E6845
:10E9F000E044002EF8D01B689A4632000A215046A7
:10EA0000FFF7B8FC002800D1DBE053460130C71AFD
:10EA1000A6E7002380219A4689008B465646554634
:10EA20002068A36884469846002D5CD059460A4267
:10EA30005DD09A46AB4200D990E09023DB001A42A9
:10EA400032D02169431A6069019343001B18D80F23
:10EA5000C3185810019B824601335B19834201D9C8
:10EA60009A461800520500D497E001000098FCF780
:10EA7000B9FC8046031E00D1A6E0019A2169F4F793
:10EA800007FAA389544A134080221343A3814346C3
:10EA90002361019B1A004244944622605246A846D4
:10EAA000AA46D31A6261A360524631006046FFF75E
:10EAB00085FD4246A8460025A36820689B1A50445D
:10EAC000A36020604B4642469B6846449B1A4A46D8
:10EAD000936000D169E70C23E25E2068A368844656
:10EAE0009846002DA2D13E687D6808379AE72269D2
:10EAF00082421BD362699046AA4217D8802328001D
:10EB00001B069D4200D335484146F3F711FA4346B0
:10EB1000626A43439046E16932000098C04700288A
:10EB200000DC59E780464346ED1ACBE79846AB42F6
:10EB300000D9A84642463100FFF740FD4246A3688F
:10EB400020689B1A4044A3602060002BEBD1210079
:10EB50000098FCF75DFB0028E5D03DE7A846AA46F3
:10EB6000A2E75A465146FFF729FD5A46A3685D467B
:10EB70009B1AA36023685B4423600AE751462A007E
:10EB8000FFF71CFD236821005B1900982360FCF748
:10EB90003FFB002800D1FCE61EE702000098FEF7CC
:10EBA0002DFA8046002800D071E7009D21692800D9
:10EBB000FEF738F88022A3899343743A1BB22A6087
:10EBC0000CE7731C1F00CCE6009A0C3313600C2278
:10EBD000A35E03E700FCFF7F7FFBFFFFFFFFFF7FDC
:10EBE000002370B5064C050008002360F5F77CFD96
:10EBF000431C00D070BD2368002BFBD02B60F9E7CD
:10EC0000141E002070B50400080011001A00002333
:10EC1000054D2B60F5F744FD431C00D070BD2B68FB
:10EC2000002BFBD02360F9E7141E002070B5040010
:10EC3000080011001A000023054D2B60F5F758FD60
:10EC4000431C00D070BD2B68002BFBD02360F9E77C
:10EC5000141E0020034B10B5002B02D00248FEF713
:10EC6000A5FC10BD000000003DD60010F8B5C04660
:10EC700001B40248844601BC604700BFF90300208C
:10EC800001B40248844601BC604700BF1D03002058
:10EC900001B40248844601BC604700BF0D1000204B
:10ECA00001B40248844601BC604700BFC90400208B
:10ECB00001B40248844601BC604700BFED0C00204F
:10ECC00001B40248844601BC604700BF290100200E
:10ECD00001B40248844601BC604700BF0D1000200B
:10ECE00001B40248844601BC604700BFB101002066
:10ECF00001B40248844601BC604700BF8D02002079
:10ED000001B40248844601BC604700BFF101002005
:10ED100001B40248844601BC604700BF7D0D00205D
:10ED200001B40248844601BC604700BFC50C002006
:10ED300001B40248844601BC604700BF2D0D00208D
:10ED400001B40248844601BC604700BF690100204D
:10ED500001B40248844601BC604700BFC1000020E6
:10ED6000111D00103D1D0010211F0010752E0010F8
:10ED7000D5250010052D0010491E0010591D00104A
:10ED8000791D00108D1D00108D0F0010951D0010B5
:10ED900055130010D91C0010CD09001055EC0010BF
:08EDA000A9530010FD02001050
:10EDA8006C665F7363686564756C652829206361A8
:10EDB8006C6C65642061667465722073746F702072
:10EDC8007461672E000000007363686564756C6584
:10EDD8002063616C6C656420776974682061206EBB
:10EDE800656761746976652065787472615F6465CA
:10EDF8006C617920256C6C642E205265706C61639F
:10EE0800696E672077697468207A65726F2E0000D2
:10EE18004C45442053746174653A2025620A000009
:10EE28003F000000626C696E6B5F6D61696E000087
:10EE3800426C696E6B0000000A2A2A2A2050414E53
:10EE48004943202A2A2A0A004E6F207370696E6C83
:10EE58006F636B732061726520617661696C6162B2
:10EE68006C6500004E6F20757365722049525173AE
:10EE78002061726520617661696C61626C65000071
:10EE8800486172647761726520616C61726D2025DA
:10EE98006420616C726561647920636C61696D6579
:10EEA80064000000486172642061737365727400C5
:10EEB8004F7574206F66206D656D6F727900000064
:10EEC80052656C6561736500626F6F74325F77328B
:10EED8003571303830000000322E322E30000000FC
:10EEE800706F6C6F6C755F3370695F323034305F90
:10EEF800726F626F740000004465632031362032FF
:10EF080030323500666E692B00000000666E6900BD
:10EF18006E616E00666E692D000000002C2066751B
:10EF28006E6374696F6E3A20000000006173736548
:10EF38007274696F6E2022257322206661696C6580
:10EF4800643A2066696C6520222573222C206C693E
:10EF58006E65202564257325730A000055415254B7
:10EF680020737464696E00005541525420737464B0
:10EF78006F7574005541525420737464696E202F64
:10EF8800207374646F7574005553422073746469F8
:10EF98006E202F207374646F757400005261737053
:10EFA8006265727279205069000000005069636FD1
:10EFB80000000000426F6172642043444300000077
:10EFC8005265736574000000556E68616E646C6507
:10EFD800642049525120307825780A006570202530
:10EFE8003032582077617320616C726561647920D2
:10EFF800617661696C61626C6500000043616E272F
:10F008007420636F6E74696E75652078666572200A
:10F018006F6E20696E61637469766520657020255E
:10F02800303258002D000000256C6C640000000090
:10F038002C2530336C6C64004F7574206F66206D1E
:10F04800656D6F72792100005F6C665F616476613F
:10F058006E63655F74616728293A20417474656D31
:10F068007074656420746F206D6F76652028656CF8
:10F078006170736564292074616720746F20282586
:10F088006C6C642C202564292C20776869636820BF
:10F098006973206561726C696572207468616E209D
:10F0A8006F7220657175616C20746F2074686520BB
:10F0B80028656C6170736564292063757272656E6A
:10F0C80074207461672C2028256C6C642C202564BE
:10F0D800292E00000A436F6D6D616E642D6C696E98
:10F0E8006520617267756D656E74733A200A000059
:10F0F80020202D662C202D2D66617374205B747280
:10F108007565207C2066616C73655D002020205742
:10F1180068657468657220746F2077616974206609
:10F128006F7220706879736963616C2074696D65AA
:10F1380020746F206D61746368206C6F6769636108
:10F148006C2074696D652E0A0000000020202D6F68
:10F158002C202D2D74696D656F7574203C64757253
:10F168006174696F6E3E203C756E6974733E000071
:10F1780020202053746F7020616674657220746853
:10F18800652073706563696669656420616D6F7574
:10F198006E74206F66206C6F676963616C20746998
:10F1A8006D652C20776865726520756E69747320AB
:10F1B800617265206F6E65206F6600002020206EEA
:10F1C8007365632C20757365632C206D7365632CE0
:10F1D800207365632C206D696E7574652C20686FCB
:10F1E80075722C206461792C207765656B2C206FF3
:10F1F800722074686520706C7572616C73206F661C
:10F208002074686F73652E0A0000000020202D6BA3
:10F218002C202D2D6B656570616C6976650000008A
:10F228002020205768657468657220636F6E746962
:10F238006E756520657865637574696F6E2065768F
:10F24800656E207768656E207468657265206172E6
:10F2580065206E6F206576656E747320746F2070FC
:10F26800726F636573732E0A0000000020202D77EB
:10F278002C202D2D776F726B657273203C6E3E00CB
:10F28800202020457865637574656420696E203C8C
:10F298006E3E207468726561647320696620706FC1
:10F2A800737369626C6520286F7074696F6E616C26
:10F2B8002066656174757265292E0A0020202D6903
:10F2C8002C202D2D6964203C6E3E00002020205407
:10F2D8006865204944206F66207468652066656407
:10F2E80065726174696F6E207468617420746869EE
:10F2F800732072656163746F722077696C6C206A21
:10F308006F696E2E0A000000436F6D6D616E642098
:10F31800676976656E3A0000257320002D2D6661B9
:10F32800737400002D2D66617374206E65656473B7
:10F33800206120626F6F6C65616E2E007472756556
:10F348000000000066616C7365000000496E76611C
:10F358006C69642076616C756520666F72202D2D4E
:10F36800666173743A202573000000002D2D7469BE
:10F378006D656F75740000002D74696D656F757427
:10F38800000000002D2D74696D656F7574206E6521
:10F398006564732074696D6520616E6420756E699B
:10F3A80074732E00496E76616C69642074696D65AA
:10F3B8002076616C75653A20257300006D7365636E
:10F3C8000000000075736563000000006E736563DC
:10F3D80000000000686F7572000000007765656BBB
:10F3E80000000000496E76616C69642074696D657F
:10F3F80020756E6974733A20257300002D2D6B6596
:10F408006570616C697665002D2D6B656570616C42
:10F41800697665206E65656473206120626F6F6C24
:10F4280065616E2E00000000496E76616C6964208B
:10F4380076616C756520666F72202D2D6B65657021
:10F44800616C6976653A2025730000002D2D776F71
:10F45800726B6572730000002D2D776F726B657289
:10F4680073206E6565647320616E20696E746567CC
:10F47800657220617267756D656E742E7300000089
:10F48800496E76616C69642076616C756520666F7B
:10F4980072202D2D776F726B6572733A2025732E4B
:10F4A800205573696E6720312E0000002D2D726F74
:10F4B800732D617267730000556E7265636F676EB6
:10F4C800697A656420636F6D6D616E642D6C696E19
:10F4D8006520617267756D656E743A20257300004A
:10F4E8002D2D2D2D20456E762025752077617320D2
:10F4F8006E6576657220696E697469616C697A6592
:10F50800640000002D2D2D2D205468657265206142
:10F51800726520257A7520756E70726F63657373D6
:10F52800656420667574757265206576656E74739A
:10F53800206F6E20746865206576656E742071751D
:10F548006575652E000000002D2D2D2D2054686551
:10F5580020666972737420667574757265206576A5
:10F56800656E74206861732074696D657374616D6C
:10F57800702028256C6C642C202564292061667411
:10F588006572207374617274207461672E000000C4
:10F598002D2D2D2D20436C656172656420257A75AB
:10F5A80020756E70726F6365737365642065766528
:10F5B8006E74732066726F6D207468652065766559
:10F5C8006E742071756575652E0000002D2D2D2D2A
:10F5D80020456C6170736564206C6F676963616C4A
:10F5E8002074696D652028696E206E736563293AF9
:10F5F8002025730A000000002D2D2D2D20456C615B
:10F608007073656420706879736963616C207469CC
:10F618006D652028696E206E736563293A2025730D
:10F628000A0000004F7574206F66206D656D6F725B
:10F63800793A206661696C656420746F207365741B
:10F648007570205F6C665F746F6B656E5F72656363
:10F6580079636C696E675F62696E000050757474D7
:10F66800696E6720746F6B656E202570206F6E2041
:10F678007468652072656379636C696E6720626976
:10F688006E2C2062757420697420697320616C7215
:10F69800656164792074686572652100546F6B65D3
:10F6A8006E206265696E672066726565642074689D
:10F6B80061742068617320616C726561647920628D
:10F6C80065656E2066726565643A202570000000E5
:10F6D800436F756C64206E6F7420696E7365727405
:10F6E800207265616374696F6E20696E746F207231
:10F6F80065616374696F6E5F710000004661696CD3
:10F70800656420746F20726567697374657220740C
:10F7180065726D696E6174696F6E2066756E63746B
:10F72800696F6E210000000066696E645F6571751F
:10F73800616C5F73616D655F7072696F726974790E
:10F7480028292063616C6C6564207769746820617E
:10F75800206E6567617469766520706F7320696EC5
:10F768006465782E00000000257325730A000000E8
:10F7780066656465726174655F5F00004665642054
:10F78800256420282573293A20257325730A00004B
:10F798004552524F523A20005741524E494E473A2D
:10F7A80020000000464154414C204552524F523AE5
:10F7B80020000000494E4600696E66004E414E002A
:10F7C800303132333435363738394142434445468F
:10F7D8000000000030313233343536373839616251
:10F7E8006364656600000000286E756C6C29000073
:10F7F800496E66696E697479000000004E614E00BA
:10F8080042616C6C6F6320737563636565646564DE
:10F81800000000002E2E2F2E2E2F2E2E2F2E2E2FB4
:10F828002E2E2F2E2E2F6E65776C69622F6C6962D3
:10F83800632F7374646C69622F64746F612E630044
:10F848002E2E2F2E2E2F2E2E2F2E2E2F2E2E2F2ECB
:10F858002E2F6E65776C69622F6C6962632F7374E3
:10F86800646C69622F6D707265632E63000000001E
:10F87800504F534958000000FFFFFFFFFFFFFF7F75
:10F8880006005250D3F07542C8EE001006005250E0
:10F89800E182887FD0EE001006005250ABB360536F
:10F8A800E0EE001006005250BBFF3CB6E8EE001038
:10F8B80006005250861C030238EE00100600525013
:10F8C8005422A29D00EF001005005250DE65F46836
:10F8D800E4180110C03A0010703A0010703A001095
:10F8E800B83A0010703A0010703A0010703A0010E0
:10F8F800703A0010703A0010703A0010703A001018
:10F90800B03A0010703A0010A83A0010703A00108F
:10F91800703A0010A03A0010743D0010D63A00105A
:10F928006E3D0010D63A0010583D0010D63A00102F
:10F93800D63A0010D63A0010D63A0010D63A00103F
:10F94800D63A0010D63A0010C83A0010D63A00103D
:10F95800D63A0010D63A0010D63A0010D63A00101F
:10F96800C83A0010FC3D00102A3A00102A3A00104C
:10F978002A3A00102A3A00102A3A00102A3A0010AF
:10F988002A3A00102A3A00102A3A00102A3A00109F
:10F998002A3A00102A3A00102A3A00102A3A00108F
:10F9A8002A3A00102A3A00102A3A00102A3A00107F
:10F9B8002A3A00102A3A00102A3A00102A3A00106F
:10F9C8002A3A00102A3A00102A3A00102A3A00105F
:10F9D8002A3A00102A3A00102A3A00102A3A00104F
:10F9E8002A3A0010883D0010C83D0010883D0010DC
:10F9F8002A3A00102A3A00102A3A00102A3A00102F
:10FA08002A3A00102A3A00102A3A00102A3A00101E
:10FA18002A3A00102A3A00102A3A00102A3A00100E
:10FA28002A3A00102A3A00102A3A00102A3A0010FE
:10FA38009C3F00102A3A00102A3A00102A3A001077
:10FA48002A3A00102A3A00102A3A00102A3A0010DE
:10FA58002A3A00102A3A00109C3F00100E3E00106F
:10FA68009C3F0010883D0010C83D0010883D0010E4
:10FA7800000000000000F03F0000000000002440EB
:10FA880000000000000059400000000000408F40C6
:10FA9800000000000088C34000000000006AF84031
:10FAA8000000000080842E4100000000D012634155
:10FAB8000000000084D797410000000065CDCD41CB
:10FAC8000D0A00000600525053B4F4A17CEF001058
:10FAD8000800525012000000080052509210000016
:10FAE80000000000F14D001000000000F54D00106E
:10FAF800014E00102D4E0010294E0010000000008D
:10FB08000A00000000000306A60008000200020028
:10FB18009C001400030057494E5553420000000052
:10FB280000000000000080000400010028004400DC
:10FB38006500760069006300650049006E00740086
:10FB480065007200660061006300650047005500AB
:10FB58004900440000004E007B006200630037004B
:10FB6800330039003800630031002D0037003300BE
:10FB7800630064002D0034006300620037002D002C
:10FB880039003800620038002D0039003100330098
:10FB9800610038006600630061003700620066009B
:10FBA80036007D0000000000050F2100011C100533
:10FBB80000DF60DDD88945C74C9CD2659D9E648A6C
:10FBC8009F00000306A60001000000000600525036
:10FBD80053B4F4A190EF001000000000A4EF00104F
:10FBE800B4EF0010342B0020BCEF0010C8EF001059
:10FBF80009025400030100807D080B000202020084
:10FC08000009040000010202000405240020010587
:10FC180024010001042402060524060001070581C9
:10FC28000308001009040100020A00000007050289
:10FC3800024000000705820240000009040200009B
:10FC4800FF00010512011002EF0201408A2E0A008E
:10FC58000001010203010000105A0010785B001037
:10FC6800C85B0010505B0010625B0010405B001026
:10FC7800B05A00105C5A0010505A0010325F001041
:10FC8800185F0010E85C0010525F0010E85C00107C
:10FC9800005F0010EC5E0010E85C0010D85E0010F9
:10FCA800DE5D0010E85C0010BE610010B06100105D
:10FCB800A4610010E85C0010E85C00108E61001080
:10FCC800B0610010E85C0010E85C0010E85C00100F
:10FCD800E85C0010E85C0010E85C0010E85C0010CC
:10FCE800446100104E0E00204E0E0020980E002099
:10FCF800B80E0020FC0E00200E0F0020440E00203D
:10FD08000000000059670010C9670010FD67001067
:10FD180049680010F1680010D9690010000000005F
:10FD280000000000D96A0010356B0010516B0010FC
:10FD3800796B0010914E0010A16C001000000000BB
:10FD4800FFFFFFFFFFFFFF7FFFFFFFFF0000000037
:10FD5800FFFFFFFFFFFFFF7FFFFFFFFF0000000027
:10FD6800FFFFFFFFFFFFFF7FFFFFFFFF0000000017
:10FD7800D89E0010909C0010909C0010D09E0010FF
:10FD8800909C0010909C0010909C0010909C00107B
:10FD9800909C0010909C0010529E0010C69E00106F
:10FDA800909C0010689E0010849E0010909C00108B
:10FDB800BE9E00107E9D00107E9D00107E9D00104E
:10FDC8007E9D00107E9D00107E9D00107E9D00107F
:10FDD8007E9D00107E9D0010909C0010909C00104D
:10FDE800909C0010909C0010909C0010909C00101B
:10FDF800909C0010909C0010909C0010909C00100B
:10FE0800EC9F0010CA9D0010909C0010CA9D001025
:10FE1800909C0010909C0010909C0010909C0010EA
:10FE2800C0A00010909C0010909C00109AA0001098
:10FE3800909C0010909C0010909C0010909C0010CA
:10FE4800909C0010089F0010909C0010909C00103F
:10FE58007CA80010909C0010909C0010909C0010B2
:10FE6800909C0010909C0010909C0010909C00109A
:10FE7800909C0010909C0010909C0010EC9E00102C
:10FE880030A70010CA9D0010CA9D0010CA9D00101E
:10FE980070A1001030A70010909C0010909C0010DA
:10FEA80062A10010909C001046A10010DCA8001070
:10FEB80020A1001018A10010909C0010C8A00010EC
:10FEC800909C0010C6A80010909C0010909C0010F8
:10FED800D0A8001020202020202020202020202012
:10FEE800202020203030303030303030303030304A
:10FEF80030303030002020202020202020202828CA
:10FF080028282820202020202020202020202020D1
:10FF18002020202020881010101010101010101011
:10FF28001010101010040404040404040404041041
:10FF380010101010101041414141414101010101CF
:10FF48000101010101010101010101010101010199
:10FF580010101010101042424242424202020202A5
:10FF68000202020202020202020202020202020269
:10FF78001010101020000000000000000000000019
:10FF88000000000000000000000000000000000069
:10FF98000000000000000000000000000000000059
:10FFA8000000000000000000000000000000000049
:10FFB8000000000000000000000000000000000039
:10FFC8000000000000000000000000000000000029
:10FFD8000000000000000000000000000000000019
:10FFE8000000000000000000000000000000000009
:08FFF800000000000000000001
:020000041001E9
:1000000005000000190000007D0000000000000055
:10001000BC89D897B2D29C3C33A7A8D523F64939DE
:100020003DA7F444FD0FA5329D978CCF08BA5B2500
:10003000436FAC642806C80A0080E03779C34143A7
:10004000176E05B5B5B89346F5F93FE9034F384D3E
:10005000321D30F94877825A3CBF737FDD4F1575EA
:10006000000000000000F03F0000000000002440FD
:1000700000000000000059400000000000408F40D8
:10008000000000000088C34000000000006AF84043
:100090000000000080842E4100000000D012634167
:1000A0000000000084D797410000000065CDCD41DD
:1000B000000000205FA00242000000E876483742BE
:1000C000000000A2941A6D42000040E59C30A2425C
:1000D0000000901EC4BCD64200003426F56B0C43D1
:1000E0000080E03779C3414300A0D8855734764378
:1000F00000C84E676DC1AB43003D9160E458E143D9
:10010000408CB5781DAF154450EFE2D6E41A4B444D
:1001100092D54D06CFF08044F64AE1C7022DB54492
:08012000B49DD9794378EA444B
:1001280088F8001094F80010A0F80010ACF800103F
:10013800B8F80010C4F80010D0F80010E0FA001069
:0C014800D8FA0010CCFA0010D4FB001014
:10015400F8B54746CE4680B51F00002304009046FC
:1001640099460CE02368BFF35F8F4A461A608CF30C
:1001740010884046390000F0CBFF00281AD12668C9
:10018400EFF3108C72B63568002DFCD0BFF35F8F8F
:100194000423E55E002DE5DD013DA5802368BFF362
:1001A4005F8F00221A608CF310880120C0BCB9460E
:1001B400B046F8BD0020F9E70268EFF3108C72B680
:1001C4001368002BFCD0BFF35F8F0422835E818011
:1001D4008B4208DA0368BFF35F8F00221A608CF346
:1001E400108840BF70470368BFF35F8F00221A6016
:1001F4008CF31088F6E7C046D02330B500251B06E3
:1002040000245D5706E00368BFF35F8F1C6081F331
:10021400108820BF0268EFF3108172B61368002BB8
:10022400FCD0BFF35F8F03797F2BECD90571036892
:10023400BFF35F8F00221A6081F3108830BDC0467F
:1002440003000068EFF3108C72B60268002AFCD039
:10025400BFF35F8F04229A56002A04DB002900D0E2
:100264000A60002004E0D0220120120612681A71EC
:100274001B68BFF35F8F00221A608CF310887047ED
:10028400F0B5C646150000B504001E000268EFF381
:10029400108172B61368002BFCD0BFF35F8F042368
:1002A400E356002B2DDB2268BFF35F8F0020106024
:1002B40081F31088D0221206127852B290469A42E4
:1002C40003D1002080BCB846F0BD00270BE02368B2
:1002D400BFF35F8F1F6081F310882800310000F0A6
:1002E40017FF0028EDD12268EFF3108172B613686E
:1002F400002BFCD0BFF35F8F23797F2BE7D94346D4
:1003040002E0D0231B061B6823712368BFF35F8FB1
:1003140000221A6081F310880120D3E7F0B5C646A5
:1003240000B50D00040000F0EBFEFA2206000F00F9
:10033400002328000021920000F0CAFE8023361812
:100344004F411B069F4202D30126174F7642D0230A
:100354001B061B68002598460BE02368BFF35F8FDC
:100364001D6081F310883000390000F0D1FE0028B0
:1003740018D12268EFF3108172B61368002BFCD0F9
:10038400BFF35F8F23797F2BE7D94346237123681B
:10039400BFF35F8F00221A6081F31088012080BCB4
:1003A400B846F0BD0020FAE7FFFFFF7F0268EFF3D5
:1003B400108172B61368002BFCD0BFF35F8FFF234C
:1003C40003710368BFF35F8F00221A6081F3108802
:1003D40040BF704710B5084C2378002B0AD1802306
:1003E400064807495B051A68C25004338B42FAD1A8
:1003F4000123237010BDC0464A2B00206C25001039
:100404000001001010B5014B984710BD6D25002068
:10041400064B5A6802609A684260DA6882601A6918
:10042400C2605A6902619B694361704700000240DF
:100434000268064B5A6042689A608268DA60C26851
:100444001A6102695A6142699A6170470000024068
:10045400034B1A68C0239B009343024A13607047FE
:100464000C8001400C900140054B1A6880239B00CE
:100474005340C02292001340024A13607047C046A2
:100484000C8001400C9001401423F0B5D6464F4631
:1004940046469A46C0B581461888043386B09846C5
:1004A4000E001B88294914009847534607001888F2
:1004B400434627491B8898475346050018884346F6
:1004C40024491B8898478046FFF784FF6846FFF756
:1004D4009FFFB847A847FFF7C7FF221E20D0C021BF
:1004E40008270220490511E0002C14D0131B0D2B02
:1004F40024D9002D0AD02300002A05D00B6E013A1E
:100504003370130001362343002B09D03D008B6A5E
:100514001D401842E8D1002DEDD123001343F5D13D
:10052400FFF796FFC047FFF76DFF6846FFF780FFB0
:1005340006B0E0BCBA46B146A846F0BD4B461B78AF
:10054400013C0B6601239C46E144E4E74946000074
:1005540045580000464300000022154B10B59A6030
:10056400DA601A615A619A61DA611A625A629A62AD
:10057400DA621A635A639A63DA631A645A649A648D
:10058400DA641A655A659A65DA651A665A669A666D
:10059400DA661A675A679A67DA67F03292000021BE
:1005A400044800F09DFD044B044A1A6010BDC04687
:1005B400000010502C270020F42A00208001105045
:1005C400F0B54E464546DE465746E0B5214B00247D
:1005D4009E6D012585B0002E22D01F4B9A46012323
:1005E40099461E4B984601E0202C19D02A0023007E
:1005F40001342F003240E4B26D00002AF4D0524698
:1006040097654A465B085B0022409B185B014344A4
:1006140018009B4600F030FC002808D1BE43E3D10B
:1006240005B0F0BCBB46B246A946A046F0BD5B4649
:10063400E0219A78DB8A01A883600023C900018045
:1006440001210271437100F037FC584600F0B0FB01
:10065400E4E7C0460000115000301150EC260020A1
:100664009823F0B5C646C64A00B5D55880232E0057
:100674009B02102484B01E401D4273D0C14BC24C57
:100684009A6AC24B00261A603B23E35C022B00D11A
:10069400F4E07B23E35C022B00D10CE1BB23E35C9D
:1006A400022B00D1FBE0FB23E35C022B00D135E1FC
:1006B4003C23FF33E35C022B00D122E17C23FF3394
:1006C400E35C022B00D10FE1BC23FF33E35C022B7C
:1006D40000D1FCE0FC23FF33E35C022B00D1A6E154
:1006E400AB4BE35C022B00D196E1AA4BE35C022BFB
:1006F40000D185E1A84BE35C022B00D174E1A74B48
:10070400E35C022B00D163E1A54BE35C022B00D137
:100714002AE1A44BE35C022B00D10BE1A24BE35C86
:10072400022B00D18FE1A14BE35C022B00D1A6E1A7
:10073400002E08D19E4B1B78002B04D180219D4AAA
:1007440090338902D150C0228D4B01A89B6C92003A
:100754005B055B0D012180260280436000F0ACFB49
:10076400954CB602EB0600D57CE080235B021D426B
:1007740032D01E43012302249846834FBB7E002BB4
:1007840014D000F0B5FC012800D96FE0C02200218C
:100794003800920100F012FB380000F009FB00F071
:1007A400A7FC012802D9834B5C661C664346FB7098
:1007B4002037012C01D00124E0E7C02301A8DB008D
:1007C4007E4A038002AB12CA12C3012100F074FBFB
:1007D4008022784B92021A6580235B011D420ED160
:1007E4008023DB011D4221D180231B021D422CD119
:1007F400AE4200D0C0E104B080BCB846F0BD0024D5
:100804001E435F4B1C60FFF7A7FE80236A465B0014
:1008140093801472012101A800F04EFB8022654BE5
:1008240012031A658023DB011D42DDD01E438023A1
:1008340001A8DB000380012100F03EFB10225D4B88
:100844001A6580231B021D42D2D01E43A02301A897
:10085400DB000380012100F02FFB8022554B1201A5
:100864001A65C5E7FFF7ACFE26007EE7544B444A01
:100874001C66536E2340A342FBD187E73833E65C02
:10088400002E00D105E70233E25C002A00D100E724
:10089400200000222030E25400F0B8FAF9E6B83320
:1008A400E75C002F00D1FEE60233E25C002A00D0B0
:1008B40022E13E00F7E67833E75C002F00D1EDE655
:1008C4000233E25C002A00D00EE13E00E6E6B933D2
:1008D400FF33E75C002F00D1FCE60233E25C002A20
:1008E40000D0F8E03E00F5E67933FF33E75C002FF3
:1008F40000D1E9E60233E25C002A00D0E2E03E00E7
:10090400E2E63933FF33E75C002F00D1D6E6023349
:10091400E25C002A00D0CCE03E00CFE6F833E75C8E
:10092400002F00D1C4E60233E25C002A00D0B8E014
:100934003E00BDE6234BE75C002F00D1EEE6023318
:10094400E25C002A00D010E1174BE35C022B00D1DB
:100954008BE0164BE35C022B00D0F4E61A4BE35C0D
:10096400002B00D090E0EEE6184BE75C002F00D19E
:10097400CFE60233E25C002A00D0EEE03E00C8E697
:100984000000115000400540EC260020E026002025
:100994003B0200007B020000BB020000FB020000DF
:1009A4003B0300007B030000BB030000FB030000CB
:1009B400482B00200030115010000200000010509D
:1009C400002011507A030000FA0300003A030000EB
:1009D4006C4BE75C002F00D196E60233E25C002A00
:1009E40000D0B2E03E008FE6674BE75C002F00D1F9
:1009F40085E60233E25C002A00D09EE03E007EE6FB
:100A0400624BE75C002F00D174E60233E25C002AFB
:100A140000D08AE03E006DE65D4BE75C002F00D11C
:100A240063E60233E25C002A77D13E005DE6F933E7
:100A3400FF33E75C002F00D152E60233E25C002A68
:100A440062D13E004CE6534BE35C002B00D16AE6D6
:100A5400EF239B00E25C002A00D17AE70022E254F3
:100A64001C3BE01800F0D2F973E74A4BE35C002B1F
:100A7400EED1494BE35C022B00D064E63E00474BC9
:100A8400E35C002B00D153E6FF239B00E25C002AC9
:100A940000D158E60022E2541C3BE01800F0B6F9FD
:100AA40051E620000022E030E2543E0000F0AEF9AE
:100AB400FEE5200000222130FF30E2543E0000F029
:100AC400A5F9FBE5200000226130FF30E2543E002E
:100AD40000F09CF9F8E520000022A130FF30E25438
:100AE4003E0000F093F9F5E5200000226030E25466
:100AF4003E0000F08BF9D1E520000022A030E25442
:100B04003E0000F083F9CEE520000022E130FF3002
:100B1400E2543E0000F07AF9E2E50022E2541C3B84
:100B2400E01800F073F93E00DFE50022E2541C3BBC
:100B3400E01800F06BF93E00DCE50022E2541C3BB7
:100B4400E01800F063F93E00D9E50022E2541C3BB2
:100B5400E01800F05BF93E00D6E50022E2541C3BAD
:100B6400E01800F053F93E00D3E50022E2541C3BA8
:100B7400E01800F04BF9E7E631000948694000F05D
:100B840097FAC046FA020000BA0200007A02000096
:100B94003A020000BA030000FB030000FA0300005D
:100BA400D0EF0010F0B5D6464F464646C0B5020019
:100BB400838A008B8A46041C984200D91C1CD57871
:100BC40080262800471EB841A4B2F60026434003FD
:100BD4003043012675401B1BD57055789BB2938218
:100BE400002D37D15146D6688D01611E761988468D
:100BF4001569002C29D006293AD933002B439B07C9
:100C040036D16B1CF31A022B32D9231F9B080133F4
:100C14009C4600270023E9580137F1500433BC45B2
:100C2400F9D8634641469B00ED18F618CF1A9C424A
:100C340009D02B783370002F05D06B787370012F97
:100C440001D0AB78B3701569938A2D191561802290
:100C540012021043002B02D18023DB0118435346B8
:100C6400002B00D00004E0BCBA46B146A846F0BD53
:100C74000023EF5CF75401339C42FAD11569938A3F
:100C8400E3E7C0468368F0B51B680500002900D07F
:100C94001B0C9B05980D6B78002B08D1EB8AC318AD
:100CA400EB822B8B834201D90023AB82F0BDEB682E
:100CB4008901461EB4462A695C18002827D0062EEE
:100CC4002BD901315B18D31A022B26D913002343E5
:100CD4009B0722D100230021061FB6080136E758DE
:100CE4000131D75004338E42F9D86346B600A419B3
:100CF40092199F1BB04209D023781370002F05D09E
:100D040063785370012F01D0A37893702A69EB8A1A
:100D14001218C318EB822A61C3E70023E15CD154A3
:100D240001339842FAD12A69F1E7C04610B50400AC
:100D3400836800211B68FFF7A5FF63681B685B00DD
:100D440002D5238B834200D010BD01212000FFF780
:100D540099FFF9E7084A0300126C0020920703D4B4
:100D64009A78D209012A00D07047D87E02384342CB
:100D74005841C0B2F8E7C0460000115010B5FFF763
:100D8400E9FF00280CD00749074B8C46074A9B6AA9
:100D9400126863449B1A0020C6229A424041C0B2A2
:100DA40010BDC046E0FCFFFF00400540E0260020E7
:100DB40000238376436103617047C04610B583689E
:100DC400002901D01C682140002A12D08024E400AC
:100DD400114322420DD01A6822420CD1084A0A401B
:100DE4001A60084A126C920703D40C23033BFDD209
:100DF4008368196010BD8178034800F059F9C04632
:100E0400FFFBFFFF00001150E4EF0010436870B5D2
:100E1400002180251E680400FFF7C4FE134B6D01FA
:100E24001B6C05439B070FD5A3785B060FD0104BB3
:100E34001E4080239B053343626800211360200019
:100E44002A00FFF7BBFF70BDA378DB09EFD0A38AAC
:100E5400002BECD001212000FFF7A4FEA023054ABB
:100E6400DB05324005431343E6E7C046000011505A
:100E7400FFFFFFAFFFFFFFDF70B5857E0400002D8D
:100E840014D0FFF753FFA38A002B01D1280070BDB3
:100E94002000FFF773FF002803D0012300252377E8
:100EA400F4E72000FFF7B2FF0025EFE7817801485F
:100EB40000F0FEF804F00010F0B5CE46474680B5C9
:100EC400437805000E0085B0062B08D86C4A9B00B9
:100ED400D3589F466B4A13780133DBB213706A4BC5
:100EE4001C686269EFF3108172B61368002BFCD0A2
:100EF400BFF35F8FA1612000290000F0D1F862697F
:100F0400A369BFF35F8F0021116083F31088002869
:100F140004D105B0C0BCB946B046F0BD3200697812
:100F2400287800F0CDF8F4E70121584B1A788A4369
:100F34001A701A7801318A431A7000225A701A788A
:100F440002318A431A70CAE75149524F89465249BD
:100F54000024002388463A7812E043461B68610166
:100F64005B18002B06D0DB69002B03D06968287856
:100F740098473A780134E4B2511C2300A14217DBAC
:100F8400A242EAD89B1A5B014B44ECE73F4B1A7828
:100F9400D207BED504211A780A431A709FE73B4B47
:100FA4001A78D207B5D504211A788A431A7096E7BD
:100FB400364F3B785B072BD504223B7800219343C3
:100FC4003B706B460632981D00F08AF82B7801AC12
:100FD4002370052363702C4B1B6898465A69EFF302
:100FE400108172B61368002BFCD0BFF35F8F4346A9
:100FF40040469961210000F053F843465A699B69C1
:10100400BFF35F8F0021116083F31088002831D172
:10101400FB78DB0700D47CE76B460A220021981D8D
:1010240000F05EF82B7801AC2370032363706B68C7
:101034006360154B1D686A69EFF3108172B613681B
:10104400002BFCD0BFF35F8FA9612800210000F0C2
:1010540027F86A69AB69BFF35F8F0021116083F3DE
:101064001088002800D154E732006178207800F01D
:1010740027F84EE732006178207800F021F8C7E7BE
:10108400ECFC0010492B0020DC21002084210020EE
:1010940008FD0010452B0020AC1F00207047C046FF
:1010A40001B40248844601BC604700BF2D730010A0
:1010B40001B40248844601BC604700BF65080010C3
:1010C40001B40248844601BC604700BFA95800101F
:1010D40001B40248844601BC604700BFD92B00100C
:1010E40001B40248844601BC604700BF852E00104D
:1010F40001B40248844601BC604700BF590800108F
:1011040001B40248844601BC604700BF5117001077
:1011140001B40248844601BC604700BF3516001084
:1011240010000000000000000000010000000000AA
:1011340000000000000002000000000000000000A9
:101144000000030000000000000000000000FF0099
:101154000000000001B5486801318E460047704622
:1011640009380149884701BD7D0E001000000000C8
:10117400000000000000000000000000000000006B
:1011840050180020000000000000000000000000D3
:10119400503300004C33000054330000523300003D
:1011A4004D5300004D43000053340000433400000D
:1011B400054C0010094D0010514C00101D4D00103D
:1011C40000000000000100006550001015500010E0
:1011D400854F0010FD4E00100000000000010000CB
:1011E400E021002010000C000000000000000000BE
:1011F400000000000000000000000000FF000000EC
:1012040000000000000000800000000000000080DA
:10121400FFFFFFFFFFFFFFFFFFFFFFFFFFFF0000D8
:10122400981100200000000000000000DC1C0020D9
:10123400441D0020AC1D0020000000000000000040
:10124400000000000000000000000000000000009A
:10125400000000000000000000000000000000008A
:10126400000000000000000000000000000000007A
:10127400000000000000000000000000000000006A
:10128400000000000000000000000000000000005A
:10129400000000000000000000000000000000004A
:1012A400000000000000000000000000000000003A
:1012B400000000000000000000000000000000002A
:1012C40001000000000000000E33CDAB34126DE6C7
:1012D400ECDE05000B000000000000000000000030
:1012E40000000000000000000000000000000000FA
:1012F40000000000000000000000000000000000EA
:1013040000000000000000000000000000000000D9
:1013140000000000000000000000000000000000C9
:1013240000000000000000000000000000000000B9
:1013340000000000000000000000000000000000A9
:101344000000000000000000FFFFFFFF000002009B
:101354000000000000000000C0120020C0120020A5
:10136400C8120020C8120020D0120020D012002081
:10137400D8120020D8120020E0120020E012002031
:10138400E8120020E8120020F0120020F0120020E1
:10139400F8120020F812002000130020001300208F
:1013A400081300200813002010130020101300203D
:1013B40018130020181300202013002020130020ED
:1013C400281300202813002030130020301300209D
:1013D400381300203813002040130020401300204D
:1013E40048130020481300205013002050130020FD
:1013F40058130020581300206013002060130020AD
:10140400681300206813002070130020701300205C
:10141400781300207813002080130020801300200C
:1014240088130020881300209013002090130020BC
:101434009813002098130020A0130020A01300206C
:10144400A8130020A8130020B0130020B01300201C
:10145400B8130020B8130020C0130020C0130020CC
:10146400C8130020C8130020D0130020D01300207C
:10147400D8130020D8130020E0130020E01300202C
:10148400E8130020E8130020F0130020F0130020DC
:10149400F8130020F813002000140020001400208A
:1014A4000814002008140020101400201014002038
:1014B40018140020181400202014002020140020E8
:1014C4002814002028140020301400203014002098
:1014D4003814002038140020401400204014002048
:1014E40048140020481400205014002050140020F8
:1014F40058140020581400206014002060140020A8
:101504006814002068140020701400207014002057
:101514007814002078140020801400208014002007
:1015240088140020881400209014002090140020B7
:101534009814002098140020A0140020A014002067
:10154400A8140020A8140020B0140020B014002017
:10155400B8140020B8140020C0140020C0140020C7
:10156400C8140020C8140020D0140020D014002077
:10157400D8140020D8140020E0140020E014002027
:10158400E8140020E8140020F0140020F0140020D7
:10159400F8140020F8140020001500200015002085
:1015A4000815002008150020101500201015002033
:1015B40018150020181500202015002020150020E3
:1015C4002815002028150020301500203015002093
:1015D4003815002038150020401500204015002043
:1015E40048150020481500205015002050150020F3
:1015F40058150020581500206015002060150020A3
:101604006815002068150020701500207015002052
:101614007815002078150020801500208015002002
:1016240088150020881500209015002090150020B2
:101634009815002098150020A0150020A015002062
:10164400A8150020A8150020B0150020B015002012
:10165400B8150020B8150020C0150020C0150020C2
:10166400C8150020C8150020D0150020D015002072
:10167400D8150020D8150020E0150020E015002022
:10168400E8150020E8150020F0150020F0150020D2
:10169400F8150020F8150020001600200016002080
:1016A400081600200816002010160020101600202E
:1016B40018160020181600202016002020160020DE
:1016C400281600202816002030160020301600208E
:1016D400381600203816002040160020401600203E
:1016E40048160020481600205016002050160020EE
:1016F400581600205816002060160020601600209E
:10170400681600206816002070160020701600204D
:1017140078160020781600208016002080160020FD
:1017240088160020881600209016002090160020AD
:101734009816002098160020A0160020A01600205D
:10174400A8160020A8160020B0160020B01600200D
:10175400B8160020B81600200000000003000000A6
:10176400DC1C00204300000000000000000000001A
:101774000000000000000000000000000000000065
:101784000000000043000000000000000000000012
:101794000000000000000000000000000000000045
:1017A40000000000430000000000000000000000F2
:1017B4000000000000000000000000000000000025
:1017C40000000000430000000000000000000000D2
:1017D4000000000000000000000000000000000005
:1017E40000000000430000000000000000000000B2
:1017F40000000000000000000000000000000000E5
:101804000000000043000000000000000000000091
:1018140000000000000000000000000000000000C4
:101824000000000043000000000000000000000071
:1018340000000000000000000000000000000000A4
:101844000000000021E7001091E5001000000000F6
:10185400FCFE0010B0F4001050F1001050F1001024
:1018640050F1001050F1001050F1001050F1001030
:1018740050F1001050F1001050F10010FFFFFFFF75
:10188400FFFFFFFFFFFFFFFFFFFF000001004153C9
:10189400434949000000000000000000000000006F
:1018A40000000000000000000000000000004153A0
:1018B400434949000000000000000000000000004F
:1018C4000000000000000000000000000000000014
:1018D4000000000000000000000000000000000004
:04000005100001E9FD
:00000001FF
