:020000041000EA
:1000000000B5324B212058609868022188439860DF
:10001000D860186158612E4B002199600221596106
:100020000121F02299502B49196001219960352056
:1000300000F044F80222904214D00621196600F024
:1000400034F8196E01211966002018661A6600F04E
:100050002CF8196E196E196E052000F02FF8012189
:100060000842F9D1002199601B49196000215960AB
:100070001A491B48016001219960EB211966A021F2
:10008000196600F012F800219960164914480160C1
:100090000121996001BC002800D000471248134993
:1000A000086003C880F30888084703B5996A0420EC
:1000B0000142FBD001200142F8D103BD02B5186610
:1000C0001866FFF7F2FF186E186E02BD00000240BE
:1000D000000000180000070000035F00212200005C
:1000E000F4000018222000A00001001008ED00E03C
:1000F00000000000000000000000000074B24E7A12
:1001000000200420F7010010CB010010CD010010E9
:10011000C9010010C9010010C9010010C901001077
:10012000C9010010C9010010C9010010CF01001061
:10013000C9010010C9010010D1010010D301001045
:10014000C1010010C1010010C1010010C101001067
:10015000C1010010C1010010C1010010C101001057
:10016000C1010010C1010010C1010010C101001047
:10017000C1010010C1010010C1010010C101001037
:10018000C1010010C1010010C1010010C101001027
:10019000C1010010C1010010C1010010C101001017
:1001A000C1010010C1010010C1010010C101001007
:1001B000C1010010C1010010C1010010C1010010F7
:1001C000EFF30580103800BE00BE00BE00BE00BECA
:1001D00000BE00BEF2EB8871E00101100C020110BC
:1001E0003802001090A31AE71E481F49086006C88D
:1001F00081F3088810471D480068002801D019487D
:10020000F3E70DA40ECC002902D000F012F8F9E7B4
:100210001749184A002000E001C19142FCD116495B
:100220008847164988471649884700BEFDE701C937
:1002300001C29A42FBD370470C020110C00000209B
:10024000501800209C190110000004200000042018
:100250009C19011000100420001004200000000070
:10026000704700000000000008ED00E0000000D032
:1002700050180020542B0020ED47001051070010AB
:10028000AD470010F8B5C0460448054B10B5834291
:1002900003D0044B002B00D0984710BD501800200D
:1002A000501800200000000006480749091A8B106A
:1002B000C90FC91810B5491003D0044B002B00D04A
:1002C000984710BD50180020501800200000000072
:1002D00010B5074C2378002B09D1FFF7D5FF054B4C
:1002E000002B02D0044800E000BF0123237010BDA2
:1002F000881C00200000000048EE0010054B10B5DF
:10030000002B03D00449054800E000BFFFF7CCFFF5
:1003100010BDC046000000008C1C002048EE0010FC
:10032000F0B54546DE4657464E46E0B51F00182359
:10033000984604008BB080440D0016004146082208
:10034000684602F0F5FD20002269636907F05CFC55
:10035000002800D0F0E0002F00DAE5E0149B002B2D
:1003600003D01A00DB680133D360002D00D1F2E026
:100370002B7F002B03D12A6A6B6AB6185F41414676
:10038000082268460296039702F0D2FD226963694B
:1003900006A807F0D3F9069B20009B46079B9A46C8
:1003A000089B9946AB6A0593EB6A049307F0CAFC75
:1003B0003023149A8561C261EB5C8046002B59D1D1
:1003C000049B002B67DB2B7F002B15D1A86BE96BFF
:1003D000002803D180231B0699420DD0059A049B67
:1003E00007F048F907000E00514500DDBBE000D1E1
:1003F000B6E0BB4500D1C3E05B46069353462100FF
:1004000007934B46102210316846089302F090FD86
:10041000099B0799089A069807F074F943425841D6
:1004200081444B46102206A94046089302F080FD05
:100430000822684608A902F07BFD2000069A079B67
:1004400007F0E2FB002866D12800102206A9383008
:1004500002F06EFD4146A06C08F0E0FF606F431CA7
:1004600000D571E063670BB0F0BCBB46B246A9464D
:10047000A046F0BD07F0BEF980197941236A9B467A
:10048000636A9A46994261DD83468A46002399460B
:10049000049B002B97DA5B460693534607934B4623
:1004A00006A910224046089302F042FD4146A06C86
:1004B00008F0B8FF00289FD04E464746A8465D4644
:1004C00001365346102206A9380007930896069570
:1004D00002F02EFD3900A06C08F0A4FF01360028C0
:1004E000EFD10822684608A902F022FD2000069AF2
:1004F000079B4546B84607F087FB00280BD128002C
:10050000102206A9383002F013FD3900A06C08F063
:1005100085FF0020A7E7149808F094FA20004146D0
:1005200007F002FD00209EE732003B00364809F04C
:10053000A5F80026002711E7149808F083FA33483D
:1005400009F09CF800208EE701238BE799429DD1AA
:1005500058459BD998E7149808F074FA002082E770
:10056000584500D845E74823EB5C022B29D0032BE4
:100570000FD0012BCFD00023BB46B24699463BE7B4
:10058000B24500D038E7059B049A134300D033E707
:10059000E9E7200007F0D6FB2900060010223831D9
:1005A000856102F0C5FC3100A06C08F03BFF011E24
:1005B00002D0A06C08F042FF3100200007F0B4FC2C
:1005C0001AE7200007F0BEFB2900814638311022CF
:1005D000856102F0ADFC4946A06C08F023FF0028BD
:1005E0000CD0149907F0AEFC4146200007F09CFCAB
:1005F0002000494607F098FC002034E749462000D7
:1006000007F092FCB7E7C04670EE001048EE00100D
:1006100010B5192000F050F9D02380221B06920457
:100620005A6210BD012310B501210376044804F07D
:100630002DFBD02380221B0692045A6110BDC046B8
:10064000B8EE0010002310B500210376044804F032
:100650001DFBD02380221B0692049A6110BDC04668
:10066000B8EE0010922070B5800007F057FA344AB7
:100670000023026288240122802532498362416777
:10068000406243668366836702512F4C06004451E3
:100690008424005140340351043403510C3401517B
:1006A000043403517E3D10340551284CDE3544514D
:1006B000E424005140340351043403510C340151FB
:1006C0009C214900435001008025002479312D06EA
:1006D000FF310C604D60C02149004350803610311D
:1006E000465046183C394650043142500431425479
:1006F0000100D131FF310C604D60EC2149004350C5
:10070000B03E1031465046183C39465004314250F4
:10071000C93E04314254FF3E8C31465018394118CD
:100720000C604D608C2189004350103144183C39D5
:1007300044500431425083229200835470BDC0461D
:1007400011060010C8EE0010250600104506001026
:1007500010B50021002008F0A1FB10BD7047C04675
:10076000002200B50A4B8BB01B68089207920692D4
:100770000592049203920292013201920132009298
:1007800004490022044808F0EFF90BB000BDC04650
:100790005C210020CCEE0010D0190020014B03603A
:1007A00001207047D0190020F8B5FFF75BFF8023C8
:1007B00002002E490400CB580025203281601A60C7
:1007C0000022002305768E6F61302100FF30026029
:1007D00043600023264A4131FF318260C3603160AB
:1007E000C62127004900655000212248B937FF374C
:1007F000386079602100C131FF310A604B6023000D
:100800009933FF337360F2235B00E55080230022AD
:1008100009391B06FF39A265E3650A604B600A6669
:100820004B66154B0126E360A023144F65612564D8
:100830007642E5506033E55030003900002208F080
:100840000BF80122206361633000390008F004F8DE
:10085000230090331860596002223000390007F0FD
:10086000FBFFF03420606160F8BDC046D019002065
:100870000065CD1D80B2E60EE4EE0010FFFFFF7FA5
:100880007047C046094A83009A1810B51468402280
:10089000544080322240064CC000A44663441A6093
:1008A000044B9C466044416010BDC04604C00140FA
:1008B00004D00140004001400123D02283401206B1
:1008C00093629361094A83009A181168402251404B
:1008D00080320A400649C0008C4663441A60054BCA
:1008E0009C460523604443607047C04604C00140F5
:1008F00004D00140004001408023DB051868000F50
:100900007047C0460FB400B5084883B004F036F90C
:10091000049B002B07D005A91800019103F0DCFE11
:10092000034804F02BF9012003F0EEFEF8EE00106E
:10093000C4F3001070B5EFF3108C72B60D4D2B6838
:10094000002BFCD0BFF35F8F0724CB08C618C05C18
:1009500001230C40A3401C000440034207D118436C
:100960003070BFF35F8F2C608CF3108870BD100067
:10097000FFF7C8FF2C0100D0F8B54746CE468846A1
:1009800080B5EFF3108C72B6214D2C68002CFCD092
:10099000BFF35F8F9A422CD8D4080727055D06194C
:1009A00001241740BC402C421FD007210127894653
:1009B00009E0D408055D06194C4639001440A140F1
:1009C0000C00294211D001329342F2D20120404260
:1009D000BFF35F8F00220E4B1A608CF31088002843
:1009E0000FDBC0BCB946B046F8BD254310003570DA
:1009F000EEE7BFF35F8F00232B608CF3108801209C
:100A000040424346002BECD00898FFF77BFFC046DE
:100A10002C0100D0044A1078431CDBB2172B00D9FC
:100A2000102313707047C0469010002010B5064B7D
:100A3000064C82B00100009318221F232000FFF70C
:100A40009BFF02B010BDC04608EF00107C260020BE
:100A50000021044B044ABFF35F8F02C39342FAD1D3
:100A60007047C046000100D0800100D0054B064A07
:100A70001360064A136053609360D360136153613F
:100A8000936170478080808000E400E004E400E02F
:100A90001F2318401E3B8340002905D0C021044A73
:100AA0004900535013607047802201498B50FAE788
:100AB00000E100E001228240034B1B6813405A1EF4
:100AC0009341D8B27047C04600E100E00123834063
:100AD000014A13607047C04600E200E0064B103048
:100AE0009B688000C358054A00209B1A2F229A4217
:100AF0004041C0B27047C04600ED00E094100020B5
:100B000070B50D00EFF3108672B60F4A1368002B14
:100B1000FCD0BFF35F8F0D4B10309B6884001B59D6
:100B20000B4A934203D09D4201D001F027F9074BB5
:100B30009B681D51BFF35F8FBFF35F8F0022024B95
:100B40001A6086F3108870BD240100D000ED00E02B
:100B5000C1010010F0B557464E46DE464546E0B5A9
:100B600085B0060000911700EFF3108B72B66A4A49
:100B70001368002BFCD0BFF35F8F0025674B5D57D8
:100B80009A46002D00DAA9E06B00654C01935B19D1
:100B90009B009846A146C1444B4652469B7910366D
:100BA0001370604BB6009B6899590B1B2F2B33D9E0
:100BB0005D4B994200D0ACE0019B42469C465B4BAA
:100BC0006544AD0063535A4B0232A218043B9B1A92
:100BD0001B05584A5B0D651913436B80564B012169
:100BE000AB80FF23AB71009BEF71AB604B460B43B7
:100BF00019004C4B9B689951BFF35F8FBFF35F8F18
:100C00000022454B1A608BF3108805B0F0BCBB4640
:100C1000B246A946A046F0BD01200A008243D3791E
:100C20008C46BB4231D84546130044491B1B5B41EF
:100C30005943090D3D4B63533D4B02356519043B48
:100C40005B1B1B053B4D5B0D2B43AA464D466B8042
:100C50000425AC465546E044131F44441B1B1B05AA
:100C60005B0D1D434B46997100999D8099604946E3
:100C7000DF71334B01431360BBE75800C01880009D
:100C80002018C179B9422FD902000623D356002B70
:100C9000F3DA02932B4B61460393131D9A46042308
:100CA0005B429C46E14450464B461B1A1B055B0DBC
:100CB0009C46204B9571984663464046034393807B
:100CC000019B5A199200039BA418A380029B1C4A03
:100CD000A371009B2260E771A3608AE701F04EF8E0
:100CE000002553465D574FE7908802934005131D3A
:100CF0009A46031561469C464046D44463460430F8
:100D00002018181AE0230005400D1B021843039019
:100D1000C5E701F033F84FE7240100D04C2B002049
:100D20009410002000ED00E0C101001000A1FFFFC1
:100D3000C410002000E0FFFF01BDFFFFAAAA0000D1
:100D40000148804701BD0000F0B5DE4657464E46DB
:100D50004546E0B50C0083B0EFF3108872B6634AE5
:100D60001368002BFCD0BFF35F8F614B61499A6819
:100D7000030010339F00D55900938D4243D0A54204
:100D800054D05D4EAA1B2F2A3DD85C4B9C461B6855
:100D90009A4601231A0099468240534613401F2267
:100DA00001934B46024093409A4680226346504648
:100DB0009850BFF35F8FEFF305839B46002B37D02E
:100DC000009B5B4501D000F0D9FF2A004B469A43B7
:100DD0009068844208D177E04B005B189B00F318C1
:100DE0009868844236D01A00062151560029F3DA59
:100DF000844255D0019B002B27D0C02251463F4B47
:100E00005200995019603A4B9B68DD51BFF35F8FD8
:100E1000BFF35F8F0022354B1A6088F3108803B050
:100E2000F0BCBB46B246A946A046F0BD0D00EAE7BD
:100E30002A004B469A4390688442D5D1062010562A
:100E4000130000280ADA0D0032E0802351462B4AB5
:100E5000D150D8E706201856002822DB420011188E
:100E6000890074188946A1689960E179D9710621D1
:100E700061569971002925DBA488F11A64052415AF
:100E80004C440919E0240905490D240221439980A5
:100E900013181B4A9B001178F31899711070A9E779
:100EA00013005946002914D1FF31917115499180E1
:100EB00013490A789A71144A9B1B5B415A43120DDD
:100EC0000A7097E71149E2E7062010561300002840
:100ED000C4DA0F4A0F49D21A083A5002400D0143B2
:100EE00099800D4952080A43DA8083E7240100D033
:100EF00000ED00E0C10100109410002000E100E0CE
:100F00004C2B002001BDFFFFAAAA000001BD00007C
:100F1000CE10002000F0FFFF00F8FFFF70B50124A5
:100F20000443EFF30581EFF3108C72B6214A136886
:100F3000002BFCD0BFF35F8F1F4B05001F4AED1A3B
:100F40006D416A43120D1E4D8900AE6852B276584B
:100F5000A6421CD00621595691421CD01221595646
:100F6000914222D01E215956914220D02A21595611
:100F70000324914210D0134B19781A708171BFF37A
:100F80005F8F00220B4B1A608CF3108870BDAB682A
:100F90000D4C5C50EFE700246100091989005B18D3
:100FA000FF21997109499980E5E70124F4E70224BA
:100FB000F2E7C046240100D094100020AAAA000045
:100FC00000ED00E04C2B0020C101001001BDFFFF2F
:100FD00010B5084B084C82B0010000930022052395
:100FE0002000FFF7C9FC002801DB1F23181A02B0FC
:100FF00010BDC04624EF0010512B002070B5040036
:101000000E001500FFF706FD0100200000F006F8B5
:10101000A680E580BFF35F8F70BDC046024B9C4643
:1010200061448900016070474000003470B5114C84
:10103000114DAC420FD2FF262368002B0CD0FFF7D6
:10104000E9FC01002000FFF7E9FFA680BFF35F8FF6
:101050000834AC42F0D370BDFFF7DCFC0100200087
:10106000FFF7DCFF2671BFF35F8F0834AC42E3D398
:10107000F1E7C046401800205018002010B50400C9
:10108000FFF7C8FC01002000FFF7C8FFFF23237112
:10109000BFF35F8F10BDC04610B504000120FFF7FD
:1010A000C5FC034BC3189B002360BFF35F8F10BDCB
:1010B00040000034034B9C46614489000160BFF34B
:1010C0005F8F7047400000340A4B1968EFF31080BF
:1010D00072B60A68002AFCD0BFF35F8F1B68BFF3AB
:1010E0005F8F00221A6080F3108840BF002000212B
:1010F0007047C046202B0020F0B5DE4657464E46CE
:101100004546E0B583B0EFF3058203231340B54AAB
:10111000990052580091904601229A409346B24B52
:101120001A60B24B01935B46B148436343460822C1
:101130009B5E9946002B3ADA43469B881BB2002BF4
:1011400000DB9DE043469B79002B00D0E1E0434665
:1011500008241C5F002C20DB43465A6963001B19DE
:10116000DB00D3189D68DC686B1C00D103E1A0484C
:10117000009984466144826A0B69AE1A9B1A9E42AA
:1011800013D35A46036A1A420FD0994800F028FB3D
:101190008C4202DCC7D18542C5D940BF03B0F0BC48
:1011A000BB46B246A946A046F0BD0D61EDE74246FA
:1011B00052695B0092464B44DB009A4453469E685A
:1011C000DF6800F00DFB8F42B6DC00D1F8E0002FA5
:1011D00000DAD9E05246534654691B69019A93429A
:1011E00000D1CCE0414652460820085E52880004F7
:1011F00021001043984704000D0023002B4300D129
:10120000C2E0002D00DBDFE030003900001BA94107
:1012100053469860D96000229A5E002A00DA8BE774
:1012200043465D6953009C18E4002C19A768E468E4
:101230008C4200DD80E702D1874200D97CE7464638
:10124000328108360DE08C4200D1C6E01E0000233A
:10125000F25E002A0ADB53009C18E4002C19A768F0
:10126000E4689B18DB00EB188C42ECDD53461A80D7
:101270004B46338043469B881BB2002B00DA61E764
:1012800043461A69EFF3108172B61368002BFCD045
:10129000BFF35F8F43469E88012342465B429380A3
:1012A00036B21369BFF35F8F00221A6081F3108892
:1012B000002E00DA46E743465D69083342469C4605
:1012C0007700BF19FF00EF19BB68604698460823F6
:1012D000D15E9246FC68002907DA0EE0A24246D0B1
:1012E00018000023C15E002906DB4B005B18DB0001
:1012F000EB18DA68A242F1DD524606800023FE5E5A
:101300003980002EDCDA904643469B79002B00D1D1
:101310001DE7002342469371434646460821595E25
:1013200008364B1C00D138E747468946556902E02C
:1013300006004B1C18D04B005B18DB00E8180A00B5
:101340008C46E95E43881BB2002BF1DA01235B4235
:10135000DC178360C4604A4503D031803B89038039
:101360003A81E1464B1CE6D1B8464C46F2E69A6813
:101370004245B5D9C0E7631C00D0F8E605E7200078
:1013800023699847002825D1534642461B8813817C
:101390001269EFF3108372B611680029FCD0BFF315
:1013A0005F8F4246514652880A80424649465180E4
:1013B0001269BFF35F8F0021116083F31088BBE6D1
:1013C000864200D803E7B7E6094800F009FA001999
:1013D00069411DE7656824680FE7874200D835E753
:1013E00044E7C046002B00203C700540F910001077
:1013F0000040054070B52E4C2569002D04D00A210F
:101400002C48FFF70BFE70BD2B4E0321300000F07F
:10141000DDF9E660FFF7FEFA284B03229C46D02355
:1014200022701B061B6801216370254B6044A3607A
:101430000F23800020610220638063694942A180FC
:1014400019800231198647311D83585218315A527A
:1014500075325C3999521832013199521832013182
:101460009952183201319952083518329D52023181
:101470001832995218320131995218320131995269
:101480001832013199521832013199521832013112
:1014900099520C4B0C49DC6001303562FFF730FB90
:1014A00001210320FFF7F4FA084B1D60A7E7C046AF
:1014B000DC100020202B00200040054040000034BC
:1014C000FFFF1000002B0020F910001038600540CD
:1014D00000487047DC100020F8B51F0008AB1B78EF
:1014E00004001600002B08D100F082F932003B0006
:1014F000121A8B41002B00DA53E02269EFF31080BF
:1015000072B61368002BFCD0BFF35F8F0223E15E3D
:1015100063694A005218D2009B18002937DB1A88E9
:1015200062802269BFF35F8F0025156080F3108809
:10153000069A9E60DF601A61079A5A615A880132E2
:101540005204520C101C002A1FD082B2588008048A
:1015500010432669EFF3108772B63268002AFCD078
:10156000BFF35F8FA2881A80A1802369BFF35F8FCA
:1015700000221A6087F310880B4923788C460132C9
:101580009A40E36863441A60F8BD0120DDE72369EF
:10159000BFF35F8F00221A6080F310880120404261
:1015A000F2E70020F0E7C0463C20000070B50100E3
:1015B0000469EFF3108C72B620680028FCD0BFF3EA
:1015C0005F8F02200D5E4C6968004019C00024182E
:1015D000002D37DB208848800869BFF35F8F002625
:1015E00006608CF31088E3606388049801332061FF
:1015F0005B0405985B0CA26060611A1C002B1FD075
:1016000093B22804628018430A69EFF3108C72B613
:101610001368002BFCD0BFF35F8F8B8823808D80F5
:101620000B69BFF35F8F00221A608CF310880B7870
:1016300001329A40CB6808498C4663441A6070BDF9
:101640000122DDE70B69BFF35F8F00221A608CF384
:10165000108801204042F2E73C20000010B5438989
:101660000A1493421ADD53009B184269DB00D31819
:101670000469EFF3108C72B62268002AFCD0BFF325
:101680005F8F5A88090494B2090C8A4208D0036912
:10169000BFF35F8F00221A608CF31088002010BD0A
:1016A0008022120214435C80012302698371BFF31C
:1016B0005F8F002111608CF31088044902788C46FA
:1016C0009340C268012062441360E8E73C200000B8
:1016D00040787047F0B5D6464F464646C0B5040040
:1016E0000D0082B0EFF305878946002F0ED03449F4
:1016F00000204B6AAB4203D38A6A0130A24226D350
:1017000002B0E0BCBA46B146A846F0BD2D4B9846A3
:10171000DB689A46434650461E7800F061F80B009D
:10172000514602000436B600715820008E1A290076
:10173000801A99418F4211DC0ED020BF204A002030
:10174000536A4B45DCD3926A0130A242D8D25B1B6C
:101750005A1E9341D8B2D3E78642EED900F048F83A
:1017600022002B00121A8B41002B1ADB002301935D
:10177000154B2200009340462B00FFF717FF011E78
:101780000FDD0F4B5A6A4A4517D39B6AA34212D307
:101790004046FFF763FF0A4A0020536A4B45AFD328
:1017A000D1E7074A0020536A4B45A9D3926A01202A
:1017B000A242A5D2CBE74A45EAD120BFE8E7C0461E
:1017C00000400540DC100020C910001010B5024A8E
:1017D0000248FFF7AFF810BD40EF00108026002050
:1017E0000300416A0A00986A596A8A42FAD170472E
:1017F000034B596A0A00986A596A9142FAD17047B4
:101800000040054070B504000D00174A536A1900E6
:10181000966A536A8B42FAD13000190024184D4160
:10182000AB4216D813D0104A2B00526A954203D906
:101830000D494A6A9A42FCD39A4207D10A4A02E009
:10184000516A994202D1916AA142F9D370BDA64270
:10185000E9D9054B5B6A1C005A1CEFD00123012417
:101860006442E5175B42E3E700400540F8B5040039
:1018700006200D0000F078F9002844D0374B384995
:10188000E3185A1E93418022120494465B429B0D3A
:10189000344A9B0563441360334A136018000A6896
:1018A0009043FBD12D4B314AE31859424B418021E3
:1018B0005B0049000620995200F056F92900C0004B
:1018C00000F0AEFB0130C3091ED140270122626245
:1018D000A362266BF30722D4E36A254B0620E518A2
:1018E00000232B60266300F03FF93900800000F0F0
:1018F00097FB7023E26A5A400E3313402B601D4B56
:1019000023630323A364F8BD1B4A93421ED900231B
:101910001A4A1B4F6262A362266BF307DCD5194B90
:10192000144AE3181A60656AA36A0620AD01ED182F
:1019300000F01AF9144900F073FBAD020100280011
:1019400000F06EFB0021FFF75DFFC5E74006800E4B
:101950009F011A003F180300B9E7C0460080FCBF92
:1019600008C0004000E0004000F000402C2B0020A8
:101970002C10000001030000FEFF0000FFFF00002C
:10198000C0FF3F00303000004E0E0000F8B5DE46CC
:101990004E4657464546E0B58B4605000A99180065
:1019A000160000F03DFB0A9B6C001F02324B6419CD
:1019B0009C46A4006444636881469F4200D96760E6
:1019C0002B1FDBB29846012B30D9C02380229B010C
:1019D000E31812011A60294BAD0059599A460029A3
:1019E0001BD17301E026226853401E4080234246EB
:1019F0005B01E3181E60012A30D9802380229B01FD
:101A0000E31812011A6053464A4667605A51F0BC07
:101A1000BB46B246A946A046F8BD586900F000FB97
:101A2000013043001B18033BFDD2DAE75B46012B74
:101A3000CBD1C02303229B01E3181A60023AA368AA
:101A40001A42FCD07301E0262268AD0053401E40CC
:101A500080230A4A5B019246E3181E605A462168B9
:101A6000514003220A401A6001225B469A40A36853
:101A70001A42FCD0C1E7C046008000408426002006
:101A8000F0B546464F46D646C0B51F00344B44001D
:101A90009C462418A4006444636888461600FF2B03
:101AA00002D880235B006360031FDBB29A46012BE0
:101AB00030D9C02380229B01E31812011A60294B00
:101AC00085005959994600291BD17301E0262268E7
:101AD00053401E40802352465B01E3181E60012ADA
:101AE00030D9802380229B01E31812011A608023E1
:101AF0005B0063604B465F51E0BCBA46B146A84606
:101B0000F0BD586900F08CFA013043001B18033B0C
:101B1000FDD2DAE74346012BCBD1C02303229B0140
:101B2000E3181A60023AA3681A42FCD07301E02657
:101B30002268850053401E4080230A4A5B0191467B
:101B4000E3181E6042462168514003220A401A6091
:101B5000012342469340A2681342FCD0C1E7C0462D
:101B60000080004084260020014B8000C058704750
:101B700084260020F8B5040021481E0017000D003F
:101B800000F04EFA0100380000F04AFA069B3604D5
:101B90001B031E432368002B20DB1A4B1A49E31852
:101BA0005A1E93418022920194465B421B0B174AB6
:101BB0001B0363441360164A13601F000A689743AF
:101BC000FBD1144B2560E2182123A0601360236829
:101BD000002BFCDA0823E6601360F8BD3F2322687F
:101BE0001340AB42D9D1A3681B051B0D8342D4D14E
:101BF000EE22E368D2021340B342CED1EDE7C046F5
:101C0000001BB7000040FDBF08C0004000E00040DE
:101C100000F000400430000010B580241C4BE405A7
:101C20001C6000281AD001231A4C18431A4BDC619F
:101C30001A4C44401C62596298628021144BC905B9
:101C40001960174817490860E021C9041960002A83
:101C500007D18022144B12061A6010BD0E4BD861BA
:101C6000EBE753019B1A9B009A18802312015B0437
:101C70009A4209D213000D490B60074B5A6080222B
:101C8000094BD2051A60E8E7094B1A00F3E7C04692
:101C900000B00540D3C007B0008005402D3FF84F8D
:101CA000FCFF01000820014000A00540F02A0020B0
:101CB000FFFFFF008023024A9B000B43D362704763
:101CC00000800540142310B50100188804331B88D8
:101CD000984710BD162310B50100188802331B88E1
:101CE000984710BDF8B54746CE4680B50F1E19D0AF
:101CF00014239946043304000025012698464B46D8
:101D00001888434621681B88984701C4431E9841A0
:101D1000013540420640AF42F1D13000C0BCB94667
:101D2000B046F8BD0126F8E7142370B50400188802
:101D300004331B880D000549984703000020002C40
:101D400001DB0130A04029009847C0465542000001
:101D5000AA23064A1B0113608D235B00D36004494C
:101D6000044B19605368002BFCDA704700400240B6
:101D700000B0FA00006002407047C04610B501484C
:101D8000FEF7C0FD64EF001070B5074D074EB54279
:101D900009D20024013E761BB60808CD98472300DF
:101DA0000134B342F9D170BD00EE00103CEE0010DA
:101DB000054B064A06491A60064A074B1A6010008E
:101DC0000B689843FBD1704700E00040BFCDFBFE9D
:101DD00008C00040FE7F3C0000F00040044BDB6C7C
:101DE000002B03D18022034BD2021A607047C046F9
:101DF000000011504C201150044A054B1A60054A4E
:101E00001368DB018033FBD17047C046FFFFFF0141
:101E100000F0004008C000404022034B9A675A6718
:101E20001A67DA667047C04600F0014010B5FEF749
:101E30000FFE10BDF8B52749274C284D641AA6108F
:101E40003200302E00D930222800920001F070F8C4
:101E5000BC2C3BD830202F232C196407204A801B30
:101E6000E40F9B1B052B16D93700002C02D0B300C2
:101E7000771CEA50001B33199B004108EB18C9007E
:101E8000C9181A605A6008339942FAD101230342F3
:101E90001CD09843C619B300EA50731C2F2E15D0DE
:101EA0009B00EA50B31C2E2E10D09B00EA50F31C6E
:101EB0002D2E0BD09B00EA50331D2C2E06D09B00FC
:101EC000EA50731D2B2E01D09B00EA50054B9D60FC
:101ED000F8BDC04600010010C00100100000002045
:101EE000C101001000ED00E0002310B5294C82B0C4
:101EF000A367FFF72DFF0122274B1A60636C012BAC
:101F0000FCD10322254B1A60224A936B012BFCD192
:101F1000013300930121224A22480433FFF72AFEAD
:101F2000052301210093204A2048FFF723FE0022C9
:101F3000022104201E4BFFF7A3FD002201210520F2
:101F40001C4BFFF79DFD0022002107201A4BFFF7D5
:101F500097FD002200210820174BFFF791FD8023F9
:101F6000DB000093002200210920134BFFF70EFD38
:101F70000022104B00210620FFF782FD0420FFF70E
:101F8000F3FD0E4900F04CF801000020FFF792FE2F
:101F900002B010BD008000403CB0004030B00040B6
:101FA000002F685900800240008C864700C0024024
:101FB000001BB70040597307006CDC0240420F0061
:101FC00001480421014B184700110020E51C0010B6
:101FD000124A936F9B0815D29066D166002905D0EE
:101FE000FFE7FFE7FFE7516F106F704704B58021EF
:101FF0000906C2175140002800D0C8430CF0B0FEBB
:10200000002104BDF0B5146E556E576F166FFFF7C3
:10201000E3FF1466556657671667F0BD000000D0F1
:10202000114A936F9B0813D210665166002905D0A0
:10203000FFE7FFE7FFE7516F106F704704B5002817
:1020400001D00020C0430CF08BFE002104BDC0462F
:10205000F0B5146E556E576F166FFFF7E5FF1466F7
:10206000556657671667F0BD000000D094464A4A8F
:10207000926F9208624601D228E0C046F0B5464E03
:10208000346E756E776F366F00F020F89446424AD2
:1020900014665566576716676246F0BD94463E4A19
:1020A000926F9208624601D254E0C046F0B53A4EB3
:1020B000346E756E776F366F00F04CF89446364A82
:1020C00014665566576716676246F0BD002B24DB21
:1020D00011D000293EDA00B5C943404200D1013198
:1020E00000F038F8C943404200D10131DB4352428D
:1020F00000D1013300BD002AEBD1002801D1002915
:1021000005D00020C90FC90701D1C043410800B55F
:102110000CF016FE0022002300BD00B500290ADBEA
:10212000DB43524200D1013300F014F8C94340426E
:1021300000D1013100BDC943404200D10131DB4330
:10214000524200D1013300F005F8DB43524200D186
:10215000013300BD002923D1002B18D1002A0CD057
:10216000BC460D4F38667A6600210023FFE7FFE783
:10217000FFE77A6F386F67467047002801D007483D
:10218000010000B50CF0DCFD0022002300BD0200C0
:102190000B00002000217047000000D0FFFFFFFF70
:1021A000002B00D0BFE0130C28D1002AE7D080B468
:1021B000114F39667A66FFE7FFE730B4040C7B6F96
:1021C000396F1B0423433B667A66FFE7FFE7FFE7AF
:1021D000C04684B27B6F3D6F1B0423433B667A6627
:1021E000FFE7FFE7C04600232C042D0C7A6F386F01
:1021F00000196941B0BC7047000000D0F0B59446AA
:102200000025140E01D112020835140F01D112015C
:102210000435940F01D192000235D40F01D1520040
:102220000135D40B0134254F7C66254C3C660E0CE1
:1022300093B2FFE7FFE7FFE73C6F6643360C770397
:10224000BE467343DF0B5B04C01AB941130C7343E2
:10225000DB18C91ACE086643360CB64493B27343F2
:102260001F0F1B01C01AB941130C73431F0B1B0531
:10227000C01AB941860D8F023E436643360C092DC4
:1022800024DB520A7243801A7703460A6643360CEF
:1022900016235B1BDE40DF40BF1964466643821B8A
:1022A0007046043506330100D940A840C01900D358
:1022B0000131A24206D20023F0BD0000000000D090
:1022C000FFFFFFFF121B0130F3D3F1E709277F1B4C
:1022D000FE406446A2B27243801A00D20139220C39
:1022E0007243130C1204821A99410B007046043594
:1022F00013370100F940A840801900D30131002BA9
:1023000002D1A2420AD2F0BD013000D30131121B2A
:10231000FAD2013BF8D1A24200D2F0BD013000D385
:102320000131121BF7E7F0B51C0C00D080E00CB4B3
:1023300000251C0A04D11B02160E33431202083575
:102340001C0B04D11B01160F3343120104359C0BE7
:1023500004D19B00960F334392000235DC0B02D16F
:1023600092185B4101351C00971864410134464FB7
:102370007C66464C3C660E0CFFE7FFE7FFE7C04675
:102380003C6F6643360C7703BE4697B27743C01B5B
:1023900000D20139C01B00D201399FB27743C91B5B
:1023A000C91B170C77437E04FF0B801BB941CE0875
:1023B0006643360C0C2D33DBB644120B1F053A4333
:1023C0001B0B97B27743C01B00D201399FB27743F2
:1023D000C91B170C77433E043F0C801BB941860D87
:1023E0008F023E43664329277F1BFE400C3D774604
:1023F000AF40BF1930BCA2B2ABB272437343801A74
:102400009941220C7243130C1204801A9941020064
:102410000B000137001BA941F9D2781E0021F0BD45
:102420000C277F1BFE4077467F0BAF40FF19E0E78C
:1024300000245D1C07D0144F7D663966FFE7FFE777
:10244000FFE7FFE73C6F95B29EB265436643401BD2
:10245000B141150C1E0C6543664336042F0C3E43F8
:102460002D04401BB141994204D202000B00200010
:102470000021F0BD01D19042F7D3801A9941013477
:102480009942F2D3F6E70000000000D0FFFFFFFF03
:1024900048404140484018B41B4B5B68FC460193E0
:1024A00008BD04DF4B27001018B4174B1B68FC460F
:1024B000019308BD00DF552700109446134A926F20
:1024C000920809D2624618B40F4BDB68FC460193B0
:1024D00008BD0CDF0D2A00100C4AF0B5146E556EC5
:1024E000576F166F6246FFF7EEFF084A146655668F
:1024F00057671667F0BD18B4034B9B68FC46019301
:1025000008BD08DFB1280010881A0020000000D0A4
:10251000FFB550404240504059404B40594000E0C8
:10252000FFB5154F4C00640D03D0BC4204D10C0321
:1025300014D80020090D09055C00640D03D0BC42CD
:1025400004D11C030AD800221B0D1B0501264B4099
:1025500009D44B4003D58B4200D18242FFBD994242
:10256000FCD19042FFBD0B43DB1803431343F5D06E
:10257000C9434918FFBD0000FF07000000B5FFF781
:10258000CFFF01D0002000BD012000BD00B5FFF746
:10259000C7FF804100BDC04600B5FFF7C1FF01D9AC
:1025A000002000BD012000BD00B5FFF7B1FF01D93B
:1025B000002000BD012000BD00B5FFF7A9FF80414C
:1025C00000BD012040054A00121804D85A00121814
:1025D00001D800207047012070470000002100282A
:1025E00005D17047C1174840401AFAD0C90713B542
:1025F000064B1B6898470CBC441CA2401005120BEC
:102600000349091B09051943114310BD1C2B002068
:102610001F04000010B54C00620D8023D218DB00AF
:10262000D21A5B057E2A10DD9E3A13DACC17090315
:10263000490819435242D140640001341532202A1E
:1026400005DAD0400843604310BD002010BD0846A5
:10265000604310BDC80FC018013810BD18B4044B3A
:102660005B6AFC46019308BD24DFBD2B001000000F
:10267000881A0020132370B51D78012D19D014DDA0
:102680001F48FFF727FB06001E48FFF723FB1E4CE1
:1026900080223100200000F04BFC022D2DD01B4881
:1026A000FFF710FB1A4B186070BD1A4B164CA36451
:1026B000F5E7184B144C23606360A360E36023616B
:1026C0006361A361E36123626362A362E3622363E4
:1026D0006363A363E36323646364A364E3642365C4
:1026E0006365A365E36523666366A366E3662367A4
:1026F0006367A367E367A364D1E7064BA364CEE7F0
:102700005344000053460000881A00204C33000058
:102710001C2B00201927001007B5604601880A0A03
:102720000230DF2AFAD1C9B2820804D30288408875
:102730000004104300E00068014A5050039007BDB8
:10274000881A00200FB403BC0CBCF0B50124E407C8
:10275000634000E0F0B50C0DCF0F661E3605891BF7
:10276000640503D3C943404200D30131640D03D053
:10277000661CF60A07D0E41B00207F00791C89073D
:102780008912803C24031D0DDF0F6E1E36059B1B36
:102790006D0503D3DB43524200D301336D0D03D0EB
:1027A0006E1CF60A07D0ED1B00227F007B1C9B07E6
:1027B0009B12803D2D032F1B661B58D4A446202E50
:1027C00046DA20371400BC401D00BD40F2403341C2
:1027D0002A4380185941CB0F05D0C943C04300227A
:1027E00064425041514162464D0D28D10D0D07D133
:1027F00000281FD0241940414941013A0D0DF9D05C
:10280000640006D3013000D30131002C01D140080F
:102810004000013A0BD4941CE40A04D1120511447F
:10282000DB071944F0BDD907204B194300E0D90755
:102830000020F0BD0029DDD1002CDBD1F0BD01323C
:10284000C6074008CD0728434908002EE1D0D9E744
:102850003C2E29DA203E40371400BC4000D0012431
:10286000F24014431A00BB401C43D317ACE7AC46FC
:10287000202F08DA20360400B4400D00B540F8409F
:1028800039412843A5E73C2F0CDA203F40360400AD
:10289000B44000D00124F84004430800B1400C4388
:1028A000C117EAE710001900002494E70000F07F48
:1028B000F0B50C0D661E3605891BE60A6405640D2D
:1028C00002D0651CED0A04D0002001210905803CDE
:1028D0002403A4461C0D671E3F05DB1BE70A6405A5
:1028E000640D02D0651CED0A04D0002201231B05F3
:1028F000803C24037740644497B484B296B2744316
:10290000070C7E43150C6F4380B26843361802D320
:10291000012000043F183004350C00197D41844625
:1029200088B29AB250430C0C62431F0C7C438EB2A7
:102930007E43921902D301263604A4191604170CFB
:102940003618674101BC81B29AB25143040C62430C
:102950001B0C5C4380B25843121802D301200004C0
:1029600024181004130C401863412D185E410020F8
:10297000474106BC88B293B258430C0C6343120C17
:10298000544389B251435B1802D3012109046418EE
:1029900019041A0C091862416D185641002047416C
:1029A00018BCF902720D1143F0026A0D1043ED02DA
:1029B0000A0D03D16D1940414941013B124E9B1B49
:1029C0007600B3420ED26D0007D30130002671416C
:1029D0006646354301D1400840001B05C918E4078D
:1029E0002144F0BD0BDA013306D1013004D10131AD
:1029F0004F0D01D04908F2E7E1070020F0BD013694
:102A000031050020EBE70000FF030000F0B51C0DCE
:102A1000671E3F05DB1BE70A6405640D02D0661CD8
:102A2000F60A04D0002201231B05803C2403D02594
:102A30002D060026F6432E661E096E66CE0FF61989
:102A4000B44649004F0D02D07E1CF60A03D0002088
:102A50000021403F3F033E1BB600B444013F7F05C9
:102A6000C91B49082E6F013676089C02950D254337
:102A70007543ED137543AD1301356D10F603761BE9
:102A80000CB4CC02450D2C43A2B2B3B25A43270C6E
:102A90007B43350C6F43A4B26C431B1902D3012452
:102AA00024043F191C041D0CA4187D4124196D41F8
:102AB000009A91B2ACB26143170C7C432B0C5F437C
:102AC00092B25A43A41802D301221204BF1822045E
:102AD000230C52187B41019C6C431B19520ED901E7
:102AE0000A434401A01A81B2B2B2514303145A43BB
:102AF000360C734387B27743D617D21900277E412D
:102B000036049B191704160C7F185E417316ED18D6
:102B1000F301002680337541A90F06D16400690ACC
:102B2000E8055B0A184309D22FE00422944480335D
:102B30007541A90AA8059B0A184326D3404149417B
:102B40002404009A019B0D005543641B4343E41A7F
:102B500095B286B27543170C7E43030C5F4392B265
:102B60005A43B61802D301221204BF183204330CA0
:102B700052197B4152429C41002C02D40022013068
:102B800051414008CA071043490802B06246D707BE
:102B90009210084BD218084B9A4203D2120589189A
:102BA000C919F0BD0020002A01DC3900F0BD013355
:102BB0001905F5E7FD030000FE070000002200B53F
:102BC000203200F004F8080000BD000000220B15C0
:102BD0000AD410B5944600F031F81414013400DA28
:102BE0000021CB17144C204700200021704762447D
:102BF000343A0CD40C2A07DA040091409040524237
:102C00002032D440214310BDD843D94310BD2032D7
:102C100007D40C469440524220321141D040204308
:102C200010BD0800C917203203D45242203210418F
:102C300010BD1800190010BDEF2B00100A0DCC0FAD
:102C4000531E1B05C91A520503D3C943404200D382
:102C50000131520D03D0531CDB0A07D0121B002098
:102C60006400611C89078912803A1203014BD21A51
:102C700070470000FF03000051434343C9188C46CE
:102C8000110C83B24B4310B4040C614392B280B276
:102C9000504362431C041B0C001910BC594113041F
:102CA000120CC01851416144704700004840414037
:102CB00048400E4B5B6818470C4B1B6818470C4A82
:102CC000936F9B0802D2094BDB681847F0B5146E6E
:102CD000556E576F166FFFF7F6FF054A1466556677
:102CE00057671667F0BD014B9B681847881B00208B
:102CF000000000D007B548404140484001E0C046D0
:102D000007B54200120E03D0FF2A03D1420218D8A1
:102D1000C00DC0054A00120E03D0FF2A03D14A029B
:102D20000FD8C90DC9050122414005D4414001D544
:102D3000814207BD884207BD0143491801D0C04305
:102D4000001807BD00B5FFF7D5FF01D9002000BD71
:102D5000012000BD491A002808D10846704700002C
:102D6000C10FC90700D54042002817D0F44603B46C
:102D70000B4B1B68984706BC81409E38404280310F
:102D800007D20B0607D04900490AC0051043084383
:102D900060470130F8E7490A8902F5E7704700000B
:102DA0001C2B0020132310B512481C78FEF792FF4D
:102DB0000100012C0AD003DD80220F4800F0B8F892
:102DC0000E48FEF77FFF0E4B186010BD0A4C5422D0
:102DD000200000F0ADF80B4B6365A365E365236647
:102DE0006366A366E36623676367A367E36723629B
:102DF000E361E5E753460000881B00204C330000E8
:102E00001C2B0020092E001007B5604601880A0A15
:102E10000230DF2AFAD1C9B2820804D3028840887E
:102E20000004104300E00068014A5050039007BDC1
:102E3000881B002070B504000A4E30000BF0D0FF54
:102E400020000AF0FDF8050030000BF071FF002DA6
:102E500005D0054B2C199C4201D8280070BD0348B1
:102E6000FDF750FD401800200000042070EF001016
:102E7000F8B506000C000C4F38000BF0B1FF210034
:102E8000300008F08DFA050038000BF051FF744354
:102E9000002D05D0054B2C199C4201D82800F8BD07
:102EA0000348FDF72FFDC046401800200000042015
:102EB00070EF001070B505000C000B4E30000BF0E9
:102EC0008FFF2800210008F0D1FA050030000BF038
:102ED0002FFF002D05D0054B2C199C4201D828004E
:102EE00070BD0348FDF70EFD4018002000000420CF
:102EF00070EF001070B50400054D28000BF070FF56
:102F000020000AF0A7F828000BF012FF70BDC046A1
:102F10004018002001480421014B184710110020DF
:102F2000E51C0010014B1B68184700001011002021
:102F3000014B5B6818470000101100209A4200D234
:102F4000885470477047C046F8B55746DE464E462F
:102F50004546E0B599460A9B07009A460D9B884670
:102F600093460B9C9B073BD10C9B9C423DD21E1B66
:102F70000B9415000C005E442A004B4601352100DD
:102F80002020B847B542F7D1A0460B9C002C20D09A
:102F9000454636195346321B013C185D29004B4605
:102FA000B847002CF6D12B00350098460D9B9B07A7
:102FB0000FD55B46EC1A0C9BA3420AD946469846AD
:102FC0002A004B46310020200134B84701354445E2
:102FD000F6D32800F0BCBB46B246A946A046F8BDD1
:102FE00016001500002CD3D1E0E71600002CCFD13D
:102FF0001500EEE7F0B54F464646D646C0B584B05C
:1030000098460EAB1B7894469946129B0D9C109FD8
:10301000119E9A0725D4002E65D1BC4221D20122EF
:103020001A409246202C00D1E9E00C9A551E30221D
:1030300002E0202C00D17BE001342A55A742F8D8C9
:103040005246002A0DD0B4420BD20C9A551E3022A3
:10305000202C02D171E0202C2DD001342A55B4420D
:10306000F9D1DA063CD55A052ED4002C28D10F9A76
:10307000102A00D1B6E0022A00D1BCE030220C9C1C
:10308000227001244A46002A65D15A0700D499E0EB
:103090002B220C9D2A55013403930C9B624600930E
:1030A000029643460194FFF74FFF04B0E0BCBA46D6
:1030B000B146A846F0BD2024DA06EDD55A0503D462
:1030C000A74266D0B44264D00F9A102A71D0022A67
:1030D00057D0202CE0D02200013430250C9FBD5465
:1030E000202CD9D0CEE7012215001D40AA461A4255
:1030F00036D04A46002A4AD10C321A4247D1BC4245
:10310000A1D2202C91D1202E17D82024DA06C3D5A5
:103110005A051BD4202F01D0202ED5D11F220F9D60
:10312000102D6FD0022DD8D162250C9FBD54D0E751
:103130005246002A79D0202EBDD92024DA06ABD5FC
:103140005A0503D4202FE9D0202EE7D00F9A102A59
:10315000A2D12024A0E72D220C9D2A5501349BE703
:10316000BC4200D37DE7202C00D05EE7DA06F0D524
:103170005A05EED4202F62D0202EEAD134001F222F
:10318000CDE7202C00D187E722000134CCE7013EB7
:10319000B5E7621E012CC2D10F9A102A00D06AE74F
:1031A0009A063BD558220C9C2270283A6270022461
:1031B00068E79A060ED4202CCBD078220C9D2A5595
:1031C000013486E71A0700D466E720220C9D2A55B1
:1031D000013461E7202CBCD058250C9A12191570C7
:1031E000013476E79A0608D558220C9C22703022CA
:1031F0006270022446E76032F7E77822F5E7002A9A
:1032000083D1B3E7A21E013C9D0603D478250C9F11
:10321000BD5460E758250C9FBD545CE778220C9C98
:103220002270483A627002242CE7DA0600D433E7B1
:103230005A058BD4202F00D044E71F226FE73C00B3
:103240001F226CE710B5002800D110BD01F04AFC28
:10325000FBE7C0460B0010B5002802D049681B6888
:10326000984710BDF0B557464E464546DE46E0B598
:1032700099B08246894690460893229A239B100073
:103280001900FFF79EF9002800D0CDE0229823997D
:103290000122D94B5242FFF78FF9002800D0C3E03A
:1032A000229823990122D54B5242FFF76FF900284B
:1032B00000D0B9E02298239900220023FFF766F995
:1032C000002800D0F1E1229E239F8023269ADB0074
:1032D0001A400D92269A1A4201D106232493802384
:1032E000269A1B011A403B0093460996334300D0AF
:1032F000B3E0002A00D0C2E1002300240A930B941B
:10330000002304250993259B0024AB4200D95C1BB4
:103310000223269A1A400C92269A134203D06B423B
:103320006B415B421C40099B002B07D00A9A0B9B08
:1033300030003900FFF7C1F806000F0022982399EA
:1033400000220023FFF722F9002803D0802109067C
:103350007B181F00269AAA4B009601971340089EDF
:103360000493249B039402934246330049465046FB
:1033700000F0AAF90400002D67D02020269A4946C3
:10338000024013005A4253415B42621C18400A92A9
:10339000330022004530D047099A6F1ED317D41846
:1033A0005C40D30F9B46002501E0202D13D008AAD6
:1033B00094461F23200063440A2101355E19FEF75D
:1033C0002FFE3031317020000A21FEF729FE260041
:1033D0000400092EE9D805230693002304930A3339
:1033E00003935B46089E029310AB0A9A00934946EA
:1033F0003300504605970195FFF7FCFD0C9A040039
:10340000002A22D04246851A259AAA421DD9B046E2
:103410005746160022004346494620200135B8474A
:103420000134AE42F6D810E0269B42460493259B19
:1034300049460393249B50460293229B239C00936E
:103440000194089B00F040F90400200019B0F0BC82
:10345000BB46B246A946A046F0BD6A4B78009C46E2
:10346000400D6044FFF7BEF8674A684BFFF743F82A
:10347000674A684BFFF718F8674A3B031B0B1A4370
:1034800004000D0009981100644B0022FFF703F8B7
:10349000634A644BFFF72FF802000B00200029005D
:1034A000FFF702F8FFF7B6F80990FFF79BF85E4ABE
:1034B0005E4B04000D00FFF71EF800225C4BFEF788
:1034C000F3FFFFF7A7F85B4A5B4B29000C90200045
:1034D000FFF711F804000C980D00FFF783F8574A26
:1034E000574BFFF708F802000B0020002900FEF7F9
:1034F000D2FF04000D0002000B000A940B95FEF7AA
:10350000FAFF04000D000A980B9902000B00FEF769
:10351000CBFF00220E900F914A4B20002900FEF7AE
:10352000CCFF0022484BFEF7BFFF02000B0020003B
:103530002900FEF7C2FF0022444BFEF7B5FF020050
:103540000B0020002900FEF7B8FF0A9A0B9B0D0024
:1035500080210400C9050020FEF79DFF02000B003A
:1035600020002900FEF7A0FF02000B000E980F9923
:10357000FEF7A3FF0022284BFEF796FF344B0C9C6E
:103580009C46644423050022FEF7B5FF04000D00AD
:1035900002000B00300039000A940B95FEF7F6FF8D
:1035A00000285DD123002A00C625099963318D4288
:1035B000AD4159466D420435002900D1A3E61343BD
:1035C00063D030003900234A234BFEF7EDFF00287B
:1035D00007D0002230003900204BFEF7D7FF00282B
:1035E00053D1249B002B00D18DE60D9B5A1E934195
:1035F000249AD31A249386E6FFFFEF7FFFFFEFFFA5
:10360000FFF7FFFF01FCFFFFFB799F501344D33FFF
:10361000B3C8608B288AC63F0000F03F0000F83F27
:1036200061436F63A787D23F71A379094F930A4023
:103630000000E03F1655B5BBB16B0240EF39FAFE12
:10364000422EE63F00002C400000244000001840BD
:10365000FF0300002D431CEBE2361A3F80842E410D
:10366000099B0022013B09932000164B2900FEF71D
:1036700024FF0A00010003000A910B9294E7002343
:1036800000240A930B9400230993249A099B9A42DD
:1036900014DDD31A013B24938023269ADB001A43BE
:1036A00000230025269209932DE6802212069446D7
:1036B000229B1E00239B63441F0006E600232493E5
:1036C000EAE7C04600002440F0B54546DE464E46D7
:1036D0005746E0B595B08B46904699461E9A1F9B7B
:1036E0000A9019001000209DFEF76BFF002800D003
:1036F000B0E11E981F990122C74B5242FEF746FFC8
:10370000002800D037E11E981F990122C34B524276
:10371000FEF752FF002800D0A7E01E981F99002254
:10372000BF4BFEF749FF002800D088E01E981F9984
:103730000022BC4BFEF72AFF002800D07FE01E9835
:103740001F9900220023FEF721FF002800D0FAE095
:1037500000230B938023229C229ADB001C401A42F8
:1037600000D102E1092D00D87CE106A98C462C008D
:10377000172200233021093C62440133D154EF1A4F
:10378000202B00D132E1A342F7D10022A44B0692B4
:1037900007931E981F99FEF73DFF0500FEF722FFD5
:1037A00002000B001E981F99FEF775FE069A079BF4
:1037B000FEF7A1FE08900991FEF750FF0600FEF704
:1037C0000DFF02000B0008980999FEF764FE002225
:1037D000954B08900991FEF7EFFE002800D1D2E04A
:1037E00001363000FEF7FAFE069A079BFEF7DCFE74
:1037F000002801D000260135AA46002F00D098E00D
:103800002800FEF7EFFE02000B001E981F99FEF73E
:1038100042FE854B002206000F00FEF7B7FE0CAB00
:103820009A46002845D10022300039007E4BFEF731
:10383000C3FE00283DD1EB073BD5013539E0229B83
:1038400042460493219B594603930A981E9B1F9C52
:103850000295009301944B46FFF704FD15B0F0BCB0
:10386000BB46B246A946A046F0BD229B5B0767D483
:1038700003226E4B229901920391219902910093A8
:1038800042464B4659460A98FFF75EFBE6E706AA12
:1038900094461723280063440A2101341E19FEF7B9
:1038A00097FB3031280031700A21FEF791FB051E8D
:1038B00076D0202CEBD10323229A1340012B1DD16B
:1038C000219B002B1AD00B9B002B00D0BBE0229A2F
:1038D0000C33134200D0B6E0219BA34200D887E00E
:1038E00006AB9C4617223023624404E02199013440
:1038F00013558C4259D0202CF8D12024229B0194BE
:103900000393219B02935346B9E706AA94461723D3
:103910000A216344300001341D19FEF781FB303168
:10392000297030000A21013FFEF77AFB092E46D9A3
:103930000600202CE9D155460CAB20249A46B8E766
:1039400004223B4B96E71E9A1F9B00200021FEF7A6
:10395000A2FD01230B938023229C229ADB001E9060
:103960001F911C401A4200D0FCE60022314B062772
:10397000069207930DE7229B0393219B0293042356
:1039800001932D4B7BE7002208980999264BFEF7FF
:10399000FDFD002800D02FE7002E4FD101362BE788
:1039A0000323229A1340012B66D0202CA6D00B9B18
:1039B000002B1FD02D235246135501349EE7554648
:1039C000202CB9D030233A19002F08D0172006A98F
:1039D000013409180B55202CAED09442F6D10CAB13
:1039E0009A462E2352461355013462E72024CCE632
:1039F000202C83D0229B5B0708D4229B1B0700D47A
:103A00007CE7202352461355013477E72B23524697
:103A10001355013472E7C046FFFFEFFFFFFFEF7F52
:103A200065CDCD4165CDCDC10000E03FCCEF0010AC
:103A3000C4EF001080842E41D4EF0010F30700D4AF
:103A4000DAE60136D8E6219B013B2193A34200D957
:103A500046E7AAE7229B0393219B0293032301934A
:103A6000074B0CE7074BEA009B185C681B682F00AC
:103A70000693079400248CE6219B002B95D022E727
:103A8000D0EF001030FB0010F0B55746DE464E4632
:103A90004546E0B5A5B01F002E9B91460D93CA4A3E
:103AA000CA4B82468B461A60002900D129E20023C6
:103AB00038789846002800D12BE2C54B44460C9339
:103AC000C44B55464E460E930AE0631C98462200AE
:103AD00033005946A84744463878002800D187E08B
:103AE00001372528F1D108239A46043B9946023B29
:103AF0009846013B00229C460B943878791C0300C1
:103B0000203BDBB2102B03D80C9C9B00E3589F4654
:103B10000300303B0B9C0B92092B3AD900239846AB
:103B20002A2800D1DDE000239A462E284BD003003E
:103B3000683BDBB2122B1ED80E9A9B00D3589F46CF
:103B400063460F001A43D8E743460F001A43D4E7F1
:103B50004B460F001A43D0E710230F001A43CCE75F
:103B600053460F001A43C8E780235B000B9A78780E
:103B70001A430B9201310F0067284FD82428A4D98B
:103B80000300253BDBB2422B9FD893499B00CB58C7
:103B90009F46002398460B9B47469C4600E0013118
:103BA000BB00DB195B001F180878303F0300303B77
:103BB000092BF4D963460B930023B8469A460F00AD
:103BC00001312E28B3D180200B9AC00002430B9202
:103BD00030225242944678780B0084446246092A87
:103BE00000D8AAE12A2800D1B9E10F0001319EE7EF
:103BF000A046AA46B146C84503D301235B424B44C5
:103C000098464B46424659460020D047200025B0F2
:103C1000F0BCBB46B246A946A046F0BD01006939DA
:103C2000C9B20F2900D950E701238B409C466B4B4A
:103C3000994663464A4613400F9362464B461A42E2
:103C400000D068E10A2956D0072900D03DE70D9B36
:103C500002CB9846002900D092E10B9B10211A005C
:103C60008A43100011310843814680201A00C000A9
:103C70000240110003421CD114AB9C461F220F23AB
:103C800062440D959C4615000F9B0B9402E0202B7F
:103C90000CD0110064460C4020003730092C00D8AD
:103CA00007380133E8540A090F29F0D80B9C0D9D01
:103CB0000F934B460822069353460592083203920F
:103CC000002204930F9B029201931CAB22000093ED
:103CD000594633002800FFF78DF9434604000D9341
:103CE000FAE60D9B04CB9046002A79DB78780D9399
:103CF0000F00013117E70D9B02CB14930B789C4604
:103D000018005346002B00D134E1002815D053464B
:103D1000013B013399460D940B9C89444A460B00A4
:103D2000A14601E0934203D05C780133002CF9D125
:103D30004A465B1A0D9C0B920F938023DB00994639
:103D40000B9A13400D934B461A4204D00F9B5345D8
:103D500001D953460F93022399460B9A13400B93B4
:103D60004B46134200D1F5E16346002B00D1D6E16A
:103D70000D9B002B00D182E10B1BD14631009A46EE
:103D80003B00A1442E005F464D4622009B468946DB
:103D900009E04B463900541CB0475346185D0028D3
:103DA00000D192E122009542F3D14B465A46A946F2
:103DB000BB46350017001E004C460B9B002B00D065
:103DC000ADE1149B0D9387E6893A0010EC2A0020A0
:103DD00094F90010D8F9001024FA00104190000066
:103DE0000B9A283802430B9242465242787890460A
:103DF0000F000D93013196E678786C2800D15DE1D3
:103E000080230B9A5B001A430B920131B3E68023A7
:103E10009B00ABE67878682800D148E180230B9AB4
:103E200001311A430B92A6E6672800D1B2E0472879
:103E300000D11AE1452800D11CE10B9A0721049218
:103E400042460D9B0392073352468B431900029260
:103E50000CC92800009201930D91220033005946AD
:103E6000FFF700FA040037E6462800D18DE00B9AF0
:103E70000721049242460D9B0392073352468B431F
:103E8000190002920CC92800009201930D912200A2
:103E900033005946FFF718FC04001DE6631C9846E2
:103EA0002200330059462520A847444614E60D9BBE
:103EB00004330F93631C99460B9B9A0700D40AE1C5
:103EC0000D9B2200187859463300A84743464444C6
:103ED000012B00D86FE1B0462E0025004C46B946B4
:103EE0005F4622004346013439002020B047AC42EF
:103EF000F7D12C00BB4635004F4646460F9B0D932D
:103F0000EAE5D64B38789A4600239846002800D038
:103F1000D3E500246FE66F2842D000D8FDE11023DE
:103F2000782800D19BE00B9A9A430B920A239C4677
:103F3000002314930A330F9338E057460B9AB900C5
:103F4000C919490001330F181878303F0100303982
:103F50000929F4D9BA460B921F00591CE7E50D9BBD
:103F6000B87804CB0237D143C9170A4092460D9363
:103F7000791CDCE5002800D1DFE602235B42C8E6BD
:103F800021200B9A0243914676E620230B9A1A438E
:103F90000B926CE780230B9A1B011A430B924CE7A0
:103FA00008239C460023149308330F930B98802317
:103FB0000200DB001A4011000200184200D080E02D
:103FC0000C239A431000802302009B001A400B929E
:103FD000184200D0F1E0802302005B001A409146B5
:103FE0000D9A04321492184200D0C3E2430600D561
:103FF000D7E0030600D421E30D9B1B880993002B17
:1040000000D02DE110339843002900D128E100238E
:10401000994643460593534604930F9B069003939A
:10402000002302934B4601931CAB22000093594698
:1040300033002800FEF7DEFF0400C2E6582809D04E
:10404000622800D0E3E202239C460023149302334B
:104050000F93ABE720230B9A1A430B92103B9C461D
:104060000023149310330F93A0E780230B9A1B01B6
:104070001A430B9220230B9A1A430B92DDE60B1B7B
:104080009A460F9B99463B0037005E469B462200AE
:104090003B003100A84753460134185D0028F6D193
:1040A0004B460F935B46B3463E001F0085E6C02398
:1040B0000B9AB8781A430B92F91C5CE5C0239B005D
:1040C000F6E70D239A4310007DE75B463500BB46BB
:1040D0004E461F0071E64346012B66D9631E4344DA
:1040E00032002E001D003B00A2465F4691469B46D3
:1040F00022004B46013439002020B047AC42F7D1B2
:104100005B463500BB464E46A14654461F000D9BFC
:104110004A461878594633004444A847EEE60F9BB8
:10412000A146984500D84CE64444E41AB0462E0017
:1041300025004C46B9465F4622004346013439000B
:104140002020B047AC42F7D12C00BB4635004F468B
:10415000464636E60F98804500D873E24346E2189B
:10416000131A32002E001D003B0091465F469B460D
:104170000F9122004B46013439002020B047AC4259
:10418000F7D15B46BB461F0043460F9901330F939F
:104190000B7835009C464E466046002800D0E7E587
:1041A0000FE60D9B1B78099329E70D9B22001878D9
:1041B00059463300A8474C46A0E60D9AFA3BFF3B10
:1041C00007329A430133994691444B460D93136845
:1041D000526815921A4306D1103290430022099278
:1041E000002900D083E06122810600D54122D2B2AD
:1041F0000A9214AA91460A9A00210A3A0B92424660
:104200001792524618925A46B24609911E001F3123
:10421000149B4944BB4616941A9500246746984659
:104220008946159D19901B920AE03032D2B24B4656
:1042300001341A55A8454CD0202C4CD006000D0056
:104240003A00002330002900FDF728FFD2B2092AE6
:10425000EBD90B9B9C466244D2B2E8E7452F001095
:104260006123820600D54123DBB20A3B0B93434610
:1042700014A91F228C46159353466244B2460D94EE
:1042800017974C468046A9461700099D0F9E169326
:1042900008E03033DBB201343B55B5420ED3202C5D
:1042A0000CD0050031002800FDF7BAFECBB2092979
:1042B000EFD90B9A94466344DBB2ECE7159B40467A
:1042C0009846169B4D465646A1469A460D9C179F0A
:1042D0009FE6B742B0D9179B56469846189B5F4653
:1042E0009A461B9B09949B46169C19981A9D434617
:1042F0000593534604930F9B069003930023029368
:10430000099B01931CAB22000093594633002800FF
:10431000FEF770FE0400FFF7DFFB10230B9A9A43B1
:104320000F92692800D091E10B9980230A00DB00ED
:104330001A4010000A00194203D0112118008A43C4
:104340000F920F9A802311009B0019408C461A424D
:104350005BD1802311005B00194089460D9904311F
:104360000B911A4200D0B2E013005B0600D4EDE0DE
:104370000D9B1B781A00D90F0D91002B00D1A3E0E3
:10438000100014AA944642461F23159252466344D5
:10439000A846BA464D461494B14604001F00169232
:1043A00001E0202D0FD020000A21FDF739FE013554
:1043B0007E193031317020000A21FDF731FE2600D0
:1043C0000400092EEDD8159B4E46A9464546984651
:1043D000169B57469A46149C0F9B0693434605939B
:1043E000534604930A2303930D9B02934B46019378
:1043F0001CAB22000093594633002800FEF7FAFD5B
:104400000B9B04000D93FFF767FB07220D9B0733FF
:104410009343013294469C4462460D920CCBD90FD3
:104420000B911100194300D19BE0D9171391129100
:104430005140109113995940119110981199129A65
:10444000139B801A99411090119114AA94464246E8
:104450000023159252469946169232001F33634448
:10446000A8464E46BA4614941F00109C119D9146D2
:1044700001E0202E10D0200029000A220023FDF7A1
:104480000DFE013630322B00BA550D00220004001B
:10449000002BEED1092AECD8159B109411954546B6
:1044A00098464B46169AB14657461E009246149CB3
:1044B0000F9B069343460593534604930A230393A5
:1044C0000B9B02934B461CE7002885D159E70D9BB7
:1044D0001B68DA0F1100002B00D1A6E0DA1798183C
:1044E000504014AA91461F2342464B44A8460D94BF
:1044F000169704006546B1461F001491159201E01D
:10450000202D0FD020000A21FDF78AFD01357E19EC
:104510003031317020000A21FDF782FD26000400B1
:10452000092EEDD8159BAC4645469846149B4E4641
:1045300019000D9C169F0F9B02910693434605930D
:10454000534604930A230393634650E713001B0664
:104550006ED50D9B00229B5ED9175A184A4092B225
:1045600009E7002399460028A2D1002200231092D7
:1045700011936AE70D9B1B689946002B03D11033FA
:104580009843002938D16123820600D54123DBB24C
:104590000A3B0D9343461693534614A91F228C469B
:1045A00017932B0062444D46B246159418978046E7
:1045B000170099460B9C0F9E08E03033DBB20134A4
:1045C0003B55B5420ED3202C0CD0050031002800FD
:1045D000FDF726FDCBB20929EFD90D9A9446634425
:1045E000DBB2ECE7169B40469846179B56464D4675
:1045F0009A460B94189F159C434605935346049383
:104600000F9B06900393002302930B9B0BE50B99E2
:1046100080230A00DB001A4010000A00194200D073
:104620008BE610239A430F928BE6002883D158E73C
:104630000D9B1B68D9175A184A409CE60D9B1B68B6
:104640000993DCE4030001330F93A5E50B926DE4BD
:104650000CB430B585B008AC08CC064D0A00009407
:10466000010028000394FFF70FFA05B030BC08BC26
:1046700002B018473D2F001000B585B0039101210D
:1046800002900093034813004A4202A9FFF7FCF985
:1046900005B000BD553200100FB430B50C4985B0DF
:1046A00008AA08CA0D680392002D0CD000920122BE
:1046B000084C5242200002A9A847012005B030BC96
:1046C00008BC04B01847180000F058FA0020F5E7BD
:1046D000EC2A00204532001010B5094A0300146886
:1046E00084B0002C08D0012200910648524203A950
:1046F000A047012004B010BD00F040FA0020F9E707
:10470000EC2A00204532001000BEFDE7094A0300F4
:104710001068002805D00849C3188B4207D81360D9
:10472000704706480449C31810608B42F7D901202E
:104730004042F5E7E826002000000420542B00202A
:10474000030010B508001100002B05D1044B1A68B6
:104750005B6800F065F910BD01204042FBE7C046F0
:1047600038F900100300013B10B508001400012BBC
:1047700006D801230022210000F0D2F8200010BD4D
:1047800001204042FBE7C046012040427047C0463E
:10479000012040427047C046012040427047C04659
:1047A0000300022200209A424041704710B5FFF7F3
:1047B000ABFFC04630B50D0083B01900002A0BD006
:1047C000074B084C0192009302002B002000FFF7DA
:1047D00063FF0120FFF798FF034B1A00F1E7C04683
:1047E000DCEF0010ECEF001008F2001070B5FDF7E0
:1047F000CBFA074D074EB54209D20024013E761B85
:10480000B60808CD984723000134B342F9D170BDF2
:104810003CEE001048EE0010030010B50800110037
:104820001B68984710BDC046F0B5C64600B5437D2D
:1048300007000D001600002B38D0002A2EDD0021C5
:104840006A1E90466A5C037D4C1C00200A2A0CD02C
:10485000A64216D043461B5D21000D3B5A425341F0
:104860006A5CDBB24C1C0A2AF2D1002BF0D18842E0
:1048700017DB022110483B689847A64207D020006A
:10488000E8E7864203DD311A3B6828189847AD19DE
:10489000013D2B780D3B5A4253413B7580BCB846D5
:1048A000F0BD091A3B6828189847E2E70368110031
:1048B00028009847F2E7C04680FB0010F0B5C646D6
:1048C0000B6806000C0000B5802B06D05A1C226035
:1048D000E418267180BCB846F0BD0F4B1D68002D52
:1048E00016D00B1D98460D4F02E02D69002D0FD0FC
:1048F0002B68002BF9D03B68002B01D0AB42F4D1E0
:10490000280041462268FFF78FFF2D69002DEFD167
:1049100001220023DBE7C046DC260020E42600203D
:10492000F0B5DE4657464E464546E0B585B0170021
:104930001C0006000D00FCF75BFF0023314A121833
:104940004B41802109068B4202D301222E4B524259
:104950002E4908008A460AF023FA01906B1C03D105
:10496000300008F07BFE0500002C26D0284B98462E
:10497000284B1C68002C15D0002F21D1264F02E0B7
:104980002469002C0ED02368002BF9D03B68002B43
:1049900001D09C42F4D120002A003100C047246994
:1049A000002CF0D1019B002B28D1280005B0F0BCD1
:1049B000BB46B246A946A046F0BD184B9846D7E77D
:1049C000154B994602ABDF1D0A239B4602E0246982
:1049D000002CE7D02368002BF9D04B461B68002B36
:1049E00001D0A342F3D12A0031002000C0475B462A
:1049F0000122390020003B70C047E8E750460AF02A
:104A000097F9D2E740420F00FFFFFF7F48180020D0
:104A100029480010DC260020E42600201948001058
:104A2000F8B557464E464546DE4698461A4BE0B521
:104A30009B461A4B07000E0091469A46184D5B465E
:104A40001C68002C03D115E02469002C12D02B68BF
:104A5000002B01D0A342F7D1A368002BF4D0310082
:104A6000380098470028EFDDF0BCBB46B246A946A7
:104A7000A046F8BD53465B6A984508D85246926AEC
:104A80004A4502D302204042EEE79845FAD1012080
:104A90000021FCF7B7FED2E7DC26002000400540ED
:104AA000E42600200A4A1368002B05D10CE01A0006
:104AB0001B691032002B07D09842F8D1002902D18F
:104AC00003691360016170470029FCD01060FAE7A8
:104AD000DC26002010B500F0B3F900F0FBFB01204C
:104AE00010BDC046F0B5CE46474680B583B06B4694
:104AF0000600DD1D2870FCF77BFE00231A4A121801
:104B00004B41802109068B4202D30122174B5242AE
:104B10001749080088460AF043F9164B81461C687D
:104B2000002C14D0144F02E02469002C0FD023680D
:104B3000002BF9D03B68002B01D09C42F4D120001F
:104B400001222900FFF770FE2469002CEFD14B46AB
:104B5000002B05D1300003B0C0BCB946B046F0BD53
:104B600040460AF0E5F8F5E740420F00FFFFFF7FFF
:104B700048180020DC260020E426002070B5040040
:104B800008F06CFD01230100050001222000FFF761
:104B9000C7FE084B1C68002C06D06368002B05D0AC
:104BA00098472469002CF8D1280070BD2469002C96
:104BB000F3D1F9E7DC260020F0B5CE46474680B5B4
:104BC000A3B004000D00FCF713FE0023294A1218BD
:104BD0004B41802109068B4202D30122264B5242CF
:104BE000264F38000AF0DCF800230600019322006B
:104BF0002B00234801A9FFF73FFD019B8046002BB6
:104C000014D1204B1C68002C06D06368002B0BD0FD
:104C100098472469002CF8D1002E25D1404623B0B6
:104C2000C0BCB946B046F0BD2469ECE7154B1D6821
:104C30009946002D1CD0144C02E02D69002D0FD098
:104C40002B68002BF9D02368002B01D0AB42F4D1A4
:104C50002800019A02A9FFF7E7FD2D69002DEFD189
:104C60004B4601951C68CEE738000AF061F8D5E79D
:104C70000195D1E740420F00FFFFFF7F4818002059
:104C8000BD480010DC260020E42600200FB400B54B
:104C900083B004A901C90191FFF78EFF03B008BCDE
:104CA00004B01847F0B5002915DD0E4B0D271A6822
:104CB0000D4B0E4CD3185D426B41451820215B0013
:104CC0001E5F0478A64207D093691942FCD10130D7
:104CD0001460A842F5D1F0BD93691942FCD1176068
:104CE000F2E7C046302B00200080FCBF2C2B0020B8
:104CF000204B70B504000D1E1E682ADD0020102117
:104D00001D4B013C1A689369194214D10130936913
:104D10001942FCD1136823548542F4D1002E08D0E7
:104D200050239363516B183B0B4014498C466244EB
:104D3000136028000CE0002E08D050239363516BC1
:104D4000183B0B400D498C466244136000280DD07F
:104D500070BD002E0AD05022074B1B689A63596B16
:104D6000183A0A4005498C4663441A6003204042C1
:104D7000EEE7C0466C260020302B002034100000E7
:104D8000064B10B51B68002B06D00021044A1268A0
:104D90009163044A1068984710BDC0466C260020F5
:104DA000302B0020742600200822034B19688B69E1
:104DB0001A42FCD17047C046302B0020F8B51A4F7C
:104DC0001A4B3A680500D31858424341184E143321
:104DD0001C003368002D02D0002B0FD0F8BD002B33
:104DE000FCD0002120009563FBF752FE2000114902
:104DF000FBF7AAFF104B35601D60EFE70E4B20005C
:104E000019600C493560FBF77BFE01212000FBF7A0
:104E10003FFE50223B689A63596B183A0A40074993
:104E20008C4663441A60D9E7302B00200080FCBF19
:104E30006C260020814D00107426002034100000E4
:104E40000D4B10B51B780D4B0D4C1B780D4B0221F3
:104E50001B780D4B00202360FBF714FD022101207D
:104E6000FBF710FDE12120684902FCF7FFFC01215E
:104E70000648FFF717FE10BD0402011000020110E2
:104E8000302B0020FC0101100040034020110020C5
:104E90007047C0460022014B1A7070474D2B00200E
:104EA0004B790020FF2B0BD18B79002B08D1CB79CC
:104EB000012B05D1082A03D9024B8A7809301A70D0
:104EC0007047C0464D2B00200120704710B50129C6
:104ED00001D0012010BD13495379107909781B02C4
:104EE000034300209942F5D15378012B08D0022BBF
:104EF000F0D1002064220021FCF78EFE0120E9E7BA
:104F0000D37891781B021943DB0507D54A0A1000B4
:104F100001231A407E331940FCF706FF01204A0A9C
:104F20004042F5E74D2B00200048704768FC001018
:104F300070B5050014000120012909D15378002023
:104F4000012B05D1637912791B021343072B00D083
:104F500070BD21002800024A9F3301F05FFAF7E795
:104F6000C0FB00100123037000487047A0FB001035
:104F70004B780A781B0213438A7810B512041A433F
:104F8000CB781B0613439622D200934200D010BD6B
:104F90000022012011004042FCF7C6FE024B1860BF
:104FA000024B19607047C04670260020782600200A
:104FB00010B5024B1878FBF789FD10BD4F2B002070
:104FC000154B70B51A68002A22D0EFF3108172B623
:104FD00010680028FCD0BFF35F8F00200F4A596093
:104FE00010701B68BFF35F8F186081F31088002476
:104FF00000250B4E3078FBF75DFD002804D100241E
:1050000000252900200070BD3078FBF75FFDF8E730
:10501000FA240025A400ECE7F82A0020502B0020F9
:105020004F2B002070B5040000200E0001F016FB8D
:10503000002836D0002001F027FB002831D0FCF7F3
:10504000D7FB0023184A12184B41802109068B42D6
:1050500016D2164D280009F0A3FE002821D000200A
:1050600001F0FCFA00280FD101200021404200F09D
:1050700009FD03246442280009F05AFE200070BD97
:1050800001220B4B5242E4E7002001F0FDFA002818
:10509000EAD021003200002001F000FB041EEAD11A
:1050A000E7E703246442E9E740420F00242B002095
:1050B000FFFFFF7F10B5FCF79BFB00230E4A121881
:1050C0004B41802109068B4202D301220B4B5242F5
:1050D0000B4C200009F064FE00280CD001200021B8
:1050E000404200F0CFFC002001F022FB0028F5D167
:1050F000200009F01DFE10BD40420F00FFFFFF7FA2
:10510000242B0020F8B5DE46574680B505000C007C
:10511000FCF76EFB0023374A12184B418021090629
:105120008B4202D30122344B5242344908008A4652
:1051300009F036FE002803D1C0BCBB46B246F8BD1C
:10514000002001F08BFA00284AD00026002C43DD15
:105150002B4B9B4614E0A919002001F023FB07000C
:1051600001200021404200F08DFC002001F0E0FA17
:10517000FCF73EFB224BF61918605960B4422BDD58
:10518000002001F02FFBA71B0200B84200DD3A000F
:10519000002AE0D101200021404200F073FC0020F1
:1051A00001F0C6FA002001F059FA002814D00020BE
:1051B00001F018FB0028E1D1FCF71AFB5B460F0059
:1051C0001A685B68002184460E4812184B419F42C2
:1051D00002D8D3D19445D1D9504609F0A9FDABE707
:1051E00000200021064B18605960504609F0A0FDD0
:1051F000A2E7C04640420F00FFFFFF7F242B0020A4
:10520000801A002020A1070030B52B4C85B000216A
:10521000200009F0ADFD00281CD1284B1A68002A97
:1052200016D0EFF3108172B610680028FCD0BFF3DF
:105230005F8F01242248596002781B68D2B2047043
:10524000BFF35F8F0020186081F31088002A17D009
:1052500005B030BD01200021404200F013FC0020C9
:1052600001F012FA0500200009F062FD002DEFD0D8
:10527000144B1B68002BEBD0134A10689847E7E7E4
:10528000FCF726F90400FCF7B3FAFA220023920097
:1052900012184B41802109068B4202D301220B4B8D
:1052A00052420121029100210191094920000091FF
:1052B000FCF712F9CCE7C046242B0020F82A002086
:1052C000502B00207026002078260020FFFFFF7F53
:1052D000C14F0010D02310B51B0684B01C68FCF72A
:1052E000F7F8FCF7F5F9A04202D0002004B010BD99
:1052F0002A4B002100201B7801F070FD284803682C
:10530000002B47D00120FBF763FEFF23254C2649E5
:1053100020701840FBF7F4FB20780121FBF7B8FB65
:105320000520FBF7DBFB002826D1082200211F48BF
:10533000FDF7F8FDFCF7CCF80400FCF759FAFA2267
:105340000023920012184B41802109068B4202D3A0
:105350000122174B5242012102910021019115496E
:1053600020000091FCF7B8F80028BEDB12480121AC
:10537000FFF798FB0120B9E70120FBF757FB0B4B28
:1053800001001800FBF796FE002205200B49FBF7F1
:10539000E1FBEBE7FBF772FEB4E7C0460802011041
:1053A000242B00204F2B002009520010F82A002047
:1053B000FFFFFF7FC14F001038110020B14F0010D8
:1053C0000048704704FD001000487047B0FC001012
:1053D00010B5040017480378002B20D0002C06D10C
:1053E000154B16484380063BFF3B038010BD052C40
:1053F00019D8134BA400E05812490123013804E0E6
:1054000001330A800231142B0FD0C25C002AF7D17D
:10541000C022DBB25B00920008481343E5E711218C
:1054200000F01AF8DAE70020E0E7CA2303489B00FF
:10543000DBE7C046342B002009040000B42600201E
:1054400098FC0010B626002010B5024800F0D8F8ED
:1054500010BDC046142B002030B54B1E012900D1D1
:10546000A7E0664A11780D092C0030349F2900D935
:10547000A2E00470012B00D1BEE00F21147821407E
:105480000C003034092900D998E04470022B00D177
:10549000B2E054782509290030319F2C00D990E0E2
:1054A0008170032B00D1A7E00F2121400C00303484
:1054B000092900D987E0C470042B00D19CE09478BE
:1054C0002509290030319F2C00D97FE00171052B7F
:1054D00000D191E00F2121400C003034092900D97E
:1054E00076E04471062B00D186E0D47825092900A6
:1054F00030319F2C00D96EE08171072B00D17BE009
:105500000F2121400C003034092966D8C471082BC2
:1055100000D171E014792509290030319F2C5FD822
:105520000172092B68D00F2121400C003034092969
:1055300058D844720A2B5FD054792509290030319C
:105540009F2C52D881720B2B56D00F2121400C007A
:10555000303409294BD8C4720C2B4DD094792509CD
:10556000290030319F2C00D9073101730D2B43D016
:105570000F2121400C003034092901D937310C00AA
:1055800044730E2B38D0D1790C09220030329F2978
:1055900000D9073282730F2B2ED00F220A40110040
:1055A0003731092A01D830321100C173102B23D0B2
:1055B00010300023037030BD07345AE737310C0038
:1055C00063E707316CE737310C0074E707317DE79B
:1055D00037310C0085E707318EE737310C0095E74E
:1055E00007319DE737310C00A3E70731AAE73731D0
:1055F0000C00C4720C2BB1D1C018DAE7142B0020B8
:1056000010B588B004000D2200216846FDF78AFC21
:105610000D22002104A8FDF785FC4B236A4668464D
:10562000137004A90D2209F07BFB1521082220002C
:105630006944FDF77DFC08B010BDC046F8B500F028
:1056400043F90C23194DFF22AB6705201849FBF7DE
:1056500081FA184C402200212000FDF763FC40270E
:10566000002301262121144A66702783A26013605B
:1056700063545F31618445396354104A1049636053
:10568000E2602787A1620B606362E26209F098FB27
:1056900080239B052E64EB6490230A4A0120EA5084
:1056A0008022094B5202DA64F8BDC0460000115056
:1056B000D1050020EC26002084001050000110507D
:1056C0008000105010D001000020115010B50121B1
:1056D0000520FBF7DDF910BD10B5002200210248BE
:1056E00000F012F910BDC0460C270020044B1970C1
:1056F000002904D080219023024A8902D1507047AA
:10570000482B0020002011500B785B0602D14B780B
:10571000052B00D070478A78014B1A60FAE7C04623
:1057200000001150F0B5C646C87800B58007830F59
:105730001800012B60D08F780A794B797F2139408E
:10574000FC091B024E001343334D32195201AA18B3
:10575000977001276740577000275B055B0DD77076
:105760001383D076B846CA00012C32D02B4FBC46EA
:105770008F016244BC46AC446746BA604746176036
:10578000002932D0264AC900904662464144516001
:105790003F223F339343022837D0224937190A6802
:1057A0007F01D3180B602049EF19FA608B422ED885
:1057B00036197601AD19EB7E1C499B064A4013430E
:1057C0008022120613436A681360012080BCB84629
:1057D000F0BD174FBC468F016244BC46AC446746DF
:1057E000BA6247461760002908D1002364012C19CA
:1057F0006360104BE360E8E70020E7E70B4AC9006D
:105800009046624641445162C2E75B00C5E7FCF73F
:10581000B5FAFA68CCE7C046EC26002084001050A8
:1058200004001050F42A0020FF0F10500000105008
:10583000800010500001105010B509F0C1FA10BDE1
:1058400010B57F200C0020404000E4091100001931
:105850001A00034B4001C01800F056F8012010BD9B
:10586000EC2600207F23180010B50840CA090B421F
:1058700003D107497D3B9B1A8B664000801880222C
:10588000044B40010021C018120109F0A1FA10BD1B
:1058900000201150EC2600207F22130010B50B4091
:1058A0000A4200D110BDC9095B005B1804485B01C6
:1058B000C018002300220349C37009F089FAF1E7F8
:1058C000EC260020FFF7FFFF80220A4B520410B5A0
:1058D0001A60094B09491A6010000B689843FBD104
:1058E0008022002152010648FDF71CFB0922054BCE
:1058F0005A6710BD00E0004000F0004008C00040C2
:105900000000105000001150002310B5C382013375
:10591000828283760161040009F03AFA002804D0FB
:1059200080219023074A8902D150200009F0F0F924
:10593000002802D00123237710BD200009F038FA97
:10594000FAE7C046002011507047C0467047C04675
:1059500000207047002070477047C0467047C0461F
:105960007047C0467047C046024B5878431E984166
:10597000C0B2704784210020024B18784007C00F46
:105980007047C04684210020F0B5D6464F464646B3
:10599000C0B5314B07009A461B780E00FF2B01D093
:1059A000012044E0002941D0002154222B48FDF77A
:1059B000B9FA00222A4C2B4B20001A70FBF75EFB31
:1059C000294B1C60294C2000143CFBF765FB200090
:1059D00001F00CFE264B274D1C60274B002B2BD0D3
:1059E0002800FFF7BFFA254B2A78186024490024C5
:1059F000894622490023884610E043461B6862011D
:105A00009B18002B12D05B68002B0FD098472A7888
:105A10000134E4B2511C2300A1420FDBA242ECD8B6
:105A20009B1A5B014B445B68002BEFD10020E0BC6C
:105A3000BA46B146A846F0BD2A78D7E753463100AA
:105A400038001F70FFF7FAFD0028EFD03800FFF78D
:105A50003DFE0120EBE7C0466C11002084210020B0
:105A60007C210020492B0020D82100206411002037
:105A7000DC210020452B0020654F0010AC1F0020CA
:105A8000C0FD0010F0B5DE4657464E464546E0B52F
:105A9000C84B91B002931B78FF2B00D13EE1C64B5F
:105AA000C64E9B465F46C64B0DAC0193C54B00935B
:105AB00035686A69EFF3108172B61368002BFCD069
:105AC000BFF35F8FA9612800210001F0BDFB6A6967
:105AD000AB69BFF35F8F0021116083F3108800284A
:105AE00000D11BE16378082BE2D89B00FB589F464E
:105AF0006368002BDCD0A0689847D9E77F22217922
:105B0000AF4D0A405300EB189846C8098044404600
:105B10000123303005799D430571057903339D4399
:105B20000571002A00D100E14346A74A1B7D127887
:105B3000934200D3EFE0A54A5B011568ED18002DF4
:105B400000D1EBE0A36862792078AD69A847AFE7A0
:105B50009F4A1378002B00D1E0E01378013BDBB2C1
:105B600013701378002BA3D10122954D01212B78BE
:105B7000042013432B703423EA5C8A43EA54EA5C22
:105B80008243EA540133EA5C8A43EA54EA5C824382
:105B9000EA54237800209B4600F0A0FC6022237981
:105BA0001A40602A00D1EFE0402A00D1F5E0DB0680
:105BB000DB0E012B00D113E1022B00D1C7E0002B3B
:105BC00000D0E1E0202A00D11CE2002A00D0DBE076
:105BD0006379092B00D9D7E07E4A9B00D3589F46B2
:105BE000774D2B78DB0700D462E7FFF7BBFE5FE75A
:105BF000019BDB78DB0700D45AE76068FFF7A6FE5D
:105C000056E76F4D2B78DB0700D451E72878000763
:105C1000C00FFFF7A5FE4BE723786A4999468B46EC
:105C2000694B6A4998468A4639001A7847460023E4
:105C3000B04600254E46894610E053461B686A016F
:105C40009B18002B00D176E0DB68300098473A784B
:105C50000135EDB2511C2B008D4244DC9542ECD352
:105C60009B1A5B015B44EFE7237858499946564BF2
:105C70008A4698463100BB464E461A7800250023D6
:105C8000474689460FE053461B686A019B18002B64
:105C900055D0DB68300098473A780135EDB2511C99
:105CA0002B008D4207DC9542EDD39B1A009A5B01D5
:105CB00094466344EDE7019D542200212800FDF73E
:105CC00031F91022FF214448FDF72CF92800202249
:105CD000FF2114304E465F46FDF724F900F0F4FB37
:105CE000FFF73CFEE4E6364D542200212800FDF784
:105CF00019F91022FF21281DFDF714F92800202290
:105D0000FF21143046464F46FDF70CF900F0DCFB4E
:105D10002379AB70CCE6501C984213DA11B0F0BC7A
:105D2000BB46B246A946A046F0BDA368627920787A
:105D300000F0E8FBBCE646464F46214DE6E74E46FE
:105D40005F46CBE71F4D9B1A5B015D19FAE6702396
:105D5000217A0B4218D1C80982460F330B405B00F1
:105D600098461948EB1853441B7D007899468342A6
:105D700066D216485B01006881469944002A00D12A
:105D80005FE14B46002B68D120780021FFF76AFDC8
:105D900080212078FFF766FD8AE6104800F09EFB20
:105DA000012158460EAAFFF7C3F8002800D07FE66D
:105DB000EAE7C0466C11002018FD0010DC2100202D
:105DC00084210020C0FD0010452B0020AC1F0020C6
:105DD000492B00203CFD001088210020314F00108D
:105DE000237A0F2BD0D8CF4AEB181B791578AB420A
:105DF0003ED3691C9942C7DB5D1BCB4B6D01ED188F
:105E0000686900F06BFB012158466B690EAA984740
:105E1000002800D04CE66022150023791D401A426C
:105E2000B2D163790A3B012BAED800F057FB6379FE
:105E30000A2B00D199E158460EA900F0D9FA37E6AD
:105E4000431C4B4500DAF7E04B461B1A5B019946B1
:105E5000B5488144002A00D1F3E04B46586900F070
:105E60003DFB4B46012158465B690EAA98479CE7CB
:105E7000AE4A5B011568ED18002DC1D184E7A37906
:105E800099466B789945D6D06B78002B00D033E1DA
:105E90004B466B70002B00D12BE148460138C0B255
:105EA000FFF792FA002800D17EE143780793022B96
:105EB00000D079E10122C179B1468B11491113401B
:105EC0000A40302112015B0113432A78A8468A4315
:105ED00013432B7009239A4682445646BA46C37828
:105EE00082781B021343C31805938E4B04938E4B89
:105EF00008938E4B09938E4B0A93059BB34200D8AF
:105F000055E1737801220B2B03D13378F278F61820
:105F10007378042B00D044E1059B00279B1B9BB2A8
:105F20000693049B0B921D78002303931BE0099AB0
:105F30007B011568ED18002D00D132E13100584683
:105F40002B69069A98478446082803D9069A824204
:105F500000D313E1049B01371D78FFB26B1C03973C
:105F60009F4200DD1DE1BD42E1D8039B5D1B089B04
:105F70006D019C466544E1E76B780CAA0232137010
:105F8000584601230EA900F049FA91E5E3881A0A60
:105F9000D8B20F2A00D9F7E666499300CB589F463E
:105FA0000EA800F0A1FA5846A179FFF795FB02224E
:105FB0002B7813432B707BE5E388012B00D0E3E6BD
:105FC00008222B78584693430EA92B7000F010FA44
:105FD0006EE5022029780CAB9A1C8B068908DB0F32
:105FE00001400B431380584602230EA900F016FA15
:105FF0005EE5E388012B00D0C6E608222B78134328
:106000002B7018E7237A0F2B00D9BDE6EB181D790A
:10601000444B1B789D4228D2444B6D011B685D198F
:10602000002D00D1B0E6686900F058FA0121584609
:106030006B690EAA9847B8E6002A00D0A4E60023B0
:10604000994662790220130003928343012B15D0F5
:10605000002A00D098E62B004344534430331B7988
:106060000CAA9B07DB0F0232BCE75A1CAA4200DADB
:106070008AE6ED1A2C4B6D01ED18D4E7E388002B6E
:1060800012D1029B1878039B012B23D0FFF7EAFB68
:1060900043460221EB18534430331A790A43012155
:1060A0001A711A790A431A714B46002B00D1FFE48A
:1060B000586900F013FA4B4601215B690EAA584655
:1060C0009847002000F00AFA3523EB5CDB0700D587
:1060D000EEE4B0E6FFF7E0FB43460221EB18534441
:1060E00030331A798A431A711A7903998A431A71DB
:1060F000DAE7FFF733FC9EE600215846FFF7F6FA91
:106100005846FFF799FBAB78074903930491054B79
:10611000064998461A780591002329001D008A46F1
:106120001BE0C046452B0020C0FD0010AC1F002026
:106130009821002064FD0010059B6A011B689B18D4
:10614000002B4DD0DB685846984743461A780135F6
:10615000EDB2511C2B008D422EDC9542ECD39B1AE4
:10616000049A5B0194466344ECE70CAB9A1C5846D6
:1061700001230EA9157000F051F999E40B9A012A38
:106180004FD0002A3CD00023B07804E00133DBB2CA
:106190000F71934234D2C118C9B241440D79FF2D19
:1061A000F4D04E464546574600236B70ECE54E460C
:1061B0005746FFF7D1FB3EE6554654220021280002
:1061C000FCF7B0FE1022FF21281DFCF7ABFE2800D3
:1061D0002022FF211430FCF7A5FE039BAB7057E68D
:1061E0005546FAE7FEF7A0FE021E00D1CCE5D378B3
:1061F00091781B020B4358460EA900F00FF9D4E525
:1062000065463B002A0031000A9800F08DFEAC463E
:10621000049B039A1B7866440133934200DB6CE6CF
:10622000BFE7174B29699942ADD1079AABE7FFF752
:106230008FFB021E00D1A7E5584613780EA900F087
:10624000EDF8B2E52189FFF7C3F8021EF4D19BE512
:10625000022A0FD0FFF77EFB021EC8D194E5FFF79C
:10626000AFF8021E00D18FE5122358460EA900F0A8
:10627000D5F89AE5FFF7A8F8021EB8D184E5C04624
:10628000E9680010F8B557464E46DE4645460C0014
:10629000E0B516001F00002A3CD01F4B00259A468F
:1062A000702399461D4B9B4617E05B46200099786A
:1062B00000F0FCFD00281FD021004046FFF732FA15
:1062C000002819D0A378DA09012A1CD00A9A0135CE
:1062D00013702378E418B5421CDA6378052B0BD1D0
:1062E000E3789B079B0FBB4206D153464A461B7877
:1062F0009846A3781A42D8D00020F0BCBB46B246DC
:10630000A946A046F8BD0B9A013513702378E4180E
:10631000B542E2DB0120F0E76C110020842100206F
:10632000702270B5094B0C001D788B781A4201D091
:10633000002070BD064B2000997800F0B7FD0028C2
:10634000F6D021002800FFF7EDF9F2E76C110020EC
:10635000842100200B007F2010B51840DB09343366
:106360004000044AC018044B1168C01800F05AFDE0
:1063700010BDC046D8210020842100200B007F20C2
:1063800010B51840DB0934334000044AC018044BF0
:106390001168C01800F06EFD10BDC046D821002065
:1063A0008421002070B57F240F480C40640004193C
:1063B000CD09641930342079C00701D5002070BDA3
:1063C000012625790948354300782571FFF738FA09
:1063D0000028F4D1012223799343237123790332D6
:1063E00093432371EAE7C046842100206C1100200A
:1063F00070B5094C0600082220000D00FCF798FD3E
:1064000000238021E360A3602B78300099430022B1
:106410000023FFF7C7FF70BD3C210020F8B5CE4632
:1064200047469046264E80B58146082230000D0032
:106430001F00FCF77DFD4346B3600023F381EC7938
:10644000AB7924021C43231CBC4200D93B1C9FB2E5
:10645000B381002C0ED0002F18D04346002B2CD037
:106460003B1C402F1BD89FB233787F2B1CD80021B8
:10647000144A0FE080212B780022994348460023DC
:10648000FFF790FFC0BCB946B046F8BD7F2300229D
:10649000317899433B004846FFF784FFF2E74023F9
:1064A0009FB233787F2BE2D9064C3A004146200058
:1064B000FCF73EFD80212200ECE70020E2E7C04629
:1064C0003C210020FC20002010B5142200210248AD
:1064D000FCF728FD10BDC0463C210020014B18618F
:1064E0007047C0463C21002010B5054C0100082231
:1064F0002000FCF71DFD0023A360E36010BDC04633
:106500003C21002070B5384C1D0023780600DA09C4
:10651000C9098A4210D00020002D00D070BD210092
:106520003000FFF7F1F82369002B03D0220003218C
:10653000300098470120F1E7A0687F2B05D800289C
:1065400034D02A002949FCF7F3FCE289A1685219EA
:10655000E38892B24919E281A160934214D03F2DA1
:1065600012D9A389981A051C80B240282AD820780D
:10657000ADB27F2828D800219A4232D01B4A2B0086
:106580003000FFF70FFFC9E72369002B05D0220079
:1065900002213000984700280AD080212378002269
:1065A000994330000023FFF7FDFEB7E70020B5E771
:1065B00000213000FFF756F930008021FFF752F933
:1065C0000120ABE74025D2E79A4207D0074C2A00CA
:1065D0002000FCF7ADFC80212200D0E780210022C2
:1065E000CDE70022CBE7C0463C210020FC20002064
:1065F00070B50500FFF7B8F9002800D170BDFFF7AE
:10660000BBF90028FAD1C8236B43124CE618F17885
:106610000029F3D010331C19200000F0FFFD3F28A3
:10662000ECD90020F178FFF795FE0028E6D0200095
:1066300000F0F4FD3F2808D9074BEA01D218F178A1
:1066400040230020FFF7AEFED8E7F1780020FFF7E7
:1066500095FED3E734200020B01F002010B50400C1
:10666000FFF782F9002801D1002010BDFFF784F95F
:106670000028F9D1C8226243024B01309B181B79D4
:106680001840F2E734200020C82310B543430248E5
:10669000181800F0A5FD10BD44200020F0B5C82456
:1066A000C646802344431F4F1034050000B53C19F3
:1066B0005B029A4200D31C4A200092B200F012FE04
:1066C0008046FFF751F9002803D1404680BCB84608
:1066D000F0BDFFF751F90028F7D1C8266E43BE1967
:1066E000F378002BF1D0200000F098FD3F28ECD982
:1066F0000020F178FFF72EFE0028E6D0200000F001
:106700008DFD3F2808D9094BEA01D218F1784023C2
:106710000020FFF747FED8E7F1780020FFF72EFEB4
:10672000D3E7C04634200020FFFF0000B01F002048
:10673000F8B50600FFF718F9002801D10020F8BDD0
:10674000FFF71AF90028F9D1C82474432500134F24
:106750002435ED19280000F043FD0028EED03F1944
:106760000020B978FFF7F6FD0028E7D00C4BF401C4
:10677000E41821002800402200F0B4FDB978051E7D
:1067800008D0030022000020FFF70CFE0028D5D01F
:106790002800D4E70020FFF7F1FDCFE734200020E8
:1067A000F01F002070B5C82444430C4B0500E418CA
:1067B00080235B029A4200D3094A200092B200F083
:1067C00059FE0600200000F00BFD3F2801D83000E4
:1067D00070BD2800FFF7ACFFF9E7C0465820002045
:1067E000FFFF0000C82310B543430248181800F00B
:1067F00015FD10BD58200020F0B50025184C83B0C1
:10680000C82200212000FCF78DFB164B21001D70D3
:10681000FF236371E1235B02A36020000823402271
:10682000A37338310095073B103000F0A3FC27001C
:106830000123210020002600402278310093B83740
:10684000243000F097FCC0363800FAF717FC30000F
:10685000FAF714FCE56127622663656303B0F0BDB7
:1068600034200020302000200B4B196B00290AD067
:106870001A6A002A0DD000221A621A63DA61002215
:106880005A63012070471A6A002AFAD0D961196246
:10689000F7E71A63F3E7C0463420002070B50F4CC9
:1068A000052200212000FCF73DFB0D4D2B78DA0777
:1068B00007D50C4C9B070CD50121200000F0B6FE3B
:1068C00070BD2000103000F091FE2B78054C9B0726
:1068D000F2D4200000F08AFEEEE7C046342000200B
:1068E0003020002058200020F0B54B79060083B0FE
:1068F000022B02D18B79022B03D00025280003B094
:10690000F0BD214FBB78002BF7D18B7809253B7068
:106910000C780C196378242B0BD1082A02D80FE0CD
:10692000AA420DD32378E4185D196378ADB2242B05
:10693000F6D0052B08D0042B02D163790A2B11D095
:106940000020FFF755FED9E721003000FFF7E8FCF3
:106950000028D2D0A3787B7023785D19E41863787F
:10696000ADB2E8E7094B2778019301330093022287
:1069700002233000E119FFF785FC0028BDD00E3559
:10698000ED19ADB2DCE7C0463420002036200020EF
:10699000F8B5602314001278050013400020202B66
:1069A00007D1304A6379277916781B023B439E4210
:1069B00000D0F8BD6378222B1AD007D8202B34D012
:1069C000212BF6D101293ED00120F2E7232BF0D173
:1069D000012940D00329F7D1234B002BF4D0E178D3
:1069E000A37809020020194300E000BF0120E0E77E
:1069F000012930D00329E7D101252E00A378E478BE
:106A0000023924021C4314712640243210007140C4
:106A100000F00CFE154B002BD6D062080020310090
:106A20002A4000E000BF0120C3E701290BD0032961
:106A3000CAD10F4B002BC7D0083200201100FEF73F
:106A400097FA0120B5E7072321002800094AFFF73C
:106A5000E5FC0120ADE721002800FFF7C9FC01207B
:106A6000A7E7C0463420002000000000000000001E
:106A7000714F00103C200020F0B54F464646D646E8
:106A8000364DC0B5EA781F0080460C00AB788A42CC
:106A90003BD08B4210D00020E0BCBA46B146A8469D
:106AA000F0BD2F4B002B04D02E4800F0AFFB002888
:106AB00051D00020FFF79CFDAB78A34201D001200C
:106AC000EAE7294B002B02D0002000E000BF0020A5
:106AD000FFF72EFE0028F2D1244C200000F080FBAE
:106AE0000028ECD1002FEAD0BF06E8D1243C404674
:106AF000A178FFF72FFC0028E1D0002300224046B8
:106B0000A178FFF74FFC0120C6E710239A46184EE4
:106B1000AA4431005046BAB200F0ACFC154B002B31
:106B2000BFD06B79FF2BBCD0002FBAD0F2199146A1
:106B300003E00136B145B4D06B7932789A42F8D18E
:106B4000504600F063FB0028F3D15346103B5979BF
:106B500000E000BFEDE700E000BFAAE7342000201E
:106B60000000000044200020000000005820002009
:106B7000B01F0020000000009322F0B5134C85B038
:106B8000002120009200FCF7CDF923002000802690
:106B900040270F4D4D337600FF3329300295009387
:106BA00000220023002103970196FF3000F0D6F960
:106BB0004035201D2834002301220021039702952F
:106BC0000196009400F0CAF905B0F0BD2023002022
:106BD000A022002010B5054C200000F0F5F920009F
:106BE0002538FF3800F0F0F9012010BD48240020BE
:106BF00070B5084C002520003130FF30257000F0C2
:106C0000F5FC20000C3000F0F1FC2A23FF33E554A2
:106C1000657170BD20230020F8B557464546DE4615
:106C20004E46E0B54B7980460F00FF2B27D1424BF3
:106C30000C7899462A234946FF33CB5C002B1ED1A2
:106C40004E79002E1BD1BB783C190B703B79002B81
:106C500012D098235B004B449A460C234B449B462E
:106C6000A5186378052B05D110E02378E418637824
:106C7000052B0BD0A542F8D8E01B80B200E0002025
:106C8000F0BCBB46B246A946A046F8BDA542F3D922
:106C900021004046FFF744FB0028F0D0A3780136DE
:106CA000F6B2DB09012B29D0504600F09FFC2A23C5
:106CB0004946A278FF33CA54637922791B021343F1
:106CC0001E4A5B0594465B0D942163445A4253412E
:106CD0004A4602204900525C5B00824313434A4605
:106CE000535451464046083900F0D6F90028C6D022
:106CF0002378E4183B79B342B3D8BDE7584600F097
:106D000075FC5A46A3780C3A5371637921791B02BA
:106D10000B430A495B058C465B0D634459424B416A
:106D2000022011795B0081430B435946002008394A
:106D3000137100F07FF9DBE72023002000FEFFFF46
:106D400070B505002A201F4CFF30205C1E006379BF
:106D5000884203D000208B421DD070BD9A235B0077
:106D6000E35A002B0DD1184B002B04D000201749FB
:106D7000B2B200E000BF2800154900F08DF90120F3
:106D8000EBE72000962331305B00E158B2B2FF30D0
:106D900000F070FBE7E70F4B002B04D0310400201C
:106DA000090C00E000BF0C4C2800210000F042F963
:106DB0000028E4D132002100280000F007F901206A
:106DC000CBE7C0462023002000000000A0220020C6
:106DD00048240020000000002423002000B5030008
:106DE00083B0002910D00020012B07D80A78002A90
:106DF00004D00B48C2540120012A01D003B000BDC9
:106E00001800FEF7C1FDF9E7012301A900200B805E
:106E1000FEF7BAFD0028F1D00122014B1A70EDE710
:106E200078210020037870B5DB0704000E00DD0F29
:106E3000002B17D103785B0701D5280070BD012115
:106E40003000494207F09CFF2378DB07DD0F002B61
:106E50000AD123785B0708D4042223780125134341
:106E6000237002E00025E8E70025300007F060FF0E
:106E7000E3E7C04670B50C0001210600494220003E
:106E800007F07EFF33785B07DD0F002B04DB20006B
:106E900007F04EFF280070BD3378DB0704D40422CE
:106EA000337893433370F2E70025F0E743790279B2
:106EB0001B021343C2785B0592075B0D920F022AF7
:106EC0001DD0032A0CD00020012A08D102394A42E1
:106ED0005141124A9446614499424041C0B27047C0
:106EE00002394A1E91410E4A494211408022D20085
:106EF00094460020614499424041C0B2EFE7022924
:106F000005D0002040229A424041C0B2E7E7054A3E
:106F1000981843425841C0B2E1E7C046FF03000061
:106F200040FCFFFF00FEFFFF8A1870B5914207D2B8
:106F30007F264C78052C04D00C7809198A42F8D8A1
:106F400070BD34008D782C4064000419ED09635540
:106F50000C7809198A42ECD8F2E7C046F0B5C6466B
:106F600000B582B0150008AA40CA040017880BAA11
:106F70001288012090460A002178024081432000B7
:106F8000114321703A00009331000123083000F0D2
:106F9000F1F8002E01D0002F08D10A9B0120636078
:106FA0004346638002B080BCB846F0BD26001C3664
:106FB0003000FAF763F80023002D01D033000026DB
:106FC0006361A661E9E7C04601207047F8B5022475
:106FD0000B7807001C4063425C41144B64421C4028
:106FE000134B08009C4608300D001600644400F066
:106FF000F7F8002807D1002E05D0344203D1012430
:107000002B781C4201D00020F8BD38006978FFF7CA
:10701000A1F90028F7D02B781C42F4D100230022DC
:1070200038006978FFF7BEF9EEE7C04640FEFFFF83
:10703000FF010000F8B50D000835060028000C001F
:1070400000F0CEF8002803D0012723781F4201D09A
:107050000020F8BD30006178FFF77CF90028F7D0F8
:1070600028006288616800F03DF92378051E0BD086
:107070001F42EDD10300626830006178FFF792F99A
:107080000028E5D02800E4E71F42E1D13000617814
:10709000FFF774F9DCE7C046F8B5CE46474680B541
:1070A0008A8905000C000B78002A07D101261E42B0
:1070B0003FD00020C0BCB946B046F8BD9B0734D5D0
:1070C000FE2380261B029946B600270008373800A9
:1070D00000F0A4F88642ECD80122237890461A42A8
:1070E000E7D128006178FFF735F90028E1D03800B2
:1070F00000F094F8864231D84146237862881942DC
:10710000D7D14B461840061C904200D9161CB6B287
:1071100000226178002E00D0626833002800FFF75B
:1071200041F90028C5D03000C4E7114B40269946EC
:10713000CBE74978FFF70EF90028BAD022786388A8
:107140001642B6D100226178002B00D06268280078
:10715000FFF728F90028ACD06088ABE742462378D7
:107160001A42A6D128006178FFF708F9A1E7C046C6
:10717000C0FF0000F0B5C64600B5040006A80578BB
:107180008020884617001E000002824226D8E06850
:10719000002803D00121494207F0F2FD20690028B0
:1071A00003D00121494207F0EBFD434623607304FD
:1071B0005B0CED031D430023E0686381A780E5803D
:1071C0002381002801D007F0B3FD2069002801D0F9
:1071D00007F0AEFD012080BCB846F0BD0020FAE704
:1071E00010B5048941898288A3B288B28C4207D342
:1071F0001B1A9BB2101C9A4200D9181C80B210BDF9
:107200005100091A5B189BB2F4E7C0460389408914
:10721000181A43425841C0B27047C04610B504899D
:1072200041898288A3B288B28C4207D31B1A9BB2D1
:1072300000209A4201D9D21A90B210BD5100091A09
:107240005B189BB2F4E7C04670B5040000690E00FD
:10725000002803D00121494207F092FD2589608969
:10726000A288A9B283B285422CD3CD1AADB2002D2B
:107270002ED0AA4208D2914230D3891A8BB26381B0
:107280009A4203D89B1A9BB29A42FBD9E2882168A2
:107290005204520C53433000C918FBF749FE63896E
:1072A0000125591C89B2A2888B4213D900215200B2
:1072B000891A89B220696181002801D007F038FD60
:1072C000280070BD5500ED1A4D19ADB2002DD0D17A
:1072D000618989B252009142ECDBE9E789188BB2EF
:1072E0006381CDE7F0B546464F46D646C0B50600A9
:1072F000006989469046002803D00121494207F0E1
:107300003FFD31897289B5888BB294B2914254D3D2
:107310001F1BBFB2002F4AD0BD4205D2AB4251D293
:107320005B199CB22F0074814346B8453DD89FB28B
:10733000A54203D8641BA4B2A542FBD9F2883168E8
:107340005204520C904662432B1B9BB28918424652
:107350009F4225D953439BB21A0048469A46FBF7F1
:10736000E7FD434648467D1B64195C433168504441
:10737000A2B2FBF7DDFD7189B588CB199BB26A001B
:10738000994216D99B1A9BB230697381002801D0AB
:1073900007F0CEFC3800E0BCBA46B146A846F0BDC6
:1073A00048467A43FBF7C4FDE5E73B1CBFE773891A
:1073B0009BB26A009342E7DBE4E76F003F1BDF19F3
:1073C000BFB2A7E75B1B9CB2ACE7C046F8B50400B0
:1073D000C0680E00002803D00121494207F0D0FC0C
:1073E000258920896189A288ADB283B28FB2884293
:1073F00029D3DB1B9BB29A4209D8E779FF0906D152
:10740000E068002801D007F093FC3800F8BD9542F1
:107410001ED32B009B1A9BB29342FBD2E2882068BA
:107420005204520C53433100C018FBF781FD6B1C12
:107430009BB2A2889D4218D9002352009B1A9BB28E
:1074400001272381DCE75100C91B5B189BB2D2E7FF
:107450002B00E28820685204520C53433100C018BC
:10746000FBF766FD0135A288ABB252009342E7DB21
:10747000E4E7C046F0B557464546DE464E46E0B521
:10748000140005000F0083B0002A75D0C0680028E2
:1074900003D00121494207F073FC2E89E9796A89FA
:1074A000AB88B6B292B2C90945D1964200D36DE01D
:1074B00059008A1AB21892B2002189469A4234D2EF
:1074C0009A1A111C92B2A24200D9211C8AB291468A
:1074D000EA885204520C90464A46B21892B292463A
:1074E0004A46D21A92B2934634009E4203D3E41A1B
:1074F000A4B29C42FBD24246624328681B1B9BB24B
:10750000801842464B4554D34B4639005A43FBF74B
:107510000FFDAB885B00564501D89A4503DB524608
:10752000D31A9BB29A4653462B81E868002825D08F
:1075300007F0FEFB22E0E9884904490C88469C429A
:1075400027D2964247D3B11A89B28C465800E11A25
:1075500089B28B4661460919814208DBD11889B28C
:107560000E1BB6B28A46B2423BD9361AB6B2A2193F
:1075700092B29246A146B7E700239946484603B027
:10758000F0BCBB46B246A946A046F0BDB21A92B2C4
:1075900092E700218946002BC7D04146E41A4C43AC
:1075A0001600D118002289B28A46994693463F199F
:1075B0009AE753439BB21A0039005C440193FBF7EE
:1075C000B7FC414622004A43019B286892B2F91851
:1075D000FBF7AEFC9DE75800811A711889B28C4602
:1075E000B5E7A146B04200DD7EE7BEE710B5040076
:1075F000C068002803D00121494207F0C1FB20697F
:10760000002803D00121494207F0BAFB0023E068BB
:1076100063812381002801D007F08AFB20690028BC
:1076200001D007F085FB012010BDC04670B50400F5
:10763000C0680D00002803D00121494207F0A0FBDB
:107640002069002803D00121494207F099FB7F21DE
:10765000E379ED011940E0682943E171002801D088
:1076600007F066FB2069002801D007F061FB0120CC
:1076700070BDC046F0B504000D0016001F000028C4
:1076800038D0002E31D0631C1ED0731C22D02000B5
:107690002900801979418D4203DD002F10DC0DD0C7
:1076A000F0BD8D4207D0A9421ADD002FF8DA802103
:1076B00000200906F4E78442F5D9EEE7002EEFD06A
:1076C00001200F494042EBE70D4B9D42DDD12000E8
:1076D0002900E5E70A4B9F42D9D130003900DFE7A6
:1076E000A942DDD1A042E0D8DAE780231B069F4201
:1076F000C9D1F2E780231B069942C2D1E7E7C04611
:10770000FFFFFF7F84B0059B0292049A8B4212DC3C
:107710000FD099420BDC08D0029B069883420AD313
:1077200098428041404204B070479042F4D9012011
:10773000F9E78242EDD901204042F4E782B0F0B58A
:1077400085B00A920B9304000A9E0B9F0C9D002E9D
:1077500023D00F9B002B24DB0E980F9901221C4B8A
:107760005242121A8B41BB4221DD102268460AA9FF
:10777000FBF7DEFB0E9B0F9A0135134321D110223C
:1077800069462000009601970295FBF7D1FB200087
:1077900005B0F0BC08BC02B0184780231B069F420E
:1077A000D7D1102220000AA9FBF7C2FBEFE7BB42AA
:1077B00001D1B242D9D8102220000649FBF7B8FB0C
:1077C000E5E70E9A0F9B0025B6185F41D7E7C04644
:1077D000FFFFFF7F00FE0010416900697047C0464F
:1077E000034B416900691A685B68801A99417047C8
:1077F0007011002000B583B0684600F04FF9009882
:10780000019903B000BDC04600B583B0684600F0E2
:1078100045F900980199034B1A685B68801A9941F1
:1078200003B000BD70110020F0B54E464546DE465F
:107830005746E0B51D0013000400160093B02B431B
:1078400000D1C1E0002D00DAABE00492FA2200235F
:107850003000290092000595FAF708FC80460F00D9
:10786000002D00DCC3E006900791002330002900C2
:107870007A4AFAF7FBFB82468946002D00DCAAE033
:10788000534608934B463000099329000023744A5D
:10789000FAF7ECFB80460F00002D00DCB3E00A9005
:1078A0000B91E823300029006E4AFAF7DFFB82468D
:1078B0008946E82D00DCB1E053460C934B4630007E
:1078C0000D932900684B694AFAF7D0FB664B834653
:1078D00003919D4200DCAAE05B460E93039B3000BF
:1078E0000F932900624B634AFAF7C0FB604B804656
:1078F0000F009D4200DCA5E006250726109011919F
:1079000003239946013B9B46013B9A46023EFA22DD
:107910004046390000239200FAF7A8FB56499046EA
:10792000009220000A00019305211F00FCF790FE41
:10793000002F0BDC07D003DC56D14346092B53D96B
:10794000D946023403E04346632BF6D90334002DB5
:107950001FDDF30004AAD518484B37009846286865
:107960006968FA2200239200FAF780FB2000009257
:10797000019308214246FCF76BFE04343B00083DAE
:10798000013F002BEBDCF343DB171E400136B60052
:10799000B144484613B0F0BCBB46B246A946A04627
:1079A000F0BD02223649FBF7C3FA029B0226984635
:1079B000042301259946013B9B46013B9A46039FC0
:1079C000013476426D42A2E702222E49FBF7B0FA5B
:1079D00001239946DDE7002D03D12B4B9E4200D9B0
:1079E0004EE7012502268BE7D1460134AFE7002D93
:1079F00004D1FA239B009E4200D334E7B0462F0007
:107A0000012600257CE7002D03D1204B9E4200D9A2
:107A100045E7D0464F460225032671E7E82D03D1FE
:107A20001B4B9E4200D947E70325042668E79D4289
:107A300003D1184B9E4200D94EE7D0464F4604254D
:107A400005265DE79D4203D1134B9E4200D953E7C3
:107A5000D84605250626039F52E7C04640420F0040
:107A600000CA9A3B0010A5D47E8D03000080C6A4F6
:107A7000B3B6E00D000064A7E8F00010F0F00010CD
:107A8000E4F000109CEF00103F420F00FFC99A3B4A
:107A9000FF0FA5D4FF7FC6A4FFFF63A7D0B5D646CE
:107AA0004F4680B582B0040001F0A0FF8246002856
:107AB0002AD1174B994600220023484602F012F8BB
:107AC0000B006168020020688B4202DC14D1824204
:107AD00012D901260027B6185F4148462660676024
:107AE0000096019702F014F80028E4D0504602B046
:107AF000C0BCBA46B146D0BD00900191484602F0E4
:107B000007F80028D7D0F1E701235B429A46EDE75A
:107B10007811002010B501F07BFF10BD010070B599
:107B20000120FBF7A5F9051E0CD008210120FBF769
:107B30009FF9041E0AD0074B28001A6825601C60B4
:107B4000626070BD044801F00DFEEEE7024801F0EE
:107B500009FEF0E760210020F8F0001082B010B5B7
:107B6000303084B00100069204001022684607936A
:107B7000FBF7DEF906980799089A099BFFF7C2FD03
:107B8000002804DA1022200006A9FBF7D1F904B07E
:107B900010BC08BC02B01847F8B543780500002BAC
:107BA00000D1F8BD00F066FFE96D6A6DAB6D9142E2
:107BB00001DD11002B6D002906DD00208900591818
:107BC00004CB10709942FBD12B6E002B18D02E00E5
:107BD000603630000024002701F002FA84420FD200
:107BE0002100300001F0D6F9002803D00368002BF3
:107BF00000D01F603000013401F0F2F98442EFD36D
:107C00000023EB65CDE7C046010082B000B585B02A
:107C100006926846102230310793FBF789F9099BD9
:107C200006980799089AFFF76DFDC317181AC00F39
:107C300005B008BC02B01847F0B5DE46474680B52F
:107C4000804685B0806C01F0F1FB10234344041E94
:107C50009B4653D04746102259466846FBF768F9C1
:107C60000FCCFFF74FFD041E48D1B86C01F0E2FBCA
:107C700005008069002853D0EB6982699846002A84
:107C80000BDD436930269C466146A300C9588B5DD5
:107C9000002B38D001349442F6DB49230122C25430
:107CA000037F002B04D0C36A826A002B42DC3FD0E2
:107CB000380001215C3001F009FF7A6D0300A869EA
:107CC0009A4204DD0100BA6D9B004931995041464A
:107CD00000F096FE404600F0B5FE00210022002391
:107CE00029606A60A961EA61AB602900F86C01F063
:107CF00095FBB86C01F09AFB041EACD105B0C0BC7A
:107D0000BB46B046F0BD01223800524200F0D4FF1D
:107D1000A86901348269A242BFDD43699C46B3E78A
:107D200000230024A8602B606C60AB61EC61DCE791
:107D3000002ABDD00021009101003800F8F7F0FAC8
:107D4000A869C4E710B5C06C01F074FB041E01D033
:107D5000200010BD20210120FBF78AF8041EF7D176
:107D6000014801F0FFFCF3E7F8F00010F0B54746DA
:107D7000CE4680B50E6A4F6A330080460D0089B04A
:107D80003B4332D18B690024002B0CDD6B69A200D0
:107D9000D15801224046524200F08EFFAB690134B7
:107DA000A342F3DC0124AE6AEF6A33003B4316D0F2
:107DB0004046FFF711FD36184F414146002310227F
:107DC00030316846069304960597FBF7B1F804989E
:107DD0000599069A079BFFF795FC002807DD200010
:107DE00009B0C0BCB946B046F0BD0024E0E7434648
:107DF000D86C01F01FFB011E09D000238B604346A5
:107E00000E604F60986C8D6101F008FBE7E7203150
:107E10000120FBF72DF88146011EEED1024801F04A
:107E2000A1FC4B469D61FFDEF8F0001070B5050027
:107E3000C06F002825DD00240026AB6FA200D158BA
:107E4000002906D02800FFF791FF002800D0060087
:107E5000E86F01348442F0DB002801DC300070BDA3
:107E6000E86C01F0E7FA011E0DD00022002300208B
:107E70008A61CB6188600A604B60E86C01F0CEFAE1
:107E8000ECE70026EAE720310120FAF7F1FF0400D1
:107E9000011EEAD1034801F065FC002200232260A4
:107EA0006360FFDEF8F00010F8B584230500C058C9
:107EB000002480268427002803DC13E00134844258
:107EC00010DAAB59A200D1580029F7D08B6D002BE6
:107ED000F4D101222800524200F0EEFEE8590134AC
:107EE0008442EEDBF8BDC046F8B58C230500C058CF
:107EF000002488268C27002803DC13E00134844208
:107F000010DAAB59A200D1580029F7D08B6D002BA5
:107F1000F4D101222800524200F0CEFEE85901348B
:107F20008442EEDBF8BDC0460022002310B50024D9
:107F30008A61CB610A604B608C60C06C01F06EFAA4
:107F400010BDC04670B50400C0690D00884201D064
:107F500000F078FDE56170BD82B0F0B5070087B034
:107F60000C920CA9102268460D93FAF7E1FF3869CC
:107F70007969BA69FB69FFF7C5FB00280ADA38009E
:107F8000102210300CA9FAF7D3FF07B0F0BC08BCE0
:107F900002B01847B9690A4B0A4E1C685D68049123
:107FA00038697969001BA9410C9A0D9B02900391D5
:107FB0000E99121BAB413000009101F0D3FBE4E7B6
:107FC0007011002008F10010486810B50C000B6813
:107FD00041609847002263685A6010BDF0B5DE46E4
:107FE00057464E464546E0B592460A6A81468B465C
:107FF00085B0002A70D000270024390002E0013447
:10800000944255D25B465B6AA0001B58002BF6D009
:108010001B78002BF3D05B46DB6A1B5898465B4607
:108020009B6A1D58002DEADD42460023019203940D
:108030001A00029002E00132AA4233DA019893005A
:10804000C658002EF7D0B369002BF4DD002490460B
:108050000FE0002903D05246484600F02DFE2900CB
:108060005246484600F028FE0021B36901349C4284
:1080700010DA7269A0008558002DF7D08D42F5D036
:108080000137012FE5D1EA695A45E2D101342900CF
:108090009C42EEDB5B4642469B6A029801321D58C9
:1080A000AA42CBDB5B46039C1A6A01349442A9D3F3
:1080B0000F1E11D0CB6B002B15DA78683B68476038
:1080C000984700227B6839005A6048465246FFF7BD
:1080D00085FF40230022FA5405B0F0BCBB46B246EF
:1080E000A946A046F0BDFFF785FBBA6B0C00110056
:1080F000FB6B050019430AD17B6C002BE9D0786833
:108100009847524639004846FFF768FFE1E749467D
:1081100008694969FFF7AEFA8C42EDDCCDD18542A2
:10812000EAD8CAE7F8B505001B480E00FCF726FDA3
:108130001A48FCF723FD1A48FCF720FD1948FCF704
:108140001DFD1948FCF71AFD1848FCF717FD1848E3
:10815000FCF714FD1748FCF711FD1748FCF70EFD5E
:108160001648FCF70BFD1648FCF708FD1548FCF710
:1081700005FD1548FCF702FD002D09DD0024134F15
:10818000A3003800F1580134FCF780FDA542F7D177
:108190000F48FCF7F3FCF8BD94F10010B0F10010AB
:1081A000CCF100100CF2001030F200107CF2001044
:1081B000CCF20010E0F200102CF3001040F300109D
:1081C0007CF300108CF30010C8F30010D8F30010FB
:1081D000C4F30010F0B5DE4657464E464546E0B5BE
:1081E000012489B0012824DD80460D00BF4B009397
:1081F000BF4B0193A600AF59631C9A463B78994642
:108200002D2B1ED17B78662B1BD1BB78002B18D170
:10821000D04500DCDCE0AE1976680099300002F051
:108220005FFF00284ED10122B24B1A700234A045E4
:10823000E0DC012009B0F0BCBB46B246A946A0462E
:10824000F0BD3800AC4902F04BFF0028E0D04B46AF
:108250002D2B40D17B786F2B3DD1BB78002B3AD1B1
:10826000A31C434500DBF1E0AE1973689B46B3687D
:108270005846994604F006FF06000F009F4B9A46A9
:108280001E605F6003000B4304D15B461B78302BFC
:1082900000D0F5E04B461B789B46732B44D14B46F0
:1082A0005B78652B40D14B469B78632B3CD1944A3D
:1082B000002330003900FAF7DFFC5346186059609C
:1082C0000334B4E73000019902F00AFF002826D1F8
:1082D000884B1870AAE738008A4902F001FF00288D
:1082E000BED03800884902F0FBFE0028B8D04B46CB
:1082F0002D2B66D03800854902F0F2FE00287CD193
:10830000D04500DCE5E0AE1976687849300002F02F
:10831000E7FE002868D101227D4B1A7086E7310004
:108320007C4801F037F981E7042248467A4902F097
:10833000FDFF002826D1F30E7A011A437301039240
:108340000293029A039B921BBB41D10D5802084332
:10835000530205900493049A059B92197B41910E58
:108360009801084391010790069106980799801A91
:1083700099410B000200514692197B4103340A6077
:108380004B6054E704224846644902F0CFFF0028BE
:1083900002D1FA2292008BE704224846604902F09B
:1083A000C5FF00288CD05B466D2B40D14B465B78D7
:1083B000692B3CD14B469B786E2B38D10D23594A03
:1083C00077E77B786B2B95D1BB78002B98D091E722
:1083D0002B0045469846544801F0DCF828004146F9
:1083E000FFF7A0FE002025E73000414902F078FEAB
:1083F000002826D1464B187018E74B462D2B02D18A
:108400007B78772B51D03800484902F069FE00286C
:1084100043D1D04500DCA9E0AE19766802343000C3
:1084200004F03AFD00284EDD414B1860FFE60422BF
:108430004846404902F07AFF002813D13E4A3F4B9C
:1084400037E731003E4801F0A5F8EFE62B0045463E
:1084500098463C4801F09EF828004146FFF762FE2E
:108460000020E7E65B46642B23D14B465B78612B0B
:108470001FD14B469B78792B1BD1334A334B18E7DE
:108480002B00454698465946314801F083F82800AC
:108490004146FFF747FE0020CCE638002D4902F0A8
:1084A0001FFE00286ED15446C1E6BB78002BB0D029
:1084B000A9E704224846284902F038FF00286ED177
:1084C000264A274BF5E62748310001F063F80120E2
:1084D000AAE72B0045469846234801F05BF82800A0
:1084E0004146FFF71FFE0020A4E6C046FCF3001043
:1084F00004F400104B2B0020DCF30010801100204E
:1085000000CA9A3B2CF4001038F40010BCF40010A0
:108510004E2B00200CF400107CF4001084F40010AA
:108520008CF40010005847F8E4F300100CF500102C
:108530005C21002094F4001000A0B8304603000035
:10854000E8F4001044F4001000004F91944E000035
:1085500064F400106CF500109CF40010000029F980
:108560000F26020040F50010C8F400102B0045460D
:108570009846114801F00EF828004146FFF7D2FD59
:10858000002057E62B004546984639000B4801F07D
:1085900001F828004146FFF7C5FD00204AE62B0000
:1085A000454698464946064800F0F4FF28004146F3
:1085B000FFF7B8FD00203DE618F5001078F5001033
:1085C000A4F4001010B5F8F7EFF810BDF0B5DE46D2
:1085D00057464E464546E0B5954B91B01A78002A6D
:1085E00006D011B0F0BCBB46B246A946A046F0BDCD
:1085F000013207A81A70F8F7D1F880460798F8F703
:108600003FF94346002B00DC0FE100240025894B95
:108610009946894B0393894B0493894B0293079B9B
:108620001E191B5D002B00D183E04B461B78002BED
:1086300056D07378002B38D000F01CFAF16D726DB3
:10864000B36D914201DD1100336D002906DD00207C
:108650008900591804CB10709942FBD1336E002B5E
:108660001FD060239A460023B2449B465346A2463D
:108670001C002000002700F0B3FC874210D2390014
:10868000200000F087FC002804D00368002B01D0F4
:108690005A461A602000013700F0A2FC8742EED350
:1086A00054460023F365079E3619B06C002805D0A8
:1086B00000F0B0FE00286CD1079E36193000FFF79D
:1086C0008FF802000B1E0BDB08A8FFF7ADF803982C
:1086D00008A9FCF7DBFA049A5368002B36DC32D089
:1086E0000135B034A8459AD14B461B78002B00D1F8
:1086F00077E700F007F9534E3568002D37D02F6823
:10870000002F0BD03C68002C08D02068FAF7F2FB51
:1087100020006468FAF7EEFB002CF6D13800FAF777
:10872000E9FB6C682800FAF7E5FB002C1FD0250058
:10873000E5E7B1680298013500F0A0FFB034A84524
:1087400000D06CE7D0E71368002BC9D0FFF75CF8C6
:1087500002000B0008A8FFF767F801353A4808A99E
:10876000FCF794FAB034A84500D058E7BCE70023E2
:1087700033604346002500244646002B00DC30E7EA
:1087800007980134401900F09FF9B035A642F7D19F
:1087900027E7079B1B19986C00F03CFE83462B488B
:1087A000594600F06BFF079B1B19986C00F03EFECA
:1087B000010022480A684B688968066847682448AF
:1087C000921BBB41009100F059FF00239A464B4693
:1087D0000026A94600272500059316E0079B5B1994
:1087E000986C00F027FE0400C069002801D000F05A
:1087F00029F95246A661E761079B21005B192660B3
:108800006760D86CA26000F009FE079B5B19986C4A
:1088100000F000FE0028E1D1059B59460D482C00D0
:108820004D46994600F02AFF46E7024B99465BE722
:10883000472B0020462B00208CF6001070110020E2
:10884000A0F5001060210020B8F60010C4F500105B
:1088500008F6001050F6001080235B02994207DAF8
:10886000030C090419430004D3171043194370473C
:108870000121024849421043F9E7C0460000FFFFCA
:1088800070B504000068002806D0A3685B68002B60
:108890002FD0984700232360002000F073FB164D73
:1088A0002868002818D000F073FF80239B009842AE
:1088B00009D22100286800F099FF002807D0002085
:1088C00000F064FB70BD2000FAF714FBF7E721000D
:1088D0000A4800F0D3FEF2E7043000F067FF28609A
:1088E0000028E0D100F052FB054800F03BFF28686B
:1088F000D9E7FAF7FFFACDE76C2100201CF700104A
:10890000E4F60010F0B5C646394C00B520680028E2
:1089100011D0384D04E0FFF7B3FF206800280AD0DB
:108920000269C3682260002B55D0013BC360002B55
:10893000F1D0101EF4D1002000F024FB2E4F386837
:10894000002828D001F012F805002A4B280098468C
:10895000002601F019F8002815DB280001F030F896
:108960000400C068002808D0C368002B39D0013B40
:10897000C360002B01D1FFF783FFE660280001F000
:1089800003F80028E9DA2800FAF7B4FA386800F0AA
:1089900001FF00233B60194D2868002815D000F026
:1089A000E5FF040004E0200001F00AF8FAF7A2FA5B
:1089B000200000F0E9FF0028F5DA2000FAF79AFA23
:1089C000286800F0E7FE00232B60002000F0DEFAAC
:1089D00080BCB846F0BD0100280000F04FFE2068C2
:1089E0009CE70100404600F049FEE660C6E7C0464D
:1089F000742100205CF70010702100206C21002001
:108A000070B50C00C1680500A1420ED0002906D047
:108A1000CB68002B10D0013BCB60002B06D0002C84
:108A200002D0E3680133E360EC6070BD0800FFF73B
:108A300027FF002CF5D1F7E7014800F01FFEEEE715
:108A40005CF7001010B5002806D0C368002B08D0D2
:108A5000013BC360002B01D0002010BDFFF710FFC9
:108A6000FAE7034B0100180000F008FEF4E7C046E7
:108A70005CF7001070B50E4C2068002811D00D4D29
:108A800004E0FFF7FDFE206800280AD00269C368F1
:108A90002260002B06D0013BC360002BF1D0101EDA
:108AA000F4D170BD0100280000F0E8FD2068EBE77C
:108AB000742100205CF700108B698069C01A434262
:108AC000584170477047C04610B504004068FAF737
:108AD00011FAA06FFAF70EFA8023E058FAF70AFAB3
:108AE0008823E058FAF706FA9023E058FAF702FADA
:108AF000206DFAF7FFF9A06DFAF7FCF9A06C00F011
:108B00006DFC04E0E06C00F095FCFAF7F3F9E06C22
:108B100000F080FC0028F5D1E06C00F05FFCA82399
:108B2000E05800F0A7FB10BD70B519000400002547
:108B30001000059B049A20616161A5612062616259
:108B4000A56222646364002B06DA20001022054926
:108B50003030FAF7EDF970BDFEF78CFDA5632063A8
:108B60006163F8E710FE0010F0B5DE4600B584B092
:108B700007000E0015000E9C002900D17AE00800C5
:108B800004F06CFD431C18009B46FAF753F95A4653
:108B90003100786000F0D4FF380010223B49BD60FE
:108BA0003030FAF7C5F90A9B0020FB67002B03DD84
:108BB00050211800FAF75CF984230B9AB86700205B
:108BC000FA50002A03DD60211000FAF751F98023E2
:108BD0000C9AF8500C330020FA50002A03DD602173
:108BE0001000FAF745F988230D9AF8500C3300204D
:108BF000FA50002A03DD60211000FAF739F99023BA
:108C0000F85000237C65FB65002C35DC00203B65BB
:108C10009C23119AB865FA50002A05DD0421100042
:108C2000FAF726F9A023F8500126194D194C2B000C
:108C3000220019497E670A2000F0BCFB2B002200AD
:108C4000B86416490A2000F0B5FBF8641448154BC7
:108C500002901548154A01901548164900900A20BF
:108C600000F0DEFAA823F85000203E7004B080BC6B
:108C7000BB46F0BD41608FE704212000FAF7F8F809
:108C8000042138652000FAF7F3F8C1E710FE001060
:108C9000C58A0010B98A00109993001071940010D1
:108CA0008D94001085940010759400107D94001030
:108CB00089940010459400103023CA5C10B5002A36
:108CC00000D010BD0132CA547833C05800F0EAFA1F
:108CD0000028F6D0014800F045FDF2E790F70010BB
:108CE000F0B54F464646D6460223C0B50500A82635
:108CF0003027994684B014E0FEF77CFDA26B8846CD
:108D00001100E36B8246194324D1636C002B06D01B
:108D100060689847002221002800FFF75FF90023D0
:108D2000E355A85900F0B0FA00281DD0A85900F06A
:108D30000FFB4B46C355C36B0400002BDCDA21004C
:108D400028000022FFF740F9002221002800FFF749
:108D500045F9E4E728696969FEF78CFC8845D4DCAD
:108D6000EDD18245D1D8EAE729001022684630319A
:108D70001035FAF7DDF80FCDFEF7C4FCC00F04B0D4
:108D8000E0BCBA46B146A846F0BDC046F0B5040006
:108D90008DB000F061FEA06C00F048FB10220500D1
:108DA0003A4904A8FAF7C4F8002D4AD01022290045
:108DB00004A8FAF7BDF82E686F680822684606A96D
:108DC00004960597FAF7B4F82000049A059BFEF77D
:108DD0001BFF002807D021001022303104A8FAF729
:108DE000A7F8266B676B2A4B1B78002B31D006A99E
:108DF0000822684604960597FAF79AF8059B200022
:108E0000049AFFF7A9F82100102230316846FAF7DA
:108E10008FF820696169A269E369FEF773FC002895
:108E200002DB2000FFF760F82000FEF7B5FE20000F
:108E3000FEF702FF00F02EFE2000FFF751FF0DB0FD
:108E4000F0BD144B1B78002B0ED00126124F76423A
:108E5000B3E732003B002000FEF75CFE0028C6D0DE
:108E600000F018FE0120EAE722696369089209937D
:108E7000A3690822013368460AA90A93FAF758F849
:108E80002000089A099BFEF769FEDEE720FE00102D
:108E90004B2B00204E2B0020FFFFFF7F30B587B00B
:108EA00004000D00F7F75AFC00F090FD2E4B1968F6
:108EB0002E4B1868FFF78EF9002851D029002000AA
:108EC000FFF788F900284BD0294804F0BFFB0028A1
:108ED00042D1F7F745FC05A8F7F760FCFFF772FBF6
:108EE000FEF788FC0B000200224905980CC12249BC
:108EF0000C684D6800940195FFF716FE0598FEF783
:108F0000D3FF0598FEF792FF059C102221006846CA
:108F100030311034FAF70CF80FCCFEF7F3FB0028D1
:108F200002DB0598FEF7E0FF012305984370FFF789
:108F3000D7FE002805D101220020104B1A7007B07F
:108F400030BD0598FFF722FF0028F4D00598FFF701
:108F50001DFF0028F5D1EEE7094800F08FFBB8E7C8
:108F600001204042EBE7C046B0260020AC2600209E
:108F7000CD8500107011002080110020462B0020AC
:108F8000BCF7001010B500F067FD10BD10B500F083
:108F900081FD10BDF8B505008E000068331D6F68B7
:108FA000C318BB4201D91F006B60AB68BB4215D828
:108FB000EC681B1A0134EC605B10994202D35B0031
:108FC0009942FCD29C0021003F1AF9F773FF00235D
:108FD000C71904192B6128606F60AC608019F8BD57
:108FE00009C8181A80107047F0B5DE464E4645464F
:108FF0005746436AE0B58E009B5988469B4604005D
:10900000036985B05846984743462268B1468A4668
:1090100001905D00954203D34DE098469B00994630
:10902000691C636A0091914215D2E268AE009859BA
:10903000236902929847636A04360390985923691A
:109040000F0098470B00020039000398029FB847B1
:10905000636A012803D0002D30D0AE0000959859E6
:109060002369E568984702000B0001985146A8471C
:1090700001281CD14946636A9A595A50636A585864
:10908000A36941469847009B22685D009542C4D37E
:109090001F00636A5A469A5139005846A369984797
:1090A00005B0F0BCBB46B246A946A046F0BD4E4650
:1090B0004746636AEEE74746636AEBE74E46474634
:1090C000E8E7C046F0B5DE4657464E464546436A99
:1090D000E0B58E009B590400984683B00369404672
:1090E0000D009847B14683468A466F08012D22D964
:1090F000434601930EE04246636A29009A583D00B8
:109100009A51636A9859A36998477B08012F21D027
:109110001F00AE00E3689946BB0098464246636A6A
:109120009858236998475A465346C8470128E2D0C1
:10913000019AB14690464A464146636A4046995074
:10914000A3692900984703B0F0BCBB46B246A946C4
:10915000A046F0BD019B984604239946EBE7C04624
:10916000F8B557464E46DE4645460400E0B50F00CA
:10917000160000284BD0294B9B4638E02368B342A9
:109180003DD9636AB200D558002D38D0E368280075
:109190009A4623699847236981463800884698474C
:1091A00002000B0048464146D047012827D0E3681B
:1091B00028009A46236998472369814638008846E3
:1091C000984702000B0048464146D047002805D189
:1091D00039002800E3699847002811D17600320051
:1091E00039002000FFF7BCFF051E09D10136002E13
:1091F000C4DA584600F0B6FA2368B342C1D8002555
:109200002800F0BCBB46B246A946A046F8BD002ADD
:10921000F5DA024800F0A6FA0025F1E7E8F70010B9
:10922000F0B5C646050000B52820884617001E0088
:10923000F9F700FE041E1BD00135A800F9F7FAFD6E
:109240006062002811D0012323604346E360069B3F
:10925000A560A361079B6560E361089B2761666168
:109260002362200080BCB846F0BD2000F9F742FE22
:109270000024F6E710B50400406AF9F73BFE200031
:10928000F9F738FE10BDC046002802D0006801384A
:1092900070470020FCE7C04610B50122FFF760FFD1
:1092A00010BDC04670B504000E00002817D001683C
:1092B0006368406A994209D3A5684D19A900F9F776
:1092C000F9FD00280BD02168606265604B1C2360AB
:1092D0008B001E502000FFF7F5FE002070BD01201E
:1092E000FCE7C046F8B5CE464746036804000D00CB
:1092F00080B5012B23D04369080098478100884638
:109300002368626A013B23609B009B580600535010
:10931000E36828009946236998474246636A070034
:10932000985823690D00984702000B003800290067
:10933000C8473100012807D02000FFF755FE002064
:10934000C0BCB946B046F8BD2000FFF7BBFEF6E74B
:1093500010B500280ED00368012B0BD0426A013BE8
:10936000546803609B009B5801215360FFF73CFE4B
:10937000200010BD0024FBE7002805D00368012B66
:1093800002D0436A586870470020FCE7002170470C
:10939000006970470161704710B5040084B0110086
:1093A00068461022F9F7C4FD0FCCFEF7ABF904B004
:1093B00010BDC04630B585B0054D064C0293064B36
:1093C0000192009322002B00FFF72AFF05B030BD69
:1093D000919300108D93001095930010016870B563
:1093E00005000124012903D810E001348C420DD27C
:1093F0006B6AA200D0580028F7D04369002BF4D044
:10940000F9F778FD296801348C42F1D32800FFF781
:1094100031FF70BD10B5FFF737FF10BD10B5FFF776
:1094200041FF10BD10B5FFF737FF10BD10B5FFF7B6
:10943000A3FF10BD10B5FFF78BFF10BD10B5FFF7F0
:1094400051FF10BD10B5994207D804D001248B42BA
:1094500005D9604210BD9042F8D90120FAE78B424D
:1094600001D00024F5E78242F3D80024F1E7C0469A
:1094700000207047401A43425841704741690069D3
:109480007047C04680697047816170477047C04629
:10949000F0B54F46D6464646C0B51700354A0400DB
:1094A00010680D0086B0022800DA022098423ADBEC
:1094B000314B99461A88314B9A423AD005A8F7F7B2
:1094C0006DF9059B20005B68984604F0C7F806001C
:1094D000280004F0C3F88246404604F0BFF8564422
:1094E000301806002130F9F7A5FC0A2282462449EB
:1094F0004046203601F01AFF00282FD041464B4647
:1095000050461B881F4A0091029531000194FBF7D9
:109510009FF81D4B1B68002B24D0390050469847FC
:109520005046F9F7E7FC06B0E0BCBA46B146A8469B
:10953000F0BD200004F092F80600280004F08EF838
:10954000361830002130F9F775FC310023000F4A3E
:10955000203100958246FBF77BF8DAE70A239C4628
:10956000E044CBE70A4B3A001B685146986801F08B
:1095700071FDD5E7881100208C110020FFFF00004D
:1095800030F800103CF80010102B002028F80010D4
:10959000901100200FB4F0B54746CE4680B52F4E4F
:1095A00087B00EAC80CC32882D4B04949A423CD0CC
:1095B00005A8F7F7F3F8059B38005B68984604F0B8
:1095C0004DF80500404604F049F82723994628182D
:1095D00081442830F9F72EFC0A2205002149404633
:1095E00001F0A4FE00281CD01F4933880191414698
:1095F000280000911D4A49460297FBF729F81C4BA9
:109600001B68002B21D02100280098472800F9F77B
:1096100071FC07B0C0BCB946B046F0BC08BC04B091
:1096200018470A239C46E044DEE7380004F016F8A9
:1096300006002830F9F7FEFB31000B4B0D4A2731AD
:1096400000970500FBF704F8D9E70B4B22001B68D5
:109650002900986801F0FEFCD8E7C0468C11002074
:10966000FFFF000030F8001050F800103CF8001028
:10967000102B002028F80010901100200FB4F0B536
:109680004746CE4680B52F4E87B00EAC80CC328890
:109690002D4B04949A423CD005A8F7F77FF8059B20
:1096A00038005B68984603F0D9FF0500404603F098
:1096B000D5FF29239946281881442A30F9F7BAFBA7
:1096C0000A2205002149404601F030FE00281CD046
:1096D0001F49338801914146280000911D4A49469F
:1096E0000297FAF7B5FF1C4B1B68002B21D0210015
:1096F000280098472800F9F7FDFB07B0C0BCB94621
:10970000B046F0BC08BC04B018470A239C46E044AD
:10971000DEE7380003F0A2FF06002A30F9F78AFBE3
:1097200031000B4B0D4A293100970500FAF790FFE5
:10973000D9E70B4B22001B682900986801F08AFCCE
:10974000D8E7C0468C110020FFFF000030F8001061
:1097500058F800103CF80010102B002028F80010DA
:10976000901100200FB400B583B004AA02CA0023F0
:1097700005480192FFF78CFE044B1B68986801F0C6
:10978000ADFD0120FBF712F864F8001090110020E5
:109790000069704710B5041E04D0C068002801D0CD
:1097A000F9F7A8FB2000F9F7A5FB10BD70B518214B
:1097B00005000120F9F75CFB041E14D005600120B0
:1097C000A840431E0421A0606360F9F751FBE060EC
:1097D000002805D00022002322616361200070BDB3
:1097E0002000FFF7D7FF0024F8E7C046F8B5DE46B3
:1097F00057464E464546436904009C46E0B500691D
:10980000012924D9CB00CB186668DB00CB18E568AA
:1098100033409A00AA181768002F00D19CE001225B
:109820005242904609E04F4A91464B4433409A00D9
:10983000AA181768002F00D17DE0B94200D177E067
:10984000012FF0D14246002AEDDA9846EBE70123DA
:109850005B429A466044F9F77DFAA768051C380018
:10986000F9F778FA4049F9F73EFA011C281CF9F794
:1098700069FA002806D15046F0BCBB46B246A9465C
:10988000A046F8BD0120E36804219846236801330F
:109890009840451E2360A0606560F9F7E9FA00234F
:1098A000E06023616361002F36D0BF004744464625
:1098B000BC46306801282CD9C300C318DB00C3188C
:1098C000E7682B409A00BA181168002928D00122B5
:1098D0005242914608E0234A93465B442B409A004B
:1098E000BA181168002908D0884212D00129F2D193
:1098F0004A46002AEFDA9946EDE7236901332361EE
:109900004B46002B0FDB6369013B63614B469B00B9
:10991000D85104366645CCD14046F9F7EBFAAAE7B0
:10992000236901332361043610606645C1D1F3E732
:1099300000239A468EE7434601302061002B0DDB61
:1099400001235B429946CC446346636143469B00D6
:10995000595101239A467DE70130206101231160AE
:109960009A4677E7911300009A99593F10B508215C
:1099700004000120F9F77CFA002803D001235B42A0
:109980000460436010BDC04602684368116930B589
:109990000133050000290FD0916899420CD00BD9F2
:1099A000D46802E00133994206D99A00A258012AEC
:1099B000F8D918006B6001E00120404230BDC0467C
:1099C0000CC8D2689B0098587047C04610B5FBF78A
:1099D00081F80448F7F760FB012200210248F7F7FD
:1099E0000DFB10BD502100206421002010B5041E85
:1099F0000AD0F7F7FDFEFA2200239200F9F73CF9AE
:109A000020606160002010BD01204042FBE7C0469D
:109A1000F8B5050017001C000026002B17DB0D4EC3
:109A20000021300005F094F92800FFF7AFFAFA2280
:109A30000023920038002100F8F718FB02000B0009
:109A4000300005F0D5F946422800FFF79BFA3000B8
:109A5000F8BDC046642100200C4810B501680029FB
:109A600011D00B4A1368002B09D1EFF3108472B6A2
:109A70000B68002BFCD0BFF35F8F1368446000209D
:109A80000133136010BD0120FCE7C04650210020C7
:109A9000582100200B490A68002A10D00A480368A0
:109AA000002B0CD0013B0360002B01D0002070473D
:109AB0004968BFF35F8F136081F31088F6E70120D8
:109AC000F5E7C046502100205821002070B5050060
:109AD0000C00FFF7C1FF2E6834192C60FFF7DAFF86
:109AE000300070BDF0B5C646804600B516001F00B8
:109AF000FFF7B2FF43461C685D6836196F411E6070
:109B00005F60FFF7C7FF2900200080BCB846F0BDAA
:109B100070B504001E001500FFF79EFF2368AB42DE
:109B200004D00024FFF7B6FF200070BD6368B34285
:109B3000F7D1049A059B226063600124F2E7C046D6
:109B40000B00034370B506009B070ED1032A0CD906
:109B5000114D04E0043A043110C6032A05D90C68FB
:109B60000E4BE318A3432B42F4D03300002406E04D
:109B70000D5D013A355501330134002D02D0002A24
:109B8000F6D170BD00219C18002AFAD0197001335B
:109B9000A342FBD1F5E7C04680808080FFFEFEFE39
:109BA000F0B5DE464E4645465746E0B5C7B08B4653
:109BB00091461C000F930500069004F089FC036891
:109BC0001800189303F04AFD1790002D04D06B6B1A
:109BD000002B01D100F0A0FF5A460C21515E8022DB
:109BE0005B4692015B6E114205D10A4359468A8158
:109BF000C74A13404B669B0401D501F02EF95B4622
:109C00000C229A5E130745D55B461B69002B41D099
:109C10001A2313400A2B4CD036AB2993002300247F
:109C20002B932A9316930023149315940023CA466A
:109C30001A931B930C93B74B36AE1193B64B1993F3
:109C400053461B78002B60D0544603E06378013400
:109C5000002B3BD0252BF9D15346E51A544539D179
:109C60002378002B51D0631C9A4600231AAAD3777D
:109C7000012252429146002263780B9200244F4603
:109C80005246013219002039582951D811988900BB
:109C900041588F465946069802F054FF002801D0DB
:109CA00001F0DBF85B460C229A5E1A2313400A2B64
:109CB000B2D15B460E229B5E002BADDB23004A46F1
:109CC0005946069801F0D2F90C9029E05346E51A5E
:109CD00054451AD0534633602B9B75605B192B9308
:109CE0002A9B01332A93072B06DC08360C9B9C46E3
:109CF000AC4463460C93B3E75946069829AA03F08F
:109D0000EDFD002806D136AEF0E72B9B002B01D0ED
:109D100000F081FF5B469B895B0601D501F09DF851
:109D20000C9847B0F0BCBB46B246A946A046F0BD71
:109D300092461293002BE8D02CAD2B7000231AAA68
:109D4000D377013307930D93002399460A94139315
:109D50000E930A9A8423110019402B9C10911342F0
:109D600005D10B9B079A9F1A002F00DD9DE31AABCC
:109D7000DB7F002B0FD01AAA1F2394466344336065
:109D8000012373602A9B013401332B942A93072B00
:109D900000DDBCE308360E9B002B0CD022AB3360F9
:109DA000022373602A9B023401332B942A93072BDE
:109DB00000DDC3E30836109B802B00D187E24B46C1
:109DC0000D9A9F1A002F00DDBCE20A9BDB0500D52F
:109DD00022E20D9B35609C4673602A9B64440133EC
:109DE0002B942A93072B35DC08360A9B5B0705D595
:109DF0000B9B079A9D1A002D00DDABE30B9B079A86
:109E0000934200DA13000C9A94469C4463460C93E8
:109E1000002C00D0F6E2002336AE2A9310E7303B48
:109E20000020190083001B185B00C818137801324A
:109E3000190030390929F5D90B9023E7A3461400FE
:109E40004246641910320133326075602B942A93B4
:109E5000072BC9DD5946069829AA03F03FFD0028C3
:109E600000D057E72B9C36AEBFE7924607221293ED
:109E70000F9BB9460733934319000CC90F9111008A
:109E80001A001491159201225B005B081D931C912E
:109E9000224B52421C981D99F8F793FB002801D0E1
:109EA00000F0AAFC1C981D9901221C4B5242F8F7A5
:109EB00073FB002801D000F09FFC14981599002234
:109EC0000023F8F763FB002801D000F07DFE1AABF9
:109ED000D87F129B472B01DD00F063FE104D8023DD
:109EE0009C437D3B07930D9300230A94994613935B
:109EF000B9E00F9908C90B93002B01DB00F064FC5B
:109F00000B9B0F915B420B9304231C431378B8E621
:109F1000FFDFFFFF30FE001094FF0010FFFFEF7F18
:109F200074F800101378551C2A2B01D101F081F828
:109F3000190030392A000027092900D9A2E6BB0000
:109F4000DB195B005F1813780132190030390929D9
:109F5000F5D9002F00DB95E601277F4292E68023AA
:109F60001C4313788DE62B231AA9CB77137888E648
:109F700001231C43137884E61AA9C97F13780029AA
:109F800000D07EE620311AA8C1777AE612930F9BA3
:109F9000924604CB2CAD2A700F93002201231AA9FC
:109FA000CA7707930D93CFE612931023B9469246D2
:109FB0001C43A30600D4E7E307220F9B0733934318
:109FC00019000CC90892099301230F9100201AAAC5
:109FD000D0774A46002A09DB8022210091430A916A
:109FE0000899099A0D00154378D00A9C012B00D1DD
:109FF0008CE0022B00D1E5E10723B0469C464B469E
:10A00000814636AD07940A93089A099B6146580722
:10A010001140D708DC0838432E003031013D0200E2
:10A02000230029702043F1D108920993079C0A9AD2
:10A030004846370091464646E20700D4DDE1302924
:10A0400000D1DAE13023023F013D2B703D0036ABF9
:10A05000DB1B0D930A944B4607930D9B994500DA41
:10A06000079300231393002802D0079B0133079323
:10A070000A9A0223110019400E91134200D168E69A
:10A08000079B0233079302230E9362E61293102379
:10A09000B94692461C430F9AA30600D45AE30723FD
:10A0A00007329A4301339C46944463460F935368A6
:10A0B000126809930892002B00DA5BE31AABD87F91
:10A0C0004B46002B22DB802322009A430A92089AF7
:10A0D000099B110019430B1E17D101334A46002A70
:10A0E00000D062E1002B00D0E1E201331A002240EF
:10A0F0000D9236AD2342AED0302126332CAAD15456
:10A100001AAB6F259C466544A5E70A9C089A099BF3
:10A11000002B01D000F074FC092A01D900F070FC7A
:10A120002722089B2CA930338B5401230D931AABA3
:10A130006F259C460A9465448DE712931023B94617
:10A1400092461C43A30600D42BE307220F9B073340
:10A15000934319000CC9089209930F91002335E726
:10A1600008231C4313788CE5B946129300230F9FF4
:10A17000924620CF1AAAD3774B46002D01D100F08A
:10A1800002FC002B01DA00F0D9FC4A46002128002D
:10A1900004F040F9421B002801D100F052FE1AAB36
:10A1A000D87FD343DB170D921A40002307929946BC
:10A1B0000F970A94139356E720231C43137860E506
:10A1C0000F9B924604CBD849089200220992023292
:10A1D000144322AA118078220F93D44BB9461A93C4
:10A1E00012920223F2E69246A30600D4F4E20F9BF9
:10A1F0000C9A1B681A60D2175A600F9B04330F9396
:10A200001EE513786C2B00D182E310210C4338E556
:10A2100040231C43137834E5129B652B00DCFAE0E5
:10A220001498159900220023F8F7A8F9002800D106
:10A23000CAE1BF4B01343360012373602A9B2B9426
:10A2400001332A93072B01DD00F059FC0836239BCC
:10A25000169A934200DBB1E2189B3360179B9C4631
:10A2600073602A9B644401332B942A93072B00DDEF
:10A2700042E30836169B5D1E002D00DCB5E5AD4AB5
:10A280002A9B9046102D00DCDAE5102242449146CC
:10A29000102722005C4604E00836103D102D00DC3B
:10A2A000CCE5494610320133316077602B922A9316
:10A2B000072BF1DD2100069829AA03F00FFB0028E7
:10A2C00001D000F027FE2B9A2A9B36AEE5E70B9BC8
:10A2D000079A9F1A002F00DC71E5964A2A9B904648
:10A2E000102F04DC1BE0103F0836102F17DD924AB8
:10A2F000103432601022013372602B942A93072BA2
:10A30000F1DD5946069829AA03F0E8FA002800D0A2
:10A3100000E5103F2B9C2A9B36AE102FE7DC42460F
:10A32000E41910320133326077602B942A93072BA3
:10A3300001DD00F0F6FB4B460D9A08369F1A002F00
:10A3400000DC42E52A9B102F01DC00F02DFC199A5D
:10A3500090461022914603E0103F0836102F17DD7B
:10A36000754A103432604A46013372602B942A9346
:10A37000072BF1DD5946069829AA03F0AFFA002809
:10A3800000D0C7E4103F2B9C2A9B36AE102FE7DC91
:10A390004246E41910320133326077602B942A93DD
:10A3A000072B00DDC9E108360FE500220A9C012BCE
:10A3B00001D100F015FD022B01D000F018FC0023A4
:10A3C00008920993089A099B0F21A4468046079694
:10A3D0001A9E36AD08001040305C013D1C07287005
:10A3E0001009044320001F0922003B003843F1D12B
:10A3F0006446404608920993079E36AB5B1B0D935B
:10A400000A9428E65946069829AA03F067FA002814
:10A4100000D100E57EE4082399462A9F169B01346B
:10A420000137B144012B00DC45E101233560736045
:10A430002B942A97072F00DD12E34B46189A013719
:10A440001A60179B4A469C46644453602B942A9793
:10A45000072F00DD12E308239C46E144169B0022EF
:10A46000149815995E1E0023F8F788F8002800D08C
:10A470003BE14B4601370135A41960C32B942A9761
:10A48000072F00DD23E108239C46E1444A4625AB23
:10A4900013601B9B01379C46644453602B942A979E
:10A4A000072F00DDD6E44E469EE4224A2A9B9046C2
:10A4B000102F20DD2200444603E0103F0836102F05
:10A4C00017DD102110320133346071602B922A9312
:10A4D000072BF2DD5946069829AA03F0FFF9002858
:10A4E00001D0FFF717FC103F2B9A2A9B36AE102F96
:10A4F000E7DCA04614004246E4190133326077607D
:10A500002B942A93072B00DDC6E208362FE4594628
:10A51000069829AA03F0E2F9002801D0FFF7FAFB18
:10A520002B9C36AE37E4C0463078000094F800101B
:10A530009CEF001094FF0010A4FF001059460698ED
:10A5400029AA03F0CBF9002801D0FFF7E3FB2B9CED
:10A5500036AE30E4A64A2A9B9046102D20DD22001C
:10A560001027444603E0103D0836102D16DD10324A
:10A570000133346077602B922A93072BF3DD594621
:10A58000069829AA03F0AAF9002801D0FFF7C2FB18
:10A59000103D2B9A2A9B36AE102DE8DCA046140005
:10A5A00042466419013324C62B942A93072B00DCFE
:10A5B00024E45946069829AA03F090F9002801D00E
:10A5C000FFF7A8FB2B9C19E4239A002A00DC70E219
:10A5D000139A169B17009A4200DD89E1002F0BDDCC
:10A5E0002A9BE4190133356077602B942A93072B5B
:10A5F00001DD00F0FFFB0836FB43DB171F40139B18
:10A60000DF1B002F00DDC8E1239B169A934200DA7E
:10A61000E7E10A9AD20700D5E3E1169A1399D31A13
:10A62000571A9F4200DD1F00002F0DDD139AE41919
:10A6300094462A9A65440132356077602B942A92B9
:10A64000072A00DDE6E30836FA43D2171740DD1B80
:10A65000002D01DCFFF7C9FB654A2A9B9046102DAF
:10A6600001DCFFF7EDFB102242449146210032004D
:10A6700010275E46069C04E00832103D102D00DCD9
:10A68000B3E3484610310133106057602B912A9391
:10A69000072BF1DD3100200029AA03F01FF9002863
:10A6A00001D000F055FC2B992A9B36AAE5E7002340
:10A6B00036AD0D93CFE401230A9A134200D0B4E6DD
:10A6C000356073602B942A97072F00DCDEE659462D
:10A6D000069829AA03F002F9002801D0FFF71AFB17
:10A6E00036AB99462B9C2A9FD0E6169B012B00DCAB
:10A6F000CCE6112B01DC00F07BFC3D4B102598468D
:10A700004B4604E00833103E102E00DC3BE2394A91
:10A71000103401371A605D602B942A97072FF1DD02
:10A720005946069829AA03F0D9F8002801D0FFF766
:10A73000F1FA2B9C2A9F36ABE5E75946069829AAE1
:10A7400003F0CCF8002801D0FFF7E4FA2B9C36AEDA
:10A75000FFF73BFB08CA0F92E20606D4620604D557
:10A760001BB20893DB170993A5E40893DB17099341
:10A7700000D4A3E408980999002342428B412D207C
:10A7800008920993012322E40F9A08CA0F92E20665
:10A7900002D4620600D59BB20893002309930133CB
:10A7A00014E40F9A08CA0F92E20602D4620600D59A
:10A7B0009BB2089300230993FFF708FC0A9BDB0771
:10A7C00001D4FFF712FB47E513780F91FFF759FA11
:10A7D000B946924612935EE4E30600D52AE1640688
:10A7E00000D427E10F9B0C9A1B681A8005E5C04630
:10A7F00094FF0010A4FF00101498159902000B009C
:10A80000F7F7DFFE002800D0B4E32023129A9A4322
:10A8100090464A46E03323430A93159B013200D108
:10A82000F5E24246472A00D124E2002B00DAE6E1B5
:10A83000149A159B1E921F9300230E93129B662B56
:10A8400000D00FE34B460793032327AA079F0492E8
:10A8500024AA039223AA02920197009306981E9AB3
:10A860001F9B01F093F9129B0500C719662B05D1B8
:10A870002B78302B00D16EE3239BFF1800221E980B
:10A880001F990023F7F77AFE002800D0D2E2279B19
:10A89000BB4206D230215A1C27921970279B9F4237
:10A8A000F9D8239A13925B1B16934346472B00D18A
:10A8B00005E2129B662B00D009E201234A462340A1
:10A8C0001343139A002A00DCA2E3002B00D061E3BB
:10A8D000139B07930D93662312930E9B002B00D1BD
:10A8E00059E22D231AAAD37700239946FFF7BDFB1F
:10A8F0001F1E00DD74E67FE65946069829AA02F07D
:10A90000EDFF002801D0FFF705FA2B9C36AEB1E42D
:10A910004C3B1C4301321378FFF7B3F9B94692461A
:10A920001293CD4B1A93A30600D489E007220F9B04
:10A930000733934319000CC9089209930F9102231E
:10A94000E20701D4FFF742FB0899099A0800104377
:10A9500001D1FFF73BFB302122AA117012991C4351
:10A960005170FFF733FBB94692461293FFF721FB74
:10A970001293BA4BB94692461A93D4E7B946924617
:10A980001293FFF7DFFB0D93062B00D934E10D9BEB
:10A99000B34D07930F97FFF7D7F9B24A2A9B90461A
:10A9A00010229146102F05DC02E10836103F102FCF
:10A9B00000DCFDE0AC4A103432604A46013372607C
:10A9C0002B942A93072BF0DD5946069829AA02F00A
:10A9D00085FF002801D0FFF79DF92B9C2A9B36AEFE
:10A9E000E4E7189A3260179A944672602A9A64448F
:10A9F00001322B942A92072A00DDD2E108360CE6B8
:10AA0000070036AD089809990A220023F7F746FB9C
:10AA1000099B3032013D2A700991089A0890002B59
:10AA2000F0D1092AEED836AB5B1B38000D930A949F
:10AA3000FFF711FB0F9B0C9A1B681A60FFF7DDFBF9
:10AA40000F9A08CA0F92E20606D4620604D59BB29A
:10AA500008930023099372E70893002309936EE794
:10AA60005946069829AA02F039FF002801D0FFF7BD
:10AA700051F936AB99462B9C2A9FDEE4594606983D
:10AA800029AA02F02BFF002801D0FFF743F936ABCB
:10AA900099462B9C2A9FE1E45946069829AA02F080
:10AAA0001DFF002801D0FFF735F92B9C36AEFFF7CC
:10AAB0005EF96E4B01343360012373602A9B2B9443
:10AAC00001332A93072B00DD84E00836002A3BD1AE
:10AAD00001230A9A1340169A134301D1FFF785F90F
:10AAE000189B3360179B191973602A9B2B910133B4
:10AAF0002A93072B00DD95E03000083034E05946FA
:10AB0000069829AA02F0EAFE002801D0FFF702F910
:10AB10002B9C36AEFFF79BFB069802F069FDFFF712
:10AB20005BF85946069829AA02F0D8FE002801D001
:10AB3000FFF7F0F82B9C36AEFFF741F9280002F042
:10AB40008DFD0200FFF72BFB189B3360179B191933
:10AB500073602A9B2B9101332A93072B62DC300010
:10AB60000830002A00DA86E1169A0133541805608D
:10AB700042602B942A93072B01DDFFF76BF9083015
:10AB80000600FFF732F9994643464A461033A419A6
:10AB90000137136056602B942A97072F00DC72E46C
:10ABA00095E5334DFFF79BF92E4A9046FFF7F0FBF2
:10ABB0004246E41910320133326077602B942A93B5
:10ABC000072B3DDC08361FE52D231AAA2D20D3774D
:10ABD000FFF77FF95946069829AA02F07FFE002860
:10ABE00001D0FFF797F8239A2B9C36AE6EE700232F
:10ABF00008920993FFF700FA06230D93C7E614990C
:10AC0000159A130080221206944663441F932D2345
:10AC10001E910E9312E65946069829AA02F05EFE8E
:10AC2000FFF778F85946069829AA02F057FE00283F
:10AC300001D0FFF76FF8239A2B992A9B36A890E74B
:10AC40005946069829AA02F049FE002801D0FFF7CC
:10AC500061F82B9C36AED7E480F8001094F8001011
:10AC6000A8F8001094FF0010A4FF00109CEF001043
:10AC700078F800104A46002A00D140E1002B00DAA3
:10AC8000AAE1149A159B1E921F9300230E9327ABE3
:10AC9000049324AB039323AB02934B46019302230B
:10ACA000069800931E9A1F9B00F070FF0500E307B3
:10ACB00000D5C3E0279B1B1A1693239B1393139A6B
:10ACC000D31C01DB914579DA129B023B1293139955
:10ACD00025AA4B1E994648462393129B13702B239B
:10ACE000002803DA2A3B5B1A99462D2353704B4602
:10ACF000092B00DCE1E01AAA3B2394466344079544
:10AD00001F004D46A046B14628000A21F7F760F91A
:10AD10003E003031013F280039700A21F7F758F919
:10AD20002C000500632CEFDC4446B04643469A1ED7
:10AD300003001AA930338C4613703B2363444E46FC
:10AD4000079D9A4200D371E12E21130061441A78C5
:10AD50001AA80A7084463B220133624401319A42A8
:10AD6000F5D1424646AB9B1A713B1B93169B1B9930
:10AD70001A008C4662440D92012B00DCDCE0179B2C
:10AD80000D9A9C466244D343DB170D921A40002370
:10AD900007921393A1E51AABD87F00239946FFF7DA
:10ADA00062F95946069829AA02F098FD002801D0B8
:10ADB000FEF7B0FF239B2B9C36AE2EE4169B139A16
:10ADC000934200DDA9E0139AE40700D5DDE0D34308
:10ADD0001100DB171940672307910D9212937CE550
:10ADE000002308920993FFF79BF9B3460C00160065
:10ADF000FFF726F85946069829AA02F06FFD0028A9
:10AE000001D0FEF787FF2B9C36AEFFF7F5FB06223D
:10AE100091460AE55946069829AA02F05FFD0028E6
:10AE200001D0FEF777FF239B169A2B9CD31A36AEE0
:10AE3000FFF70AFC239B13933B0034E54B46C718EE
:10AE40001CE51AABD87F4B4607930D9300230F9751
:10AE500099460A941393FFF706F901235B420C937A
:10AE6000FEF75EFF4346452B00D010E74B4601330B
:10AE700007930223E9E45742103226DA724A102679
:10AE800014009046103403E00830103F102F1EDDF0
:10AE900010310133046046602B912A93072BF3DDB8
:10AEA0005946069829AA02F019FD002801D0FEF79C
:10AEB00031FF2B992A9B36A8E7E7302393704B4646
:10AEC0003033D37004231B9350E75F4A90464246C9
:10AED000C91910320133026047602B912A93072B66
:10AEE00000DC0AE65946069829AA02F0F7FC002879
:10AEF00001D0FEF70FFF2B992A9B36A834E6002BD2
:10AF00005CDB149A159B1E921F9300230E93013352
:10AF10009946BCE6A346FEF7FDFE179B169A9C4693
:10AF2000139B62440D92002B42DDD343DB171A4082
:10AF3000672307921293D0E4012319002140139153
:10AF4000234200D01BE7D343DB171A400792C4E427
:10AF5000B346FEF7DFFE00221E981F990023F7F785
:10AF60000DFB002847D0239B9C46674413937B1B13
:10AF70001693A2E4159B002B45DB1AABD87F129BDE
:10AF8000472B3DDC314DFEF7AAFF179B9C466244E0
:10AF90000D92CAE7130017994B441A008C4662447D
:10AFA000D343DB170D921A4066230792129394E461
:10AFB0000D9B139A9B1A5A1C0D92B6E71499159A79
:10AFC000130080221206944663441F932D230E9390
:10AFD0002C3B99461E915AE61499159A130080222B
:10AFE0001206944663441F932D231E910E934EE642
:10AFF000154B9846C8E50123079A9B1A23933CE416
:10B00000134DFEF76CFF2D231AAA2D20D377B6E738
:10B01000002B06D10123079365331293653B0D93F3
:10B020005BE4179B01331A004A44B9E702231B93E0
:10B030009CE60F9980C9002F01DA01277F425378DF
:10B040000F912A00FEF71DFE94FF00107CF80010FF
:10B05000D0EF001010B504001300034A10680A0076
:10B060002100FEF79DFD10BD9011002070B5060077
:10B0700002201A4CA5440C008989814368468181CD
:10B08000616E1991E189C181E16930000791616ABE
:10B0900009911AA9009104918021C900029105919A
:10B0A000002106916946FEF77BFD051E0CDA6B4612
:10B0B0009B895B0603D54022A3891343A381280003
:10B0C0008D23DB009D4470BD6946300000F0F0F830
:10B0D0000028ECD001256D42E9E7C04698FBFFFF50
:10B0E000024670B50A4392072AD11E4DEE0104C8EC
:10B0F00008C9541B9443344017D0D0B2D9B2401A77
:10B100002106014310D190B299B2401A21040143A3
:10B110000AD110021902000A090A401A2102014349
:10B1200002D1100E190E401A70BD9A42DFD010BA2B
:10B1300019BA884201D9012070BD0020C04370BDFA
:10B1400002780B7801300131002A09D09A4207D1E8
:10B1500002780B7801300131002A01D09A42EFD0F9
:10B16000D01A70BD01010101F0B5C64600B50C2230
:10B170008B5E07000C001A0751D480254A682D0108
:10B180001D438D81002A00DC6CE0A66A002E42D0AF
:10B190003A68E169904600223A60DB0467D40022F5
:10B1A00001233800B0470200431C00D16EE00C239D
:10B1B000E55EA66AE1696D0706D56368D21A236B5E
:10B1C000002B01D0E36BD21A00233800B047431C98
:10B1D0004FD139680C22A35E1D2962D8324ACA4079
:10B1E000D2075ED5314A1A40A281002262602269EC
:10B1F0002260DB0401D5002946D04346216B3B6029
:10B20000002908D023004033994202D0380001F0D1
:10B2100059FD00232363002080BCB846F0BD0E69B1
:10B22000002EF8D00D680022AD1B0E609B0700D1E8
:10B230004A69A260002D04DCEDE736182D1A002DB6
:10B24000E9DD636A3200984638002B00E169C047A7
:10B250000028F2DC4022A38913431BB20120A38102
:10B260004042D9E7CA6B002A00DD8EE7D3E7226DA2
:10B27000A1E70C22A35E0D4A1A40A281002262605F
:10B2800022692260DB04B8D52065B6E73B68002B55
:10B2900000D18CE71D2B01D0162BDBD143463B6040
:10B2A000B9E740221343D9E701004020FFF7FFFF31
:10B2B00070B504000D00002802D0436B002B09D0AC
:10B2C0000C22AB5E0020002B03D029002000FFF7EA
:10B2D0004BFF70BD02F08CF9F2E7C04670B5041E5A
:10B2E00015D00E4B1D68002D02D06B6B002B0AD0C1
:10B2F0000C22A35E0020002B00D170BD210028008D
:10B30000FFF732FFF9E7280002F072F9F0E7044A8C
:10B310000449054803F0B8F8EFE7C0469011002053
:10B32000C8160020B1B200109811002030B5002AD4
:10B3300026D003000B439B0724D1032A22D9164DA4
:10B340000BE0043A002A1BD0144C1C199C432C42DD
:10B3500016D104300431032A14D903680C68A342BF
:10B36000EFD004780D78A54213D1012306E0C45C28
:10B37000CD5CAC420DD101339A4201D0002CF6D104
:10B38000002030BD04780D78AC4202D1012AECD106
:10B39000F6E7601BF5E7C04680808080FFFEFEFE7A
:10B3A000030010B50A0003490868190000F00AF804
:10B3B00010BDC04690110020014B18687047C04670
:10B3C0009011002070B50B0C0024150C002B28D117
:10B3D000002D3CD18BB291B2594300F053F8051EB9
:10B3E00033D00300083B5A6803239A43043A242AC3
:10B3F00012D80300132A0AD90460446008331B2AB8
:10B4000005D98460C460242A2AD0030010330022A6
:10B410001A605A609A6002E00021F7F783FD280065
:10B4200070BD002D16D1151C89B292B24A43ADB23F
:10B430009BB26B43110C5B18190C0BD1190492B21F
:10B44000114300F01FF8051ECBD10025E7E72B1CA8
:10B450000D1CE9E7FFF7B0FF0C2300250360DEE7D2
:10B460000300046118334461D1E7C046030010B5FE
:10B470000A0003490868190001F010FE10BDC0461B
:10B4800090110020F0B54E464546DE465746E0B5E1
:10B490000D000B35060085B0162D27D8102900D9D0
:10B4A000DAE001F0A3FF102518230221C84FFB1892
:10B4B0001A005C68083A944200D147E103226368AD
:10B4C000A1689343E268CA6091600121E3185A6859
:10B4D00030000A435A6001F08BFF2000083005B0AD
:10B4E000F0BCBB46B246A946A046F0BD07239D432B
:10B4F00000D5B1E0A94200D9AEE001F077FFFC230E
:10B500005B009D4200D296E1690A00D1A8E00429BF
:10B5100000D950E138239846A90988443931CB0035
:10B52000082252429446AA4FFB189C446346DC68AA
:10B53000A44514D0032399460B0061469C4607E0BE
:10B54000E068002A00DBFBE0814200D1FCE004005F
:10B550004A46636893435A1B0F2AF1DD41463A007D
:10B560003C690832944200D1D9E0032063688343E8
:10B57000581B0F2800DD62E13A617A610028A4DAE5
:10B580007A68904680229200934200D3E4E0DA0881
:10B59000580901238340404618438046D300DB19F5
:10B5A0009A687860E360A2609C60D46001208B1090
:10B5B000984040455CD8434603420AD1032399434F
:10B5C000434640000431034203D1400004310342AA
:10B5D000FBD00323B3469C460E00B8460190F00012
:10B5E00040440100B246CB680BE064465A681F0035
:10B5F000A243DB68541B0F2C00DDEFE0002C00DBC6
:10B6000009E19942F1D101239946CA4453460831D0
:10B610009B07E8D1032205E003680838013E834216
:10B6200000D003E23242F7D14346019A5B6893436C
:10B6300042465360019A520001929A4216D8002A5B
:10B6400006D113E004229146019ACA4452000192A5
:10B650001342F7D05646C2E70C23002033603EE782
:10B6600080233F22402190469B0059E75E46474693
:10B670000322BC68636893439A46AB4202D35A1BC9
:10B680000F2A4FDC230053440293524B0820994663
:10B690001B6810335B19019301F0E6FC4E490390DF
:10B6A0000B688B46013306D08446019B4242013B26
:10B6B0006344134001933000019901F0FDFF030042
:10B6C0008046013300D1D8E0029B834200D9D2E00A
:10B6D0004B4601995A688C46624403995A60029B12
:10B6E00010000139434500D0E5E043460B4200D04D
:10B6F000E1E0BB6801219846634653440B43414651
:10B700004B604946C96A914201D24946CA624946DC
:10B71000096B914201D249460A634446AFE07B6817
:10B72000984643E7012329001A43194365196160CC
:10B730003000BD606A6001F05BFE20000830CEE69C
:10B74000A268D0608260C0E6614608E7DC6802312A
:10B75000A34200D103E7B1E65A0A042A00D883E0E5
:10B76000142A00D908E110005B3082465C32D20016
:10B77000082040428446BA189444624692680B30CE
:10B780008146944500D1DFE00800A2466146844628
:10B7900002E09268914204D04C465068A04398421F
:10B7A000F7D8D368614654469C466346A260E3607E
:10B7B0009C60D460FAE614296ED9542900D9E4E0DB
:10B7C0006E239846290B88446F31CB00A8E6C0460B
:10B7D000C0120020A41C0020B8120020BA4601208C
:10B7E0005146844649190543504645608568474699
:10B7F0006046EB605E469D60534639617961204347
:10B8000008374860CF6030008F609C5001F0F0FD39
:10B810005046083063E6BA4601205E4652445168FD
:10B8200001435160BA683000D3609A6001F0E0FDD6
:10B830003800083053E62B00E908083336E6611972
:10B84000884601218C460D43414665603961796126
:10B85000CA608A60624602434A60E050300001F0EC
:10B86000C7FD200008303AE69A0910003932383016
:10B870008246D2007CE7BC4214D0BC6863680322D5
:10B8800093435A1BAB4202D30F2A00DD4AE7300034
:10B8900001F0AEFD002022E65B23984688445C312F
:10B8A000CB003DE64B465868019B9C464B466044A6
:10B8B0005860039B591E5B461B68013370D043469A
:10B8C000029A9B1A4A461B18536007234246404679
:10B8D0001A400292184240D00398013384469B1AC2
:10B8E000019A98444244019263440A409B1A1940C9
:10B8F00030008B4601F0E0FE431C77D04346C01A6F
:10B9000003005B4401934B465A6801205A445A6035
:10B9100043464146BB60019B03434B60BC4200D1A0
:10B92000EFE653460F2B3FD907210C3B8B43616851
:10B930000140052019436160E118486088600F2BC1
:10B9400049D843465B68DCE65346981001238340A0
:10B95000404618438046786027E7019B039A43449A
:10B960000B40D31A194030008B4601F0A5FE431C52
:10B97000C4D100239B46C6E7542A17D81A0B1000DF
:10B980006F326E308246D200F2E6AA235B00994203
:10B9900017D8DD3B9846E90B88447831CB00BFE5EA
:10B9A0005B4642461A6090E7486070E7AA20400074
:10B9B000824226D8DA0B1000783277308246D200E5
:10B9C000D6E61C4B994226D87C239846A90C88447D
:10B9D0007D31CB00A4E521003000083101F072F97F
:10B9E0004B465A68BB6898465B688AE6019A029B98
:10B9F00094464246083B63449B1A019300239B46AE
:10BA000081E70C4882420CD89A0C10007D327C30C1
:10BA10008246D200ACE6FE237E227F2190469B0028
:10BA20007EE5FE227E2092008246A1E643465B68C8
:10BA300000E6C04654050000F0B54546DE465746D0
:10BA40004E46E0B503690D6985B080460A00019154
:10BA5000AB4200DA98E00700013D1432AB00143726
:10BA6000D618FB1803931B6802929A463368504617
:10BA7000013319009946F6F7D3FA0400CA4543D3B7
:10BA8000029A002394462A0060461D00B4461E0018
:10BA90003B00B946924627001C0004C81104090C5B
:10BAA0007943120C7A4389190B0CD21823680904C4
:10BAB0009B461B04090C1B0C5B1A5946160C1204FE
:10BAC0005B19090C120C8A1A191452181B0415144C
:10BAD0001B0C1204134308C48445DED2039A3C00B5
:10BAE000136866464F465546002B0DD11300043BA4
:10BAF0009F4204D306E0043B013D9F4202D21A68F4
:10BB0000002AF8D043461D614046019902F014FA1C
:10BB1000002826DB00239C46230039006446B946F2
:10BB2000AA469C46029820C80A682F0413041B0CDE
:10BB30003F0CDB1B1B19120C2C0C121B1C141219B2
:10BB40001B0414141B0C1204134308C18642EAD2CE
:10BB500055464F46AB00FB181A686446002A0CD0C5
:10BB60000134200005B0F0BCBB46B246A946A04651
:10BB7000F0BD1A68002A03D1013D043B9F42F8D36F
:10BB8000434601341D61ECE70020EBE7F0B54E467B
:10BB90004546DE4657461400E0B51D00816B9FB058
:10BBA000814604940595002909D00123C26B934076
:10BBB0004A608B6001F0CAFE00234A4693632E0060
:10BBC0000023002D03DA6E007608059601332B9AC8
:10BBD00013603200D64B1A409A4200D196E1049A83
:10BBE000059B100019000022002306900791F6F72C
:10BBF000C5FC002812D001232A9A13602C9B002B2D
:10BC000002D0CC4B2C9A1360CB4B039303981FB0FC
:10BC1000F0BCBB46B246A946A046F0BD1CAB0193A2
:10BC20001DAB00934846069A079B02F0F9FA330DC4
:10BC3000834600D0A6E11D9B1C9F9846BF4BB8448D
:10BC40004344202B00DC62E34022D31A9E40BC4BCD
:10BC500030004344DC402043F6F7C0FC4646012355
:10BC6000B84C013E09190E930022B74BF6F713FCAE
:10BC7000B64AB74BF6F73FFCB64AB74BF6F714FC9B
:10BC8000040030000D00F6F7ADFCB44AB44BF6F7F3
:10BC900032FC02000B0020002900F6F705FC04002E
:10BCA0000D00F6F7B7FC0022824600232000290091
:10BCB000F6F76CFC00280BD05046F6F793FC2B00EF
:10BCC0002200F6F75BFC4342584153461B1A9A4642
:10BCD000BF1B7B1E98465346162B00D9D0E2069810
:10BCE000079952469F4BD2009B181A685B68F6F77B
:10BCF0004DFC002800D15AE101235B429C46002301
:10BD0000E2441093002309934346002B04DA0123F5
:10BD1000DB1B0993002398465346002B00DB4DE1C3
:10BD20005246099B0A929B1A099353420C93002393
:10BD30009A46289B092B00D949E1052B00DCC5E276
:10BD4000043B00242893032B01D100F06DFC01DC9F
:10BD500000F059FC289B042B01D000F008FC0123C3
:10BD60000B93299B002B01DC00F05AFC1D00119362
:10BD7000089301220423172D01DC00F007FC5B006F
:10BD80001800143011000132A842F8D94B46D9638B
:10BD9000484601F0B3FD0390002801D100F0B5FE44
:10BDA0004B46039A9A63089B0E2B00D97CE0002C2B
:10BDB0007AD00A98002801DC00F019FD0F2102005A
:10BDC000684B0A40D2009B1806111C685D68C305C9
:10BDD00001D500F00AFC069A079B129213930223E6
:10BDE0000D93002E12D0604F012333420AD00D9BD9
:10BDF0002000013329000D933A687B68F6F77BFB3E
:10BE000004000D0076100837002EEDD1129813991A
:10BE100022002B00F6F751FB06000F00109B002BB1
:10BE200009D0002230003900504BF6F7AFFB002854
:10BE300001D000F0FCFB0D98F6F7D4FB32003B007C
:10BE4000F6F759FB00224A4BF6F72EFB494A0B0046
:10BE5000944663441290139113930A9B1A93089B80
:10BE60000D93002B01D000F009FC002230003900B6
:10BE7000414BF6F710FB129E139F32003B0004006B
:10BE80000D00F6F799FB002801D000F0DAFD8020C4
:10BE900000068446390061440B003200200029006E
:10BEA000F6F774FB00282AD11D9B002B00DAFDE079
:10BEB0000A9A0E2A00DDF9E00A9A2A4BD2009B1852
:10BEC0005C681B6804930594299B002B00DB8DE0C4
:10BED000089B002B00DD89E0089B002B0FD1049804
:10BEE00005990022244BF6F706FB02000B0006988A
:10BEF0000799F6F751FB002801D100F0A2FD0023BD
:10BF00000024039E0693299BDD43E9E21B4B2A9AFA
:10BF10003603360B1360264342D12C9B002B01D1F4
:10BF200000F0E2FD164B039308332C9A13606DE684
:10BF30000000F07F9DEF00109CEF00103204000025
:10BF400012040000000010FE0000F83F61436F6320
:10BF5000A787D23FB3C8608B288AC63FFB799F5022
:10BF60001344D33F18010110F00001100000F03F0E
:10BF700000001C400000C0FC000014400F2700001F
:10BF8000B0F80010069C079D20002A03CA4C120B33
:10BF90001443CA4A21009E1800231C9F0E9363E697
:10BFA0002C9B002B00D0D8E2C54B03932EE6002F2C
:10BFB00001DC00F053FC00231093099353460A93CD
:10BFC00000230C93289BD044092B00D8B5E601220E
:10BFD000002301240B92023A28930892299300230C
:10BFE0004A46D363089B00211193D1E6039B01339A
:10BFF0001293049A059B069C079D20002900F6F7E2
:10C000005CFAF6F707FB0600F6F7ECFA049A059BD4
:10C01000F6F771FA02000B0020002900F6F73BFA50
:10C020003300039A30331370089B129F012B01D108
:10C0300000F01DFC01239846531E9A464346B8461D
:10C040001F0021E0049A059B20002900F6F735FA2D
:10C05000F6F7E0FA0600F6F7C5FA049A059BF6F73C
:10C060004AFA02000B0020002900F6F714FA012317
:10C070009C463300524630330137D355089BE04489
:10C08000BB4201D100F0F2FB00228E4BF6F733FAEF
:10C090000022002304000D00F6F770FA0028D1D02A
:10C0A00047460A9B3E0001330993BFE00B9A002AE2
:10C0B00000D0EAE0002300240C9E099D0B93002D84
:10C0C0000DD04346002B0ADD2B00454500DD6FE215
:10C0D000099AED1AD21A09924246D31A98460C9B35
:10C0E000002B0CD00B9B002B03D0002E01D000F0B6
:10C0F00005FC594648460C9A01F038FE834601215A
:10C10000484601F02DFD53460690002B00D00DE26D
:10C11000289B012B00DC98E001231F2211004344DF
:10C1200019401A4200D1AEE020235B1A042B00DC38
:10C1300017E21C235B1A099AED1894469C44624648
:10C1400098440992099B002B05DD59461A00484680
:10C1500001F074FE83464346002B05DD4246484607
:10C16000069901F06BFE0690109B002B00D0C1E1F8
:10C17000089B002B00DC97E10B9B002B00D0D8E044
:10C180000A9B013309930125039B2F005E1E069B2A
:10C19000A2465D4634009846089E07E02900002329
:10C1A0000A22484601F0DCFB050001374146280021
:10C1B000FFF742FC3030E055BE42EFDC089BAB4657
:10C1C000070054460125002B00DDEFE1039B9C4650
:10C1D00000239A46654459460122484601F02EFE46
:10C1E0000699834601F0A8FE002800DCD3E1039AFB
:10C1F00002E0AA4200D1F3E22E00013D2B78392B58
:10C20000F7D001332B704846069901F09FFB002CB4
:10C210000CD05346002B05D0A24503D051464846CA
:10C2200001F094FB2100484601F090FB5946484636
:10C2300001F08CFB0023099A33702A9B1A602C9B17
:10C24000002B00D1E2E41E60E0E4049B002B00D050
:10C2500062E70499059A1300120300D05CE71A49BB
:10C2600000220B4206D0099B0132013309930123BE
:10C270009C46E04453469246002B00D14CE760E1D7
:10C28000012310933EE51C2355E7289A012A00DC80
:10C2900096E2089B0C9A5E1EB24200DA8AE1961B77
:10C2A000099AD51A002B00DA90E19C46099AE044DD
:10C2B00015006244099289E10000F03F01FCFFFF94
:10C2C000BCF80010000024400000F07F289B0124EF
:10C2D000032B00D1A8E100DD3CE5022B01D100F0E9
:10C2E00010FC00244B4621004846DC6301F006FBAD
:10C2F0000390A04201D100F008FC4B46039A299418
:10C300009A6301230B93023B11930893CCE52022FF
:10C310002000D31A98409FE4002321000A224846B7
:10C3200001F01EFB119B04000A96002B00DCCEE3FB
:10C330000893002D05DD21002A00484601F07EFD0E
:10C3400004005346A046002B00D0C1E2089A039B8C
:10C3500094469A46013B9C44634609930123574601
:10C360005E46C246049A1A400C92069D300029008F
:10C37000FFF762FB302203009446210063440B90D8
:10C3800030009B4601F0D8FD2900804652464846C1
:10C3900001F0F0FDC3680500002B34D1010030002E
:10C3A00001F0CAFD29000890484601F0CFFA089B29
:10C3B000289A134359D10C9B002B00D145E34346E7
:10C3C000002B00DA4CE35B463B70099B7D1CBB42B3
:10C3D00000D114E3310000230A22484601F0C0FADC
:10C3E000002306000A2221004846544537D001F0B8
:10C3F000B7FA5146040000230A22484601F0B0FA79
:10C400002F008246B1E7454601004846D046BA466D
:10C410005F46B34601F09AFA002D06DB0123049A29
:10C420001340289A15432B4330D1594601224846E0
:10C4300001F004FD0699834601F07EFD002800DC32
:10C44000E7E0392F00D1EFE20B9F313753465E1CF6
:10C450001F700A9BA246013344460993D3E601F0BC
:10C460007FFA2F00040082467FE74346002B00DA64
:10C470003EE3289A13430C9A134300D138E3089BF8
:10C48000002BA0DDD046BA465F46B346392F00D117
:10C49000CAE253465E1C0A9B013701330993534697
:10C4A000A2461F704446AEE6289B022B00DC63E6E2
:10C4B000089B039E002B00D025E5069905224846DF
:10C4C00001F04EFA01000690584601F035FD0028B3
:10C4D00000DC18E53123039A0A9D561C13700135C0
:10C4E0004846069901F032FA6B1C0993002C00D0E3
:10C4F00098E69BE65846069901F01EFD002800DBF1
:10C5000036E60A9B59460A2248465E1E002301F081
:10C5100027FA0B9B8346002B00D0FDE6119B002BD6
:10C5200000DCC7E20A9A089309922CE60100524601
:10C53000484601F01BFC289B0690012B4CDD002394
:10C540009A46069A9446136903339B0063445868DD
:10C5500001F0B2FA20231B1ADFE5D44B0393033317
:10C56000E3E4042B00D1EDE53C235B1AE3E505236E
:10C570002893043B0B930A9A299B94466344119396
:10C5800001331D1E089301DDFFF7F3FB00214B462D
:10C59000D963FFF7FDFB002802D1FF0700D526E68F
:10C5A0002E00013D2B78302BFAD02CE61D000DE635
:10C5B00043468DE50C9B0C96F31A9A44089B002683
:10C5C0009C46099AE04415006244099201214846BC
:10C5D00001F0C6FA040072E5049B002BAFD1049968
:10C5E000059A13001203AAD139E6B14B0E401A6A1C
:10C5F0005B6A06980799F5F760FF03231290139181
:10C600000D93FFF7EEFB0223289300230B93FFF714
:10C61000A8FB002800D019E7FB0700D511E715E7B4
:10C62000012308932993DAE400230B93A3E7089BE3
:10C63000002B00D119E2119C002C00DC34E40A9B91
:10C640000022013B300039001A939A4BF5F753FF53
:10C6500006000F000D980130F5F7C4FF32003B00D3
:10C66000F5F749FF0022944BF5F71EFF934A0B00A4
:10C6700094466344129013910D9413933900300043
:10C68000F5F7C8FF129B139C8D49169317948C469F
:10C690000D9C1B91631EDB00634419685A6814905B
:10C6A00018911992F5F79EFF02000B003000390037
:10C6B000F5F7F1FE039E149B04000B98771C3033B2
:10C6C000DEB20D00189A199B1297002800D12EE1B6
:10C6D00000207C49F5F7F1FE169A179BF5F7DBFE73
:10C6E000039B22001E702B0014901591F5F764FF38
:10C6F000002800D0D0E1002352469A4643461893C2
:10C700005B461692BB46149E159F129334E001239C
:10C710009C460D9BE2449A4500DBC3E100223000B9
:10C720003900644BF5F7E7FE0022624B06000F006C
:10C7300020002900F5F7DFFE0D000400F5F76AFF81
:10C740008046F5F74FFF02000B0020002900F5F7A7
:10C75000A2FE01239C4643460D0004005146039A65
:10C7600030335354200032003B002900E344F5F7F6
:10C770000DFF002800D08CE122002B000020524940
:10C78000F5F789FE32003B00F5F700FF0028BED028
:10C79000129B5F469B46012294461A9B039A634470
:10C7A000984602E0BA4200D139E13E00013F3B78B1
:10C7B000392BF7D00133DBB23B704346099335E5A3
:10C7C0000E9A002A00D116E1404A94466344099A21
:10C7D000984494469C44634615000C9E0993F5E6E4
:10C7E0003123039A1370099B013309930BE50A9BCC
:10C7F000002B00D10DE1069807990F225C422240E0
:10C800002F4BD2009B181A685B68F5F774FE241151
:10C8100012901391002C00D160E1022206000F005B
:10C820000023234D0D92012222420BD00D9B30009C
:10C83000013339000D932A686B68F5F75CFE01231C
:10C8400006000F0064100835002CECD1002B01D03D
:10C85000FFF7E4FA129E139FFFF7E0FA0123DB1BB8
:10C860000993002398461093FFF7A8FB4746020060
:10C870000B00F5F719FE0A9B040001339846099353
:10C88000049A059B0D00F5F797FE002809D1049A3C
:10C89000059B20002900F5F771FE002803D0F6075C
:10C8A00001D5039A81E73E00C0E4C046BCF8001001
:10C8B000F00001100000244000001C400000C0FCFB
:10C8C000180101100000E03F0000F03F33040000B9
:10C8D0004846616801F012F8051E00D11CE12100F4
:10C8E00022690C31023292000C30F6F721FB012252
:10C8F0002900484601F0A2FA804627E521003200CF
:10C90000484601F033FA5A4601000400484601F057
:10C9100057F907005946484601F018F80C9BBB46EA
:10C920009B1B0C9301D1FFF7EAFBFFF7E2FB169884
:10C930001799F5F7E0FD0D9B0E900F9103991A00E2
:10C940008C4662440E700B923E00012B1BD00022DD
:10C95000744B20002900F5F7CEFD0D000400F5F71B
:10C9600059FE0700F5F73EFE0B00020029002000EB
:10C97000F5F791FD30370B9B3770013604000D0041
:10C98000B342E4D11F000E980F990022664BF5F7D1
:10C990008BFD22002B00F5F7F9FD002800D0FAE608
:10C9A0000E9A0F9B00206049F5F775FD22002B00C1
:10C9B000F5F702FE002814D11D9B002B01DAFFF7CA
:10C9C00079FB0A9B0E2B01DDFFF774FB1B9A0A9B78
:10C9D0009446DB0063445C681B6804930594FFF78E
:10C9E00008FB3E00013F3B78302BFAD01A9B013305
:10C9F0000993FFF71BFC36231C9A9B1AE7E6D046E7
:10CA00000A9B5F460133A246B34644460993FFF7AB
:10CA1000E2FB0223069E079F0D93FFF7FFF9012219
:10CA200094463123E044C7E6534652465D1C392301
:10CA300013700A9BA24601334446039A0993FFF7F9
:10CA4000DBFB00230024069344E54546D046BA4666
:10CA50005F46B346392FE7D0002D00DDF4E4F5E45E
:10CA6000D046BA465F46B346F0E40D98F5F7BAFDF6
:10CA700032003B00F5F73FFD00222C4BF5F714FD8B
:10CA80002B4A0B0094466344129013911393FFF7C3
:10CA9000ECF9129B5F469B461A9B3E0001330993BB
:10CAA000FFF7C4FB169B9A46189B9846129B9B4621
:10CAB000FFF7FAF9289B022B05DC0A9B0993119BCF
:10CAC0000893FFF760FB119B0A960893F0E4119B13
:10CAD0000893289B022B00DDEAE42AE40223129E3D
:10CAE000139F0D93FFF79AF9124B0393FFF78EF8FC
:10CAF000089BD046BA465F46B346002B00DD94E45F
:10CB0000A4E400230B93FFF72CF9B02100220A4B79
:10CB10000A48FF31F7F74EFE0022074B0748084945
:10CB2000F7F748FE000024400000E03F00001C40F2
:10CB30000000C0FCB0F80010C0F80010D4F80010DD
:10CB4000EF020000314B70B5050018680C0000289A
:10CB500002D0426B002A4FD00C22A35E1A071DD5CB
:10CB60002269002A24D0D90708D50021A160616973
:10CB700000204942A161002A08D070BD0021980719
:10CB800000D461690020A160002AF6D11A06F4D50C
:10CB900040221343A38101204042EEE7DA062ED55E
:10CBA0005A0714D4226908210B43A381002ADAD141
:10CBB000A02180208900800019408142D3D021002B
:10CBC000280001F08DFC0C22A35E2269CBE7216BCB
:10CBD00000290AD022004032914204D0280000F0FF
:10CBE00071F80C22A35E00222263242293430022C8
:10CBF000626022692260D6E700F0FAFCACE7092205
:10CC00002A6040221343A381C5E7C046901100204B
:10CC1000F0B5C646060000B508200D0000F024FA65
:10CC20000400300000F0E2FB234B210098469B6893
:10CC30005F6803239F4338001138401B0019F5F744
:10CC4000EFF9451E6543AC4208DC0021300000F0DE
:10CC500033FD43469B68DB19984206D0300000F054
:10CC6000C7FB002080BCB846F0BD3000694200F030
:10CC700023FD01300ED0012243467F1B9B681743E2
:10CC80000E4A5F60136830005B1B136000F0B0FB5E
:10CC90000120E7E70021300000F00EFD43469A68CE
:10CCA000831A0F2BDADD064C04492468001B086048
:10CCB00001210B435360D1E7C0120020A81C0020C3
:10CCC000B8120020F8B5CE46474605000C0080B5E6
:10CCD000002957D000F08AFB012321009C46083927
:10CCE00048686246030003249343CF187A68654E70
:10CCF000A243B468BC4200D170E0BC18A1466446AF
:10CD00007A60044221D10868091A1B188868804695
:10CD1000484640682040340008348146A04551D040
:10CD20004046CC68C460A0604846002811D19B18DA
:10CD30005548BA68824200D17FE0F868D0608260CE
:10CD400001221A434A60CB5007E04846406820421F
:10CD5000EDD062461A434A603B60802292009342C3
:10CD600014D2DA08580901238340706803437360C2
:10CD7000D3009B199A68CB608A609960D1602800C3
:10CD800000F036FBC0BCB946B046F8BD5C0A042CC6
:10CD90003DD89C09200039343830E4003419226829
:10CDA000083C0327944203D140E09268944203D0A8
:10CDB0005068B8439842F8D8D468CC608A60A160C3
:10CDC000D160DCE7002858D1B868D218FB68C3608E
:10CDD0009860634613434B608A50D0E79A186346C5
:10CDE000034206D10B68C91A8868D218CB68C360A1
:10CDF0009860012313434B60244BB1601B6893423E
:10CE0000BDD8234B28001968FFF702FFB7E7142CA1
:10CE100007D9542C1AD81C0B20006F346E30E40054
:10CE2000BCE720005C345B30E400B7E701238010EE
:10CE30008340706803437360BFE7D1609160CA604C
:10CE40008A6001221A434A60CB5098E7AA22520016
:10CE5000944205D8DC0B200078347730E4009DE75D
:10CE60000C4A944205D89C0C20007D347C30E400B0
:10CE700094E7FE247E20A40090E762461A434A60AD
:10CE80003B607CE7C0120020C8120020BC120020CA
:10CE9000A41C00205405000010B50A22002100F057
:10CEA000C3F810BD10B50A23002200F0ADF810BD84
:10CEB000F0B557464E464546DE46E0B582460F0081
:10CEC00090461E00994683B0242B43D8012B41D0B5
:10CED0000B0008204A4D1A0014780133295D0842DE
:10CEE000F9D11D002D2C00D176E02B2C3ED0454BE6
:10CEF0009B4600230193002E53D1302C00D173E0C8
:10CF00000A2399460A3649465846F5F789F82B0010
:10CF10008C463D000200270000214C460020E146DF
:10CF2000AC463D00303D092D07D9113D192D03D9DF
:10CF30003D00613D192D20D80A35AE421DDD4F1C44
:10CF400005D082422AD327D00121604328181F78B8
:10CF50000133E6E7FEF730FA16230360002003B042
:10CF6000F0BCBB46B246A946A046F0BD1C78254B96
:10CF7000951C9B4600230193BDE767464A1C21D0C0
:10CF8000019A002A00D040424246002AE7D00029F8
:10CF900033D143461F60E2E7A945D5DA0121494272
:10CFA000D5E7102EAFD110239946302CABD12022DB
:10CFB0002B789343582BA6D110236C7899461026D2
:10CFC0000235A0E7222251460A6042465846002A0E
:10CFD000C5D058465F1EDCE71C7880231B069B46A5
:10CFE0000123951C019386E720222B789343582B2D
:10CFF000E2D008230826994685E78346E9E7C0463C
:10D00000B5FF0010FFFFFF7F10B5FFF751FF10BD08
:10D0100010B504001300034A10680A002100FFF74E
:10D0200047FF10BD9011002010B504001300034A03
:10D0300010680A002100FFF73BFF10BD901100208F
:10D0400010B5034B01001868FEF71CFA10BDC0466E
:10D050009011002010B5034B01001868FFF732FE55
:10D0600010BDC04690110020802310B55B01082838
:10D0700001D1180010BDFEF79FF916230360173B7E
:10D08000F7E7C04610B50A22002100F01BFC10BDD6
:10D0900010B50A23002200F005FC10BDF0B557467C
:10D0A0004E46DE464546E0B50C000600170083B04C
:10D0B000002900D1ACE000F099F908235B429946C1
:10D0C000A1444B465B68032219003D0091430B3598
:10D0D000CA468846162D67D81025AF4267D8A8459E
:10D0E0006EDA4946C04841444A68009080689346D9
:10D0F000884200D1A0E0012084461000624690439F
:10D1000008184068104200D077E05A460320824356
:10D110009346C3445D454EDD6046184212D14B46EE
:10D1200048461B68C31A03209B465B688343D2189A
:10D1300042440092954200DCCCE0434400939D427F
:10D1400000DCCBE039003000FEF79CF9071E00D16F
:10D150001EE14B4601225B68934302004B44083AB0
:10D16000934200D1E3E04246043A242A00D9E3E0A6
:10D1700003002100132A09D9236803606368436010
:10D180001B2A00D9DCE00300083108330A681A6062
:10D190004A685A608A689A6030002100FFF792FD61
:10D1A000300000F025F920E00432954395D50C239A
:10D1B0000027336019E0D846CB688A68D3609A604C
:10D1C00043465F1B5346012250465B684044134070
:10D1D0000F2F22D841460B4351464B6043681343FF
:10D1E0004360300000F004F92700380003B0F0BCC1
:10D1F000BB46B246A946A046F0BD1A42A2D14B4654
:10D200004A461B68D31A03229B465B68934394E704
:10D210001100FEF737F90700E7E751462B4349199C
:10D22000554617436B604F604368083113434360B2
:10D230003000FFF747FDD4E703218A4394462900D5
:10D24000C44410318C4500DB84E0DB0700D579E76E
:10D250004B4648461B68C31A03209B465B688343C2
:10D26000D21842440192914200DD66E75B465A467D
:10D27000DB6892685F46D3609A604246043A08379A
:10D28000242A00D999E03B00132A0AD95946236879
:10D290008B606368CB601B2A00D993E05B4608343F
:10D2A000103322681A6062685A60A2689A605B460E
:10D2B00001225919009B30009960019B5B1B1343AD
:10D2C0004B605B465B6813405A462B43536000F04B
:10D2D0008FF88AE7CB688A68D3609A605B465A46C3
:10D2E000DB6892685F46D3609A604246043A08372A
:10D2F000242A17D83B00132A09D9594623688B6082
:10D300006368CB601B2A39D85B4608341033226827
:10D310001A6062685A60A2689A60009B3C00984656
:10D32000DA464DE72100380001F098F9F5E70322CD
:10D330005B689343984443E7210001F08FF92BE7A2
:10D34000A3688360E368C360242A26D003001031F9
:10D3500010331BE74B465919009B01229960634625
:10D360005B1B13434B604B465B68300013404A46DF
:10D370002B43536000F03CF8270036E7A3680B61AD
:10D38000E3684B61242A10D05B4610341833BEE7A3
:10D39000300000F02DF8002727E7236918310361DA
:10D3A0000300626918334261F0E623698B615B46D2
:10D3B00062692033CA611834A9E72100380001F0FE
:10D3C0004DF974E7A3680B61E3684B61242A03D02D
:10D3D0005B461034183364E723698B615B466269EE
:10D3E0002033CA6118345CE7C01200207047C04681
:10D3F0007047C0460020704710B5034A03490448EF
:10D4000001F042F810BDC046C81600200DE700101C
:10D410009811002041680B4B10B50400994201D0CF
:10D4200001F074F9A168084B994202D0200001F084
:10D430006DF9E168054B994202D0200001F066F9D0
:10D4400010BDC046DC1C0020441D0020AC1D002087
:10D4500000207047F8B5CE464746344C344B354A29
:10D460002000002580B51A600423082200215C30CA
:10D4700025606560A560656625616561A561E360FD
:10D48000F5F750FD2C4B2000994623622B4B2C4F77
:10D4900098466362CC23E5502A4B2B4E636780236A
:10D4A00008220021C430E550A762E662A566E56661
:10D4B0002567A567E567E461F5F734FD220084235D
:10D4C0006832E2504A460433E250424620000433B8
:10D4D000E2500433E7500433E6503C33E550043364
:10D4E000E5500433E550194A5C33E550583BE250AF
:10D4F0000433E5502D300433E55008220433002175
:10D50000FF30E550F5F70EFD2200EC23D032E2505B
:10D510004A460433E25042460433E2500433E750B3
:10D520000433E650C0BCB946B046F8BDDC1C002050
:10D53000D81C0020F9D30010DDE7001009E8001026
:10D5400049E800100900010079E80010120002000B
:10D55000F8B5244B07001B68002B3BD0224E7368A4
:10D56000B468013B03D51BE06834013B18D30C229F
:10D57000A55E002DF8D120001C4B08220021E3609D
:10D5800065662560A560656025616561A5615C30A3
:10D59000F5F7C8FC256365636564A5642000F8BDE4
:10D5A0003568002D01D02E00D9E7D621380049007A
:10D5B000FDF768FF041E10D00423D022056025006B
:10D5C00043600C300021A0605200F5F7ABFC3460E2
:10D5D0002E00C4E7FFF73EFFC0E70C2330603B603E
:10D5E000DCE7C046D81C0020C81600200100FFFF61
:10D5F000436B10B5002B00D010BD044B4363044BAC
:10D600001B68002BF8D1FFF725FFF5E715D40010B4
:10D61000D81C00207047C0467047C04610B5002097
:10D62000024A034900F030FF10BDC046C816002072
:10D63000F5D3001010B50020024A034900F024FF82
:10D6400010BDC046C816002051D4001010B501000E
:10D6500000230022002001F015F910BD10B583074A
:10D660000AD00300032102E001330B4205D01A78EF
:10D67000002AF9D1181A10BD030019680C4A0D4C84
:10D680008A188A4322420FD15968094A04338A18FA
:10D690008A43224208D15968054A04338A188A43CA
:10D6A0002242F1D000E001331A78002AFBD1E1E7F1
:10D6B000FFFEFEFE80808080002370B5064C0500D2
:10D6C00008002360F7F722F8431C00D070BD2368E0
:10D6D000002BFBD02B60F9E7141E002070B5074C1F
:10D6E000074D641BA41005D0013CA300EB589847DC
:10D6F000002CF9D101F00AFB70BDC04648EE0010C5
:10D7000048EE0010F0B5DE464E4645465746E0B5B9
:10D7100089B00D00059193461E00082107905F48CF
:10D720002B001C780135025D1142F9D12D2C00D15E
:10D7300084E02B2C4BD001235B420393584B049382
:10D7400000230693002E08D1302C00D180E00A235C
:10D750009A4600230A36994605E0102E00D182E051
:10D76000F317B246994652464B4603980499F4F78C
:10D7700095FC23000F008046029200200022002129
:10D7800013E0B94201D140451ED8804543D05246EE
:10D790004B46F5F771FAE31700940193009B019C47
:10D7A0000122C01861412B7801351C00303C092C46
:10D7B00004D9113C192C0DD8373B1C00A64211DDB1
:10D7C000531CF0D0B942DCD901225242EBE72C784D
:10D7D0009D1CB0E71C00613C192C03D8573B1C0072
:10D7E000A642EDDC531C1ED0069B002B04D0030088
:10D7F0000C0000215842A1415B46002B04D0002AB6
:10D8000048D15B46059A1A6009B0F0BCBB46B246E7
:10D81000A946A046F0BD8F42B9D1029BA342B6DA19
:10D8200001225242BFE72223079A13605B46002B76
:10D830002DD06B1E039804990593E2E72C789D1C6C
:10D840000023039380231B0604930123069379E7A7
:10D8500020222B789343582B11D008239A4600237B
:10D86000082699467FE7302C04D010239A460023DF
:10D87000994678E720222B789343582BF5D1102333
:10D880009A4600236C789946102602356BE7039878
:10D890000499B9E703900491CBE7C046B5FF0010A7
:10D8A000FFFFFF7F10B5FFF72DFF10BD10B504007F
:10D8B0001300034A10680A002100FFF723FF10BD80
:10D8C0009011002010B504001300034A10680A00EC
:10D8D0002100FFF717FF10BD9011002010B51400B4
:10D8E00092680023002A05D0220001F041F80022AE
:10D8F0000300A26000221800626010BD436C70B586
:10D9000004000D00002B0AD0AA009B1818680028FC
:10D910000ED002681A6000230361C36070BD21222B
:10D920000421FDF74FFD031E6064EDD10020F5E7F3
:10D930000126AE40721D012120009200FDF742FD3C
:10D940000028F3D045608660E5E7C046002906D090
:10D950004A68436C92009B181A680A601960704705
:10D96000F0B5C6461F008046002300B50E000D69C5
:10D9700014310C6801332004000C5043240C544330
:10D98000C019070CE4190004270C000C2404241807
:10D9900010C19D42EDDC002F08D0B368AB4209DD19
:10D9A0002B1D9B00F31801355F603561300080BC92
:10D9B000B846F0BD716840460131FFF79FFF041E75
:10D9C00017D0310032690C31023292000C30F5F779
:10D9D000AFFA434672685B6C92009B181A6832601B
:10D9E0001E6026002B1D9B00F31801355F6035611A
:10D9F000DCE70022BA21024B0248F6F7DBFEC04604
:10DA0000C0F8001000F90010F8B54746CE460600F1
:10DA1000180080B50C00083009211F009046F4F76B
:10DA2000D7FA092F3BDD012500216D000131A84205
:10DA3000FBDC3000FFF762FF011E32D0089B436120
:10DA4000012303614346092B16DC092398460A3457
:10DA500047450CDD4346E719FF1A23780A223000B8
:10DA6000303BFFF77DFF01340100BC42F5D10800D7
:10DA7000C0BCB946B046F8BD09239946A1444D46FD
:10DA800044442B780A223000303BFFF769FF013510
:10DA90000100A542F5D14446083C4C44D8E700219A
:10DAA000C7E70022024B0348D331F6F783FEC04696
:10DAB000C0F8001000F9001080220300520200207C
:10DAC000934201D21B04103080225204934201D2AF
:10DAD00008301B0280225205934201D204301B0100
:10DAE0008022D205934203D3DB43DB0FC01870477B
:10DAF00099009B0004D403301142F8D12020F6E7AE
:10DB00000230F4E703680200590707D0D9071ED492
:10DB1000990720D55B080360012070470020190495
:10DB200001D11B0C1030FF21194201D108301B0A12
:10DB3000190701D104301B09990701D102309B0854
:10DB4000D90702D401305B0803D01360E5E7002059
:10DB5000E3E72020E1E79B0803600220DDE7C04601
:10DB6000436C70B504000D00002B0AD058680028E3
:10DB700015D002685A600023C36001334561036118
:10DB800070BD21220421FDF71DFC031E6064EDD150
:10DB900046210022084B0948FF31F6F70BFE1C22F4
:10DBA00001212000FDF70EFC0028F1D00123436085
:10DBB00001338360DFE7C046C0F8001000F90010B1
:10DBC000F0B54E4657464546DE46E0B50B69166948
:10DBD0008A469146984685B0B34204DB33008946B5
:10DBE0004646924698464B4659684346F5184B467A
:10DBF0009B68AB4200DA0131FFF780FE071E00D1BF
:10DC0000A9E014239C4684446346AC006444180095
:10DC10000022A34202D204C39C42FCD814234B44EA
:10DC20009B46434651469B0098461431B6008844B3
:10DC30005E44414574D204239A464B4615339E42B6
:10DC400000D380E05B460193434600935346B446BD
:10DC5000A246AB46B9460C00029306E02D0C31D12A
:10DC6000009B04340430A34257D925682B04190CB7
:10DC7000002BF3D0019D5346A04600260C0082469F
:10DC80002F00039308CF01681A04120C62431B0C87
:10DC90000D0463432D0C52199219090C5B18110CD9
:10DCA0005B1812041E0C120C1B04134308C0BC4565
:10DCB000E8D850464446039B9A46029BC6502568C6
:10DCC0002D0CCDD0060000220368A0466046190046
:10DCD0001400B446019F3A88090C6A43121952187D
:10DCE0001B0411041B0C0B43336010CF7168240C10
:10DCF0006C430B041B0CE318120C9B181C0C043611
:10DD0000B842E8D86246844610004446029A043479
:10DD10008350009B0430A342A7D854465D464F462B
:10DD2000002D03DC06E0013D002D03D0043C2368F8
:10DD3000002BF8D038003D6105B0F0BCBB46B246C0
:10DD4000A946A046F0BD4B46F31A153B9B0801338C
:10DD50009B009A4676E7B1210022024B0248490017
:10DD6000F6F728FDC0F8001000F90010F8B50323FD
:10DD700047461400CE461A0080B50E000700224028
:10DD8000234234D1A41023D03D6C002D38D0012380
:10DD90009846002399464346234208D1641017D081
:10DDA0002868002819D0050043462342F6D02A00EF
:10DDB00031003800FFF704FF002E06D072687B6C3C
:10DDC00092009B181A6832601E6006006410E7D14A
:10DDD0003000C0BCB946B046F8BD2A002900380062
:10DDE000FFF7EEFE4B46286005000360DCE70F4BB3
:10DDF000013A9200D2580023FFF7B2FD0600C1E7B6
:10DE000001213800FFF77AFD051E07D0084B43615A
:10DE100001230361002338640360B8E74621002230
:10DE2000044B0548FF31F6F7C5FCC046B8000110A9
:10DE300071020000C0F8001000F90010F0B545466E
:10DE4000DE4657464E46E0B50D002B695411984604
:10DE5000A04443465E1CAB6883461700496883B004
:10DE60009E4203DD01315B009E42FBDC5846FFF71A
:10DE700045FD8446002853D0010014310B00019168
:10DE8000002C0CDDA400220000201432624401C3E7
:10DE90009342FCD1019B9946A1444B4601931F221A
:10DEA0002B0011002C691433A40039408A461C1938
:10DEB0003A422FD00132521A91460027019851461A
:10DEC0001A688A403A4304C04A4680CBD7409C42F5
:10DED000F5D82A0015320423944204D3631B153B62
:10DEE0009B0801339B00019AD750002F00D1464672
:10DEF00063461E615B4660466A685B6C92009B18D5
:10DF00001A682A601D6003B0F0BCBB46B246A94641
:10DF1000A046F0BD019904CB04C19C42FBD8E6E7C2
:10DF2000EF210022024B03484900F6F743FCC046AC
:10DF3000C0F8001000F9001002690B6930B5050047
:10DF4000D01A9A4214D19B0014351431EA18CB1818
:10DF500001E095420CD2043A043B146819688C42E3
:10DF6000F7D000238C425B4102205B42184001380D
:10DF700030BDC046F0B5454690465746DE464E4653
:10DF80004346E0B50A691B690F0083B0D11A9A4273
:10DF900000D098E03D0042469900143514326B18C9
:10DFA000521802E09D4200D395E0043B043A1C68FD
:10DFB00011688C42F6D001258C4203D343460025DC
:10DFC000B8461F0043465968FFF798FC844600286E
:10DFD00000D194E014224244914614224346390071
:10DFE000624492460022C56038691B691431800082
:10DFF0004D4608189C004C44BB4614260700994621
:10E0000010000A0000950194434602CA9D590B0472
:10E010002C041B0C240CE41A63462418090C2D0C48
:10E020006D1A2114691824040814240C09040C43E3
:10E030009C5104369742E7D8020038005F460099A9
:10E040004B46894639000026153188427641C01B6F
:10E0500015388008250083460427019CF1B2002E64
:10E0600036D14846C0195744B8463E009946070085
:10E0700084423BD9130020CF2904090C89180914C4
:10E080002A0CED1889182D040A142D0C09040D43CF
:10E0900020C6BC42EED8013C221A920892004244AB
:10E0A0004B461600002D04D1043E3268013B002A85
:10E0B000FAD062461361604603B0F0BCBB46B2467C
:10E0C000A946A046F0BD0125002900DB76E779E7E7
:10E0D000471CBF00C5E70021FFF710FC844600285D
:10E0E00013D00123036100234361E4E700260029E4
:10E0F00001D15644D6E75A4696005644D2E700224C
:10E10000054B06480649F6F755FB0022024B03482B
:10E110000449F6F74FFBC046C0F8001000F90010A4
:10E1200045020000370200000D4A0E4B94460B409A
:10E1300063440022002B02DD1900100070475B428F
:10E140001915132903DC80231B030B41F4E7143951
:10E1500001221E2902DC80221206CA400023EBE7BE
:10E160000000C0FC0000F07FF8B506004746CE4630
:10E1700004691436A4003419231F1D6880B52800D3
:10E180000F009846FFF798FC2022111A030039600F
:10E190000A282EDD07000B3F464519D208235B42B3
:10E1A0009C46A44463461B68002F1AD01900D21B5A
:10E1B000D140BD409146194A0D432A431100BB404E
:10E1C000664511D24A460C3C2468D44023430BE0F8
:10E1D0000B2805D0BD40114B2B431900002303E051
:10E1E00000230E4A2A4311001800C0BCB946B046AD
:10E1F000F8BD2F00153A121AD7409146074A3A4304
:10E2000011000027464503D24A46083C2768D740FC
:10E2100015339D402B003B43E6E7C0460000F03F2E
:10E22000F0B5012183B014001D00FFF767FB061E47
:10E230004AD02B036F001B0B7F0D02D080225203AC
:10E2400013430193002C16D101A8FFF75BFC0124B6
:10E25000019B203073613461002F24D01D4B352485
:10E260009C46089B67443F181F60241A3000099B96
:10E270001C6003B0F0BD68460094FFF743FC019CAE
:10E2800000281FD0202322001B1A9A40C4401300EC
:10E29000009A019413437361B461631E9C4101347D
:10E2A0003461002FDAD10C4B9C46089B6044186007
:10E2B0000A4BE3189B00F3185869FFF7FDFB640154
:10E2C000241AD3E7009BE6E70022054B05480649E0
:10E2D000F6F770FACDFBFFFFCEFBFFFFFFFFFF3F1E
:10E2E000C0F8001000F900100F030000F0B5CE4692
:10E2F000474680B585B0884602A98146FFF734FFBE
:10E3000004000D00404603A9FFF72EFF02000B009A
:10E31000404649460069096900920193091A49017A
:10E32000884602980399401A0100414400290BDDF8
:10E3300009054F193D0020002900F4F7BEF805B08B
:10E34000C0BCB946B046F0BD09055B1A0193009AFE
:10E35000019BF0E710B50400172809DD00200749EC
:10E360000022074B013CF4F7C6F8002CF8D110BD91
:10E37000044BC4001B1918685968F8E70000F03F07
:10E3800000002440180101101300013970B54C1130
:10E390001169013414338900A400591804198B42FF
:10E3A0000AD2050040CB40C59942FBD88B1A153BD9
:10E3B0009B0801339B00C018844203D9002308C086
:10E3C0008442FCD870BDC04610B504000269143404
:10E3D000481182420ADA9200A31803E0043B1A684B
:10E3E000002A14D1A342F9D8002010BD8300E318FD
:10E3F0008242F7DD1F22100008400A42F2D019685D
:10E400000A00C240824001209142EED1EAE7012099
:10E41000EBE7C04670B5CCB283070DD0531E002A7F
:10E420000FD0032504E00130284206D0013B08D379
:10E430000278A242F7D170BD1300032B03D8002B42
:10E4400014D10020F7E7FF220A401502AD182A0474
:10E450000B4EAD1803E0043B0430032BEFD90268E8
:10E4600008496A40511891433142F4D0C31802E080
:10E4700001309842E5D00278A242F9D1DBE7C046EC
:10E4800080808080FFFEFEFEF8B54746CE46884677
:10E4900080B58146170000267D68BC68013D0DD41B
:10E4A000A389012B07D90E22A35E013303D02100DB
:10E4B0004846C04706436834013DF1D23F68002F0B
:10E4C000EAD13000C0BCB946B046F8BDF030704764
:10E4D00000487047C417002000487047C417002048
:10E4E000F0B5C64600B50C228B5E05000C0096B058
:10E4F0009A0709D523004333236023610123636115
:10E5000016B080BCB846F0BD0E22895E002928DB1B
:10E510006A4600F007FA002821DBF023019F1B0266
:10E520001F40264B80269C4667447B425F418023E8
:10E53000DB009846360141462800FCF7A3FF00287F
:10E540001BD08022A3892060134342461BB2A381C3
:10E5500020616261002F1FD13343A381D0E70C22D9
:10E56000A35E00271B0612D540239846280041468B
:10E570000026FCF787FF0028E3D10C22A35E9A0552
:10E58000BED40322934302221343A381B2E7802324
:10E59000DB0098460026CEE728000E23E15E00F05F
:10E5A000D5F9002802D10C22A35ED5E70322A38966
:10E5B0009343012213431BB2CEE7C04600E0FFFFA6
:10E5C00070B50C001E000E23C95E150096B0002920
:10E5D00015DB6A4600F0A6F9002810DBF02301994C
:10E5E0001B0219400B4B80209C4661444B42594111
:10E5F00080230001DB0031602B6016B070BDA38961
:10E6000000211B0602D540230020F4E780230020D0
:10E61000DB00F0E700E0FFFF30B583B0069D034C60
:10E620000095E4256459A04703B030BDD4160020FE
:10E6300082B000290AD0002A0BD0002B0BD013780F
:10E640000B601078431E984102B0704701A9002A60
:10E65000F3D10020F8E702204042F5E7F0B5884208
:10E660000AD98B18984207D2531E002A03D0CA5CDD
:10E67000C254013BFBD2F0BD05000F2A0AD8561E3A
:10E68000002AF8D00023CC5C1A00EC5401339642E7
:10E69000F9D1F0E703273E000D430C0003002E40A4
:10E6A0002F422DD11500103D2D09AC462F013F18EA
:10E6B00025681D6065685D60A5689D60E56810342B
:10E6C000DD601D001033BD42F2D165460F230C24DE
:10E6D00001352D01491913404519144213D0043B4B
:10E6E0009B0801339B008C59AC5104369E42FAD1F1
:10E6F00003231A40AD198919561E002AC2D1BAE760
:10E700000500561EBEE71A00B9E7C04670B5060000
:10E710000C1E08D0002802D0436B002B3BD00C22EB
:10E72000A35E002B02D10025280070BD210030001F
:10E73000FCF71AFDE36A0500002B04D03000E16904
:10E74000984700281DDBA3891B061FD4216B0029D5
:10E7500008D023004033994202D03000FEF7B2FACD
:10E7600000232363616C002904D03000FEF7AAFA6D
:10E7700000236364FEF74EFF0023A381FEF74CFFE6
:10E78000D2E70125A3896D421B06DFD53000216940
:10E79000FEF798FADAE7FEF72BFFC0E710B5034B58
:10E7A00001001868FFF7B2FF10BDC04690110020AD
:10E7B00070B5E025014C6459A04770BDD416002007
:10E7C000002909D0FF2A02D801200A7070478A2345
:10E7D000036001204042F9E70020F7E770B50C0024
:10E7E0000E25495F00F05EFA002803DB236D1B183D
:10E7F000236570BDA389024A1340A381F9E7C0468F
:10E80000FFEFFFFF00207047F8B50C001F000C233E
:10E81000C95E05001600CB050AD40A4B3200194028
:10E820002800A1810E23E15E3B0000F067F8F8BDEF
:10E830000E23E15E0022022300F048FA0C23E15E81
:10E84000EBE7C046FFEFFFFF70B50C000E25495FF8
:10E8500000F03CFA431C07D08023A2895B011343DC
:10E860001BB22065A38170BDA389024A13401BB26D
:10E87000F8E7C046FFEFFFFF10B50E23C95E00F0BA
:10E88000FFF910BDF0B5C6461A4C00B52568002D3D
:10E890002AD06C681F2C2ADC002808D10020631CB9
:10E8A0000234A4006B60615180BCB846F0BD88277B
:10E8B000A600AE19F2510137FF37BC460122AC4425
:10E8C0006746A2403F689046174362461760842718
:10E8D0007F00F3510228E1D1280042468D30FF30FD
:10E8E000036813430360D9E7034D2560D1E7012096
:10E8F0004042D9E7A81F0020181E002070B5040070
:10E90000080011001A000023054D2B60F5F72AFFBF
:10E91000431C00D070BD2B68002BFBD02360F9E7AF
:10E92000141E0020002370B5074D040008001100DC
:10E930002B60F5F731FF431C00D070BD2B68002B16
:10E94000FBD02360F9E7C046141E0020002370B5F9
:10E95000064C050008002360F5F722FF431C00D099
:10E9600070BD2368002BFBD02B60F9E7141E00203C
:10E97000F0B54E46DE4657464546E0B5936883B04F
:10E980000C0091460090002B5FD00C23CA5E130749
:10E9900063D50B69002B60D04B461F68930723D5C6
:10E9A000636A00269A46B34B00259846E169002D1C
:10E9B00016D02B00454500D9AE4B32000098D04709
:10E9C000002859DD4B464A469B6836181B1A2D1AFB
:10E9D0009360002B39D0636AE1699A46002DE8D133
:10E9E0003E687D680837E2E7D30762D50023B84662
:10E9F00000209A4600261F00002E45D000284CD04B
:10EA00003B00B3469E4200D99B4620682269A56818
:10EA10006369904203D9ED18AB4500DDFEE05B452C
:10EA200000DDEEE0656A5246E1690098A847051EE0
:10EA300022DD01207F1B19D04B464A469B68AA4421
:10EA40005B1B761B9360002BD6D1002003B0F0BC7B
:10EA5000BB46B246A946A046F0BD21000098FEF78D
:10EA600071F800280DD10C23E25E95E72100009893
:10EA7000FCF71EFC0028DFD00C22A35E40221343CB
:10EA8000A38101204042E1E70822434694465E68A4
:10EA9000E044002EF8D01B689A4632000A21504606
:10EAA000FFF7B8FC002800D1DBE053460130C71A5D
:10EAB000A6E7002380219A4689008B465646554694
:10EAC0002068A36884469846002D5CD059460A42C7
:10EAD0005DD09A46AB4200D990E09023DB001A4209
:10EAE00032D02169431A6069019343001B18D80F83
:10EAF000C3185810019B824601335B19834201D928
:10EB00009A461800520500D497E001000098FCF7DF
:10EB1000B9FC8046031E00D1A6E0019A2169F4F7F2
:10EB200007FAA389544A134080221343A381434622
:10EB30002361019B1A004244944622605246A84633
:10EB4000AA46D31A6261A360524631006046FFF7BD
:10EB500085FD4246A8460025A36820689B1A5044BC
:10EB6000A36020604B4642469B6846449B1A4A4637
:10EB7000936000D169E70C23E25E2068A3688446B5
:10EB80009846002DA2D13E687D6808379AE7226931
:10EB900082421BD362699046AA4217D8802328007C
:10EBA0001B069D4200D335484146F3F711FA434610
:10EBB000626A43439046E16932000098C0470028EA
:10EBC00000DC59E780464346ED1ACBE79846AB4256
:10EBD00000D9A84642463100FFF740FD4246A368EF
:10EBE00020689B1A4044A3602060002BEBD12100D9
:10EBF0000098FCF75DFB0028E5D03DE7A846AA4653
:10EC0000A2E75A465146FFF729FD5A46A3685D46DA
:10EC10009B1AA36023685B4423600AE751462A00DD
:10EC2000FFF71CFD236821005B1900982360FCF7A7
:10EC30003FFB002800D1FCE61EE702000098FEF72B
:10EC40002DFA8046002800D071E7009D2169280038
:10EC5000FEF738F88022A3899343743A1BB22A60E6
:10EC60000CE7731C1F00CCE6009A0C3313600C22D7
:10EC7000A35E03E700FCFF7F7FFBFFFFFFFFFF7F3B
:10EC8000002370B5064C050008002360F5F77CFDF5
:10EC9000431C00D070BD2368002BFBD02B60F9E72C
:10ECA000141E002070B50400080011001A00002393
:10ECB000054D2B60F5F744FD431C00D070BD2B685B
:10ECC000002BFBD02360F9E7141E002070B5040070
:10ECD000080011001A000023054D2B60F5F758FDC0
:10ECE000431C00D070BD2B68002BFBD02360F9E7DC
:10ECF000141E0020034B10B5002B02D00248FEF773
:10ED0000A5FC10BD00000000DDD60010F8B5C0461F
:10ED100001B40248844601BC604700BFED0C0020EE
:10ED200001B40248844601BC604700BFF9030020DB
:10ED300001B40248844601BC604700BF1D030020A7
:10ED400001B40248844601BC604700BF0D1000209A
:10ED500001B40248844601BC604700BF290100207D
:10ED600001B40248844601BC604700BF0D1000207A
:10ED700001B40248844601BC604700BFB1010020D5
:10ED800001B40248844601BC604700BF8D020020E8
:10ED900001B40248844601BC604700BFC50C002096
:10EDA00001B40248844601BC604700BFF101002065
:10EDB00001B40248844601BC604700BF7D0D0020BD
:10EDC00001B40248844601BC604700BFC90400206A
:10EDD00001B40248844601BC604700BF2D0D0020ED
:10EDE00001B40248844601BC604700BF69010020AD
:10EDF00001B40248844601BC604700BFC100002046
:10EE0000B11D0010DD1D0010C11F0010152F0010D6
:10EE100075260010A52D0010E91E0010F91D001028
:10EE2000191E00102D1E00102D100010351E001090
:10EE3000F5130010791D00106D0A0010F5EC00109C
:08EE400049540010FD0200100E
:10EE48006C665F7363686564756C65282920636107
:10EE58006C6C65642061667465722073746F7020D1
:10EE68007461672E000000007363686564756C65E3
:10EE78002063616C6C656420776974682061206E1A
:10EE8800656761746976652065787472615F646529
:10EE98006C617920256C6C642E205265706C6163FE
:10EEA800696E672077697468207A65726F2E000032
:10EEB8004C45442053746174653A2025620A000069
:10EEC8003F000000746F6F6C737072696E74736FBB
:10EED8006C7574696F6E5F6D61696E00546F6F6CED
:10EEE800735072696E74536F6C7574696F6E00003D
:10EEF8000A2A2A2A2050414E4943202A2A2A0A004F
:10EF08004E6F207370696E6C6F636B7320617265EE
:10EF180020617661696C61626C6500004E6F2075D6
:10EF28007365722049525173206172652061766160
:10EF3800696C61626C650000486172647761726532
:10EF480020616C61726D20256420616C726561645A
:10EF58007920636C61696D656400000048617264C2
:10EF680020617373657274004F7574206F66206D2D
:10EF7800656D6F727900000052656C65617365009C
:10EF8800626F6F74325F773235713038300000004D
:10EF9800322E322E30000000706F6C6F6C755F334C
:10EFA80070695F323034305F726F626F74000000D6
:10EFB800446563203138203230323500666E692B63
:10EFC80000000000666E69006E616E00666E692D55
:10EFD800000000002C2066756E6374696F6E3A201D
:10EFE80000000000617373657274696F6E202225DA
:10EFF8007322206661696C65643A2066696C6520D5
:10F00800222573222C206C696E65202564257325C2
:10F01800730A00005541525420737464696E0000ED
:10F0280055415254207374646F757400554152549D
:10F0380020737464696E202F207374646F75740074
:10F0480055534220737464696E202F207374646F63
:10F05800757400005261737062657272792050692C
:10F06800000000005069636F00000000426F617289
:10F078006420434443000000526573657400000037
:10F08800556E68616E646C65642049525120307811
:10F0980025780A0065702025303258207761732062
:10F0A800616C726561647920617661696C61626C1A
:10F0B8006500000043616E277420636F6E74696E8B
:10F0C80075652078666572206F6E20696E6163745D
:10F0D8006976652065702025303258002D000000C3
:10F0E800256C6C64000000002C2530336C6C6400C7
:10F0F8004F7574206F66206D656D6F727921000001
:10F108005F6C665F616476616E63655F74616728D2
:10F11800293A20417474656D7074656420746F2099
:10F128006D6F76652028656C61707365642920743D
:10F13800616720746F2028256C6C642C2025642955
:10F148002C207768696368206973206561726C692F
:10F158006572207468616E206F7220657175616CCC
:10F1680020746F207468652028656C61707365640D
:10F17800292063757272656E74207461672C20286B
:10F18800256C6C642C202564292E00000A436F6DC1
:10F198006D616E642D6C696E6520617267756D6551
:10F1A8006E74733A200A000020202D662C202D2D25
:10F1B80066617374205B74727565207C2066616C6F
:10F1C80073655D0020202057686574686572207437
:10F1D8006F207761697420666F722070687973692F
:10F1E80063616C2074696D6520746F206D61746350
:10F1F80068206C6F676963616C2074696D652E0A9D
:10F208000000000020202D6F2C202D2D74696D65C5
:10F218006F7574203C6475726174696F6E3E203C32
:10F22800756E6974733E000020202053746F70203F
:10F2380061667465722074686520737065636966B9
:10F2480069656420616D6F756E74206F66206C6FE0
:10F25800676963616C2074696D652C2077686572D5
:10F268006520756E69747320617265206F6E652004
:10F278006F6600002020206E7365632C207573650F
:10F28800632C206D7365632C207365632C206D6976
:10F298006E7574652C20686F75722C206461792CEA
:10F2A800207765656B2C206F722074686520706C00
:10F2B8007572616C73206F662074686F73652E0AAF
:10F2C8000000000020202D6B2C202D2D6B65657013
:10F2D800616C6976650000002020205768657468B5
:10F2E800657220636F6E74696E75652065786563F5
:10F2F8007574696F6E206576656E207768656E2017
:10F30800746865726520617265206E6F2065766528
:10F318006E747320746F2070726F636573732E0A36
:10F328000000000020202D772C202D2D776F726B88
:10F33800657273203C6E3E00202020457865637519
:10F3480074656420696E203C6E3E20746872656145
:10F35800647320696620706F737369626C65202816
:10F368006F7074696F6E616C206665617475726523
:10F37800292E0A0020202D692C202D2D6964203C7F
:10F388006E3E0000202020546865204944206F66A6
:10F39800207468652066656465726174696F6E20A3
:10F3A8007468617420746869732072656163746F2E
:10F3B800722077696C6C206A6F696E2E0A000000F3
:10F3C800436F6D6D616E6420676976656E3A000003
:10F3D800257320002D2D6661737400002D2D666144
:10F3E8007374206E65656473206120626F6F6C654D
:10F3F800616E2E00747275650000000066616C73A2
:10F4080065000000496E76616C69642076616C75F0
:10F418006520666F72202D2D666173743A202573FE
:10F42800000000002D2D74696D656F757400000073
:10F438002D74696D656F7574000000002D2D746959
:10F448006D656F7574206E656564732074696D658C
:10F4580020616E6420756E6974732E00496E766142
:10F468006C69642074696D652076616C75653A20F5
:10F47800257300006D736563000000007573656394
:10F48800000000006E73656300000000686F75720D
:10F49800000000007765656B00000000496E76612A
:10F4A8006C69642074696D6520756E6974733A209F
:10F4B800257300002D2D6B656570616C697665009C
:10F4C8002D2D6B656570616C697665206E65656468
:10F4D80073206120626F6F6C65616E2E0000000002
:10F4E800496E76616C69642076616C756520666F1B
:10F4F80072202D2D6B656570616C6976653A2025E3
:10F50800730000002D2D776F726B65727300000019
:10F518002D2D776F726B657273206E65656473202D
:10F52800616E20696E746567657220617267756DBA
:10F53800656E742E73000000496E76616C696420F4
:10F5480076616C756520666F72202D2D776F726BF2
:10F558006572733A2025732E205573696E672031C2
:10F568002E0000002D2D726F732D617267730000DD
:10F57800556E7265636F676E697A656420636F6D37
:10F588006D616E642D6C696E6520617267756D655D
:10F598006E743A20257300002D2D2D2D20456E7692
:10F5A80020257520776173206E6576657220696EF7
:10F5B800697469616C697A65640000002D2D2D2DD0
:10F5C8002054686572652061726520257A752075FA
:10F5D8006E70726F63657373656420667574757297
:10F5E80065206576656E7473206F6E20746865207B
:10F5F8006576656E742071756575652E000000006E
:10F608002D2D2D2D2054686520666972737420662F
:10F618007574757265206576656E742068617320EF
:10F6280074696D657374616D702028256C6C642C29
:10F638002025642920616674657220737461727470
:10F64800207461672E0000002D2D2D2D20436C6540
:10F658006172656420257A7520756E70726F6365B6
:10F6680073736564206576656E74732066726F6D5A
:10F6780020746865206576656E742071756575659A
:10F688002E0000002D2D2D2D20456C6170736564B2
:10F69800206C6F676963616C2074696D65202869E7
:10F6A8006E206E736563293A2025730A00000000F6
:10F6B8002D2D2D2D20456C6170736564207068793F
:10F6C800736963616C2074696D652028696E206EAA
:10F6D800736563293A2025730A0000004F7574206A
:10F6E8006F66206D656D6F72793A206661696C6529
:10F6F8006420746F207365747570205F6C665F7426
:10F708006F6B656E5F72656379636C696E675F6264
:10F71800696E000050757474696E6720746F6B654C
:10F728006E202570206F6E2074686520726563797D
:10F73800636C696E672062696E2C2062757420693B
:10F748007420697320616C726561647920746865DE
:10F7580072652100546F6B656E206265696E672063
:10F7680066726565642074686174206861732061DD
:10F778006C7265616479206265656E206672656584
:10F78800643A202570000000436F756C64206E6F2A
:10F798007420696E73657274207265616374696F31
:10F7A8006E20696E746F207265616374696F6E5F35
:10F7B800710000004661696C656420746F20726591
:10F7C800676973746572207465726D696E617469B6
:10F7D8006F6E2066756E6374696F6E21000000009D
:10F7E80066696E645F657175616C5F73616D655F95
:10F7F8007072696F7269747928292063616C6C650D
:10F808006420776974682061206E65676174697621
:10F818006520706F7320696E6465782E00000000A3
:10F82800257325730A000000666564657261746556
:10F838005F5F000046656420256420282573293A07
:10F8480020257325730A00004552524F523A200072
:10F858005741524E494E473A200000004641544114
:10F868004C204552524F523A20000000494E460063
:10F87800696E66004E414E003031323334353637CA
:10F8880038394142434445460000000030313233A4
:10F8980034353637383961626364656600000000C4
:10F8A800286E756C6C290000496E66696E697479FA
:10F8B800000000004E614E0042616C6C6F63207363
:10F8C8007563636565646564000000002E2E2F2E45
:10F8D8002E2F2E2E2F2E2E2F2E2E2F2E2E2F6E65C4
:10F8E800776C69622F6C6962632F7374646C6962E8
:10F8F8002F64746F612E63002E2E2F2E2E2F2E2E26
:10F908002F2E2E2F2E2E2F2E2E2F6E65776C69629E
:10F918002F6C6962632F7374646C69622F6D7072E7
:10F9280065632E6300000000504F534958000000E3
:10F93800FFFFFFFFFFFFFF7F06005250D3F0754225
:10F9480080EF001006005250E182887F88EF001097
:10F9580006005250ABB3605398EF001006005250A7
:10F96800BBFF3CB6A0EF001006005250861C0302F5
:10F97800E4EE0010060052505422A29DB8EF001089
:10F9880005005250DE65F4689C190110603B0010B8
:10F99800103B0010103B0010583B0010103B0010AB
:10F9A800103B0010103B0010103B0010103B0010E3
:10F9B800103B0010103B0010503B0010103B001093
:10F9C800483B0010103B0010103B0010403B00105B
:10F9D800143E0010763B00100E3E0010763B0010DF
:10F9E800F83D0010763B0010763B0010763B001087
:10F9F800763B0010763B0010763B0010763B0010FB
:10FA0800683B0010763B0010763B0010763B0010F8
:10FA1800763B0010763B0010683B00109C3E0010BF
:10FA2800CA3A0010CA3A0010CA3A0010CA3A00107E
:10FA3800CA3A0010CA3A0010CA3A0010CA3A00106E
:10FA4800CA3A0010CA3A0010CA3A0010CA3A00105E
:10FA5800CA3A0010CA3A0010CA3A0010CA3A00104E
:10FA6800CA3A0010CA3A0010CA3A0010CA3A00103E
:10FA7800CA3A0010CA3A0010CA3A0010CA3A00102E
:10FA8800CA3A0010CA3A0010CA3A0010CA3A00101E
:10FA9800CA3A0010CA3A0010CA3A0010283E0010AC
:10FAA800683E0010283E0010CA3A0010CA3A0010FA
:10FAB800CA3A0010CA3A0010CA3A0010CA3A0010EE
:10FAC800CA3A0010CA3A0010CA3A0010CA3A0010DE
:10FAD800CA3A0010CA3A0010CA3A0010CA3A0010CE
:10FAE800CA3A0010CA3A00103C400010CA3A001046
:10FAF800CA3A0010CA3A0010CA3A0010CA3A0010AE
:10FB0800CA3A0010CA3A0010CA3A0010CA3A00109D
:10FB18003C400010AE3E00103C400010283E001053
:10FB2800683E0010283E0010000000000000F03F72
:10FB380000000000000024400000000000005940C0
:10FB48000000000000408F40000000000088C34013
:10FB580000000000006AF8400000000080842E4188
:10FB680000000000D01263410000000084D79741D4
:10FB78000000000065CDCD410D0A0000060052507E
:10FB880053B4F4A134F000100800525012000000E1
:10FB9800080052509210000000000000914E001022
:10FBA80000000000954E0010A14E0010CD4E001030
:10FBB800C94E0010000000000A0000000000030603
:10FBC800A6000800020002009C0014000300574928
:10FBD8004E55534200000000000000000000800065
:10FBE80004000100280044006500760069006300F5
:10FBF800650049006E0074006500720066006100CF
:10FC080063006500470055004900440000004E00AD
:10FC18007B0062006300370033003900380063005E
:10FC280031002D0037003300630064002D003400DC
:10FC38006300620037002D00390038006200380088
:10FC48002D00390031003300610038006600630080
:10FC5800610037006200660036007D000000000089
:10FC6800050F2100011C100500DF60DDD88945C79C
:10FC78004C9CD2659D9E648A9F00000306A60001E5
:10FC8800000000000600525053B4F4A148F00010E0
:10FC9800000000005CF000106CF00010342B002015
:10FCA80074F0001080F00010090254000301008075
:10FCB8007D080B0002020200000904000001020294
:10FCC8000004052400200105240100010424020683
:10FCD8000524060001070581030800100904010036
:10FCE800020A000000070502024000000705820220
:10FCF8004000000904020000FF0001051201100283
:10FD0800EF0201408A2E0A000001010203010000EF
:10FD1800B05A0010185C0010685C0010F05B00100E
:10FD2800025C0010E05B0010505B0010FC5A0010F1
:10FD3800F05A0010D25F0010B85F0010885D001004
:10FD4800F25F0010885D0010A05F00108C5F00104B
:10FD5800885D0010785F00107E5E0010885D0010DE
:10FD68005E6200105062001044620010885D00104E
:10FD7800885D00102E62001050620010885D00102F
:10FD8800885D0010885D0010885D0010885D001097
:10FD9800885D0010885D0010E46100104E0E0020A0
:10FDA8004E0E0020980E0020B80E0020FC0E0020F9
:10FDB8000E0F0020440E002000000000F96700101C
:10FDC800696800109D680010E968001091690010CA
:10FDD800796A00100000000000000000796B001034
:10FDE800D56B0010F16B0010196C0010314F00102A
:10FDF800416D001000000000FFFFFFFFFFFFFF7FC5
:10FE0800FFFFFFFF00000000FFFFFFFFFFFFFF7F76
:10FE1800FFFFFFFF00000000FFFFFFFFFFFFFF7F66
:10FE2800FFFFFFFF00000000789F0010309D0010CA
:10FE3800309D0010709F0010309D0010309D001004
:10FE4800309D0010309D0010309D0010309D001036
:10FE5800F29E0010669F0010309D0010089F001051
:10FE6800249F0010309D00105E9F00101E9E001001
:10FE78001E9E00101E9E00101E9E00101E9E00104A
:10FE88001E9E00101E9E00101E9E00101E9E00103A
:10FE9800309D0010309D0010309D0010309D0010E6
:10FEA800309D0010309D0010309D0010309D0010D6
:10FEB800309D0010309D00108CA000106A9E00102C
:10FEC800309D00106A9E0010309D0010309D00107B
:10FED800309D0010309D001060A10010309D001072
:10FEE800309D00103AA10010309D0010309D001088
:10FEF800309D0010309D0010309D0010A89F00100C
:10FF0800309D0010309D00101CA90010309D00107D
:10FF1800309D0010309D0010309D0010309D001065
:10FF2800309D0010309D0010309D0010309D001055
:10FF3800309D00108C9F0010D0A700106A9E001002
:10FF48006A9E00106A9E001010A20010D0A7001030
:10FF5800309D0010309D001002A20010309D00104E
:10FF6800E6A100107CA90010C0A10010B8A10010E3
:10FF7800309D001068A10010309D001066A9001087
:10FF8800309D0010309D001070A900102020202006
:10FF98002020202020202020202020203030303019
:10FFA80030303030303030303030303000202020A9
:10FFB8002020202020202828282828202020202011
:10FFC80020202020202020202020202020881010E1
:10FFD800101010101010101010101010100404043D
:10FFE80004040404040404101010101010104141FB
:08FFF8004141414101010101F9
:020000041001E9
:1000000001010101010101010101010101010101E0
:1000100010101010101042424242424202020202EC
:1000200002020202020202020202020202020202B0
:100030001010101020000000000000000000000060
:1000400000000000000000000000000000000000B0
:1000500000000000000000000000000000000000A0
:100060000000000000000000000000000000000090
:100070000000000000000000000000000000000080
:100080000000000000000000000000000000000070
:100090000000000000000000000000000000000060
:1000A0000000000000000000000000000000000050
:1000B0000000000000000000050000001900000022
:1000C0007D00000000000000BC89D897B2D29C3CA3
:1000D00033A7A8D523F649393DA7F444FD0FA5322F
:1000E0009D978CCF08BA5B25436FAC642806C80A7D
:1000F0000080E03779C34143176E05B5B5B8934624
:10010000F5F93FE9034F384D321D30F94877825AEF
:100110003CBF737FDD4F1575000000000000F03F0D
:1001200000000000000024400000000000005940D2
:100130000000000000408F40000000000088C34025
:1001400000000000006AF8400000000080842E419A
:1001500000000000D01263410000000084D79741E6
:100160000000000065CDCD41000000205FA00242EC
:10017000000000E876483742000000A2941A6D4261
:10018000000040E59C30A2420000901EC4BCD64254
:1001900000003426F56B0C430080E03779C34143FF
:1001A00000A0D8855734764300C84E676DC1AB4375
:1001B000003D9160E458E143408CB5781DAF154493
:1001C00050EFE2D6E41A4B4492D54D06CFF080446E
:1001D000F64AE1C7022DB544B49DD9794378EA4483
:1001E00040F900104CF9001058F9001064F90010A3
:1001F00070F900107CF9001088F9001098FB0010CD
:0C02000090FB001084FB00108CFC001030
:10020C00F8B54746CE4680B51F0000230400904643
:10021C0099460CE02368BFF35F8F4A461A608CF353
:10022C0010884046390000F0BBFF00281AD1266820
:10023C00EFF3108C72B63568002DFCD0BFF35F8FD6
:10024C000423E55E002DE5DD013DA5802368BFF3A9
:10025C005F8F00221A608CF310880120C0BCB94655
:10026C00B046F8BD0020F9E70268EFF3108C72B6C7
:10027C001368002BFCD0BFF35F8F0422835E818058
:10028C008B4208DA0368BFF35F8F00221A608CF38D
:10029C00108840BF70470368BFF35F8F00221A605D
:1002AC008CF31088F6E7C046D02330B500251B062A
:1002BC0000245D5706E00368BFF35F8F1C6081F379
:1002CC00108820BF0268EFF3108172B61368002B00
:1002DC00FCD0BFF35F8F03797F2BECD905710368DA
:1002EC00BFF35F8F00221A6081F3108830BDC046C7
:1002FC0003000068EFF3108C72B60268002AFCD081
:10030C00BFF35F8F04229A56002A04DB002900D029
:10031C000A60002004E0D0220120120612681A7133
:10032C001B68BFF35F8F00221A608CF31088704734
:10033C00F0B5C646150000B504001E000268EFF3C8
:10034C00108172B61368002BFCD0BFF35F8F0423AF
:10035C00E356002B2DDB2268BFF35F8F002010606B
:10036C0081F31088D0221206127852B290469A422B
:10037C0003D1002080BCB846F0BD00270BE02368F9
:10038C00BFF35F8F1F6081F310882800310000F0ED
:10039C0007FF0028EDD12268EFF3108172B61368C5
:1003AC00002BFCD0BFF35F8F23797F2BE7D943461B
:1003BC0002E0D0231B061B6823712368BFF35F8FF9
:1003CC0000221A6081F310880120D3E7F0B5C646ED
:1003DC0000B50D00040000F0BBFEFA2206000F0071
:1003EC00002328000021920000F0D2FE8023361852
:1003FC004F411B069F4202D30126174F7642D02352
:10040C001B061B68002598460BE02368BFF35F8F23
:10041C001D6081F310883000390000F0C1FE002807
:10042C0018D12268EFF3108172B61368002BFCD040
:10043C00BFF35F8F23797F2BE7D943462371236862
:10044C00BFF35F8F00221A6081F31088012080BCFB
:10045C00B846F0BD0020FAE7FFFFFF7F0268EFF31C
:10046C00108172B61368002BFCD0BFF35F8FFF2393
:10047C0003710368BFF35F8F00221A6081F3108849
:10048C0040BF704710B5084C2378002B0AD180234D
:10049C00064807495B051A68C25004338B42FAD1EF
:1004AC000123237010BDC0464A2B00206C25001080
:1004BC000001001010B5014B984710BD6D250020B0
:1004CC00064B5A6802609A684260DA6882601A6960
:1004DC00C2605A6902619B69436170470000024027
:1004EC000268064B5A6042689A608268DA60C26899
:1004FC001A6102695A6142699A61704700000240B0
:10050C00034B1A68C0239B009343024A1360704745
:10051C000C8001400C900140054B1A6880239B0015
:10052C005340C02292001340024A13607047C046E9
:10053C000C8001400C9001401423F0B5D6464F4678
:10054C0046469A46C0B581461888043386B098460C
:10055C000E001B8829491400984753460700188839
:10056C00434627491B88984753460500188843463D
:10057C0024491B8898478046FFF784FF6846FFF79D
:10058C009FFFB847A847FFF7C7FF221E20D0C02106
:10059C0008270220490511E0002C14D0131B0D2B49
:1005AC0024D9002D0AD02300002A05D00B6E013A65
:1005BC003370130001362343002B09D03D008B6AA6
:1005CC001D401842E8D1002DEDD123001343F5D185
:1005DC00FFF796FFC047FFF76DFF6846FFF780FFF8
:1005EC0006B0E0BCBA46B146A846F0BD4B461B78F7
:1005FC00013C0B6601239C46E144E4E749460000BC
:10060C0045580000464300000022154B10B59A6077
:10061C00DA601A615A619A61DA611A625A629A62F4
:10062C00DA621A635A639A63DA631A645A649A64D4
:10063C00DA641A655A659A65DA651A665A669A66B4
:10064C00DA661A675A679A67DA67F0329200002105
:10065C00044800F08DFD044B044A1A6010BDC046DE
:10066C00000010502C270020F42A0020800110508C
:10067C00F0B54E464546DE465746E0B5214B0024C4
:10068C009E6D012585B0002E22D01F4B9A4601236A
:10069C0099461E4B984601E0202C19D02A002300C5
:1006AC0001342F003240E4B26D00002AF4D05246DF
:1006BC0097654A465B085B0022409B185B014344EC
:1006CC0018009B4600F030FC002808D1BE43E3D153
:1006DC0005B0F0BCBB46B246A946A046F0BD5B4691
:1006EC00E0219A78DB8A01A883600023C90001808D
:1006FC0001210271437100F037FC584600F0B0FB49
:10070C00E4E7C0460000115000301150EC260020E8
:10071C009823F0B5C646C64A00B5D55880232E009E
:10072C009B02102484B01E401D4273D0C14BC24C9E
:10073C009A6AC24B00261A603B23E35C022B00D161
:10074C00F4E07B23E35C022B00D10CE1BB23E35CE4
:10075C00022B00D1FBE0FB23E35C022B00D135E143
:10076C003C23FF33E35C022B00D122E17C23FF33DB
:10077C00E35C022B00D10FE1BC23FF33E35C022BC3
:10078C0000D1FCE0FC23FF33E35C022B00D1A6E19B
:10079C00AB4BE35C022B00D196E1AA4BE35C022B42
:1007AC0000D185E1A84BE35C022B00D174E1A74B8F
:1007BC00E35C022B00D163E1A54BE35C022B00D17F
:1007CC002AE1A44BE35C022B00D10BE1A24BE35CCE
:1007DC00022B00D18FE1A14BE35C022B00D1A6E1EF
:1007EC00002E08D19E4B1B78002B04D180219D4AF2
:1007FC0090338902D150C0228D4B01A89B6C920082
:10080C005B055B0D012180260280436000F0ACFB90
:10081C00954CB602EB0600D57CE080235B021D42B2
:10082C0032D01E43012302249846834FBB7E002BFB
:10083C0014D000F095FC012800D96FE0C0220021F3
:10084C003800920100F012FB380000F009FB00F0B8
:10085C0087FC012802D9834B5C661C664346FB70FF
:10086C002037012C01D00124E0E7C02301A8DB00D4
:10087C007E4A038002AB12CA12C3012100F074FB42
:10088C008022784B92021A6580235B011D420ED1A7
:10089C008023DB011D4221D180231B021D422CD160
:1008AC00AE4200D0C0E104B080BCB846F0BD00241C
:1008BC001E435F4B1C60FFF7A7FE80236A465B005C
:1008CC0093801472012101A800F04EFB8022654B2D
:1008DC0012031A658023DB011D42DDD01E438023E9
:1008EC0001A8DB000380012100F03EFB10225D4BD0
:1008FC001A6580231B021D42D2D01E43A02301A8DF
:10090C00DB000380012100F02FFB8022554B1201EC
:10091C001A65C5E7FFF7ACFE26007EE7544B444A48
:10092C001C66536E2340A342FBD187E73833E65C49
:10093C00002E00D105E70233E25C002A00D100E76B
:10094C00200000222030E25400F0B8FAF9E6B83367
:10095C00E75C002F00D1FEE60233E25C002A00D0F7
:10096C0022E13E00F7E67833E75C002F00D1EDE69C
:10097C000233E25C002A00D00EE13E00E6E6B93319
:10098C00FF33E75C002F00D1FCE60233E25C002A67
:10099C0000D0F8E03E00F5E67933FF33E75C002F3A
:1009AC0000D1E9E60233E25C002A00D0E2E03E002E
:1009BC00E2E63933FF33E75C002F00D1D6E6023391
:1009CC00E25C002A00D0CCE03E00CFE6F833E75CD6
:1009DC00002F00D1C4E60233E25C002A00D0B8E05C
:1009EC003E00BDE6234BE75C002F00D1EEE6023360
:1009FC00E25C002A00D010E1174BE35C022B00D123
:100A0C008BE0164BE35C022B00D0F4E61A4BE35C54
:100A1C00002B00D090E0EEE6184BE75C002F00D1E5
:100A2C00CFE60233E25C002A00D0EEE03E00C8E6DE
:100A3C000000115000400540EC260020E02600206C
:100A4C003B0200007B020000BB020000FB02000026
:100A5C003B0300007B030000BB030000FB03000012
:100A6C00482B0020003011501000020000001050E4
:100A7C00002011507A030000FA0300003A03000032
:100A8C006C4BE75C002F00D196E60233E25C002A47
:100A9C0000D0B2E03E008FE6674BE75C002F00D140
:100AAC0085E60233E25C002A00D09EE03E007EE642
:100ABC00624BE75C002F00D174E60233E25C002A43
:100ACC0000D08AE03E006DE65D4BE75C002F00D164
:100ADC0063E60233E25C002A77D13E005DE6F9332F
:100AEC00FF33E75C002F00D152E60233E25C002AB0
:100AFC0062D13E004CE6534BE35C002B00D16AE61E
:100B0C00EF239B00E25C002A00D17AE70022E2543A
:100B1C001C3BE01800F0D2F973E74A4BE35C002B66
:100B2C00EED1494BE35C022B00D064E63E00474B10
:100B3C00E35C002B00D153E6FF239B00E25C002A10
:100B4C0000D158E60022E2541C3BE01800F0B6F944
:100B5C0051E620000022E030E2543E0000F0AEF9F5
:100B6C00FEE5200000222130FF30E2543E0000F070
:100B7C00A5F9FBE5200000226130FF30E2543E0075
:100B8C0000F09CF9F8E520000022A130FF30E2547F
:100B9C003E0000F093F9F5E5200000226030E254AD
:100BAC003E0000F08BF9D1E520000022A030E25489
:100BBC003E0000F083F9CEE520000022E130FF304A
:100BCC00E2543E0000F07AF9E2E50022E2541C3BCC
:100BDC00E01800F073F93E00DFE50022E2541C3B04
:100BEC00E01800F06BF93E00DCE50022E2541C3BFF
:100BFC00E01800F063F93E00D9E50022E2541C3BFA
:100C0C00E01800F05BF93E00D6E50022E2541C3BF4
:100C1C00E01800F053F93E00D3E50022E2541C3BEF
:100C2C00E01800F04BF9E7E631000948694000F0A4
:100C3C00A7FAC046FA020000BA0200007A020000CD
:100C4C003A020000BA030000FB030000FA030000A4
:100C5C0088F00010F0B5D6464F464646C0B50200A7
:100C6C00838A008B8A46041C984200D91C1CD578B8
:100C7C0080262800471EB841A4B2F6002643400344
:100C8C003043012675401B1BD57055789BB293825F
:100C9C00002D37D15146D6688D01611E76198846D4
:100CAC001569002C29D006293AD933002B439B0710
:100CBC0036D16B1CF31A022B32D9231F9B0801333C
:100CCC009C4600270023E9580137F1500433BC45FA
:100CDC00F9D8634641469B00ED18F618CF1A9C4292
:100CEC0009D02B783370002F05D06B787370012FDF
:100CFC0001D0AB78B3701569938A2D1915618022D8
:100D0C0012021043002B02D18023DB0118435346FF
:100D1C00002B00D00004E0BCBA46B146A846F0BD9A
:100D2C000023EF5CF75401339C42FAD11569938A86
:100D3C00E3E7C0468368F0B51B680500002900D0C6
:100D4C001B0C9B05980D6B78002B08D1EB8AC318F4
:100D5C00EB822B8B834201D90023AB82F0BDEB6875
:100D6C008901461EB4462A695C18002827D0062E35
:100D7C002BD901315B18D31A022B26D9130023432C
:100D8C009B0722D100230021061FB6080136E75825
:100D9C000131D75004338E42F9D86346B600A419FA
:100DAC0092199F1BB04209D023781370002F05D0E5
:100DBC0063785370012F01D0A37893702A69EB8A62
:100DCC001218C318EB822A61C3E70023E15CD154EB
:100DDC0001339842FAD12A69F1E7C04610B50400F4
:100DEC00836800211B68FFF7A5FF63681B685B0025
:100DFC0002D5238B834200D010BD01212000FFF7C8
:100E0C0099FFF9E7084A0300126C0020920703D4FB
:100E1C009A78D209012A00D07047D87E0238434212
:100E2C005841C0B2F8E7C0460000115010B5FFF7AA
:100E3C00E9FF00280CD00749074B8C46074A9B6AF0
:100E4C00126863449B1A0020C6229A424041C0B2E9
:100E5C0010BDC046E0FCFFFF00400540E02600202E
:100E6C0000238376436103617047C04610B58368E5
:100E7C00002901D01C682140002A12D08024E400F3
:100E8C00114322420DD01A6822420CD1084A0A4062
:100E9C001A60084A126C920703D40C23033BFDD250
:100EAC008368196010BD8178034800F069F9C04669
:100EBC00FFFBFFFF000011509CF00010436870B561
:100ECC00002180251E680400FFF7C4FE134B6D0142
:100EDC001B6C05439B070FD5A3785B060FD0104BFB
:100EEC001E4080239B053343626800211360200061
:100EFC002A00FFF7BBFF70BDA378DB09EFD0A38AF4
:100F0C00002BECD001212000FFF7A4FEA023054A02
:100F1C00DB05324005431343E6E7C04600001150A1
:100F2C00FFFFFFAFFFFFFFDF70B5857E0400002DD4
:100F3C0014D0FFF753FFA38A002B01D1280070BDFA
:100F4C002000FFF773FF002803D00123002523772F
:100F5C00F4E72000FFF7B2FF0025EFE781780148A6
:100F6C0000F00EF9BCF00010F0B5CE46474680B547
:100F7C00437805000E0085B0062B08D86C4A9B0000
:100F8C00D3589F466B4A13780133DBB213706A4B0C
:100F9C001C686269EFF3108172B61368002BFCD0E9
:100FAC00BFF35F8FA1612000290000F001F9626995
:100FBC00A369BFF35F8F0021116083F310880028B1
:100FCC0004D105B0C0BCB946B046F0BD320069785A
:100FDC00287800F0F5F8F4E70121584B1A788A4389
:100FEC001A701A7801318A431A7000225A701A78D2
:100FFC0002318A431A70CAE75149524F8946524905
:10100C000024002388463A7812E043461B686101AD
:10101C005B18002B06D0DB69002B03D0696828789D
:10102C0098473A780134E4B2511C2300A14217DBF3
:10103C00A242EAD89B1A5B014B44ECE73F4B1A786F
:10104C00D207BED504211A780A431A709FE73B4B8E
:10105C001A78D207B5D504211A788A431A7096E704
:10106C00364F3B785B072BD504223B78002193430A
:10107C003B706B460632981D00F07AF82B7801AC69
:10108C002370052363702C4B1B6898465A69EFF349
:10109C00108172B61368002BFCD0BFF35F8F4346F0
:1010AC0040469961210000F083F843465A699B69D8
:1010BC00BFF35F8F0021116083F31088002831D1BA
:1010CC00FB78DB0700D47CE76B460A220021981DD5
:1010DC0000F04EF82B7801AC2370032363706B681F
:1010EC006360154B1D686A69EFF3108172B6136863
:1010FC00002BFCD0BFF35F8FA9612800210000F00A
:10110C0057F86A69AB69BFF35F8F0021116083F3F5
:10111C001088002800D154E732006178207800F064
:10112C004FF84EE732006178207800F049F8C7E7B5
:10113C00A4FD0010492B0020DC210020842100207C
:10114C00C0FD0010452B0020AC1F00207047C0468E
:10115C0001B40248844601BC604700BFF11700107F
:10116C0001B40248844601BC604700BFF908001076
:10117C0001B40248844601BC604700BF252F001013
:10118C0001B40248844601BC604700BF0509001049
:10119C0001B40248844601BC604700BF792C0010A2
:1011AC0001B40248844601BC604700BFD51600104C
:1011BC0001B40248844601BC604700BFCD730010E7
:1011CC0001B40248844601BC604700BF4959001075
:1011DC0010000000000000000000010000000000F2
:1011EC0000000000000002000000000000000000F1
:1011FC000000030000000000000000000000FF00E1
:10120C000000000001B5486801318E460047704669
:10121C0009380149884701BD1D0F0010000000006E
:10122C0000000000000000000000000000000000B2
:10123C00501800200000000000000000000000001A
:10124C00503300004C330000543300005233000084
:10125C004D5300004D430000533400004334000054
:10126C00A54C0010A94D0010F14C0010BD4D001004
:10127C00000000000001000005510010B5500010E6
:10128C00255000109D4F00100000000000010000D0
:10129C00E021002010000C00000000000000000005
:1012AC00000000000000000000000000FF00000033
:1012BC000000000000000080000000000000008022
:1012CC00FFFFFFFFFFFFFFFFFFFFFFFFFFFF000020
:1012DC00981100200000000000000000DC1C002021
:1012EC00441D0020AC1D0020000000000000000088
:1012FC0000000000000000000000000000000000E2
:10130C0000000000000000000000000000000000D1
:10131C0000000000000000000000000000000000C1
:10132C0000000000000000000000000000000000B1
:10133C0000000000000000000000000000000000A1
:10134C000000000000000000000000000000000091
:10135C000000000000000000000000000000000081
:10136C000000000000000000000000000000000071
:10137C0001000000000000000E33CDAB34126DE60E
:10138C00ECDE05000B000000000000000000000077
:10139C000000000000000000000000000000000041
:1013AC000000000000000000000000000000000031
:1013BC000000000000000000000000000000000021
:1013CC000000000000000000000000000000000011
:1013DC000000000000000000000000000000000001
:1013EC0000000000000000000000000000000000F1
:1013FC000000000000000000FFFFFFFF00000200E3
:10140C000000000000000000C0120020C0120020EC
:10141C00C8120020C8120020D0120020D0120020C8
:10142C00D8120020D8120020E0120020E012002078
:10143C00E8120020E8120020F0120020F012002028
:10144C00F8120020F81200200013002000130020D6
:10145C000813002008130020101300201013002084
:10146C001813002018130020201300202013002034
:10147C0028130020281300203013002030130020E4
:10148C003813002038130020401300204013002094
:10149C004813002048130020501300205013002044
:1014AC0058130020581300206013002060130020F4
:1014BC0068130020681300207013002070130020A4
:1014CC007813002078130020801300208013002054
:1014DC008813002088130020901300209013002004
:1014EC009813002098130020A0130020A0130020B4
:1014FC00A8130020A8130020B0130020B013002064
:10150C00B8130020B8130020C0130020C013002013
:10151C00C8130020C8130020D0130020D0130020C3
:10152C00D8130020D8130020E0130020E013002073
:10153C00E8130020E8130020F0130020F013002023
:10154C00F8130020F81300200014002000140020D1
:10155C00081400200814002010140020101400207F
:10156C00181400201814002020140020201400202F
:10157C0028140020281400203014002030140020DF
:10158C00381400203814002040140020401400208F
:10159C00481400204814002050140020501400203F
:1015AC0058140020581400206014002060140020EF
:1015BC00681400206814002070140020701400209F
:1015CC00781400207814002080140020801400204F
:1015DC0088140020881400209014002090140020FF
:1015EC009814002098140020A0140020A0140020AF
:1015FC00A8140020A8140020B0140020B01400205F
:10160C00B8140020B8140020C0140020C01400200E
:10161C00C8140020C8140020D0140020D0140020BE
:10162C00D8140020D8140020E0140020E01400206E
:10163C00E8140020E8140020F0140020F01400201E
:10164C00F8140020F81400200015002000150020CC
:10165C00081500200815002010150020101500207A
:10166C00181500201815002020150020201500202A
:10167C0028150020281500203015002030150020DA
:10168C00381500203815002040150020401500208A
:10169C00481500204815002050150020501500203A
:1016AC0058150020581500206015002060150020EA
:1016BC00681500206815002070150020701500209A
:1016CC00781500207815002080150020801500204A
:1016DC0088150020881500209015002090150020FA
:1016EC009815002098150020A0150020A0150020AA
:1016FC00A8150020A8150020B0150020B01500205A
:10170C00B8150020B8150020C0150020C015002009
:10171C00C8150020C8150020D0150020D0150020B9
:10172C00D8150020D8150020E0150020E015002069
:10173C00E8150020E8150020F0150020F015002019
:10174C00F8150020F81500200016002000160020C7
:10175C000816002008160020101600201016002075
:10176C001816002018160020201600202016002025
:10177C0028160020281600203016002030160020D5
:10178C003816002038160020401600204016002085
:10179C004816002048160020501600205016002035
:1017AC0058160020581600206016002060160020E5
:1017BC006816002068160020701600207016002095
:1017CC007816002078160020801600208016002045
:1017DC0088160020881600209016002090160020F5
:1017EC009816002098160020A0160020A0160020A5
:1017FC00A8160020A8160020B0160020B016002055
:10180C00B8160020B81600200000000003000000ED
:10181C00DC1C002043000000000000000000000061
:10182C0000000000000000000000000000000000AC
:10183C000000000043000000000000000000000059
:10184C00000000000000000000000000000000008C
:10185C000000000043000000000000000000000039
:10186C00000000000000000000000000000000006C
:10187C000000000043000000000000000000000019
:10188C00000000000000000000000000000000004C
:10189C0000000000430000000000000000000000F9
:1018AC00000000000000000000000000000000002C
:1018BC0000000000430000000000000000000000D9
:1018CC00000000000000000000000000000000000C
:1018DC0000000000430000000000000000000000B9
:1018EC0000000000000000000000000000000000EC
:1018FC0000000000C1E7001031E6001000000000FD
:10190C00B4FF001068F5001008F2001008F2001087
:10191C0008F2001008F2001008F2001008F2001093
:10192C0008F2001008F2001008F20010FFFFFFFF91
:10193C00FFFFFFFFFFFFFFFFFFFF00000100415310
:10194C0043494900000000000000000000000000B6
:10195C0000000000000000000000000000004153E7
:10196C004349490000000000000000000000000096
:10197C00000000000000000000000000000000005B
:10198C00000000000000000000000000000000004B
:04000005100001E9FD
:00000001FF
