:020000041000EA
:1000000000B5324B212058609868022188439860DF
:10001000D860186158612E4B002199600221596106
:100020000121F02299502B49196001219960352056
:1000300000F044F80222904214D00621196600F024
:1000400034F8196E01211966002018661A6600F04E
:100050002CF8196E196E196E052000F02FF8012189
:100060000842F9D1002199601B49196000215960AB
:100070001A491B48016001219960EB211966A021F2
:10008000196600F012F800219960164914480160C1
:100090000121996001BC002800D000471248134993
:1000A000086003C880F30888084703B5996A0420EC
:1000B0000142FBD001200142F8D103BD02B5186610
:1000C0001866FFF7F2FF186E186E02BD00000240BE
:1000D000000000180000070000035F00212200005C
:1000E000F4000018222000A00001001008ED00E03C
:1000F00000000000000000000000000074B24E7A12
:1001000000200420F7010010CB010010CD010010E9
:10011000C9010010C9010010C9010010C901001077
:10012000C9010010C9010010C9010010CF01001061
:10013000C9010010C9010010D1010010D301001045
:10014000C1010010C1010010C1010010C101001067
:10015000C1010010C1010010C1010010C101001057
:10016000C1010010C1010010C1010010C101001047
:10017000C1010010C1010010C1010010C101001037
:10018000C1010010C1010010C1010010C101001027
:10019000C1010010C1010010C1010010C101001017
:1001A000C1010010C1010010C1010010C101001007
:1001B000C1010010C1010010C1010010C1010010F7
:1001C000EFF30580103800BE00BE00BE00BE00BECA
:1001D00000BE00BEF2EB8871109201103C9201103B
:1001E0003802001090A31AE71E481F49086006C88D
:1001F00081F3088810471D480068002801D019487D
:10020000F3E70DA40ECC002902D000F012F8F9E7B4
:100210001749184A002000E001C19142FCD116495B
:100220008847164988471649884700BEFDE701C937
:1002300001C29A42FBD370473C920110C0000020DB
:10024000F818002074AA0110000004200000042007
:1002500074AA011000100420001004200000000007
:10026000704700000000000008ED00E0000000D032
:10027000F81800204430002079840010592C001018
:1002800039840010F8B5C0460448054B10B58342C8
:1002900003D0044B002B00D0984710BDF818002065
:1002A000F81800200000000006480749091A8B10C2
:1002B000C90FC91810B5491003D0044B002B00D04A
:1002C000984710BDF8180020F81800200000000022
:1002D00010B5074C2378002B09D1FFF7D5FF054B4C
:1002E000002B02D0044800E000BF0123237010BDA2
:1002F000401D002000000000004C0110054B10B50F
:10030000002B03D00449054800E000BFFFF7CCFFF5
:1003100010BDC04600000000441D0020004C01102C
:10032000F0B54546DE4657464E46E0B51F00182359
:10033000984604008BB080440D0016004146082208
:10034000684606F03BFC2000226963690BF054FD0F
:10035000002800D0F0E0002F00DAE5E0149B002B2D
:1003600003D01A00DB680133D360002D00D1F2E026
:100370002B7F002B03D12A6A6B6AB6185F41414676
:10038000082268460296039706F018FC2269636902
:1003900006A80BF0A7FA069B20009B46079B9A46EF
:1003A000089B9946AB6A0593EB6A04930BF0DAFD60
:1003B0003023149A8561C261EB5C8046002B59D1D1
:1003C000049B002B67DB2B7F002B15D1A86BE96BFF
:1003D000002803D180231B0699420DD0059A049B67
:1003E0000BF01CFA07000E00514500DDBBE000D108
:1003F000B6E0BB4500D1C3E05B46069353462100FF
:1004000007934B46102210316846089306F0D6FB3E
:10041000099B0799089A06980BF048FA43425841FD
:1004200081444B46102206A94046089306F0C6FBBD
:100430000822684608A906F0C1FB2000069A079B1F
:100440000BF0DAFC002866D12800102206A938300B
:1004500006F0B4FB4146A06C0DF0F8FA606F431C47
:1004600000D571E063670BB0F0BCBB46B246A9464D
:10047000A046F0BD0BF092FA80197941236A9B46A1
:10048000636A9A46994261DD83468A46002399460B
:10049000049B002B97DA5B460693534607934B4623
:1004A00006A910224046089306F088FB4146A06C3E
:1004B0000DF0D0FA00289FD04E464746A8465D462C
:1004C00001365346102206A9380007930896069570
:1004D00006F074FB3900A06C0DF0BCFA0136002860
:1004E000EFD10822684608A906F068FB2000069AAA
:1004F000079B4546B8460BF07FFC00280BD128002F
:10050000102206A9383006F059FB3900A06C0DF016
:100510009DFA0020A7E714980CF046FD2000414604
:100520000BF054FE00209EE732003B0036480DF0F1
:10053000BDFB0026002711E714980CF035FD334869
:100540000DF0B4FB00208EE701238BE799429DD18B
:1005500058459BD998E714980CF026FD002082E7B7
:10056000584500D845E74823EB5C022B29D0032BE4
:100570000FD0012BCFD00023BB46B24699463BE7B4
:10058000B24500D038E7059B049A134300D033E707
:10059000E9E720000BF0E6FC2900060010223831C4
:1005A000856106F00BFB3100A06C0DF053FA011EC3
:1005B00002D0A06C0DF05AFA310020000BF006FEBC
:1005C0001AE720000BF0CEFC2900814638311022BA
:1005D000856106F0F3FA4946A06C0DF03BFA00285D
:1005E0000CD014990BF026FE414620000BF0EEFDD6
:1005F000200049460BF0EAFD002034E74946200080
:100600000BF0E4FDB7E7C046284C0110004C011088
:10061000F8B5104B04009F6A060038000FF070F91F
:100620000FF078F9092105F081FA4D1C2A003900F4
:1006300009482C3608F070F9300065650CF01EFE94
:10064000A36B002B05D001223000616D0CF0E0FBA4
:10065000A063F8BD00400540704C011070B5030068
:1006600005000122040084335C351A7028000CF068
:1006700005FEA36E002B06D0842301222800E1583A
:100680000CF0C6FBA06670BD70B50300050001222A
:10069000B4338C351A70040028000CF0EFFDEB68C1
:1006A000002B06D0B42301222800E1580CF0B0FB47
:1006B000E86070BDA420F8B580000BF027FB022392
:1006C00088225B4283658350303283500023C021EF
:1006D00010328350304A94244250C42290258050D6
:1006E00040328350043283502C4A543142500431FA
:1006F00043501839FF3964000151294C6D004451B1
:100700009224022664000051403403510434035102
:100710000C3402510434035110340651214C60351D
:100720004451C22464000051403403510434035145
:100730000C340251EC2280250024520083504032B8
:100740002D06821814605560070088222137920018
:100750008350FF3710328750603704328750043A95
:1007600087183C3A875004328650043281547432E0
:100770008218146055609E22920083500200A223CA
:10078000C0329B00C250C2183C3BC2500433C1501F
:100790000433C154F8BDC04611060010944C01103A
:1007A0005D06001089060010F8B5C023CE469946B4
:1007B00030334746984603000122E833814480B530
:1007C0000600070005001A700400804448460CF03B
:1007D00055FD4B46DB68213751368135FF37FF36F3
:1007E000FF35002B07D0E8230122E15848460CF0E2
:1007F0000FFB4B46D86000234246404693620CF004
:100800003DFD4346DB68002B08D08C235B00E1589C
:10081000012240460CF0FCFA4346D8600023380021
:10082000BB620CF02BFDFB68002B07D0A4235B0000
:1008300001223800E1580CF0EBFAF860134B30005D
:10084000B3620CF01BFDF368002B07D0BC235B00E8
:1008500001223000E1580CF0DBFAF0600C4B28006C
:10086000AB620CF00BFDEB68002B07D0D4235B00D0
:1008700001222800E1580CF0CBFAE860054807F0A7
:10088000C3FFC0BCB946B046F8BDC046984C011085
:10089000A44C0110AC4C0110F8B507000300002275
:1008A00006000500E833C0371A70040038000CF069
:1008B000E5FCFB6851368135FF36FF35002B06D04D
:1008C000E82301223800E1580CF0A2FAF860124B3C
:1008D0003000B3620CF0D2FCF368002B07D0BC23CD
:1008E0005B0001223000E1580CF092FAF0600B4BF3
:1008F0002800AB620CF0C2FCEB68002B07D0D423BD
:100900005B0001222800E1580CF082FAE8600448FC
:1009100007F07AFFF8BDC046C44C0110CC4C011062
:10092000D44C0110F8B54746CE46050080B5036D9E
:1009300006000400C76A00201A8DD98D91469A8D51
:100940005B8D21358046F036FF359F4201DA9742B4
:1009500028DB00233000B3620CF090FCF368002B1E
:1009600007D08C235B0001223000E1580CF050FAD4
:10097000F060636B2800AB620CF080FCEB68002B2E
:1009800007D0A4235B0001222800E1580CF040FAB4
:10099000E8604F4502DB4346002B08D1C0BCB94696
:1009A000B046F8BD01238F4236DA9846D1E71C489D
:1009B00007F02AFF250000234C225135A35223645F
:1009C000184BFF35AB6228000CF058FCEB68002B8D
:1009D00007D0BC235B0001222800E1580CF018FA74
:1009E000E8602500104B8135FF35AB6228000CF024
:1009F00045FCEB68002B07D0D4235B0001222800C4
:100A0000E1580CF005FAE86090231B01E3186362DB
:100A100001222823E254C1E70023984699E7C04603
:100A2000F04C0110184D0110204D0110F8B547464B
:100A3000CE46050080B5036D06000400C76A00209D
:100A40001A8DD98D91469A8D5B8D21358046F03671
:100A5000FF359F4201DA974228DB00233000B36262
:100A60000CF00CFCF368002B07D08C235B000122F8
:100A70003000E1580CF0CCF9F060636B2800AB62F9
:100A80000CF0FCFBEB68002B07D0A4235B000122D9
:100A90002800E1580CF0BCF9E8604F4502DB434602
:100AA000002B08D1C0BCB946B046F8BD01238F4227
:100AB00035DA9846D1E71B4807F0A6FE25004C23FF
:100AC00000225135E252184BFF35AB6228000CF082
:100AD000D5FBEB68002B07D0BC235B00012228006C
:100AE000E1580CF095F9E8602500104B8135FF3591
:100AF000AB6228000CF0C2FBEB68002B07D0D423BC
:100B00005B0001222800E1580CF082F9E86096238E
:100B10001B01E318636201222823E254C2E7002389
:100B200098469AE7284D0110504D0110584D01107C
:100B3000F8B54746CE46050080B5036D06000400B3
:100B4000C76A00201A8ED98D91469A8D5B8D21350A
:100B50008046F036FF359F4201DA974228DB636B0F
:100B60003000B3620CF08AFBF368002B07D08C23B3
:100B70005B0001223000E1580CF04AF9F0600023DC
:100B80002800AB620CF07AFBEB68002B07D0A423A3
:100B90005B0001222800E1580CF03AF9E8604F456B
:100BA00002DB4346002B08D1C0BCB946B046F8BDB5
:100BB00001238F4235DA9846D1E71B4807F024FE1F
:100BC00025004C2300225135E252184BFF35AB6211
:100BD00028000CF053FBEB68002B07D0BC235B0014
:100BE00001222800E1580CF013F9E8602500104BB1
:100BF0008135FF35AB6228000CF040FBEB68002B21
:100C000007D0D4235B0001222800E1580CF000F942
:100C1000E86096231B01E318636201222823E25453
:100C2000C2E7002398469AE7284D0110504D011065
:100C3000584D011010B5024807F0E6FD10BDC04642
:100C4000604D01108C23C358F0B5996A4C220023E3
:100C500005000400060087B0C1630364436401AF6C
:100C600083525135304807F057FEFF35E36B1421AE
:100C70002E4A380007F032FB2800AF620CF0FEFA73
:100C8000EB688136FF36002B07D0BC235B000122C6
:100C90002800E1580CF0BCF8E860E36B012B1FD092
:100CA0009A1E032A04D9063B032B2BD907B0F0BDAB
:100CB0001F4B3000B3620CF0E1FAF368002B07D051
:100CC000D4235B0001223000E1580CF0A1F8F06061
:100CD0008A231B01E318636201222823E254E5E71B
:100CE000144B3000B3620CF0C9FAF368002B07D044
:100CF000D4235B0001223000E1580CF089F8F06049
:100D00000D4BE7E70D4B3000B3620CF0B7FAF36818
:100D1000002B07D0D4235B0001223000E1580CF0F7
:100D200077F8F060064BD5E7884D01109C4D011017
:100D3000AC4D0110A44D011088080000B44D011005
:100D4000B8080000A822F0B5574645464E46DE4694
:100D5000520090460400E0B505000600036D804493
:100D6000988D1A8D8446598DD88D1B8E21359A46C3
:100D7000E36A012789B0F036FF35934200DB002794
:100D8000FFB20197276BB94693423DDA4C22A25C31
:100D90009246012257465740BA468B424BDA83426D
:100DA00055DA00224B469346B36230000CF066FAE7
:100DB000F368002B07D08C235B0001223000E15840
:100DC0000CF026F8F0604B462800AB620CF056FAA7
:100DD000EB68002B07D0A4235B0001222800E15818
:100DE0000CF016F8E8605346002B00D088E04C2346
:100DF000019AE2545B46002B32D109B0F0BCBB46ED
:100E0000B246A946A046F0BD934210DD8B420EDDEE
:100E1000634500DC96E0834200DC93E00122534509
:100E200000DC92E0934600224B469246BCE700224B
:100E300092468B42B3DB8342B3DAFC2148468905F4
:100E400005F039FD00224B4693468146ACE7FC2174
:100E50004846890505F02FFD0022031C9346A3E7B1
:100E60003B4807F0D1FC00233000B3620CF006FAD7
:100E7000F368002B07D08C235B0001223000E1587F
:100E80000BF0C6FFF06000232800AB620CF0F6F90F
:100E9000EB68002B07D0A4235B0001222800E15857
:100EA0000BF0B6FFE86042462A4B404693620CF0D6
:100EB000E5F94346DB68002B08D0BC235B00E15812
:100EC000012240460BF0A4FF4346D8602500224B88
:100ED0008135FF35AB6228000CF0D0F9EB68002BB0
:100EE00007D0D4235B0001222800E1580BF090FFCB
:100EF000E8601A4B0122E31863622823E2547CE77E
:100F000003A98946236C14210133154A23644846FA
:100F100007F0E4F943464A4640469A620CF0AEF9BF
:100F20004346DB68002B08D0BC235B00E15801225C
:100F300040460BF06DFF4346D860216C094807F02E
:100F4000EBFC54E70022924675E700226AE7C046B0
:100F5000E84D0110044E0110104E011078090000F8
:100F6000BC4D0110C44D0110F0B54F464646D64663
:100F700004000500C0B50600036D21351A8D588D9B
:100F8000DB8D01279C46E36A86B0F036FF3593423D
:100F900000DB00270021FFB28946934206DA4C228B
:100FA000A25C91460122494651408946226B9046F7
:100FB000924683422CDA634533DA53463000B362FB
:100FC0000CF05CF9F368002B07D08C235B00012246
:100FD0003000E1580BF01CFFF06043462800AB6284
:100FE0000CF04CF9EB68002B07D0A4235B00012226
:100FF0002800E1580BF00CFFE8604B46002B17D19E
:101000004C23E75406B0E0BCBA46B146A846F0BD52
:101010006345D2DAFC21101C890505F04CFC8046A2
:10102000CBE7FC21101C890505F045FC8246C4E78E
:101030002500236C01AE01335135FF3523641421A3
:10104000264A300007F04AF92800AE620CF016F983
:10105000EB68002B07D0BC235B0001222800E1587D
:101060000BF0D6FEE860216C1D4807F055FC236CA0
:10107000012B2ED0022BC3D11A4807F0C5FB1A4B07
:101080002800AB620CF0FAF8EB68002B07D0BC2309
:101090005B0001222800E1580BF0BAFEE860250051
:1010A000124B8135FF35AB6228000CF0E7F8EB6896
:1010B000002B07D0D4235B0001222800E1580BF05D
:1010C000A7FEE8600A4B0122E31863622823E2547A
:1010D00096E7084807F098FB92E7C046184E0110C3
:1010E000204E0110484E0110744E0110804E011028
:1010F000E8080000384E0110F0B54F464646D64687
:1011000004000500C0B50600036D21351A8D588D09
:10111000DB8D01279C46E36A86B0F036FF359342AB
:1011200000DB00270021FFB28946934206DA4C22F9
:10113000A25C91460122494651408946226B904665
:10114000924683422CDA634533DA53463000B36269
:101150000CF094F8F368002B07D08C235B0001227D
:101160003000E1580BF054FEF06043462800AB62BB
:101170000CF084F8EB68002B07D0A4235B0001225D
:101180002800E1580BF044FEE8604B46002B17D1D5
:101190004C23E75406B0E0BCBA46B146A846F0BDC1
:1011A0006345D2DAFC21101C890505F084FB8046DA
:1011B000CBE7FC21101C890505F07DFB8246C4E7C6
:1011C0002500236C01AE01335135FF352364142112
:1011D000204A300007F082F82800AE620CF04EF88A
:1011E000EB68002B07D0BC235B0001222800E158EC
:1011F0000BF00EFEE860216C174807F08DFB216CA8
:10120000012922D0022902D04B1F012BC0D8250072
:10121000124807F081FB8135114BFF35AB62280086
:101220000CF02CF8EB68002B07D0D4235B000122D4
:101230002800E1580BF0ECFDE8608D231B01E3185A
:10124000636201222823E254A2E7064807F0DCFA91
:101250009EE7C046884E0110204E0110944E0110AA
:10126000804E0110384E0110F0B54746CE460500BD
:1012700080B5036D06000400C76A00201A8DD98D61
:1012800091469A8D5B8D2135804687B0F036FF35CB
:101290009F4201DA97425FDB00233000B3620BF01C
:1012A000EDFFF368002B07D08C235B000122300098
:1012B000E1580BF0ADFDF060636B2800AB620BF002
:1012C000DDFFEB68002B07D0A4235B000122280080
:1012D000E1580BF09DFDE8604F4538DB4346002B9D
:1012E00035D02600250000234C22216C5136813553
:1012F000FF36FF35A352052936DD2364304807F059
:1013000083FA304B3000B3620BF0B8FFF368002B68
:1013100007D0BC235B0001223000E1580BF078FDC0
:10132000F060294B2800AB620BF0A8FFEB68002BA4
:1013300007D0D4235B0001222800E1580BF068FDA0
:10134000E860224BE318636201222823E25407B0CD
:10135000C0BCB946B046F0BD01238F4201DA9846C1
:101360009AE70023984697E701AF194807F0D4FAA7
:10137000236C1421174A380006F0B0FF3000B76222
:101380000BF07CFFF368002B07D0BC235B0001222D
:101390003000E1580BF03CFDF0600F4B2800AB62D1
:1013A0000BF06CFFEB68002B07D0D4235B0001220D
:1013B0002800E1580BF02CFDE860084BC2E7C0465E
:1013C000B04E0110E44E0110EC4E0110180900005F
:1013D000F44E0110884E0110B44D0110B808000001
:1013E000A8225200F0B5DE46934630329446574666
:1013F0004E46454684446246E0B5036D8DB0059285
:10140000D98D0400050006001A8D8344588D029181
:1014100001211F8EE36A21358C46F036FF35934259
:1014200001DB00218C466146C9B2039101218C4643
:10143000BB4201DB00218C466146C9B20491002108
:101440008946934206DA4C22A25C91460122494623
:101450005140894600229046BB4204DA4D32A75CD7
:101460004C3A5740B846276B029ABA46834239DA5B
:10147000934240DA53463000B3620BF0FFFEF3684C
:10148000002B07D08C235B0001223000E1580BF0C9
:10149000BFFCF0602800AF620BF0F0FEEB68002BA1
:1014A00007D0A4235B0001222800E1580BF0B0FC18
:1014B000E8600122E16B8B1E9A429B415D4201353F
:1014C0000A421FD14B46002B5AD14C23039AE254B7
:1014D000049A0133E2540DB0F0BCBB46B246A946B3
:1014E000A046F0BD9342C5DAFC21381C890505F001
:1014F000E2F9071CBEE7FC21381C890505F0DBF981
:101500008246B7E74346002BDFD0236C07AE01339A
:1015100023643C4A00913000142106F0DFFE5B4654
:1015200058469E620BF0AAFE5B46DB68002B08D093
:10153000BC235B00E158012258460BF069FC5B4676
:10154000D860E26B216C304807F0E6F9236CAB42BF
:10155000BBD1E16B2D4807F0DFF9059D2C4B28002E
:10156000AB620BF08BFEEB682800002B06D0D42377
:101570005B000122E1580BF04BFCE860254B3BE09F
:10158000236C07AE01332364234A009130001421F9
:1015900006F0A4FE5B4658469E620BF06FFE5B466B
:1015A000DB68002B08D0BC235B00E15801225846C1
:1015B0000BF02EFC5B46D860E26B216C174807F0FD
:1015C000ABF9236CAB4200D07FE7E16B144807F026
:1015D000A3F9059D134B2800AB620BF04FFEEB689F
:1015E0002800002B06D0D4235B000122E1580BF029
:1015F0000FFCE86093231B01E31863620122282398
:10160000E25462E7704F01107C4F0110A04F0110AF
:10161000BC4F011048090000244F0110304F011049
:10162000544F0110804E0110A8225200F0B5DE4642
:1016300093463032944657464E4645468444624669
:10164000E0B5036D8DB00592D98D0400050006004C
:101650001A8D8344588D029101211F8EE36A213532
:101660008C46F036FF35934201DB00218C46614603
:10167000C9B2039101218C46BB4201DB00218C469B
:101680006146C9B2049100218946934206DA4C2290
:10169000A25C91460122494651408946002290466B
:1016A000BB4204DA4D32A75C4C3A5740B846276B30
:1016B000029ABA46834239DA934240DA53463000FE
:1016C000B3620BF0DBFDF368002B07D08C235B00CB
:1016D00001223000E1580BF09BFBF0602800AF6264
:1016E0000BF0CCFDEB68002B07D0A4235B0001229C
:1016F0002800E1580BF08CFBE8600122E16B8B1FA6
:101700009A429B415D4201350A421FD14B46002B54
:101710005AD14C23039AE254049A0133E2540DB097
:10172000F0BCBB46B246A946A046F0BD9342C5DA1E
:10173000FC21381C890505F0BEF8071CBEE7FC211A
:10174000381C890505F0B7F88246B7E74346002BF9
:10175000DFD0236C07AE013323643C4A0091300094
:10176000142106F0BBFD5B4658469E620BF086FDD9
:101770005B46DB68002B08D0BC235B00E1580122EC
:1017800058460BF045FB5B46D860E26B216C304855
:1017900007F0C2F8236CAB42BBD1E16B2D4807F0D8
:1017A000BBF8059D2C4B2800AB620BF067FDEB6886
:1017B0002800002B06D0D4235B000122E1580BF057
:1017C00027FBE860254B3BE0236C07AE0133236425
:1017D000234A00913000142106F080FD5B465846F4
:1017E0009E620BF04BFD5B46DB68002B08D0BC23F0
:1017F0005B00E158012258460BF00AFB5B46D860BB
:10180000E26B216C174807F087F8236CAB4200D0DD
:101810007FE7E16B144807F07FF8059D134B280024
:10182000AB620BF02BFDEB682800002B06D0D42315
:101830005B000122E1580BF0EBFAE86093231B01F7
:10184000E318636201222823E25462E7704F01101B
:101850007C4F0110A04F0110BC4F0110480900003F
:10186000244F0110304F0110544F0110804E0110D1
:10187000F0B5CE46474604000500060080B5036D6E
:1018800021359A8D598D94461A8ED88D91461B8D8F
:10189000E26A276B87B0F036FF359A4201DD8A4253
:1018A00035DC8A423DDA824228DA002290463B1C2F
:1018B000B36230000BF0E2FCF368002B07D08C23FE
:1018C0005B0001223000E1580BF0A2FAF060280022
:1018D000AF620BF0D3FCEB68002B07D0A4235B00B6
:1018E00001222800E1580BF093FAE8604346002BF0
:1018F00023D107B0C0BCB946B046F0BDFC21381CAE
:10190000890504F0D8FF0022031C9046D0E7624509
:1019100007DD824205DD01234A4565DD98463B1C13
:10192000C6E78242C1DAFC21381C890504F0C3FFF6
:1019300000223B1C9046071CBAE7E16B2B4806F0DF
:10194000EBFF00233000B3620BF098FCF368002B30
:1019500007D08C235B0001223000E1580BF058FACD
:10196000F06000232800AB620BF088FCEB68002BD2
:1019700007D0A4235B0001222800E1580BF048FAAD
:10198000E860250001AE5135E36BFF351421184A9C
:10199000300006F0A3FC2800AE620BF06FFCEB6891
:1019A000002B07D0BC235B0001222800E1580BF07C
:1019B0002FFAE86025000F4B8135FF35AB62280018
:1019C0000BF05CFCEB68002B07D0D4235B000122FA
:1019D0002800E1580BF01CFAE860074B0122E318DD
:1019E00063622823E25484E7002397E7C44F011081
:1019F000E04F0110104E011078090000F8B5992051
:101A0000DE4657464E4645460001E0B50AF07EF9EF
:101A100003000200583303658C239432C067C25020
:101A20002C33DC22C0500023D82152008350FE4AC0
:101A300049004250DA225200805040328350FB4D20
:101A4000043283500C3285500432835001228424A6
:101A500068314250F649A400015185218900405067
:101A600040314350043143500C3145500431435010
:101A700002218A469E215446890044509C24ED4907
:101A8000A40001519D218900405040314350043150
:101A900043500C3145508721032709014118583420
:101AA000015110340751B427E34CBF00C451B52491
:101AB000A400005140340351043403510C34055147
:101AC000DE4C0719CA24A40007510424A346CE24DF
:101AD0005E46CC27A4000651D94CBF00C451CD248A
:101AE000A400005140340351043403510C34055117
:101AF0008A242401A446E22484446746A4000751B2
:101B0000052710340751E427CE4CBF00C451E5240B
:101B1000A400005140340351043403510C340551E6
:101B2000C94CA446FA2484446746A40007510627FA
:101B300010340751FC27C54CBF00C451FD24A4003C
:101B40000051C34C035104340351C24C05518D2440
:101B50002401A446892484446746E40007510727EA
:101B6000103407518A27BC4CFF00C451BB4C0051B4
:101B7000BB4C035104340351BA4C0551BA4CA44632
:101B8000952484446746E400075108271034075120
:101B90009627B64CFF00C451B54C0051B54C0351CB
:101BA00004340351B44C055190242401A446A124CB
:101BB00084446746E4000751092710340751A227DF
:101BC000AE4CFF00C451AE4C0051AE4C0351043436
:101BD0000351AD4C0551AD4CA446AD248444674639
:101BE000E40007510A24A446AF246746E4000751E5
:101BF000AE27A74CFF00C451A64C0051A64C035180
:101C000004340351A54C055193242401A046B92462
:101C100080444746E40007510B2710340751BA2788
:101C20009F4CFF00C4519F4C00519F4C0351043402
:101C300003519E4C05519E4CA046C5248044474606
:101C4000E40007510C2710340751C627994CFF00B8
:101C5000C451994C0051994C035104340351984C90
:101C6000055196242401A046D12480444746E4002F
:101C700007510D2710340751D227924CFF00C45151
:101C8000914C0051914C035104340351904C055137
:101C9000904C0519DD24E40005514034A046802510
:101CA0008044002447462D063C607D60E627FF0007
:101CB000C3518427BF00B946E8278144FF004E4640
:101CC000B9468144C6514F46834E875104368251EE
:101CD000824E8255D8267600B146F32681444F467F
:101CE000F6008751183EB046804446463460756021
:101CF000F126F60083511036B14681444F46784EA6
:101D0000875104368251774A774F83547432821850
:101D100014605560FC22D2008350B4229200904699
:101D2000FE2280444646D2008650CC229200904645
:101D3000804446466D4A8650E42292009046FF2237
:101D400080444646D2008650FC2292009046804451
:101D50004646674A86508A22D200904680228044B6
:101D60004646120186509622D2009046804446464E
:101D7000604A8650A222D2009046804446465E4A7F
:101D80008650AE22D2009046804446465B4A86503A
:101D9000BA22D200904681228044464612018650E3
:101DA000E13AFF3A904680444646554A8650243AE6
:101DB000904680444646534A8650664604328650D2
:101DC0005646183A8650B0328218146055604E4A12
:101DD0004E4D83509C22920084184D4A8450D93A2B
:101DE000FF3A84184B4A8450494A84184A4A84501E
:101DF0005C4604328650494A8450020087241832D7
:101E000024010251464C4451464C00250619002439
:101E100034607560882636018355084E8251424EE3
:101E2000C6518926360181E0A9070010944C0110A3
:101E300099080010450C0010450D0010880800009E
:101E4000690F0010F9100010B808000069120010A6
:101E5000340400004404000025090010540400006C
:101E600094040000A4040000E8080000E11300103E
:101E7000B4040000F404000004050000291600105A
:101E80001405000054050000640500001809000056
:101E90002D0A001074050000B4050000C405000000
:101EA000310B0010D40500001406000024060000C9
:101EB0004809000071180010340600007406000084
:101EC00084060000350C001094060000D4060000C3
:101ED000E406000078090000040700000C07000079
:101EE0005C070000640700008C080000F407000095
:101EF000FC07000004080000080800000C080000AF
:101F000014080000B407000058080000740800001E
:101F1000680800006C0800002C0800001808000089
:101F2000EC4F011078080000F44F0110861934605E
:101F30007560434E434F835508368251424EC65119
:101F4000424E434F8619346075608B2636018355A7
:101F5000404E8251404EC6518C263601861934605F
:101F600075603E4E3E4F8355083682513D4EC651F8
:101F70003D4E3E4F8619346075608E26360183557E
:101F80003B4E82513B4EC6518F2636018619346036
:101F90007560394E394F835508368251384EC651D7
:101FA000384E394F86193460756091263601835555
:101FB000364E8251364EC65192263601861934600D
:101FC0007560344E344F835508368251334EC651B6
:101FD000334E344F8619346075609426360183552C
:101FE000314E8251314EC6519526360186193460E4
:101FF00075602F4E2F4F8355083682512E4EC65195
:102000002E4E8619346075609726360183552C4E06
:1020100082512C4A2C4E825198221201821814604F
:1020200055602A4A835428228361C1610162436258
:102030008354F0BCBB46B246A946A046F8BDC04694
:1020400098080000A408000008500110A80800002B
:10205000BC080000B808000020500110C8080000AB
:10206000D408000038500110D8080000EC08000027
:10207000E808000048500110F808000004090000BA
:1020800054500110080900001C0900001809000044
:102090006C50011028090000340900008450011020
:1020A000380900004C090000480900009850011050
:1020B0005809000064090000B050011068090000D0
:1020C00078090000C05001107C0900008809000058
:1020D0009423F0B5C76AC5583433C4583B7D066EA7
:1020E00083B0002B0CD1337D002B1AD12B7D002B1C
:1020F00028D1237D002B36D10CF064FE03B0F0BD57
:102100000023802200210020009310330CF0C2FD38
:10211000012300220021B86A0CF068FB337D002BFC
:10212000E4D00023802210210020009310330CF013
:10213000B1FD012310220021B06A0CF057FB2B7D6A
:10214000002BD6D0002380222021002000931033C2
:102150000CF0A0FD012320220021A86A0CF046FB10
:10216000237D002BC8D00023802200933021002043
:1021700010330CF08FFD012330220021A06A0CF0F7
:1021800035FBB9E7084B10B51A78002A00D010BD0E
:1021900001321A700CF0A8FA04480CF09FFA0020E3
:1021A0000CF0AEFAF3E7C046353000208072011023
:1021B000F0B5DE20C646800000B509F0A7FD03009B
:1021C0003433C3623433036602008C2380659C324F
:1021D000C0500833C2502C33C05034320833C25080
:1021E0002C338422C0500023802152008350464A61
:1021F000490042508222B424B0255200805040321F
:1022000083504249043283500C328150043283504F
:10221000583AFF3A640002513D4C6D004451B224DB
:102220006400005140340351043403510C34015113
:10223000DC21441C49004350FF3458314450010014
:1022400080250024F9312D06FF310C604D6080217E
:1022500089004350103146183C39465004314250F1
:1022600004314354743141180C604D60962189004B
:102270004350B03E1031465047183C394750043166
:10228000862742500421BF00C1519037C7193C60D6
:102290007D60AC27BF00C3511037BC4684448846DC
:1022A0006146C6513C3FC15141460437C251183FB7
:1022B000C151C021890047183C607D60C227BF0022
:1022C000C3511037BC4684446146C6513C3FC1519E
:1022D00041460437C251183FC151D62189004718E1
:1022E0003C607D60D824A4000351DC239B00C650D1
:1022F000C4183C3BC4500433C2504246183BC25041
:1023000080BCB846F0BDC04685210010944C011039
:10231000D1200010036D9B6A836470478423C358E7
:102320009B6AC3647047C046B823F0B54E46DE468C
:1023300057464546C358E0B59946EC230400C558B6
:1023400083B0806809F01CFBA26BE36B06000F00F2
:10235000002B11DD30003900801A9941002915DC6D
:10236000002900D17BE0A663E76303B0F0BCBB4665
:10237000B246A946A046F0BD002BF4D1002AF2D007
:1023800030003900801A99410029E9DD90235B0073
:1023900098464B469B6AA0449A4604F0F7FA3249A5
:1023A00004F089FA04F000FB534600900191206C80
:1023B000181A03F0C5FE2D4A2D4B03F04AFE0022E9
:1023C0002C4B03F028FE009A019B03F024FE03F03F
:1023D000FFFEAD6A8146606C281A03F0B1FE234A05
:1023E000234B03F036FE0022224B03F014FE009A2A
:1023F000019B03F010FE03F0EBFE534649462364B5
:1024000083466564A06C04F03CFA434698624046FB
:102410000AF034FF4346DB68002B08D0A4235B009E
:10242000E158012240460AF0F3FC4346D8602500FB
:10243000E06C594604F025FA5135FF35A8622800B2
:102440000AF01CFFEB68002B00D18CE7BC235B007B
:1024500001222800E1580AF0DBFCE86083E7064B24
:10246000984200D87FE791E75F708930C3718BB6DF
:1024700065BCB93F008076403F420F00F0B5802038
:10248000C646C00000B509F041FC03000200583305
:10249000036584238C32C067C2502C33C050343261
:1024A0000833C2502C33C05034320833C250A622F5
:1024B0002C33C0501B3BFF3B5200835030328350C3
:1024C0000023C0210C328350474A49004250C222A7
:1024D000F424F025520080504032835043490432A6
:1024E00083500C32815004328350D83AFF3A640052
:1024F00002513F4C6D004451F224640000514034BD
:102500000351043403510C340151DF3D04340351B1
:10251000FF3D103405519025364CAD0044519124B7
:10252000A400005140340351043403510C340151D0
:10253000A621802500248900435040312D064118F2
:102540000C604D600600B821813689004350FF368B
:102550001031465046183C3946500431A8264250A6
:102560000421B600815190368619346075600700E9
:10257000CE26E137B6008351FF37103687518719D1
:102580003C3E875104368251183E8151903686195F
:1025900034607560E426B6008351513EFF3EE82763
:1025A000B046BF008044BC4646468444C651664699
:1025B0003C3FC651F8260437C251B600183FC151FE
:1025C00087193C607D60FA24A4000351FE23444631
:1025D0009B00C450C4183C3BC4500433C250183B49
:1025E000C15080BCB846F0BD15230010944C0110BA
:1025F0001D23001029230010C36A70B59C6A0021B6
:10260000201C04F087F9FE21431E984164006408F1
:1026100005008905201C04F085F9002805D007482D
:10262000290001220CF03CFF70BD0549201C04F07C
:1026300042F904F0A3F980B2F2E7C046FF0F0000B0
:1026400000F07F45036E70B59C6A0021201C04F0E9
:1026500061F9FE21431E9841640064080500890564
:10266000201C04F05FF9002805D00748290000224B
:102670000CF016FF70BD0549201C04F01CF904F095
:102680007DF980B2F2E7C046FF0F000000F07F4501
:1026900010B501200CF0D6FE10BDC046B02070B5BC
:1026A000800009F033FB03003433C3623433036624
:1026B0008C238065A022C050002398218350384A83
:1026C000802442509C22F8258050403283500432AE
:1026D0008350344A54314250043143506400EF393E
:1026E0000151314C4451FC24005140340351043415
:1026F00003510C34025104340351F63D103405519A
:102700002A4C5735FF354451AE2464000051403403
:102710000351043403510C340251D82204005200F6
:102720008350983458328450020080250024F132BE
:102730002D06FF3214605560FC2252008350103287
:1027400086183C3A865004328150043283547432E5
:102750008218146055609422113E92008350FF3E0F
:102760001032865086183C3A8650043284268150B6
:102770000422B60082519036861934607560AA240E
:10278000A40003510400AE2359349B00FF34C4500D
:10279000C4183C3BC4500433C150183BC25070BDF8
:1027A00091260010944C0110F925001045260010C8
:1027B000F0B5C646836B04009E6A416B00B5070006
:1027C000301C04F061F89423E16A051C6063301C3E
:1027D000984604F070F8216B061C281C04F06BF876
:1027E000011C301C04F050F843466C37E0503800B0
:1027F0000AF044FDA36F002B06D0434601223800A7
:10280000E1580AF005FBA06780BCB846F0BDC046A1
:10281000AC2070B5400009F079FA030040338363BF
:10282000A8220023A02140668350134A80254250ED
:10283000A422805040328350043283500F4A5431D6
:102840004250F82283500200002439322D06FF3214
:1028500014605560A0225200835002005133FF33B0
:10286000A032C250C2183C3BC25001220433C250B5
:10287000183B0332C25070BDB1270010944C0110B8
:10288000F8B5CE464746050006008021224A0400DE
:1028900080B5D06890350006000F603601304900E1
:1028A00053680B42FCD10138176A0028F8D1802107
:1028B000D068194A0004000F7F4201308900536834
:1028C0000B42FCD10138536A0028F8D15B4298468C
:1028D00088233000E75099460AF0D0FCE36E002BC5
:1028E00006D04B4601223000E1580AF091FAE0662A
:1028F00043462800AB620AF0C1FCEB68002B06D00F
:10290000B82301222800E1580AF082FAE860C0BC2E
:10291000B946B046F8BDC04600002050F0B5D646D6
:102920004F4646460025C0B53D4C8AB020003D4983
:1029300008F002FD0223082200212000009508F083
:1029400027FE00220121082001F0A4FC0022012121
:10295000092001F09FFC8026F827C02376021B0384
:102960007F0202A9102206A89A46049302960397B2
:10297000059504F023F92C4B06A9102202A89946CC
:10298000079304F01BF98023DB020593274B0022F9
:10299000039380231B0398460493002102AB20007D
:1029A00008F050FE01222368012113432360200018
:1029B000022300950B3208F0EBFD002201210C20D0
:1029C00001F068FC002201210D2001F063FC534658
:1029D00002A9102206A8049302960397059504F015
:1029E000EDF84B4606A9102202A8079304F0E6F87A
:1029F000C023DB0205930E4B0022039343460121C3
:102A00000493200002AB08F01DFE0222236813434A
:102A100023600AB0E0BCBA46B146A846F0BDC04645
:102A200000002050945C011080770100807701083D
:102A30008077010C8C2070B5800009F067F90300E5
:102A40003433C362C8220023C02180658350274AE3
:102A500094244250C422902580504032835024490F
:102A6000043283500C32815004328350183AFF3ABA
:102A7000640002511F4C6D004451922464000051C7
:102A800040340351043403510C340151BC2104007F
:102A900049004350C034583144500100802500247F
:102AA000B9312D06FF310C604D600600E021D136B2
:102AB00049004350FF362C3946500431425004310E
:102AC0004354743141180C604D6086218900435095
:102AD00001008A2321319B00FF31C150C1183C3BCA
:102AE000C1500433C250183BC25070BD1D290010A4
:102AF000944C0110812800102823026BD25C04330F
:102B0000C25470472C2370B5C35C0400002B34D131
:102B10002D23C35C002B1CD00CF0CAFB2000C0305E
:102B2000030019490B435B071CD18B1CC31A042BF0
:102B300018D94A880B8812041A43CB888D881B0445
:102B40002B430CC00B899834200023860AF096FB97
:102B500070BD0CF075FB2000C03003000B490B4327
:102B60005B07E2D00B88983423854B8863858B887C
:102B7000A385CB88E3850B89E6E70CF081FA2D234A
:102B80000122E254E4E7C046CC2F0020301B002095
:102B9000902070B5800009F0B9F803003833036362
:102BA000343343669023C065D822C0500023D0211F
:102BB0008350264A9C244250D4229825805040328B
:102BC00083502349043283500C32815004328350A5
:102BD000283AFF3A640002511E4C6D0044519A2479
:102BE0006400005140340351043403510C3401514A
:102BF000C42149004350010080250024C9312D061D
:102C0000FF310C604D60E821060049004350D0368A
:102C10001031465046183C3946500431425018395C
:102C20004250903141180C604D608A218900435018
:102C300001008E2331319B00FF31C150C1183C3B54
:102C4000C1500433C250183BC25070BDF92A001065
:102C5000944C0110052B001010B5002100200AF043
:102C600033FC10BD7047C046002210B501240B4B49
:102C70008AB01B680892079206920392029204326D
:102C8000059401920E34013A009205490022049401
:102C900004480AF029FA0AB010BDC04614220020E8
:102CA000C8500110781A0020014B036001207047C2
:102CB000781A0020F0B5DE4657464E464546E0B548
:102CC00099B0FDF7F7FCFE4B82469946836080235E
:102CD000002100229B00534419605A608223002186
:102CE000F8489B0053441860596052464B46E13205
:102CF0009B6FFF321A608B22514600209200885051
:102D00000121F1482C325244106051609822002178
:102D1000002092005244106051608E229200524472
:102D20005A60A123002552469B00D5508027534668
:102D300000263F06F8331E665F661E605F606033E4
:102D40001E665F66FEF75AFE4B46836002235B42B7
:102D5000984642464146EE33C2503033C25030337B
:102D6000C2503033C250AF32FF32EC3B04008150CE
:102D70004165C15048462D3AFF3A83582000B13092
:102D8000FF301860DC23E362D04BE22023636363EF
:102D9000CF4B0121A3634C23C000E5632564656428
:102DA000A564E5522318CB48002218605960E3203F
:102DB000C00023180021484619605A60836FDE2046
:102DC000C000221800209A60C34B9835E0502000C4
:102DD000E930FF30066047609220800023186030A1
:102DE0001E605F60231860301E605F6023186030D3
:102DF0001E605F60231860301E605F6023186030C3
:102E00001E605F60231860301E605F6023186030B2
:102E10001E605F60231860301E605F6023186030A2
:102E20001E605F60231860301E605F602318603092
:102E30001E605F60231860301E605F602318484684
:102E40001E605F60435920005B6818301860FFF710
:102E5000AFF90200484690604046106350665051FA
:102E60004546CE30155080214D466B581100013239
:102E7000FF325A600B003933FF331E605F601E66FD
:102E80005F660A91FFF7FAFAFC239B05C362FA23F7
:102E90004A469B05826003634246882305004265DB
:102EA000C2504046BE32A8503432A85000230022FF
:102EB0000020AA63EB632B00A864E86483468620A5
:102EC000B933FF3380002A646A641E605F602B1888
:102ED00060301E605F602B181E605F60FFF7DEFBD6
:102EE000010002004846886040464B460863486639
:102EF00082301B5898329A600B00D0331E665F6692
:102F00001E605F6060331E665F660B91FFF780FC9A
:102F10004946EB6A8160C3622B6B41460363982389
:102F2000C1505B46C16343630990D8300660476077
:102F3000FFF76EFC4B468360EB6A9821C3622B6BF4
:102F40000363030040465850594601935963D863C0
:102F5000D8331E605F60FFF76DFD83460100484671
:102F60008C2388604046C8504346BE300B500B63EC
:102F7000802049460B585946C031D96038310E601F
:102F80004F600E664F666031FFF702FE494602232E
:102F90008160982143509339A633C15043468946F6
:102FA000C731435041464363836603000331818543
:102FB0000C9009336930FF33FF301E605F6006609C
:102FC00047605646454B5746F36000267E61E03623
:102FD0008846B95152460331012008F079FE0C367B
:102FE000B85152460421012008F072FE5646E827E7
:102FF0005246F0510421012008F06AFE5746E426AB
:10300000B85140275744076051460E9747465C36F3
:103010008F5152460421012008F05AFE56464C3783
:10302000FF37F051524604210120A42608F050FE3B
:1030300051467600885152460421012008F048FE8E
:103040005646083FF0517026D02156440660574638
:103050000F96464649007E509D395246FF39012061
:10306000D62708F035FE51467F00C851524604214C
:10307000012008F02DFED421574649007850A5398B
:103080005246FF390120D22708F022FE51467F0028
:10309000C851053F124BFF3F57440760E360E823E8
:1030A000616149465B00E15022001097013905201B
:1030B000EE2708F00DFE7F00E0512200042111E010
:1030C000781A00208096980000BCA0650AD7A33D1E
:1030D0000AD7A3BD00F2052A3C070000D450011016
:1030E000DC500110052008F0F3FDEC214900894671
:1030F0006050D5392200FF39052008F0E9FDD421C0
:10310000EA238C465B00661DE050A444FF36A03BDA
:103110006146466004969C46B226A4447600634607
:1031200001600D91B446CA21A444490066468C460C
:10313000A444836005936346036103938C230322B5
:103140009B009139C660FF39E2500320220008F04D
:10315000BFFD8F218900605022000421032008F068
:10316000B7FD8E218900605022000421032008F061
:10317000AFFD8D239B00E05002964660039E0D99A3
:10318000866004265C3301602200E650042104209E
:1031900008F09EFDA7239B00E0502200042104209C
:1031A00008F096FDA6218900605022000421042029
:1031B00008F08EFDA5239B00E050029B04998360DC
:1031C000BC23059A016003999B004260C160220004
:1031D000E6500421042008F07BFDBF239B00E05053
:1031E00022000421042008F073FDBE239B00E05060
:1031F00022000421042008F06BFDBD239B00E05059
:10320000059B049A4360029B03998360D4239B002F
:103210000260C1602200E6500421042008F058FD3D
:10322000D7239B00E05022000421042008F050FD29
:10323000D6239B00E05022000421042008F048FD22
:10324000D5239B00E050059B049A4360029B0399A1
:103250008360EC239B000260C1602200E6500421E1
:10326000042008F035FDEF239B00E05022000421EC
:10327000042008F02DFDEE239B00E05022000421E5
:10328000042008F025FDED239B00E050059B049AE7
:103290004360029B039983608223DB000260C1606C
:1032A0002200E6500421042008F012FDFE4B22000B
:1032B000E0500421042008F00BFD8323DB00E050E4
:1032C00022000421042008F003FDF84B049AE0508A
:1032D000059B03994360029B026083608E23DB00A1
:1032E000C1602200E6500421042008F0F1FCF04BFC
:1032F0002200E0500421042008F0EAFC8F23DB00C8
:10330000E05022000421042008F0E2FCE94B049A7A
:10331000E050059B03994360029B026083609A23FF
:10332000DB00C1602200E6500421042008F0D0FC3C
:10333000E14B2200E0500421042008F0C9FC9B234B
:10334000DB00E05022000421042008F0C1FCDB4B2C
:10335000049AE050059B03994360029B02608360DE
:10336000A623DB00C1602200E6500421042008F0FF
:10337000AFFCD34B2200E0500421042008F0A8FC4D
:10338000A723DB00E05022000421042008F0A0FC69
:10339000CC4B049AE050059B03994360029B02606A
:1033A0008360B223DB00C1602200E65004210420C8
:1033B00008F08EFCC44B2200E0500421042008F0E9
:1033C00087FCB323DB00E05022000421042008F036
:1033D0007FFCBE4B049AE050059B03994360029B1F
:1033E00002608360BE23DB00C1602200E65004213E
:1033F000042008F06DFCB64B2200E05004210420AC
:1034000008F066FCBF23DB00E0502200042104200A
:1034100008F05EFCAF4B049AE050059B03994360B3
:10342000029B02608360CA23DB00C1602200E65079
:103430000421042008F04CFCA74B2200E05004219A
:10344000042008F045FCCB23DB00E05022000421DF
:10345000042008F03DFCA14B4146E050039B049E34
:10346000C360D6230660059EDB004660029E2200F4
:103470008660E1500120033108F02AFC984B2200BD
:10348000E0500421012008F023FCD723DB00E050AA
:1034900022000421012008F01BFC924B0A99E05005
:1034A000914B0660CB6053464B61902300225B003A
:1034B000CA506033CA5053466B61D0230221029632
:1034C0008A4E5B00EE60EA506033EA506033E950A8
:1034D0002A000231022008F0FBFB9B239B00E850EE
:1034E0002A000421022008F0F3FB9A239B00E850F5
:1034F0002A000421022008F0EBFB99239B00E850EE
:10350000313BFF3B9C46AC44634603601193B223BE
:103510005B009C46AC446346436012930020B82392
:103520000B9A0421D6605561D0506033D05060337F
:10353000D050099A6E4B5561D36046461300C022A5
:1035400001309E501A001E0008F0C2FBCC2204215C
:10355000B0503200012008F0BBFBC8220421B0505B
:1035600032000120099608F0B3FBC426099A614B8A
:103570009051803202601392019AC021D36055614C
:103580001300424601205A501A00BC3908F0A0FB33
:10359000CC230199C8500A000120042108F098FBAF
:1035A000C8230199C8500A000120042108F090FBAB
:1035B000019B514698515E468033036014934E4BF5
:1035C0007161F36059460023E0200B50A0215A4658
:1035D0001E004900023353503D39FF39DE3808F0F0
:1035E00077FBA62359465B00C8505A4604210220A7
:1035F00008F06EFBA42359465B00C8505A460421CC
:10360000022008F065FBA22359465B00C850A03B8E
:103610005B440360159374235146F0225B4443607E
:1036200016930C98354B4161C36033008650464673
:103630005133FF33C650020006000421012008F078
:1036400047FBAE235B00F05032000421012008F05C
:103650003FFBAC225200B05004213200012008F0A0
:1036600037FBAA235B00F0503300AC3303605146B4
:103670004046C864C8677F30096517930950AC237A
:1036800050464146C1505146B020095038300B5881
:1036900040465246042118600C9608F019FB51462A
:1036A000EC228B582CE0C0461C04000014040000DF
:1036B0007C04000074040000DC040000D40400005A
:1036C0003C050000340500009C0500009405000046
:1036D000FC050000F40500005C0600005406000034
:1036E000BC060000B4060000E8500110F0500110C4
:1036F000F85001100851011018510110205101100B
:10370000FD4A1860A3180360A42040000B584046EF
:1037100052460421186008F0DBFAA62152464900FF
:1037200053585A464A4418600260D420524640001A
:103730001358404649391860FF3908F0C9FAD622B3
:10374000514652008B58424618600C9B4146E93363
:10375000FF330360E0202250043024508823404689
:103760005B004030E250FF300433E45022507032AE
:103770000430FF322450A1505C300432A450215058
:103780000430245048462358220019604046033133
:1037900008F09EFAE3592200186048462358404634
:1037A0000421586008F094FAE35922005860484612
:1037B000235840460421986008F08AFAE359220011
:1037C00098604846235840460421D86008F080FAA3
:1037D000E3592200D8604846235840460421186126
:1037E00008F076FAE3590C9FC822BC4652006244A6
:1037F00091464F461A6818611760A827BF00BC465B
:10380000AC4467465A6807971760BE2292009446F8
:10381000AC44624617009A680A99176086228C4663
:10382000DB68920062441A60089717009C2292009D
:10383000624402608E20414680002358069219603F
:1038400022000331012008F043FA8F229200A3588E
:10385000414618608E2080002358220059600120C4
:10386000033108F035FA8F229200A3584146586080
:103870008E2080002358220099600120033108F037
:1038800027FA8F2249469200A35801261A689860A9
:103890005B6811601F60069B41460360A6208000A4
:1038A0002358220019600120033108F011FAA721E2
:1038B0008900635888461860A6208000235822009B
:1038C0005E600421012008F003FA4146635822009B
:1038D0005860A6208000235804219E60012008F033
:1038E000F7F94146635822009860A62080002358CB
:1038F0000421DE60012008F0EBF941466358079986
:103900001A68D86011605A6808999B6811601F6036
:10391000069B22000360BE208000235881461E6063
:103920000421012008F0D4F9BF218900635888469A
:1039300018604846235822005E600421012008F0E8
:10394000C7F941466358220058604846235804216D
:103950009E60012008F0BCF941466358220098603F
:10396000484623580421DE60012008F0B1F94146A1
:10397000635807991A68D86011605A6808999B685B
:1039800011601F60069B22000360D6208000235830
:1039900081461E600421012008F09AF9D722920086
:1039A000A358904618604846235822005E600421C0
:1039B000012008F08DF94246A3580421586048467A
:1039C000235822009E60012008F082F94246A35845
:1039D00004219860484623582200DE60012008F048
:1039E00077F94246A35807991A68D86011605A6857
:1039F00008999B6811601F60069B22000360EE20FF
:103A00008000235881461E600421012008F060F9DF
:103A1000EF229200A358904618604846235822008F
:103A20005E600421012008F053F94246A3580421A6
:103A300058604846235822009E60012008F048F94B
:103A40004246A35804219860484623582200DE606D
:103A5000012008F03DF94246A35807991A68D8603A
:103A600011605A6808999B6811601F60069B2200CC
:103A700003608320C000235881461E60042101207A
:103A800008F026F91D4A0421A358904618604846BC
:103A9000235822005E60012008F01AF94246A3581C
:103AA000042158604846235822009E60012008F0F7
:103AB0000FF94246A3580421986048462358220033
:103AC000DE60012008F004F94246A35807991A68FD
:103AD000D86011605A6808999B6811601F60069B46
:103AE000220003608F20C000235881461E600421FD
:103AF000012008F0EDF803E0180800001C040000A5
:103B0000FE4A0421A35890461860484623582200D4
:103B10005E60012008F0DCF84246A358042158609A
:103B20004846235822009E60012008F0D1F8424602
:103B3000A35804219860484623582200DE600120E3
:103B400008F0C6F84246A35807991A68D860116071
:103B50005A6808999B6811601F60069B22000360E9
:103B60009B20C000235881461E600421012008F0DC
:103B7000AFF8E34A0421A3589046186048462358FA
:103B800022005E60012008F0A3F84246A3580421F9
:103B900058604846235822009E60012008F098F89B
:103BA0004246A35804219860484623582200DE600C
:103BB000012008F08DF84246A35807991A68D8608A
:103BC00011605A6808999B6811601F60069B22006B
:103BD0000360A720C000235881461E6004210120F5
:103BE00008F076F8C74A0421A35890461860484662
:103BF000235822005E60012008F06AF84246A3586C
:103C0000042158604846235822009E60012008F095
:103C10005FF84246A3580421986048462358220082
:103C2000DE60012008F054F84246A35807991A684C
:103C3000D86011605A6808999B6811601F60069BE4
:103C400022000360B320C000235881461E60042177
:103C5000012008F03DF8AC4A0421A35890461860B2
:103C60004846235822005E60012008F031F84246A1
:103C7000A358042158604846235822009E60012022
:103C800008F026F84246A358042198604846235875
:103C90002200DE60012008F01BF84246A358079975
:103CA0001A68D86011605A6808999B6811601F6093
:103CB000069B22000360BF20C000235881461E607F
:103CC0000421012008F004F8904A0421A3589046EA
:103CD00018604846235822005E60012007F0F8FF74
:103CE0004246A358042158604846235822009E604B
:103CF000012007F0EDFF4246A35804219860484692
:103D000023582200DE60012007F0E2FF4246A3585C
:103D100007991A68D86011605A6808999B68116001
:103D20001F60069B22000360CB20C0002358814601
:103D30001E600421012007F0CBFF754A0421A3581F
:103D4000904618604846235822005E60012007F024
:103D5000BFFF4246A358042158604846235822001A
:103D60009E60012007F0B4FF4246A35804219860EA
:103D7000484623582200DE60012007F0A9FF424692
:103D8000A35807991A68D86011605A6808999B6807
:103D900011601F60069B22000360D723DB00E358FD
:103DA00004211E60012007F093FF5A4B2A00E358BC
:103DB000042118600760A02040002E5004302D50D0
:103DC0002C302E5004302D50F4302B589B27804639
:103DD0001E60012007F07CFFBF00EB592A0018602D
:103DE00040462B5804215E60012007F071FFEB591B
:103DF00009995860019F1B684A1CFF321A607B1C9E
:103E00008C27FF3303600A00CE51080090214050F8
:103E1000C8200100135881461E60C439012007F0F4
:103E200057FFCC21099A884653580B9984228C4617
:103E3000902192006244186002600198C65140507F
:103E400049468146435802001E60C439012007F0EC
:103E50003FFF0B994B4642468C4601939B589D323F
:103E6000FF3262441860026080235846C6508420A6
:103E700081465846494640505946B0200E50A4202D
:103E800034334000C9500B5848385A461E6004214C
:103E9000FF3807F01DFFA6215A4649005358042158
:103EA0001860A4204000135848385E60FF3807F0BF
:103EB0000FFFA6215A4649005358D4215860890063
:103EC0001B686A1858311A606B180360B820804666
:103ED000AC224146BC230C9852004650C050835837
:103EE000B43902001E600600012007F0F1FEAE2387
:103EF000F4215B00F358C9000EE0C0467C040000CA
:103F0000DC0400003C0500009C050000FC050000EE
:103F10005C060000BC060000186063180360504691
:103F20002C30E0512000C03030632000F030286594
:103F30003030030048462B50200021005130FF3024
:103F4000030081310A98FF31C362016628002130E5
:103F5000FF300300290009980B9A836351316C30BC
:103F6000D062FF3150460B0001995C308B63030037
:103F700058466C311166C362EC236030E850303033
:103F8000030040462B5050468C30030030007366CF
:103F9000B04B98301B6D20651198139A1860149FD0
:103FA00012989A6058600C96DF60029E0E9F9E6287
:103FB000159E1F615E630126109F0F9A9F61049FEB
:103FC00003991F62059F5A615F62169F0D9AD9621D
:103FD0001F631799A04F7642DA619963002230007F
:103FE000390008F07FFE5346D03318605960012233
:103FF0003000390008F076FE53463133FF33186045
:10400000596002223000390008F06CFE53469133AB
:10401000FF331860596000223000390008F062FE5A
:104020002300C133FF33186059600122300039008A
:1040300008F058FE88229200A318186059600222E6
:104040003000390008F04EFEA0229200A31818603C
:10405000596004223000390008F044FEB822920072
:10406000A3181860596005223000390008F03AFEA4
:10407000D0229200A318186059600622300039003F
:1040800008F030FEE8229200A31818605960072259
:104090003000390008F026FE8022D200A3181860F4
:1040A000596008223000390008F01CFE8C22D20032
:1040B000A3181860596009223000390008F012FE78
:1040C0009822D200A318186059600A2230003900E3
:1040D00008F008FEA422D200A318186059600B2231
:1040E0003000390008F0FEFDB022D200A31818609D
:1040F00059600C223000390008F0F4FDBC22D200D7
:10410000A318186059600D223000390008F0EAFD4C
:10411000C822D200A318186059600E22300039005E
:1041200008F0E0FDD422D20094466444206061602F
:1041300000223000390008F0D5FD0A9C0F22230030
:104140001133FF33186059603000390008F0CAFDA0
:1041500023007133FF33186059600E22300039009C
:1041600008F0C0FD2B009133FF33186059600F2217
:104170003000390008F0B6FD2B00F133FF33186032
:10418000596010223000390008F0ACFD94229200F2
:10419000944665442860696000223000390008F0C8
:1041A000A1FD0B9C12222300A83318605960300037
:1041B000390008F097FD23000933FF331860596078
:1041C00013223000390008F08DFD23006933FF33DE
:1041D0001860596011223000390008F083FD099BF6
:1041E0001122B033186059603000390008F07AFDB0
:1041F000019B0022B033186059603000390008F08C
:1042000071FD5B46D03318605960022230003900DE
:1042100008F068FD5B463133FF33186059600222B5
:104220003000390008F05EFD0C9C03222300E033CF
:10423000186059603000390008F054FD2300413304
:10424000FF331860596019B0F0BCBB46B246A946AE
:10425000A046F0BD781A0020FFFFFF7F7047C046E0
:10426000094A83009A1810B51468402254408032DD
:104270002240064CC000A44663441A60044B9C468E
:104280006044416010BDC04604C0014004D00140FC
:1042900000400140074B8000C3181B68C900920012
:1042A0000A435A400C231340034A94466044036077
:1042B0007047C04604C0014004D001400123D02211
:1042C0008340120693629361094A83009A18116829
:1042D0004022514080320A400649C0008C46634467
:1042E0001A60054B9C460523604443607047C046F6
:1042F00004C0014004D00140004001408023DB05A0
:104300001868000F7047C0460FB400B5084883B066
:1043100004F07AFA049B002B07D005A9180001913C
:1043200004F020F8034804F06FFA012004F032F89A
:104330002851011018570110EFF3108072B6034A8C
:104340001368002BFCD0BFF35F8F70472C0100D0A7
:10435000BFF35F8F0022024B1A6080F31088704712
:104360002C0100D070B5EFF3108C72B60D4D2B6898
:10437000002BFCD0BFF35F8F0724CB08C618C05CAE
:1043800001230C40A3401C000440034207D1184302
:104390003070BFF35F8F2C608CF3108870BD1000FD
:1043A000FFF7B2FF2C0100D0F8B54746CE4688464D
:1043B00080B5EFF3108C72B6214D2C68002CFCD028
:1043C000BFF35F8F9A422CD8D4080727055D0619E2
:1043D00001241740BC402C421FD0072101278946E9
:1043E00009E0D408055D06194C4639001440A14087
:1043F0000C00294211D001329342F2D201204042F6
:10440000BFF35F8F00220E4B1A608CF310880028D8
:104410000FDBC0BCB946B046F8BD2543100035706F
:10442000EEE7BFF35F8F00232B608CF31088012031
:1044300040424346002BECD00898FFF765FFC0468A
:104440002C0100D0044A1078431CDBB2172B00D992
:10445000102313707047C046E010002010B5064BC3
:10446000064C82B00100009318221F232000FFF7A2
:104470009BFF02B010BDC0463851011048270020F4
:104480000021044B044ABFF35F8F02C39342FAD169
:104490007047C046000100D0800100D0054B064A9D
:1044A0001360064A136053609360D36013615361D5
:1044B000936170478080808000E400E004E400E0C5
:1044C0001F2318401E3B8340002905D0C021044A09
:1044D0004900535013607047802201498B50FAE71E
:1044E00000E100E001228240034B1B6813405A1E8A
:1044F0009341D8B27047C04600E100E001238340F9
:10450000014A13607047C04600E200E0064B1030DD
:104510009B688000C358054A00209B1A2F229A42AC
:104520004041C0B27047C04600ED00E0E4100020FA
:1045300070B50D00EFF3108672B60F4A1368002BAA
:10454000FCD0BFF35F8F0D4B10309B6884001B596C
:104550000B4A934203D09D4201D001F0B7F9074BBB
:104560009B681D51BFF35F8FBFF35F8F0022024B2B
:104570001A6086F3108870BD240100D000ED00E0C1
:10458000C1010010F0B557464E46DE464546E0B53F
:1045900085B0060000911700EFF3108B72B66A4ADF
:1045A0001368002BFCD0BFF35F8F0025674B5D576E
:1045B0009A46002D00DAA9E06B00654C01935B1967
:1045C0009B009846A146C1444B4652469B79103603
:1045D0001370604BB6009B6899590B1B2F2B33D976
:1045E0005D4B994200D0ACE0019B42469C465B4B40
:1045F0006544AD0063535A4B0232A218043B9B1A28
:104600001B05584A5B0D651913436B80564B0121FE
:10461000AB80FF23AB71009BEF71AB604B460B434C
:1046200019004C4B9B689951BFF35F8FBFF35F8FAD
:104630000022454B1A608BF3108805B0F0BCBB46D6
:10464000B246A946A046F0BD01200A008243D379B4
:104650008C46BB4231D84546130044491B1B5B4185
:104660005943090D3D4B63533D4B02356519043BDE
:104670005B1B1B053B4D5B0D2B43AA464D466B80D8
:104680000425AC465546E044131F44441B1B1B0540
:104690005B0D1D434B46997100999D809960494679
:1046A000DF71334B01431360BBE75800C018800033
:1046B0002018C179B9422FD902000623D356002B06
:1046C000F3DA02932B4B61460393131D9A4604239E
:1046D0005B429C46E14450464B461B1A1B055B0D52
:1046E0009C46204B95719846634640460343938011
:1046F000019B5A199200039BA418A380029B1C4A99
:10470000A371009B2260E771A3608AE701F0DEF8E5
:10471000002553465D574FE7908802934005131DCF
:104720009A46031561469C464046D444634604308D
:104730002018181AE0230005400D1B0218430390AF
:10474000C5E701F0C3F84FE7240100D03B3000205B
:10475000E410002000ED00E0C101001000A1FFFF07
:104760001411002000E0FFFF01BDFFFFAAAA000016
:104770000148804701BD0000F0B5DE4657464E4671
:104780004546E0B50C0083B0EFF3108872B6634A7B
:104790001368002BFCD0BFF35F8F614B61499A68AF
:1047A000030010339F00D55900938D4243D0A5429A
:1047B00054D05D4EAA1B2F2A3DD85C4B9C461B68EB
:1047C0009A4601231A0099468240534613401F22FD
:1047D00001934B46024093409A46802263465046DE
:1047E0009850BFF35F8FEFF305839B46002B37D0C4
:1047F000009B5B4501D001F069F82A004B469A43C3
:104800009068844208D177E04B005B189B00F31856
:104810009868844236D01A00062151560029F3DAEE
:10482000844255D0019B002B27D0C02251463F4BDC
:104830005200995019603A4B9B68DD51BFF35F8F6E
:10484000BFF35F8F0022354B1A6088F3108803B0E6
:10485000F0BCBB46B246A946A046F0BD0D00EAE753
:104860002A004B469A4390688442D5D106201056C0
:10487000130000280ADA0D0032E0802351462B4A4B
:10488000D150D8E706201856002822DB4200111824
:10489000890074188946A1689960E179D971062167
:1048A00061569971002925DBA488F11A6405241545
:1048B0004C440919E0240905490D2402214399803B
:1048C00013181B4A9B001178F31899711070A9E70F
:1048D00013005946002914D1FF3191711549918077
:1048E00013490A789A71144A9B1B5B415A43120D73
:1048F0000A7097E71149E2E70620105613000028D6
:10490000C4DA0F4A0F49D21A083A5002400D014347
:1049100099800D4952080A43DA8083E7240100D0C8
:1049200000ED00E0C1010010E410002000E100E013
:104930003B30002001BDFFFFAAAA000001BD00001E
:104940001E11002000F0FFFF00F8FFFF70B50124EA
:104950000443EFF30581EFF3108C72B6214A13681C
:10496000002BFCD0BFF35F8F1F4B05001F4AED1AD1
:104970006D416A43120D1E4D8900AE6852B27658E1
:10498000A6421CD00621595691421CD012215956DC
:10499000914222D01E215956914220D02A215956A7
:1049A0000324914210D0134B19781A708171BFF310
:1049B0005F8F00220B4B1A608CF3108870BDAB68C0
:1049C0000D4C5C50EFE700246100091989005B1869
:1049D000FF21997109499980E5E70124F4E7022450
:1049E000F2E7C046240100D0E4100020AAAA00008B
:1049F00000ED00E03B300020C101001001BDFFFFD1
:104A000010B5084B084C82B001000093002205232A
:104A10002000FFF7C9FC002801DB1F23181A02B091
:104A200010BDC046545101104130002070B5040043
:104A30000E001500FFF706FD0100200000F006F84B
:104A4000A680E580BFF35F8F70BDC046024B9C46D9
:104A500061448900016070474000003470B5114C1A
:104A6000114DAC420FD2FF262368002B0CD0FFF76C
:104A7000E9FC01002000FFF7E9FFA680BFF35F8F8C
:104A80000834AC42F0D370BDFFF7DCFC010020001D
:104A9000FFF7DCFF2671BFF35F8F0834AC42E3D32E
:104AA000F1E7C046E8180020F818002010B504000F
:104AB000FFF7C8FC01002000FFF7C8FFFF232371A8
:104AC000BFF35F8F10BDC04610B504000120FFF793
:104AD000C5FC034BC3189B002360BFF35F8F10BD61
:104AE00040000034034B9C46614489000160BFF3E1
:104AF0005F8F7047400000340A4B1968EFF3108055
:104B000072B60A68002AFCD0BFF35F8F1B68BFF340
:104B10005F8F00221A6080F3108840BF00200021C0
:104B20007047C04608300020F0B5DE4657464E4676
:104B30004546E0B583B0EFF3058203231340B54A41
:104B4000990052580091904601229A409346B24BE8
:104B50001A60B24B01935B46B14843634346082257
:104B60009B5E9946002B3ADA43469B881BB2002B8A
:104B700000DB9DE043469B79002B00D0E1E04346FB
:104B800008241C5F002C20DB43465A6963001B1974
:104B9000DB00D3189D68DC686B1C00D103E1A048E2
:104BA000009984466144826A0B69AE1A9B1A9E4240
:104BB00013D35A46036A1A420FD0994800F0A8FB53
:104BC0008C4202DCC7D18542C5D940BF03B0F0BCDE
:104BD000BB46B246A946A046F0BD0D61EDE7424690
:104BE00052695B0092464B44DB009A4453469E68F0
:104BF000DF6800F08DFB8F42B6DC00D1F8E0002FBB
:104C000000DAD9E05246534654691B69019A93422F
:104C100000D1CCE0414652460820085E528800048C
:104C200021001043984704000D0023002B4300D1BE
:104C3000C2E0002D00DBDFE030003900001BA9419D
:104C400053469860D96000229A5E002A00DA8BE70A
:104C500043465D6953009C18E4002C19A768E4687A
:104C60008C4200DD80E702D1874200D97CE74646CE
:104C7000328108360DE08C4200D1C6E01E000023D0
:104C8000F25E002A0ADB53009C18E4002C19A76886
:104C9000E4689B18DB00EB188C42ECDD53461A806D
:104CA0004B46338043469B881BB2002B00DA61E7FA
:104CB00043461A69EFF3108172B61368002BFCD0DB
:104CC000BFF35F8F43469E88012342465B42938039
:104CD00036B21369BFF35F8F00221A6081F3108828
:104CE000002E00DA46E743465D69083342469C469B
:104CF0007700BF19FF00EF19BB686046984608238C
:104D0000D15E9246FC68002907DA0EE0A24246D046
:104D100018000023C15E002906DB4B005B18DB0096
:104D2000EB18DA68A242F1DD524606800023FE5EEF
:104D30003980002EDCDA904643469B79002B00D167
:104D40001DE7002342469371434646460821595EBB
:104D500008364B1C00D138E747468946556902E0C2
:104D600006004B1C18D04B005B18DB00E8180A004B
:104D70008C46E95E43881BB2002BF1DA01235B42CB
:104D8000DC178360C4604A4503D031803B890380CF
:104D90003A81E1464B1CE6D1B8464C46F2E69A68A9
:104DA0004245B5D9C0E7631C00D0F8E605E720000E
:104DB00023699847002825D1534642461B88138112
:104DC0001269EFF3108372B611680029FCD0BFF3AB
:104DD0005F8F4246514652880A804246494651807A
:104DE0001269BFF35F8F0021116083F31088BBE667
:104DF000864200D803E7B7E6094800F089FA0019AF
:104E000069411DE7656824680FE7874200D835E7E8
:104E100044E7C046E82F00203C700540294B0010B5
:104E20000040054070B52E4C2569002D04D00A21A4
:104E30002C48FFF70BFE70BD2B4E0321300000F015
:104E40005DFAE660FFF7FEFA284B03229C46D0236A
:104E500022701B061B6801216370254B6044A36010
:104E60000F23800020610220638063694942A18092
:104E700019800231198647311D83585218315A5210
:104E800075325C3999521832013199521832013118
:104E90009952183201319952083518329D52023117
:104EA00018329952183201319952183201319952FF
:104EB00018320131995218320131995218320131A8
:104EC00099520C4B0C49DC6001303562FFF730FB26
:104ED00001210320FFF7F4FA084B1D60A7E7C04645
:104EE0002C11002008300020004005404000003414
:104EF000FFFF1000E82F0020294B0010386005400C
:104F0000004870472C110020F8B51F0008AB1B7833
:104F100004001600002B08D100F002FA32003B001A
:104F2000121A8B41002B00DA53E02269EFF3108054
:104F300072B61368002BFCD0BFF35F8F0223E15ED3
:104F400063694A005218D2009B18002937DB1A887F
:104F500062802269BFF35F8F0025156080F310889F
:104F6000069A9E60DF601A61079A5A615A88013278
:104F70005204520C101C002A1FD082B25880080420
:104F800010432669EFF3108772B63268002AFCD00E
:104F9000BFF35F8FA2881A80A1802369BFF35F8F60
:104FA00000221A6087F310880B4923788C4601325F
:104FB0009A40E36863441A60F8BD0120DDE7236985
:104FC000BFF35F8F00221A6080F3108801204042F7
:104FD000F2E70020F0E7C0463C20000070B5010079
:104FE0000469EFF3108C72B620680028FCD0BFF380
:104FF0005F8F02200D5E4C6968004019C0002418C4
:10500000002D37DB208848800869BFF35F8F0026BA
:1050100006608CF31088E360638804980133206194
:105020005B0405985B0CA26060611A1C002B1FD00A
:1050300093B22804628018430A69EFF3108C72B6A9
:105040001368002BFCD0BFF35F8F8B8823808D808B
:105050000B69BFF35F8F00221A608CF310880B7806
:1050600001329A40CB6808498C4663441A6070BD8F
:105070000122DDE70B69BFF35F8F00221A608CF31A
:10508000108801204042F2E73C20000010B543891F
:105090000A1493421ADD53009B184269DB00D318AF
:1050A0000469EFF3108C72B62268002AFCD0BFF3BB
:1050B0005F8F5A88090494B2090C8A4208D00369A8
:1050C000BFF35F8F00221A608CF31088002010BDA0
:1050D0008022120214435C80012302698371BFF3B2
:1050E0005F8F002111608CF31088044902788C4690
:1050F0009340C268012062441360E8E73C2000004E
:1051000040787047F0B504000D0006267642F71788
:10511000C64636196F4100B582B08F4214D811D0FF
:1051200000F0FEF832003B00121A8B41002B17DC16
:10513000002B47D02000290000F030F902B080BCDD
:10514000B846F0BD8642EBD90022002316001F00AE
:1051500000F0E6F832003B00121A8B41002BE7DD2D
:1051600000F0DEF832003B00121A8B41002B0ADB04
:1051700000230193154B3200009315483B00FFF7C5
:105180002DFF0028D6DB00239C46B046114A124E64
:10519000736A9F4204D8B16A8845CBD99F42C9D16E
:1051A0001168EFF3108072B60B68002BFCD0BFF3D0
:1051B0005F8F1368BFF35F8F6146196080F31088BB
:1051C00020BFE5E7002AB5D0CAE7C046F94A00107B
:1051D0002C110020083000200040054070B504006C
:1051E0000D0000F09DF88023001969411B069942CB
:1051F00002D3012002494042FFF784FF70BDC04640
:10520000FFFFFF7FF0B5D6464F464646C0B50400C7
:105210000D0082B0EFF305878946002F0ED0344988
:1052200000204B6AAB4203D38A6A0130A24226D3E4
:1052300002B0E0BCBA46B146A846F0BD2D4B984638
:10524000DB689A46434650461E7800F061F80B0032
:10525000514602000436B600715820008E1A29000B
:10526000801A99418F4211DC0ED020BF204A0020C5
:10527000536A4B45DCD3926A0130A242D8D25B1B01
:105280005A1E9341D8B2D3E78642EED900F048F8CF
:1052900022002B00121A8B41002B1ADB00230193F2
:1052A000154B2200009340462B00FFF797FE011E8E
:1052B0000FDD0F4B5A6A4A4517D39B6AA34212D39C
:1052C0004046FFF7E3FE0A4A0020536A4B45AFD33E
:1052D000D1E7074A0020536A4B45A9D3926A0120BF
:1052E000A242A5D2CBE74A45EAD120BFE8E7C046B3
:1052F000004005402C110020F94A001010B5024A68
:105300000248FFF72FF810BD705101104C27002004
:105310000300416A0A00986A596A8A42FAD17047C2
:10532000034B596A0A00986A596A9142FAD1704748
:105330000040054070B504000D00174A536A19007B
:10534000966A536A8B42FAD13000190024184D41F5
:10535000AB4216D813D0104A2B00526A954203D99B
:105360000D494A6A9A42FCD39A4207D10A4A02E09E
:10537000516A994202D1916AA142F9D370BDA64205
:10538000E9D9054B5B6A1C005A1CEFD001230124AC
:105390006442E5175B42E3E700400540064A536A72
:1053A0009942FCD807D1044B02E05A6A914202D1DB
:1053B0009A6A8242F9D3704700400540F8B504006C
:1053C00006200D0000F078F9002844D0374B38490A
:1053D000E3185A1E93418022120494465B429B0DAF
:1053E000344A9B0563441360334A136018000A680B
:1053F0009043FBD12D4B314AE31859424B41802158
:105400005B0049000620995200F056F92900C000BF
:1054100000F0B4FB0130C3091ED1402701226262B3
:10542000A362266BF30722D4E36A254B0620E51816
:1054300000232B60266300F03FF93900800000F064
:105440009DFB7023E26A5A400E3313402B601D4BC4
:1054500023630323A364F8BD1B4A93421ED9002390
:105460001A4A1B4F6262A362266BF307DCD5194B05
:10547000144AE3181A60656AA36A0620AD01ED18A4
:1054800000F01AF9144900F079FBAD020100280080
:1054900000F074FB0021FFF74DFFC5E74006800ECA
:1054A0009F011A003F180300B9E7C0460080FCBF07
:1054B00008C0004000E0004000F000401430002030
:1054C0002C10000001030000FEFF0000FFFF0000A1
:1054D000C0FF3F00303000004E0E0000F8B5DE4641
:1054E0004E4657464546E0B58B4605000A991800DA
:1054F000160000F043FB0A9B6C001F02324B64193C
:105500009C46A4006444636881469F4200D967605A
:105510002B1FDBB29846012B30D9C02380229B0180
:10552000E31812011A60294BAD0059599A46002917
:105530001BD17301E026226853401E40802342465F
:105540005B01E3181E60012A30D9802380229B0171
:10555000E31812011A6053464A4667605A51F0BC7C
:10556000BB46B246A946A046F8BD586900F006FB06
:10557000013043001B18033BFDD2DAE75B46012BE9
:10558000CBD1C02303229B01E3181A60023AA3681F
:105590001A42FCD07301E0262268AD0053401E4041
:1055A00080230A4A5B019246E3181E605A4621682E
:1055B000514003220A401A6001225B469A40A368C8
:1055C0001A42FCD0C1E7C0460080004054270020AA
:1055D000F0B546464F46D646C0B51F00344B440092
:1055E0009C462418A4006444636888461600FF2B78
:1055F00002D880235B006360031FDBB29A46012B55
:1056000030D9C02380229B01E31812011A60294B74
:1056100085005959994600291BD17301E02622685B
:1056200053401E40802352465B01E3181E60012A4E
:1056300030D9802380229B01E31812011A60802355
:105640005B0063604B465F51E0BCBA46B146A8467A
:10565000F0BD586900F092FA013043001B18033B7B
:10566000FDD2DAE74346012BCBD1C02303229B01B5
:10567000E3181A60023AA3681A42FCD07301E026CC
:105680002268850053401E4080230A4A5B019146F0
:10569000E3181E6042462168514003220A401A6006
:1056A000012342469340A2681342FCD0C1E7C046A2
:1056B0000080004054270020014B8000C0587047F4
:1056C00054270020F8B5040021481E0017000D00E3
:1056D00000F054FA0100380000F050FA069B36043E
:1056E0001B031E432368002B20DB1A4B1A49E318C7
:1056F0005A1E93418022920194465B421B0B174A2B
:105700001B0363441360164A13601F000A68974323
:10571000FBD1144B2560E2182123A060136023689D
:10572000002BFCDA0823E6601360F8BD3F232268F3
:105730001340AB42D9D1A3681B051B0D8342D4D1C2
:10574000EE22E368D2021340B342CED1EDE7C04669
:10575000001BB7000040FDBF08C0004000E0004053
:1057600000F000400430000010B580241C4BE4051C
:105770001C6000281AD001231A4C18431A4BDC6114
:105780001A4C44401C62596298628021144BC9052E
:105790001960174817490860E021C9041960002AF8
:1057A00007D18022144B12061A6010BD0E4BD8612F
:1057B000EBE753019B1A9B009A18802312015B04AC
:1057C0009A4209D213000D490B60074B5A608022A0
:1057D000094BD2051A60E8E7094B1A00F3E7C04607
:1057E00000B00540D3C007B0008005402D3FF84F02
:1057F000FCFF01000820014000A00540D82F002038
:10580000FFFFFF008023024A9B000B43D3627047D7
:1058100000800540142310B50100188804331B884C
:10582000984710BD162310B50100188802331B8855
:10583000984710BDF8B54746CE4680B50F1E19D023
:1058400014239946043304000025012698464B464C
:105850001888434621681B88984701C4431E984115
:10586000013540420640AF42F1D13000C0BCB946DC
:10587000B046F8BD0126F8E7142370B50400188877
:1058800004331B880D000549984703000020002CB5
:1058900001DB0130A04029009847C0465542000076
:1058A000AA23064A1B0113608D235B00D3600449C1
:1058B000044B19605368002BFCDA7047004002402B
:1058C00000B0FA00006002407047C04610B50148C1
:1058D000FEF71AFD9451011070B5074D074EB54201
:1058E00009D20024013E761BB60808CD9847230054
:1058F0000134B342F9D170BDB84B0110F44B011023
:10590000054B064A06491A60064A074B1A60100002
:105910000B689843FBD1704700E00040BFCDFBFE11
:1059200008C00040FE7F3C0000F00040044BDB6CF0
:10593000002B03D18022034BD2021A607047C0466D
:10594000000011504C201150044A054B1A60054AC2
:105950001368DB018033FBD17047C046FFFFFF01B6
:1059600000F0004008C000404022034B9A675A678D
:105970001A67DA667047C04600F0014010B5FEF7BE
:105980007FFD10BDF8B52749274C284D641AA61095
:105990003200302E00D930222800920001F00EF99A
:1059A000BC2C3BD830202F232C196407204A801BA5
:1059B000E40F9B1B052B16D93700002C02D0B30037
:1059C000771CEA50001B33199B004108EB18C900F3
:1059D000C9181A605A6008339942FAD10123034268
:1059E0001CD09843C619B300EA50731C2F2E15D053
:1059F0009B00EA50B31C2E2E10D09B00EA50F31CE3
:105A00002D2E0BD09B00EA50331D2C2E06D09B0070
:105A1000EA50731D2B2E01D09B00EA50054B9D6070
:105A2000F8BDC04600010010C001001000000020B9
:105A3000C101001000ED00E0002310B5294C82B038
:105A4000A367FFF72DFF0122274B1A60636C012B20
:105A5000FCD10322254B1A60224A936B012BFCD107
:105A6000013300930121224A22480433FFF72AFE22
:105A7000052301210093204A2048FFF723FE00223E
:105A8000022104201E4BFFF7A3FD00220121052067
:105A90001C4BFFF79DFD0022002107201A4BFFF74A
:105AA00097FD002200210820174BFFF791FD80236E
:105AB000DB000093002200210920134BFFF70EFDAD
:105AC0000022104B00210620FFF782FD0420FFF783
:105AD000F3FD0E4900F052F801000020FFF792FE9E
:105AE00002B010BD008000403CB0004030B000402B
:105AF000002F685900800240008C864700C0024099
:105B0000001BB70040597307006CDC0240420F00D5
:105B100001480421014B184750110020355800104E
:105B2000014B9B681847000050110020124A936FE8
:105B30009B0815D29066D166002905D0FFE7FFE7E4
:105B4000FFE7516F106F704704B580210906C21737
:105B50005140002800D0C8430EF0DEFF002104BDF4
:105B6000F0B5146E556E576F166FFFF7E3FF1466AE
:105B7000556657671667F0BD000000D0114A936F55
:105B80009B0813D210665166002905D0FFE7FFE796
:105B9000FFE7516F106F704704B5002801D0002057
:105BA000C0430EF0B9FF002104BDC046F0B5146E2D
:105BB000556E576F166FFFF7E5FF1466556657670A
:105BC0001667F0BD000000D094464A4A926F9208D2
:105BD000624601D228E0C046F0B5464E346E756E7E
:105BE000776F366F00F020F89446424A1466556687
:105BF000576716676246F0BD94463E4A926F920818
:105C0000624601D254E0C046F0B53A4E346E756E2D
:105C1000776F366F00F04CF89446364A1466556636
:105C2000576716676246F0BD002B24DB11D00029B0
:105C30003EDA00B5C943404200D1013100F038F8E6
:105C4000C943404200D10131DB43524200D101330C
:105C500000BD002AEBD1002801D1002905D0002089
:105C6000C90FC90701D1C043410800B50EF03CFF80
:105C70000022002300BD00B500290ADBDB435242AD
:105C800000D1013300F014F8C943404200D1013182
:105C900000BDC943404200D10131DB43524200D133
:105CA000013300F005F8DB43524200D1013300BD5F
:105CB000002923D1002B18D1002A0CD0BC460D4F4F
:105CC00038667A6600210023FFE7FFE7FFE77A6F77
:105CD000386F67467047002801D00748010000B5BB
:105CE0000EF002FF0022002300BD02000B00002086
:105CF00000217047000000D0FFFFFFFF002B00D005
:105D0000BFE0130C28D1002AE7D080B4114F3966C8
:105D10007A66FFE7FFE730B4040C7B6F396F1B0432
:105D200023433B667A66FFE7FFE7FFE7C04684B29E
:105D30007B6F3D6F1B0423433B667A66FFE7FFE7FB
:105D4000C04600232C042D0C7A6F386F001969416E
:105D5000B0BC7047000000D0F0B594460025140E8A
:105D600001D112020835140F01D112010435940F2C
:105D700001D192000235D40F01D152000135D40B6C
:105D80000134254F7C66254C3C660E0C93B2FFE730
:105D9000FFE7FFE73C6F6643360C7703BE4673436D
:105DA000DF0B5B04C01AB941130C7343DB18C91A2B
:105DB000CE086643360CB64493B273431F0F1B01E3
:105DC000C01AB941130C73431F0B1B05C01AB9410C
:105DD000860D8F023E436643360C092D24DB520AA2
:105DE0007243801A7703460A6643360C16235B1B00
:105DF000DE40DF40BF1964466643821B70460435AF
:105E000006330100D940A840C01900D30131A24295
:105E100006D20023F0BD0000000000D0FFFFFFFF0E
:105E2000121B0130F3D3F1E709277F1BFE406446C4
:105E3000A2B27243801A00D20139220C7243130CB1
:105E40001204821A99410B00704604351337010081
:105E5000F940A840801900D30131002B02D1A242A1
:105E60000AD2F0BD013000D30131121BFAD2013B3E
:105E7000F8D1A24200D2F0BD013000D30131121B93
:105E8000F7E7F0B51C0C00D080E00CB400251C0A2C
:105E900004D11B02160E3343120208351C0B04D129
:105EA0001B01160F3343120104359C0B04D19B00D8
:105EB000960F334392000235DC0B02D192185B41FE
:105EC00001351C00971864410134464F7C66464CEE
:105ED0003C660E0CFFE7FFE7FFE7C0463C6F6643FA
:105EE000360C7703BE4697B27743C01B00D2013908
:105EF000C01B00D201399FB27743C91BC91B170CC5
:105F000077437E04FF0B801BB941CE086643360CF5
:105F10000C2D33DBB644120B1F053A431B0B97B213
:105F20007743C01B00D201399FB27743C91B170CBE
:105F300077433E043F0C801BB941860D8F023E43E0
:105F4000664329277F1BFE400C3D7746AF40BF19B3
:105F500030BCA2B2ABB272437343801A9941220C97
:105F60007243130C1204801A994102000B0001378E
:105F7000001BA941F9D2781E0021F0BD0C277F1B20
:105F8000FE4077467F0BAF40FF19E0E700245D1C21
:105F900007D0144F7D663966FFE7FFE7FFE7FFE7AD
:105FA0003C6F95B29EB265436643401BB141150CF0
:105FB0001E0C6543664336042F0C3E432D04401BE4
:105FC000B141994204D202000B0020000021F0BD33
:105FD00001D19042F7D3801A994101349942F2D30A
:105FE000F6E70000000000D0FFFFFFFF48404140FF
:105FF000484018B41B4B5B68FC46019308BD04DFA6
:10600000BF62001018B4174B1B68FC46019308BD13
:1060100000DFC96200109446134A926F920809D2B9
:10602000624618B40F4BDB68FC46019308BD0CDFD9
:10603000816500100C4AF0B5146E556E576F166FDF
:106040006246FFF7EEFF084A146655665767166703
:10605000F0BD18B4034B9B68FC46019308BD08DFF4
:1060600025640010401B0020000000D0FFB5504008
:106070004240504059404B40594000E0FFB5154F59
:106080004C00640D03D0BC4204D10C0314D8002092
:10609000090D09055C00640D03D0BC4204D11C034A
:1060A0000AD800221B0D1B0501264B4009D44B408A
:1060B00003D58B4200D18242FFBD9942FCD1904270
:1060C000FFBD0B43DB1803431343F5D0C943491805
:1060D000FFBD0000FF07000000B5FFF7CFFF01D0B4
:1060E000002000BD012000BD00B5FFF7C7FF8041C3
:1060F00000BDC04600B5FFF7C1FF01D9002000BDBB
:10610000012000BD00B5FFF7B1FF01D9002000BD9F
:10611000012000BD00B5FFF7A9FF804100BD0120AF
:1061200040054A00121804D85A00121801D800205D
:1061300070470120704700000021002805D17047FA
:10614000C1174840401AFAD0C90713B5064B1B685F
:1061500098470CBC441CA2401005120B0349091BB4
:1061600009051943114310BD043000201F0400002D
:1061700010B54C00620D8023D218DB00D21A5B05EB
:106180007E2A10DD9E3A13DACC1709034908194319
:106190005242D140640001341532202A05DAD04041
:1061A0000843604310BD002010BD0846604310BD89
:1061B000C80FC018013810BD18B4044B5B6AFC4608
:1061C000019308BD24DF316700100000401B002050
:1061D00018B4044BDB6FFC46019308BD7CDFB1674C
:1061E00000100000401B0020132370B51D78012D06
:1061F00019D014DD1F48FFF715FB06001E48FFF7F6
:1062000011FB1E4C80223100200000F0D7FC022D33
:106210002DD01B48FFF7FEFA1A4B186070BD1A4BC1
:10622000164CA364F5E7184B144C23606360A3601D
:10623000E36023616361A361E36123626362A3623C
:10624000E36223636363A363E36323646364A3641C
:10625000E36423656365A365E36523666366A366FC
:10626000E36623676367A367E367A364D1E7064B2D
:10627000A364CEE75344000053460000401B0020B7
:106280004C330000043000208D62001007B56046DA
:1062900001880A0A0230DF2AFAD1C9B2820804D37F
:1062A000028840880004104300E00068014A505012
:1062B000039007BD401B00200FB403BC0CBCF0B51D
:1062C0000124E407634000E0F0B50C0DCF0F661E1B
:1062D0003605891B640503D3C943404200D301310D
:1062E000640D03D0661CF60A07D0E41B00207F0073
:1062F000791C89078912803C24031D0DDF0F6E1E57
:1063000036059B1B6D0503D3DB43524200D301339B
:106310006D0D03D06E1CF60A07D0ED1B00227F0026
:106320007B1C9B079B12803D2D032F1B661B58D4A3
:10633000A446202E46DA20371400BC401D00BD4084
:10634000F24033412A4380185941CB0F05D0C9434D
:10635000C043002264425041514162464D0D28D154
:106360000D0D07D100281FD0241940414941013AA1
:106370000D0DF9D0640006D3013000D30131002C9B
:1063800001D140084000013A0BD4941CE40A04D126
:1063900012051144DB071944F0BDD907204B1943FE
:1063A00000E0D9070020F0BD0029DDD1002CDBD1B1
:1063B000F0BD0132C6074008CD0728434908002E2A
:1063C000E1D0D9E73C2E29DA203E40371400BC400A
:1063D00000D00124F24014431A00BB401C43D317E1
:1063E000ACE7AC46202F08DA20360400B4400D009C
:1063F000B540F84039412843A5E73C2F0CDA203F4F
:1064000040360400B44000D00124F84004430800A2
:10641000B1400C43C117EAE710001900002494E7CB
:106420000000F07FF0B50C0D661E3605891BE60AEC
:106430006405640D02D0651CED0A04D00020012122
:106440000905803C2403A4461C0D671E3F05DB1B89
:10645000E70A6405640D02D0651CED0A04D0002231
:1064600001231B05803C24037740644497B484B225
:1064700096B27443070C7E43150C6F4380B2684399
:10648000361802D3012000043F183004350C0019DF
:106490007D41844688B29AB250430C0C62431F0C73
:1064A0007C438EB27E43921902D301263604A4198E
:1064B0001604170C3618674101BC81B29AB25143D9
:1064C000040C62431B0C5C4380B25843121802D385
:1064D0000120000424181004130C401863412D18E7
:1064E0005E410020474106BC88B293B258430C0C71
:1064F0006343120C544389B251435B1802D3012108
:106500000904641819041A0C091862416D185641DF
:106510000020474118BCF902720D1143F0026A0DC8
:106520001043ED020A0D03D16D1940414941013B71
:10653000124E9B1B7600B3420ED26D0007D3013082
:10654000002671416646354301D1400840001B05D5
:10655000C918E4072144F0BD0BDA013306D101303C
:1065600004D101314F0D01D04908F2E7E1070020C5
:10657000F0BD013631050020EBE70000FF0300000D
:10658000F0B51C0D671E3F05DB1BE70A6405640DB3
:1065900002D0661CF60A04D0002201231B05803CB1
:1065A0002403D0252D060026F6432E661E096E66AE
:1065B000CE0FF619B44649004F0D02D07E1CF60AE4
:1065C00003D000200021403F3F033E1BB600B444EF
:1065D000013F7F05C91B49082E6F013676089C02D2
:1065E000950D25437543ED137543AD1301356D10BE
:1065F000F603761B0CB4CC02450D2C43A2B2B3B209
:106600005A43270C7B43350C6F43A4B26C431B19D0
:1066100002D3012424043F191C041D0CA4187D413D
:1066200024196D41009A91B2ACB26143170C7C43BE
:106630002B0C5F4392B25A43A41802D301221204D6
:10664000BF182204230C52187B41019C6C431B1978
:10665000520ED9010A434401A01A81B2B2B2514389
:1066600003145A43360C734387B27743D617D219B3
:1066700000277E4136049B191704160C7F185E41D3
:106680007316ED18F301002680337541A90F06D16A
:106690006400690AE8055B0A184309D22FE0042266
:1066A000944480337541A90AA8059B0A184326D350
:1066B000404149412404009A019B0D005543641B4D
:1066C0004343E41A95B286B27543170C7E43030C1C
:1066D0005F4392B25A43B61802D301221204BF1884
:1066E0003204330C52197B4152429C41002C02D49B
:1066F0000022013051414008CA071043490802B046
:106700006246D7079210084BD218084B9A4203D220
:1067100012058918C919F0BD0020002A01DC3900D2
:10672000F0BD01331905F5E7FD030000FE07000089
:10673000002200B5203200F004F8080000BD00007F
:1067400000220B150AD410B5944600F05FF814141B
:10675000013400DA0021CB17144C2047002000211F
:1067600070476244343A0CD40C2A07DA0400914092
:10677000904052422032D440214310BDD843D943E7
:1067800010BD203207D40C469440524220321141B1
:10679000D040204310BD0800C917203203D4524214
:1067A0002032104110BD1800190010BD63670010A1
:1067B0004A00520D144BD21A13DDFF2A1EDAD205FD
:1067C000CB0FDB071A43C300400F0903490A0843F4
:1067D00010435B0001D301D0013070474308FBD266
:1067E000704702D0C80FC00770470A031213013266
:1067F000F8D1420F072AF5D1012200E0FF22C80F8D
:1068000000028018C0057047800300000A0DCC0FFD
:10681000531E1B05C91A520503D3C943404200D376
:106820000131520D03D0531CDB0A07D0121B00208C
:106830006400611C89078912803A1203014BD21A45
:1068400070470000FF03000051434343C9188C46C2
:10685000110C83B24B4310B4040C614392B280B26A
:10686000504362431C041B0C001910BC5941130413
:10687000120CC0185141614470470000484041402B
:1068800048400E4B5B6818470C4B1B6818470C4A76
:10689000936F9B0802D2094BDB681847F0B5146E62
:1068A000556E576F166FFFF7F6FF054A146655666B
:1068B00057671667F0BD014B9B681847401C0020C6
:1068C000000000D007B548404140484001E0C046C4
:1068D00007B54200120E03D0FF2A03D1420218D896
:1068E000C00DC0054A00120E03D0FF2A03D14A0290
:1068F0000FD8C90DC9050122414005D4414001D539
:10690000814207BD884207BD0143491801D0C043F9
:10691000001807BD00B5FFF7D5FF01D9002000BD65
:10692000012000BD00B5FFF7CDFF804100BD491A31
:10693000002807D108467047C10FC90700D540425B
:10694000002817D0F44603B40B4B1B68984706BCCD
:1069500081409E384042803107D20B0607D0490063
:10696000490AC0051043084360470130F8E7490A67
:106970008902F5E77047000004300020014B5B6A94
:1069800018470000401C0020054A1047C2179142DA
:10699000FAD0044BDB6DFC4618475CDF5F6A0010E1
:1069A00039690010401C0020034BDB6FFC46184780
:1069B0007CDF916A00100000401C0020132310B5FA
:1069C00012481C78FEF72EFF0100012C0AD003DDCF
:1069D00080220F4800F0F2F80E48FEF71BFF0E4B26
:1069E000186010BD0A4C5422200000F0E7F80B4B51
:1069F0006365A365E36523666366A366E366236751
:106A00006367A367E3672362E361E5E7534600003A
:106A1000401C00204C33000004300020216A00108C
:106A200007B5604601880A0A0230DF2AFAD1C9B2E6
:106A3000820804D3028840880004104300E0006804
:106A4000014A5050039007BD401C0020002230B581
:106A5000002906D5CD0705434808013A10E0002279
:106A600030B505000D430FD0CD170C16AC4205D143
:106A7000C901440E2143C0010732F6E705000800B2
:106A800052423D320149884730BD0000EF290000E5
:106A9000C30FDB0741000A0E07D0FF2A08D00909FF
:106AA000054A8918194340077047190000207047AC
:106AB0000249C918FAE70000000000380000F07F22
:106AC00070B504000A4E30000EF05EF820000CF0A5
:106AD0008BF9050030000DF0FFFF002D05D0054BB0
:106AE0002C199C4201D8280070BD0348FDF70CFC0E
:106AF000E818002000000420A0510110F8B506009D
:106B00000C000C4F38000EF03FF8210030000AF066
:106B10001BFB050038000DF0DFFF7443002D05D08E
:106B2000054B2C199C4201D82800F8BD0348FDF7FD
:106B3000EBFBC046E818002000000420A051011023
:106B400070B505000C000B4E30000EF01DF828004B
:106B500021000AF05FFB050030000DF0BDFF002DA5
:106B600005D0054B2C199C4201D8280070BD034864
:106B7000FDF7CAFBE818002000000420A051011016
:106B800070B50400054D28000DF0FEFF20000CF04C
:106B900035F928000DF0A0FF70BDC046E8180020B0
:106BA00001480421014B184760110020355800109E
:106BB000014B1B681847000060110020014B5B6807
:106BC00018470000601100209A4200D28854704794
:106BD0007047C046F8B55746DE464E464546E0B5D6
:106BE00099460A9B07009A460D9B884693460B9C44
:106BF0009B073BD10C9B9C423DD21E1B0B94150066
:106C00000C005E442A004B46013521002020B84785
:106C1000B542F7D1A0460B9C002C20D04546361932
:106C20005346321B013C185D29004B46B847002CE7
:106C3000F6D12B00350098460D9B9B070FD55B4680
:106C4000EC1A0C9BA3420AD9464698462A004B46AA
:106C5000310020200134B84701354445F6D32800DF
:106C6000F0BCBB46B246A946A046F8BD16001500CA
:106C7000002CD3D1E0E71600002CCFD11500EEE7B1
:106C8000F0B54F464646D646C0B584B098460EABE2
:106C90001B7894469946129B0D9C109F119E9A0753
:106CA00025D4002E65D1BC4221D201221A40924641
:106CB000202C00D1E9E00C9A551E302202E0202C55
:106CC00000D17BE001342A55A742F8D85246002A69
:106CD0000DD0B4420BD20C9A551E3022202C02D17A
:106CE00071E0202C2DD001342A55B442F9D1DA06B6
:106CF0003CD55A052ED4002C28D10F9A102A00D149
:106D0000B6E0022A00D1BCE030220C9C22700124A3
:106D10004A46002A65D15A0700D499E02B220C9DDF
:106D20002A55013403930C9B624600930296434616
:106D30000194FFF74FFF04B0E0BCBA46B146A84645
:106D4000F0BD2024DA06EDD55A0503D4A74266D05B
:106D5000B44264D00F9A102A71D0022A57D0202C46
:106D6000E0D02200013430250C9FBD54202CD9D016
:106D7000CEE7012215001D40AA461A4236D04A46E7
:106D8000002A4AD10C321A4247D1BC42A1D2202C4F
:106D900091D1202E17D82024DA06C3D55A051BD44A
:106DA000202F01D0202ED5D11F220F9D102D6FD066
:106DB000022DD8D162250C9FBD54D0E75246002A3F
:106DC00079D0202EBDD92024DA06ABD55A0503D4BC
:106DD000202FE9D0202EE7D00F9A102AA2D120240C
:106DE000A0E72D220C9D2A5501349BE7BC4200D31D
:106DF0007DE7202C00D05EE7DA06F0D55A05EED408
:106E0000202F62D0202EEAD134001F22CDE7202C83
:106E100000D187E722000134CCE7013EB5E7621ECE
:106E2000012CC2D10F9A102A00D06AE79A063BD5EE
:106E300058220C9C2270283A6270022468E79A0655
:106E40000ED4202CCBD078220C9D2A55013486E715
:106E50001A0700D466E720220C9D2A55013461E709
:106E6000202CBCD058250C9A12191570013476E7E5
:106E70009A0608D558220C9C227030226270022497
:106E800046E76032F7E77822F5E7002A83D1B3E7D7
:106E9000A21E013C9D0603D478250C9FBD5460E7DB
:106EA00058250C9FBD545CE778220C9C2270483A10
:106EB000627002242CE7DA0600D433E75A058BD43B
:106EC000202F00D044E71F226FE73C001F226CE711
:106ED00010B5002800D110BD01F04AFCFBE7C04608
:106EE0000B0010B5002802D049681B68984710BDF8
:106EF000F0B557464E464546DE46E0B599B0824667
:106F0000894690460893229A239B10001900FFF7A8
:106F100006F9002800D0CDE0229823990122D94B10
:106F20005242FFF7F7F8002800D0C3E022982399D7
:106F30000122D54B5242FFF7D7F8002800D0B9E024
:106F40002298239900220023FFF7CEF8002800D0D2
:106F5000F1E1229E239F8023269ADB001A400D92A6
:106F6000269A1A4201D1062324938023269A1B01D4
:106F70001A403B0093460996334300D0B3E0002A01
:106F800000D0C2E1002300240A930B9400230425BF
:106F90000993259B0024AB4200D95C1B0223269A4F
:106FA0001A400C92269A134203D06B426B415B420B
:106FB0001C40099B002B07D00A9A0B9B300039001C
:106FC000FFF729F806000F002298239900220023DA
:106FD000FFF78AF8002803D0802109067B181F00DC
:106FE000269AAA4B009601971340089E0493249B6F
:106FF00003940293424633004946504600F0AAF9F2
:107000000400002D67D02020269A49460240130034
:107010005A4253415B42621C18400A9233002200DC
:107020004530D047099A6F1ED317D4185C40D30F50
:107030009B46002501E0202D13D008AA94461F236B
:10704000200063440A2101355E19FEF797FD3031B7
:10705000317020000A21FEF791FD26000400092E60
:10706000E9D805230693002304930A3303935B4670
:10707000089E029310AB0A9A00934946330050468B
:1070800005970195FFF7FCFD0C9A0400002A22D019
:107090004246851A259AAA421DD9B046574616007F
:1070A00022004346494620200135B8470134AE420C
:1070B000F6D810E0269B42460493259B494603934D
:1070C000249B50460293229B239C00930194089B8F
:1070D00000F040F90400200019B0F0BCBB46B246F5
:1070E000A946A046F0BD6A4B78009C46400D60441E
:1070F000FFF726F8674A684BFEF7ABFF674A684B15
:10710000FEF780FF674A3B031B0B1A4304000D0088
:1071100009981100644B0022FEF76BFF634A644B31
:10712000FEF797FF02000B0020002900FEF76AFF20
:10713000FFF71EF80990FFF703F85E4A5E4B040064
:107140000D00FEF786FF00225C4BFEF75BFFFFF7AA
:107150000FF85B4A5B4B29000C902000FEF779FF8B
:1071600004000C980D00FEF7EBFF574A574BFEF753
:1071700070FF02000B0020002900FEF73AFF040018
:107180000D0002000B000A940B95FEF762FF04004D
:107190000D000A980B9902000B00FEF733FF002246
:1071A0000E900F914A4B20002900FEF734FF002279
:1071B000484BFEF727FF02000B0020002900FEF7D6
:1071C0002AFF0022444BFEF71DFF02000B002000A7
:1071D0002900FEF720FF0A9A0B9B0D008021040076
:1071E000C9050020FEF705FF02000B002000290062
:1071F000FEF708FF02000B000E980F99FEF70BFF39
:107200000022284BFEF7FEFE344B0C9C9C46644447
:1072100023050022FEF71DFF04000D0002000B00F5
:10722000300039000A940B95FEF75EFF00285DD10F
:1072300023002A00C625099963318D42AD41594684
:107240006D420435002900D1A3E6134363D030001A
:107250003900234A234BFEF755FF002807D00022B0
:1072600030003900204BFEF73FFF002853D1249B0C
:10727000002B00D18DE60D9B5A1E9341249AD31A00
:10728000249386E6FFFFEF7FFFFFEFFFFFF7FFFF8F
:1072900001FCFFFFFB799F501344D33FB3C8608BC1
:1072A000288AC63F0000F03F0000F83F61436F634B
:1072B000A787D23F71A379094F930A400000E03FAE
:1072C0001655B5BBB16B0240EF39FAFE422EE63FD0
:1072D00000002C400000244000001840FF03000084
:1072E0002D431CEBE2361A3F80842E41099B00227D
:1072F000013B09932000164B2900FEF78CFE0A0083
:10730000010003000A910B9294E7002300240A93E2
:107310000B9400230993249A099B9A4214DDD31AF3
:10732000013B24938023269ADB001A430023002587
:10733000269209932DE6802212069446229B1E0077
:10734000239B63441F0006E600232493EAE7C0461C
:1073500000002440F0B54546DE464E465746E0B5AF
:1073600095B08B46904699461E9A1F9B0A9019002D
:107370001000209DFEF7D3FE002800D0B0E11E983B
:107380001F990122C74B5242FEF7AEFE002800D0E3
:1073900037E11E981F990122C34B5242FEF7BAFEF5
:1073A000002800D0A7E01E981F990022BF4BFEF7CF
:1073B000B1FE002800D088E01E981F990022BC4B27
:1073C000FEF792FE002800D07FE01E981F99002251
:1073D0000023FEF789FE002800D0FAE000230B937B
:1073E0008023229C229ADB001C401A4200D102E139
:1073F000092D00D87CE106A98C462C001722002319
:107400003021093C62440133D154EF1A202B00D1C2
:1074100032E1A342F7D10022A44B069207931E98B3
:107420001F99FEF7A5FE0500FEF78AFE02000B007D
:107430001E981F99FEF7DDFD069A079BFEF709FED1
:1074400008900991FEF7B8FE0600FEF775FE0200EF
:107450000B0008980999FEF7CCFD0022954B089087
:107460000991FEF757FE002800D1D2E00136300026
:10747000FEF762FE069A079BFEF744FE002801D045
:1074800000260135AA46002F00D098E02800FEF71C
:1074900057FE02000B001E981F99FEF7AAFD854BB0
:1074A000002206000F00FEF71FFE0CAB9A460028D4
:1074B00045D10022300039007E4BFEF72BFE00281C
:1074C0003DD1EB073BD5013539E0229B4246049381
:1074D000219B594603930A981E9B1F9C029500937B
:1074E00001944B46FFF704FD15B0F0BCBB46B24615
:1074F000A946A046F0BD229B5B0767D403226E4BD2
:1075000022990192039121990291009342464B46A0
:1075100059460A98FFF75EFBE6E706AA944617234A
:10752000280063440A2101341E19FEF7FFFA3031A6
:10753000280031700A21FEF7F9FA051E76D0202CBA
:10754000EBD10323229A1340012B1DD1219B002B49
:107550001AD00B9B002B00D0BBE0229A0C331342B5
:1075600000D0B6E0219BA34200D887E006AB9C4642
:1075700017223023624404E02199013413558C42D0
:1075800059D0202CF8D12024229B01940393219BD5
:1075900002935346B9E706AA944617230A21634487
:1075A000300001341D19FEF7E9FA3031297030003E
:1075B0000A21013FFEF7E2FA092E46D90600202CE7
:1075C000E9D155460CAB20249A46B8E704223B4B40
:1075D00096E71E9A1F9B00200021FEF70AFD01235B
:1075E0000B938023229C229ADB001E901F911C404B
:1075F0001A4200D0FCE60022314B06270692079380
:107600000DE7229B0393219B0293042301932D4BAF
:107610007BE7002208980999264BFEF765FD0028B4
:1076200000D02FE7002E4FD101362BE70323229AFB
:107630001340012B66D0202CA6D00B9B002B1FD013
:107640002D235246135501349EE75546202CB9D0C0
:1076500030233A19002F08D0172006A90134091841
:107660000B55202CAED09442F6D10CAB9A462E236B
:1076700052461355013462E72024CCE6202C83D0F7
:10768000229B5B0708D4229B1B0700D47CE72023A6
:1076900052461355013477E72B23524613550134D4
:1076A00072E7C046FFFFEFFFFFFFEF7F65CDCD41E3
:1076B00065CDCDC10000E03FFC510110F451011037
:1076C00080842E4104520110F30700D4DAE601361B
:1076D000D8E6219B013B2193A34200D946E7AAE7C4
:1076E000229B0393219B029303230193074B0CE7F7
:1076F000074BEA009B185C681B682F0006930794F1
:1077000000248CE6219B002B95D022E7005201102B
:10771000C85E0110F0B55746DE464E464546E0B518
:10772000A5B01F002E9B91460D93CA4ACA4B8246B4
:107730008B461A60002900D129E200233878984648
:10774000002800D12BE2C54B44460C93C44B554650
:107750004E460E930AE0631C9846220033005946B9
:10776000A84744463878002800D187E0013725280B
:10777000F1D108239A46043B9946023B9846013BC7
:1077800000229C460B943878791C0300203BDBB226
:10779000102B03D80C9C9B00E3589F460300303B02
:1077A0000B9C0B92092B3AD9002398462A2800D12A
:1077B000DDE000239A462E284BD00300683BDBB265
:1077C000122B1ED80E9A9B00D3589F4663460F007B
:1077D0001A43D8E743460F001A43D4E74B460F003D
:1077E0001A43D0E710230F001A43CCE753460F008B
:1077F0001A43C8E780235B000B9A78781A430B92F0
:1078000001310F0067284FD82428A4D90300253B55
:10781000DBB2422B9FD893499B00CB589F46002355
:1078200098460B9B47469C4600E00131BB00DB19A4
:107830005B001F180878303F0300303B092BF4D958
:1078400063460B930023B8469A460F0001312E2859
:10785000B3D180200B9AC00002430B9230225242D7
:10786000944678780B0084446246092A00D8AAE13D
:107870002A2800D1B9E10F0001319EE7A046AA46AF
:10788000B146C84503D301235B424B4498464B465F
:10789000424659460020D047200025B0F0BCBB46E8
:1078A000B246A946A046F0BD01006939C9B20F2908
:1078B00000D950E701238B409C466B4B99466346A9
:1078C0004A4613400F9362464B461A4200D068E185
:1078D0000A2956D0072900D03DE70D9B02CB9846D8
:1078E000002900D092E10B9B10211A008A4310005E
:1078F00011310843814680201A00C0000240110067
:1079000003421CD114AB9C461F220F2362440D95E9
:107910009C4615000F9B0B9402E0202B0CD011000D
:1079200064460C4020003730092C00D8073801335A
:10793000E8540A090F29F0D80B9C0D9D0F934B4674
:1079400008220693534605920832039200220493BC
:107950000F9B029201931CAB220000935946330007
:107960002800FFF78DF9434604000D93FAE60D9BBE
:1079700004CB9046002A79DB78780D930F00013113
:1079800017E70D9B02CB14930B789C4618005346C7
:10799000002B00D134E1002815D05346013B0133C0
:1079A00099460D940B9C89444A460B00A14601E080
:1079B000934203D05C780133002CF9D14A465B1A1C
:1079C0000D9C0B920F938023DB0099460B9A13407A
:1079D0000D934B461A4204D00F9B534501D9534691
:1079E0000F93022399460B9A13400B934B46134275
:1079F00000D1F5E16346002B00D1D6E10D9B002BB1
:107A000000D182E10B1BD14631009A463B00A144D4
:107A10002E005F464D4622009B46894609E04B46B4
:107A20003900541CB0475346185D002800D192E13C
:107A300022009542F3D14B465A46A946BB46350033
:107A400017001E004C460B9B002B00D0ADE1149B91
:107A50000D9387E615770010BC2F00202C5D0110D8
:107A6000705D0110BC5D0110419000000B9A283838
:107A700002430B9242465242787890460F000D9393
:107A8000013196E678786C2800D15DE180230B9A6D
:107A90005B001A430B920131B3E680239B00ABE6F7
:107AA0007878682800D148E180230B9A01311A4385
:107AB0000B92A6E6672800D1B2E0472800D11AE170
:107AC000452800D11CE10B9A0721049242460D9BE8
:107AD0000392073352468B43190002920CC92800C7
:107AE000009201930D91220033005946FFF700FAEE
:107AF000040037E6462800D18DE00B9A0721049256
:107B000042460D9B0392073352468B431900029263
:107B10000CC92800009201930D91220033005946B0
:107B2000FFF718FC04001DE6631C98462200330092
:107B300059462520A847444614E60D9B04330F936D
:107B4000631C99460B9B9A0700D40AE10D9B220007
:107B5000187859463300A84743464444012B00D8BF
:107B60006FE1B0462E0025004C46B9465F46220024
:107B70004346013439002020B047AC42F7D12C00F5
:107B8000BB4635004F4646460F9B0D93EAE5D64B64
:107B900038789A4600239846002800D0D3E5002480
:107BA0006FE66F2842D000D8FDE11023782800D17D
:107BB0009BE00B9A9A430B920A239C460023149352
:107BC0000A330F9338E057460B9AB900C919490098
:107BD00001330F181878303F010030390929F4D9E2
:107BE000BA460B921F00591CE7E50D9BB87804CBF1
:107BF0000237D143C9170A4092460D93791CDCE540
:107C0000002800D1DFE602235B42C8E621200B9A60
:107C10000243914676E620230B9A1A430B926CE7B7
:107C200080230B9A1B011A430B924CE708239C46B6
:107C30000023149308330F930B9880230200DB007A
:107C40001A4011000200184200D080E00C239A4331
:107C50001000802302009B001A400B92184200D0B3
:107C6000F1E0802302005B001A4091460D9A043235
:107C70001492184200D0C3E2430600D5D7E00306B1
:107C800000D421E30D9B1B880993002B00D02DE12C
:107C900010339843002900D128E100239946434638
:107CA0000593534604930F9B06900393002302937E
:107CB0004B4601931CAB2200009359463300280029
:107CC000FEF7DEFF0400C2E6582809D0622800D083
:107CD000E3E202239C460023149302330F93ABE7A5
:107CE00020230B9A1A430B92103B9C4600231493BB
:107CF00010330F93A0E780230B9A1B011A430B92BA
:107D000020230B9A1A430B92DDE60B1B9A460F9B1E
:107D100099463B0037005E469B4622003B003100FF
:107D2000A84753460134185D0028F6D14B460F93FF
:107D30005B46B3463E001F0085E6C0230B9AB87829
:107D40001A430B92F91C5CE5C0239B00F6E70D2358
:107D50009A4310007DE75B463500BB464E461F0048
:107D600071E64346012B66D9631E434432002E0060
:107D70001D003B00A2465F4691469B4622004B46B3
:107D8000013439002020B047AC42F7D15B463500C2
:107D9000BB464E46A14654461F000D9B4A461878E6
:107DA000594633004444A847EEE60F9BA146984548
:107DB00000D84CE64444E41AB0462E0025004C4658
:107DC000B9465F4622004346013439002020B047BF
:107DD000AC42F7D12C00BB4635004F46464636E64E
:107DE0000F98804500D873E24346E218131A320018
:107DF0002E001D003B0091465F469B460F912200DE
:107E00004B46013439002020B047AC42F7D15B46E5
:107E1000BB461F0043460F9901330F930B78350083
:107E20009C464E466046002800D0E7E50FE60D9BD5
:107E30001B78099329E70D9B2200187859463300D7
:107E4000A8474C46A0E60D9AFA3BFF3B07329A43FF
:107E50000133994691444B460D931368526815922D
:107E60001A4306D11032904300220992002900D013
:107E700083E06122810600D54122D2B20A9214AA7F
:107E800091460A9A00210A3A0B92424617925246AC
:107E900018925A46B24609911E001F31149B49445C
:107EA000BB4616941A950024674698468946159D48
:107EB00019901B920AE03032D2B24B4601341A5567
:107EC000A8454CD0202C4CD006000D003A000023D1
:107ED00030002900FDF790FED2B2092AEBD90B9BA6
:107EE0009C466244D2B2E8E7D16B0010612382065F
:107EF00000D54123DBB20A3B0B93434614A91F2252
:107F00008C46159353466244B2460D9417974C46DF
:107F10008046A9461700099D0F9E169308E030334E
:107F2000DBB201343B55B5420ED3202C0CD00500FA
:107F300031002800FDF722FECBB20929EFD90B9AB8
:107F400094466344DBB2ECE7159B40469846169B8B
:107F50004D465646A1469A460D9C179F9FE6B7424E
:107F6000B0D9179B56469846189B5F469A461B9B6E
:107F700009949B46169C19981A9D434605935346AF
:107F800004930F9B0690039300230293099B019394
:107F90001CAB22000093594633002800FEF770FE08
:107FA0000400FFF7DFFB10230B9A9A430F92692816
:107FB00000D091E10B9980230A00DB001A401000E9
:107FC0000A00194203D0112118008A430F920F9A18
:107FD000802311009B0019408C461A425BD18023FC
:107FE00011005B00194089460D9904310B911A422A
:107FF00000D0B2E013005B0600D4EDE00D9B1B78CF
:108000001A00D90F0D91002B00D1A3E0100014AA83
:10801000944642461F23159252466344A846BA46E8
:108020004D461494B14604001F00169201E0202D25
:108030000FD020000A21FDF7A1FD01357E19303156
:10804000317020000A21FDF799FD26000400092E59
:10805000EDD8159B4E46A94645469846169B574671
:108060009A46149C0F9B06934346059353460493EC
:108070000A2303930D9B02934B4601931CAB2200F2
:108080000093594633002800FEF7FAFD0B9B0400CD
:108090000D93FFF767FB07220D9B073393430132D4
:1080A00094469C4462460D920CCBD90F0B91110063
:1080B000194300D19BE0D9171391129151401091AF
:1080C00013995940119110981199129A139B801A83
:1080D00099411090119114AA94464246002315929A
:1080E00052469946169232001F336344A8464E46C4
:1080F000BA4614941F00109C119D914601E0202E59
:1081000010D0200029000A220023FDF775FD01365A
:1081100030322B00BA550D0022000400002BEED1A6
:10812000092AECD8159B10941195454698464B4664
:10813000169AB14657461E009246149C0F9B069312
:1081400043460593534604930A2303930B9B0293E0
:108150004B461CE7002885D159E70D9B1B68DA0FB9
:108160001100002B00D1A6E0DA179818504014AA8D
:1081700091461F2342464B44A8460D94169704008F
:108180006546B1461F001491159201E0202D0FD0D5
:1081900020000A21FDF7F2FC01357E1930313170E3
:1081A00020000A21FDF7EAFC26000400092EEDD884
:1081B000159BAC4645469846149B4E4619000D9CAF
:1081C000169F0F9B029106934346059353460493D3
:1081D0000A230393634650E713001B066ED50D9BDD
:1081E00000229B5ED9175A184A4092B209E7002331
:1081F00099460028A2D100220023109211936AE729
:108200000D9B1B689946002B03D11033984300291E
:1082100038D16123820600D54123DBB20A3B0D939E
:1082200043461693534614A91F228C4617932B00DE
:1082300062444D46B24615941897804617009946F9
:108240000B9C0F9E08E03033DBB201343B55B54246
:108250000ED3202C0CD0050031002800FDF78EFC39
:10826000CBB20929EFD90D9A94466344DBB2ECE70F
:10827000169B40469846179B56464D469A460B9489
:10828000189F159C43460593534604930F9B0690F5
:108290000393002302930B9B0BE50B9980230A00A9
:1082A000DB001A4010000A00194200D08BE61023B0
:1082B0009A430F928BE6002883D158E70D9B1B68E9
:1082C000D9175A184A409CE60D9B1B680993DCE4B9
:1082D000030001330F93A5E50B926DE40CB430B5A8
:1082E00085B008AC08CC064D0A00009401002800B7
:1082F0000394FFF70FFA05B030BC08BC02B0184772
:10830000C96B001000B585B0039101210290009364
:10831000034813004A4202A9FFF7FCF905B000BD6B
:10832000E16E00100FB430B50C4985B008AA08CA38
:108330000D680392002D0CD000920122084C52428D
:10834000200002A9A847012005B030BC08BC04B039
:108350001847180000F058FA0020F5E7BC2F00205D
:10836000D16E001010B5094A0300146884B0002CC7
:1083700008D0012200910648524203A9A0470120DB
:1083800004B010BD00F040FA0020F9E7BC2F002037
:10839000D16E001000BEFDE7094A030010680028F6
:1083A00005D00849C3188B4207D8136070470648A8
:1083B0000449C31810608B42F7D901204042F5E709
:1083C000B82B00200000042044300020030010B52A
:1083D00008001100002B05D1044B1A685B6800F0FF
:1083E00065F910BD01204042FBE7C046D05C01109A
:1083F0000300013B10B508001400012B06D801232F
:108400000022210000F0D2F8200010BD01204042DF
:10841000FBE7C046012040427047C0460120404271
:108420007047C046012040427047C0460300022208
:1084300000209A424041704710B5FFF7ABFFC0469D
:1084400030B50D0083B01900002A0BD0074B084C43
:108450000192009302002B002000FFF763FF012030
:10846000FFF798FF034B1A00F1E7C0460C520110CA
:108470001C520110E44D011070B5FDF72DFA074DA7
:10848000074EB54209D20024013E761BB60808CD3E
:10849000984723000134B342F9D170BDF44B011069
:1084A000004C0110030010B5080011001B6898472C
:1084B00010BDC046F0B5C64600B5437D07000D00AF
:1084C0001600002B38D0002A2EDD00216A1E9046AF
:1084D0006A5C037D4C1C00200A2A0CD0A64216D0F0
:1084E00043461B5D21000D3B5A4253416A5CDBB29F
:1084F0004C1C0A2AF2D1002BF0D1884217DB022152
:1085000010483B689847A64207D02000E8E786421B
:1085100003DD311A3B6828189847AD19013D2B78C7
:108520000D3B5A4253413B7580BCB846F0BD091A19
:108530003B6828189847E2E703681100280098472D
:10854000F2E7C046185F0110F0B5C6460B6806009A
:108550000C0000B5802B06D05A1C2260E41826714E
:1085600080BCB846F0BD0F4B1D68002D16D00B1D0A
:1085700098460D4F02E02D69002D0FD02B68002B7F
:10858000F9D03B68002B01D0AB42F4D12800414622
:108590002268FFF78FFF2D69002DEFD10122002304
:1085A000DBE7C046AC2B0020B42B0020F0B5DE4644
:1085B00057464E464546E0B585B017001C000600FC
:1085C0000D00FCF7ADFE0023314A12184B4180210B
:1085D00009068B4202D301222E4B52422E4908003B
:1085E0008A460CF0B9FA01906B1C03D130000AF0F6
:1085F00009FF0500002C26D0284B9846284B1C6804
:10860000002C15D0002F21D1264F02E02469002C28
:108610000ED02368002BF9D03B68002B01D09C4280
:10862000F4D120002A003100C0472469002CF0D189
:10863000019B002B28D1280005B0F0BCBB46B246F8
:10864000A946A046F0BD184B9846D7E7154B99466A
:1086500002ABDF1D0A239B4602E02469002CE7D011
:108660002368002BF9D04B461B68002B01D0A34296
:10867000F3D12A0031002000C0475B4601223900B7
:1086800020003B70C047E8E750460CF025FAD2E7DF
:1086900040420F00FFFFFF7FF0180020B58400105C
:1086A000AC2B0020B42B0020A5840010F8B5574651
:1086B0004E464546DE4698461A4BE0B59B461A4B59
:1086C00007000E0091469A46184D5B461C68002C28
:1086D00003D115E02469002C12D02B68002B01D0A7
:1086E000A342F7D1A368002BF4D03100380098479B
:1086F0000028EFDDF0BCBB46B246A946A046F8BD57
:1087000053465B6A984508D85246926A4A4502D356
:1087100002204042EEE79845FAD101200021FCF703
:1087200009FED2E7AC2B002000400540B42B00200E
:108730000A4A1368002B05D10CE01A001B6910329D
:10874000002B07D09842F8D1002902D103691360A9
:10875000016170470029FCD01060FAE7AC2B0020C3
:1087600010B500F0B3F900F0FBFB012010BDC046CE
:10877000F0B5CE46474680B583B06B460600DD1D9A
:108780002870FCF7CDFD00231A4A12184B418021B6
:1087900009068B4202D30122174B524217490800A7
:1087A00088460CF0D9F9164B81461C68002C14D071
:1087B000144F02E02469002C0FD02368002BF9D05D
:1087C0003B68002B01D09C42F4D1200001222900FB
:1087D000FFF770FE2469002CEFD14B46002B05D12A
:1087E000300003B0C0BCB946B046F0BD40460CF006
:1087F00073F9F5E740420F00FFFFFF7FF0180020FC
:10880000AC2B0020B42B002070B504000AF0FAFD58
:1088100001230100050001222000FFF7C7FE084BDD
:108820001C68002C06D06368002B05D0984724698B
:10883000002CF8D1280070BD2469002CF3D1F9E791
:10884000AC2B0020F0B5CE46474680B5A3B004005F
:108850000D00FCF765FD0023294A12184B418021C9
:1088600009068B4202D30122264B5242264F380082
:108870000CF072F900230600019322002B0023481C
:1088800001A9FFF73FFD019B8046002B14D1204B2F
:108890001C68002C06D06368002B0BD09847246915
:1088A000002CF8D1002E25D1404623B0C0BCB946DB
:1088B000B046F0BD2469ECE7154B1D689946002DC4
:1088C0001CD0144C02E02D69002D0FD02B68002B1A
:1088D000F9D02368002B01D0AB42F4D12800019AD3
:1088E00002A9FFF7E7FD2D69002DEFD14B46019559
:1088F0001C68CEE738000CF0EFF8D5E70195D1E71A
:1089000040420F00FFFFFF7FF01800204985001054
:10891000AC2B0020B42B00200FB400B583B004A909
:1089200001C90191FFF78EFF03B008BC04B01847DE
:10893000F0B5002915DD0E4B0D271A680D4B0E4CB6
:10894000D3185D426B41451820215B001E5F0478FF
:10895000A64207D093691942FCD101301460A842A5
:10896000F5D1F0BD93691942FCD11760F2E7C0461A
:10897000183000200080FCBF14300020204B70B560
:1089800004000D1E1E682ADD002010211D4B013C35
:108990001A689369194214D1013093691942FCD1C4
:1089A000136823548542F4D1002E08D050239363DA
:1089B000516B183B0B4014498C46624413602800ED
:1089C0000CE0002E08D050239363516B183B0B40F2
:1089D0000D498C466244136000280DD070BD002EF6
:1089E0000AD05022074B1B689A63596B183A0A4009
:1089F00005498C4663441A6003204042EEE7C046B6
:108A0000382700201830002034100000064B10B525
:108A10001B68002B06D00021044A12689163044AA7
:108A20001068984710BDC046382700201830002035
:108A3000402700200822034B19688B691A42FCD199
:108A40007047C04618300020F8B51A4F1A4B3A68E4
:108A50000500D31858424341184E14331C003368A4
:108A6000002D02D0002B0FD0F8BD002BFCD0002130
:108A700020009563FBF724FD20001149FBF77CFEE5
:108A8000104B35601D60EFE70E4B200019600C495C
:108A90003560FBF74DFD01212000FBF711FD502251
:108AA0003B689A63596B183A0A4007498C466344FD
:108AB0001A60D9E7183000200080FCBF382700205A
:108AC0000D8A001040270020341000000D4B10B517
:108AD0001B780D4B0D4C1B780D4B02211B780D4B59
:108AE00000202360FBF7BCFB02210120FBF7B8FB51
:108AF000E12120684902FCF761FC01210648FFF7EB
:108B000017FE10BD34920110309201101830002071
:108B10002C92011000400340701100207047C046A5
:108B20000022014B1A7070473C3000204B79002026
:108B3000FF2B0BD18B79002B08D1CB79012B05D1E1
:108B4000082A03D9024B8A7809301A707047C04648
:108B50003C3000200120704710B5012901D00120D0
:108B600010BD13495379107909781B020343002083
:108B70009942F5D15378012B08D0022BF0D1002077
:108B800064220021FCF7F0FD0120E9E7D378917819
:108B90001B021943DB0507D54A0A100001231A40BE
:108BA0007E331940FCF768FE01204A0A4042F5E78F
:108BB0003C300020004870470060011070B505008F
:108BC00014000120012909D153780020012B05D17F
:108BD000637912791B021343072B00D070BD21006B
:108BE0002800024A9F3301F05FFAF7E7585F01104F
:108BF0000123037000487047385F01104B780A78F2
:108C00001B0213438A7810B512041A43CB781B0653
:108C100013439622D200934200D010BD00220120BF
:108C200011004042FCF728FE024B1860024B19600D
:108C30007047C0463C2700204427002010B5024B57
:108C40001878FBF75BFC10BD3E300020154B70B56B
:108C50001A68002A22D0EFF3108172B6106800283B
:108C6000FCD0BFF35F8F00200F4A596010701B6863
:108C7000BFF35F8F186081F31088002400250B4E2E
:108C80003078FBF72FFC002804D1002400252900B0
:108C9000200070BD3078FBF731FCF8E7FA2400259E
:108CA000A400ECE7E02F00203F3000203E30002001
:108CB00070B5040000200E0001F016FB002836D02D
:108CC000002001F027FB002831D0FCF729FB00230E
:108CD000184A12184B41802109068B4216D2164DB4
:108CE00028000BF039FF002821D0002001F0FCFA09
:108CF00000280FD101200021404200F009FD03248B
:108D0000644228000BF0E8FE200070BD01220B4BEE
:108D10005242E4E7002001F0FDFA0028EAD02100E9
:108D20003200002001F000FB041EEAD1E7E7032433
:108D30006442E9E740420F000C300020FFFFFF7F54
:108D400010B5FCF7EDFA00230E4A12184B418021B2
:108D500009068B4202D301220B4B52420B4C2000DE
:108D60000BF0FAFE00280CD001200021404200F058
:108D7000CFFC002001F022FB0028F5D120000BF0F1
:108D8000ABFE10BD40420F00FFFFFF7F0C30002004
:108D9000F8B5DE46574680B505000C00FCF7C0FA72
:108DA0000023374A12184B41802109068B4202D317
:108DB0000122344B5242344908008A460BF0CCFE63
:108DC000002803D1C0BCBB46B246F8BD002001F06C
:108DD0008BFA00284AD00026002C43DD2B4B9B4603
:108DE00014E0A919002001F023FB07000120002155
:108DF000404200F08DFC002001F0E0FAFCF790FA10
:108E0000224BF61918605960B4422BDD002001F0A6
:108E10002FFBA71B0200B84200DD3A00002AE0D178
:108E200001200021404200F073FC002001F0C6FA4E
:108E3000002001F059FA002814D0002001F018FB9E
:108E40000028E1D1FCF76CFA5B460F001A685B68FA
:108E5000002184460E4812184B419F4202D8D3D1BC
:108E60009445D1D950460BF037FEABE700200021E6
:108E7000064B1860596050460BF02EFEA2E7C04624
:108E800040420F00FFFFFF7F0C300020281B002016
:108E900020A1070030B52B4C85B0002120000BF03D
:108EA00043FE00281CD1284B1A68002A16D0EFF385
:108EB000108172B610680028FCD0BFF35F8F0124C8
:108EC0002248596002781B68D2B20470BFF35F8FEA
:108ED0000020186081F31088002A17D005B030BD3B
:108EE00001200021404200F013FC002001F012FAA2
:108EF000050020000BF0F0FD002DEFD0144B1B6897
:108F0000002BEBD0134A10689847E7E7FBF7F8FF10
:108F10000400FCF705FAFA220023920012184B41D4
:108F2000802109068B4202D301220B4B52420121C0
:108F3000029100210191094920000091FBF7E4FF13
:108F4000CCE7C0460C300020E02F00203F3000204E
:108F50003C27002044270020FFFFFF7F4D8C00109E
:108F6000D02310B51B0684B01C68FBF7C9FFFCF7C3
:108F7000C7F8A04202D0002004B010BD2A4B002147
:108F800000201B7801F070FD28480368002B47D0B3
:108F90000120FBF735FDFF23254C264920701840A2
:108FA000FBF7C6FA20780121FBF78AFA0520FBF7C8
:108FB000ADFA002826D1082200211F48FDF7F8FD50
:108FC000FBF79EFF0400FCF7ABF9FA2200239200A6
:108FD00012184B41802109068B4202D30122174B04
:108FE0005242012102910021019115492000009176
:108FF000FBF78AFF0028BEDB12480121FFF798FB30
:109000000120B9E70120FBF729FA0B4B01001800FA
:10901000FBF768FD002205200B49FBF7B3FAEBE7ED
:10902000FBF744FDB4E7C046389201100C30002035
:109030003E300020958E0010E02F0020FFFFFF7FC4
:109040004D8C0010881100203D8C001000487047A6
:109050009C600110004870474860011010B5040082
:1090600017480378002B20D0002C06D1154B16484A
:109070004380063BFF3B038010BD052C19D8134BE2
:10908000A400E05812490123013804E001330A80AA
:109090000231142B0FD0C25C002AF7D1C022DBB200
:1090A0005B00920008481343E5E7112100F01AF82D
:1090B000DAE70020E0E7CA2303489B00DBE7C0466D
:1090C0001C300020090400008427002030600110BB
:1090D0008627002010B5024800F0D8F810BDC04621
:1090E000FC2F002030B54B1E012900D1A7E0664AB5
:1090F00011780D092C0030349F2900D9A2E00470AA
:10910000012B00D1BEE00F21147821400C00303437
:10911000092900D998E04470022B00D1B2E05478BC
:109120002509290030319F2C00D990E08170032B54
:1091300000D1A7E00F2121400C003034092900D9CB
:1091400087E0C470042B00D19CE0947825092900A5
:1091500030319F2C00D97FE00171052B00D191E0C7
:109160000F2121400C003034092900D976E04471E8
:10917000062B00D186E0D4782509290030319F2CB8
:1091800000D96EE08171072B00D17BE00F212140D7
:109190000C003034092966D8C471082B00D171E065
:1091A00014792509290030319F2C5FD80172092BD1
:1091B00068D00F2121400C003034092958D844725E
:1091C0000A2B5FD054792509290030319F2C52D8C1
:1091D00081720B2B56D00F2121400C00303409290D
:1091E0004BD8C4720C2B4DD094792509290030310D
:1091F0009F2C00D9073101730D2B43D00F21214043
:109200000C003034092901D937310C0044730E2B7E
:1092100038D0D1790C09220030329F2900D9073289
:1092200082730F2B2ED00F220A4011003731092AEA
:1092300001D830321100C173102B23D0103000231D
:10924000037030BD07345AE737310C0063E707314C
:109250006CE737310C0074E707317DE737310C00DC
:1092600085E707318EE737310C0095E707319DE739
:1092700037310C00A3E70731AAE737310C00C4727D
:109280000C2BB1D1C018DAE7FC2F002010B588B044
:1092900004000D2200216846FDF78AFC0D22002102
:1092A00004A8FDF785FC4B236A466846137004A9A1
:1092B0000D220BF009FC1521082220006944FDF75E
:1092C0007DFC08B010BDC046F8B500F043F90C2392
:1092D000194DFF22AB6705201849FBF753F9184CCD
:1092E000402200212000FDF763FC402700230126D7
:1092F0002121144A66702783A260136063545F3192
:10930000618445396354104A10496360E2602787DD
:10931000A1620B606362E2620BF03EFC80239B055E
:109320002E64EB6490230A4A0120EA508022094B04
:109330005202DA64F8BDC04600001150D105002089
:10934000BC2B0020840010500001105080001050F1
:1093500010D001000020115010B501210520FBF7AD
:10936000AFF810BD10B500220021024800F012F93C
:1093700010BDC046DC2B0020044B1970002904D01E
:1093800080219023024A8902D15070473630002054
:10939000002011500B785B0602D14B78052B00D0D2
:1093A00070478A78014B1A60FAE7C04600001150F6
:1093B000F0B5C646C87800B58007830F1800012BAA
:1093C00060D08F780A794B797F213940FC091B02E4
:1093D0004E001343334D32195201AA1897700127DA
:1093E0006740577000275B055B0DD7701383D076FD
:1093F000B846CA00012C32D02B4FBC468F016244C4
:10940000BC46AC446746BA6047461760002932D074
:10941000264AC90090466246414451603F223F338C
:109420009343022837D0224937190A687F01D3189D
:109430000B602049EF19FA608B422ED8361976015D
:10944000AD19EB7E1C499B064A401343802212064D
:1094500013436A681360012080BCB846F0BD174F03
:10946000BC468F016244BC46AC446746BA6247467C
:109470001760002908D1002364012C196360104B88
:10948000E360E8E70020E7E70B4AC9009046624640
:1094900041445162C2E75B00C5E7FCF717FAFA687E
:1094A000CCE7C046BC2B00208400105004001050B4
:1094B000DC2F0020FF0F10500000105080001050D3
:1094C0000001105010B50BF067FB10BD10B57F20E8
:1094D0000C0020404000E409110000191A00034B61
:1094E0004001C01800F056F8012010BDBC2B002030
:1094F0007F23180010B50840CA090B4203D1074961
:109500007D3B9B1A8B66400080188022044B4001F3
:109510000021C01812010BF02FFB10BD00201150CC
:10952000BC2B00207F22130010B50B400A4200D153
:1095300010BDC9095B005B1804485B01C01800231B
:1095400000220349C3700BF017FBF1E7BC2B00208E
:10955000FFF7FFFF80220A4B520410B51A60094B37
:1095600009491A6010000B689843FBD18022002142
:1095700052010648FDF71CFB0922054B5A6710BD36
:1095800000E0004000F0004008C000400000105023
:1095900000001150002310B5C3820133828283760C
:1095A000016104000BF088FA002804D08021902388
:1095B000074A8902D15020000BF09EFA002802D001
:1095C0000123237710BD20000BF0CEFAFAE7C04646
:1095D000002011507047C0467047C04600207047B9
:1095E000002070477047C0467047C0467047C0466D
:1095F0007047C046024B5878431E9841C0B270472E
:1096000048220020024B18784007C00F7047C04620
:1096100048220020F0B5D6464F464646C0B5314BED
:1096200007009A461B780E00FF2B01D0012044E072
:10963000002941D0002154222B48FDF7B9FA00221D
:109640002A4C2B4B20001A70FBF730FA294B1C6078
:10965000294C2000143CFBF737FA200001F00CFEE7
:10966000264B274D1C60274B002B2BD02800FFF7E3
:10967000BFFA254B2A7818602449002489462249DC
:109680000023884610E043461B6862019B18002BAC
:1096900012D05B68002B0FD098472A780134E4B2CF
:1096A000511C2300A1420FDBA242ECD89B1A5B01A4
:1096B0004B445B68002BEFD10020E0BCBA46B146BA
:1096C000A846F0BD2A78D7E75346310038001F700E
:1096D000FFF7FAFD0028EFD03800FFF73DFE01202C
:1096E000EBE7C046BC1100204822002040220020A9
:1096F000373000209C220020B4110020A02200203E
:1097000032300020F18B00106420002058610110DD
:10971000F0B5DE4657464E464546E0B5C84B91B0DB
:1097200002931B78FF2B00D13EE1C64BC64E9B46F1
:109730005F46C64B0DAC0193C54B009335686A6913
:10974000EFF3108172B61368002BFCD0BFF35F8F6C
:10975000A9612800210001F0BDFB6A69AB69BFF374
:109760005F8F0021116083F31088002800D11BE176
:109770006378082BE2D89B00FB589F466368002B58
:10978000DCD0A0689847D9E77F222179AF4D0A4005
:109790005300EB189846C8098044404601233030F6
:1097A00005799D430571057903339D430571002AB1
:1097B00000D100E14346A74A1B7D1278934200D3B3
:1097C000EFE0A54A5B011568ED18002D00D1EBE034
:1097D000A36862792078AD69A847AFE79F4A1378FC
:1097E000002B00D1E0E01378013BDBB2137013785B
:1097F000002BA3D10122954D01212B780420134386
:109800002B703423EA5C8A43EA54EA5C8243EA54CC
:109810000133EA5C8A43EA54EA5C8243EA542378DF
:1098200000209B4600F0A0FC602223791A40602AA9
:1098300000D1EFE0402A00D1F5E0DB06DB0E012B82
:1098400000D113E1022B00D1C7E0002B00D0E1E0F2
:10985000202A00D11CE2002A00D0DBE06379092B2A
:1098600000D9D7E07E4A9B00D3589F46774D2B788E
:10987000DB0700D462E7FFF7BBFE5FE7019BDB7805
:10988000DB0700D45AE76068FFF7A6FE56E76F4D86
:109890002B78DB0700D451E728780007C00FFFF7CB
:1098A000A5FE4BE723786A4999468B46694B6A497E
:1098B00098468A4639001A7847460023B046002564
:1098C0004E46894610E053461B686A019B18002BE0
:1098D00000D176E0DB68300098473A780135EDB288
:1098E000511C2B008D4244DC9542ECD39B1A5B014A
:1098F0005B44EFE7237858499946564B8A46984689
:109900003100BB464E461A7800250023474689465B
:109910000FE053461B686A019B18002B55D0DB688B
:10992000300098473A780135EDB2511C2B008D423A
:1099300007DC9542EDD39B1A009A5B019446634481
:10994000EDE7019D542200212800FDF731F9102296
:10995000FF214448FDF72CF928002022FF21143074
:109960004E465F46FDF724F900F0F4FBFFF73CFE9E
:10997000E4E6364D542200212800FDF719F91022A3
:10998000FF21281DFDF714F928002022FF211430A3
:1099900046464F46FDF70CF900F0DCFB2379AB702F
:1099A000CCE6501C984213DA11B0F0BCBB46B2466C
:1099B000A946A046F0BDA3686279207800F0E8FBD4
:1099C000BCE646464F46214DE6E74E465F46CBE7AE
:1099D0001F4D9B1A5B015D19FAE67023217A0B4239
:1099E00018D1C80982460F330B405B0098461948CE
:1099F000EB1853441B7D00789946834266D2164883
:109A00005B01006881469944002A00D15FE14B4622
:109A1000002B68D120780021FFF76AFD8021207893
:109A2000FFF766FD8AE6104800F09EFB01215846CC
:109A30000EAAFFF7C3F8002800D07FE6EAE7C04689
:109A4000BC110020B0600110A0220020482200209C
:109A5000586101103230002064200020373000208F
:109A6000D46001104C220020BD8B0010237A0F2BF4
:109A7000D0D8CF4AEB181B791578AB423ED3691C7E
:109A80009942C7DB5D1BCB4B6D01ED18686900F097
:109A90006BFB012158466B690EAA9847002800D03D
:109AA0004CE66022150023791D401A42B2D1637939
:109AB0000A3B012BAED800F057FB63790A2B00D18B
:109AC00099E158460EA900F0D9FA37E6431C4B45F8
:109AD00000DAF7E04B461B1A5B019946B548814412
:109AE000002A00D1F3E04B46586900F03DFB4B469D
:109AF000012158465B690EAA98479CE7AE4A5B0174
:109B00001568ED18002DC1D184E7A37999466B78CB
:109B10009945D6D06B78002B00D033E14B466B7063
:109B2000002B00D12BE148460138C0B2FFF792FA72
:109B3000002800D17EE143780793022B00D079E121
:109B40000122C179B1468B11491113400A403021DD
:109B500012015B0113432A78A8468A4313432B70F2
:109B600009239A4682445646BA46C37882781B0235
:109B70001343C31805938E4B04938E4B08938E4B5F
:109B800009938E4B0A93059BB34200D855E1737835
:109B900001220B2B03D13378F278F6187378042B5B
:109BA00000D044E1059B00279B1B9BB20693049BBE
:109BB0000B921D78002303931BE0099A7B01156823
:109BC000ED18002D00D132E1310058462B69069A7C
:109BD00098478446082803D9069A824200D313E1A5
:109BE000049B01371D78FFB26B1C03979F4200DD79
:109BF0001DE1BD42E1D8039B5D1B089B6D019C46A6
:109C00006544E1E76B780CAA0232137058460123D1
:109C10000EA900F049FA91E5E3881A0AD8B20F2A92
:109C200000D9F7E666499300CB589F460EA800F08E
:109C3000A1FA5846A179FFF795FB02222B7813432E
:109C40002B707BE5E388012B00D0E3E608222B781C
:109C5000584693430EA92B7000F010FA6EE50220CF
:109C600029780CAB9A1C8B068908DB0F01400B434B
:109C70001380584602230EA900F016FA5EE5E38829
:109C8000012B00D0C6E608222B7813432B7018E76F
:109C9000237A0F2B00D9BDE6EB181D79444B1B78B6
:109CA0009D4228D2444B6D011B685D19002D00D1E7
:109CB000B0E6686900F058FA012158466B690EAAAF
:109CC0009847B8E6002A00D0A4E6002399466279B6
:109CD0000220130003928343012B15D0002A00D0E9
:109CE00098E62B004344534430331B790CAA9B075E
:109CF000DB0F0232BCE75A1CAA4200DA8AE6ED1AF0
:109D00002C4B6D01ED18D4E7E388002B12D1029B98
:109D10001878039B012B23D0FFF7EAFB434602216F
:109D2000EB18534430331A790A4301211A711A7916
:109D30000A431A714B46002B00D1FFE4586900F02A
:109D400013FA4B4601215B690EAA5846984700203A
:109D500000F00AFA3523EB5CDB0700D5EEE4B0E651
:109D6000FFF7E0FB43460221EB18534430331A79E6
:109D70008A431A711A7903998A431A71DAE7FFF74D
:109D800033FC9EE600215846FFF7F6FA5846FFF7E7
:109D900099FBAB78074903930491054B0649984614
:109DA0001A780591002329001D008A461BE0C04651
:109DB0003230002058610110642000205C22002015
:109DC000FC600110059B6A011B689B18002B4DD09D
:109DD000DB685846984743461A780135EDB2511C66
:109DE0002B008D422EDC9542ECD39B1A049A5B012A
:109DF00094466344ECE70CAB9A1C584601230EA929
:109E0000157000F051F999E40B9A012A4FD0002AFD
:109E10003CD00023B07804E00133DBB20F719342F1
:109E200034D2C118C9B241440D79FF2DF4D04E4649
:109E30004546574600236B70ECE54E465746FFF704
:109E4000D1FB3EE65546542200212800FCF7B0FE27
:109E50001022FF21281DFCF7ABFE28002022FF2145
:109E60001430FCF7A5FE039BAB7057E65546FAE7A6
:109E7000FEF7A0FE021E00D1CCE5D37891781B023C
:109E80000B4358460EA900F00FF9D4E565463B0098
:109E90002A0031000A9800F08DFEAC46049B039A1C
:109EA0001B7866440133934200DB6CE6BFE7174B37
:109EB00029699942ADD1079AABE7FFF78FFB021EE4
:109EC00000D1A7E5584613780EA900F0EDF8B2E5E9
:109ED0002189FFF7C3F8021EF4D19BE5022A0FD0B7
:109EE000FFF77EFB021EC8D194E5FFF7AFF8021E14
:109EF00000D18FE5122358460EA900F0D5F89AE557
:109F0000FFF7A8F8021EB8D184E5C04675A5001079
:109F1000F8B557464E46DE4645460C00E0B51600FD
:109F20001F00002A3CD01F4B00259A4670239946FB
:109F30001D4B9B4617E05B462000997800F0FCFD26
:109F400000281FD021004046FFF732FA002819D020
:109F5000A378DA09012A1CD00A9A013513702378F4
:109F6000E418B5421CDA6378052B0BD1E3789B0724
:109F70009B0FBB4206D153464A461B789846A378AE
:109F80001A42D8D00020F0BCBB46B246A946A04633
:109F9000F8BD0B9A013513702378E418B542E2DB63
:109FA0000120F0E7BC11002048220020702270B58B
:109FB000094B0C001D788B781A4201D0002070BD2F
:109FC000064B2000997800F0B7FD0028F6D021005C
:109FD0002800FFF7EDF9F2E7BC110020482200202D
:109FE0000B007F2010B51840DB0934334000044AD1
:109FF000C018044B1168C01800F05AFD10BDC046CF
:10A000009C220020482200200B007F2010B5184021
:10A01000DB0934334000044AC018044B1168C018EF
:10A0200000F06EFD10BDC0469C220020482200209A
:10A0300070B57F240F480C4064000419CD096419E1
:10A0400030342079C00701D5002070BD0126257964
:10A050000948354300782571FFF738FA0028F4D114
:10A06000012223799343237123790332934323718C
:10A07000EAE7C04648220020BC11002070B5094C18
:10A080000600082220000D00FCF798FD0023802127
:10A09000E360A3602B783000994300220023FFF790
:10A0A000C7FF70BDF4210020F8B5CE464746904664
:10A0B000264E80B58146082230000D001F00FCF7B7
:10A0C0007DFD4346B3600023F381EC79AB79240234
:10A0D0001C43231CBC4200D93B1C9FB2B381002C03
:10A0E0000ED0002F18D04346002B2CD03B1C402F05
:10A0F0001BD89FB233787F2B1CD80021144A0FE065
:10A1000080212B780022994348460023FFF790FFD7
:10A11000C0BCB946B046F8BD7F23002231789943D0
:10A120003B004846FFF784FFF2E740239FB23378B5
:10A130007F2BE2D9064C3A0041462000FCF73EFD59
:10A1400080212200ECE70020E2E7C046F421002055
:10A15000B421002010B5142200210248FCF728FD8C
:10A1600010BDC046F4210020014B18617047C04665
:10A17000F421002010B5054C010008222000FCF756
:10A180001DFD0023A360E36010BDC046F421002044
:10A1900070B5384C1D0023780600DA09C9098A42D7
:10A1A00010D00020002D00D070BD21003000FFF73E
:10A1B000F1F82369002B03D02200032130009847D7
:10A1C0000120F1E7A0687F2B05D8002834D02A00B1
:10A1D0002949FCF7F3FCE289A1685219E38892B29D
:10A1E0004919E281A160934214D03F2D12D9A3896D
:10A1F000981A051C80B240282AD82078ADB27F2852
:10A2000028D800219A4232D01B4A2B003000FFF799
:10A210000FFFC9E72369002B05D02200022130007F
:10A22000984700280AD080212378002299433000E3
:10A230000023FFF7FDFEB7E70020B5E7002130005F
:10A24000FFF756F930008021FFF752F90120ABE704
:10A250004025D2E79A4207D0074C2A002000FCF79D
:10A26000ADFC80212200D0E780210022CDE7002232
:10A27000CBE7C046F4210020B421002070B50500D2
:10A28000FFF7B8F9002800D170BDFFF7BBF900282F
:10A29000FAD1C8236B43124CE618F1780029F3D0A9
:10A2A00010331C19200000F0FFFD3F28ECD90020DE
:10A2B000F178FFF795FE0028E6D0200000F0F4FDCD
:10A2C0003F2808D9074BEA01D218F1784023002033
:10A2D000FFF7AEFED8E7F1780020FFF795FED3E751
:10A2E000EC2000206820002010B50400FFF782F960
:10A2F000002801D1002010BDFFF784F90028F9D112
:10A30000C8226243024B01309B181B791840F2E7C8
:10A31000EC200020C82310B543430248181800F071
:10A32000A5FD10BDFC200020F0B5C824C646802342
:10A3300044431F4F1034050000B53C195B029A429C
:10A3400000D31C4A200092B200F012FE8046FFF7B4
:10A3500051F9002803D1404680BCB846F0BDFFF754
:10A3600051F90028F7D1C8266E43BE19F378002BA7
:10A37000F1D0200000F098FD3F28ECD90020F178C2
:10A38000FFF72EFE0028E6D0200000F08DFD3F28CC
:10A3900008D9094BEA01D218F17840230020FFF7D1
:10A3A00047FED8E7F1780020FFF72EFED3E7C0463E
:10A3B000EC200020FFFF000068200020F8B5060018
:10A3C000FFF718F9002801D10020F8BDFFF71AF9AE
:10A3D0000028F9D1C82474432500134F2435ED1902
:10A3E000280000F043FD0028EED03F190020B97886
:10A3F000FFF7F6FD0028E7D00C4BF401E41821002C
:10A400002800402200F0B4FDB978051E08D00300F2
:10A4100022000020FFF70CFE0028D5D02800D4E74A
:10A420000020FFF7F1FDCFE7EC200020A82000205E
:10A4300070B5C82444430C4B0500E41880235B022C
:10A440009A4200D3094A200092B200F059FE060059
:10A45000200000F00BFD3F2801D8300070BD28001F
:10A46000FFF7ACFFF9E7C04610210020FFFF000016
:10A47000C82310B543430248181800F015FD10BD5D
:10A4800010210020F0B50025184C83B0C82200210F
:10A490002000FCF78DFB164B21001D70FF2363711C
:10A4A000E1235B02A360200008234022A37338311C
:10A4B0000095073B103000F0A3FC2700012321008A
:10A4C00020002600402278310093B837243000F075
:10A4D00097FCC0363800FAF7E9FA3000FAF7E6FAE6
:10A4E000E56127622663656303B0F0BDEC200020C0
:10A4F000E82000200B4B196B00290AD01A6A002AA9
:10A500000DD000221A621A63DA6100225A63012018
:10A5100070471A6A002AFAD0D9611962F7E71A63FC
:10A52000F3E7C046EC20002070B50F4C0522002157
:10A530002000FCF73DFB0D4D2B78DA0707D50C4CBE
:10A540009B070CD50121200000F0B6FE70BD200055
:10A55000103000F091FE2B78054C9B07F2D42000C0
:10A5600000F08AFEEEE7C046EC200020E820002044
:10A5700010210020F0B54B79060083B0022B02D1E8
:10A580008B79022B03D00025280003B0F0BD214FAA
:10A59000BB78002BF7D18B7809253B700C780C1910
:10A5A0006378242B0BD1082A02D80FE0AA420DD3DE
:10A5B0002378E4185D196378ADB2242BF6D0052B0F
:10A5C00008D0042B02D163790A2B11D00020FFF7A9
:10A5D00055FED9E721003000FFF7E8FC0028D2D073
:10A5E000A3787B7023785D19E4186378ADB2E8E74F
:10A5F000094B277801930133009302220223300094
:10A60000E119FFF785FC0028BDD00E35ED19ADB27C
:10A61000DCE7C046EC200020EE200020F8B56023E7
:10A6200014001278050013400020202B07D1304A77
:10A630006379277916781B023B439E4200D0F8BD10
:10A640006378222B1AD007D8202B34D0212BF6D1B7
:10A6500001293ED00120F2E7232BF0D1012940D07F
:10A660000329F7D1234B002BF4D0E178A37809021A
:10A670000020194300E000BF0120E0E7012930D0AD
:10A680000329E7D101252E00A378E47802392402BA
:10A690001C431471264024321000714000F00CFE5F
:10A6A000154B002BD6D06208002031002A4000E074
:10A6B00000BF0120C3E701290BD00329CAD10F4BEA
:10A6C000002BC7D0083200201100FEF797FA0120B6
:10A6D000B5E7072321002800094AFFF7E5FC012020
:10A6E000ADE721002800FFF7C9FC0120A7E7C0461D
:10A6F000EC2000200000000000000000FD8B001096
:10A70000F4200020F0B54F464646D646364DC0B53B
:10A71000EA781F0080460C00AB788A423BD08B421F
:10A7200010D00020E0BCBA46B146A846F0BD2F4B81
:10A73000002B04D02E4800F0AFFB002851D00020A1
:10A74000FFF79CFDAB78A34201D00120EAE7294B3B
:10A75000002B02D0002000E000BF0020FFF72EFEFB
:10A760000028F2D1244C200000F080FB0028ECD11E
:10A77000002FEAD0BF06E8D1243C4046A178FFF77D
:10A780002FFC0028E1D0002300224046A178FFF7EB
:10A790004FFC0120C6E710239A46184EAA44310008
:10A7A0005046BAB200F0ACFC154B002BBFD06B7911
:10A7B000FF2BBCD0002FBAD0F219914603E001362E
:10A7C000B145B4D06B7932789A42F8D1504600F056
:10A7D00063FB0028F3D15346103B597900E000BFDA
:10A7E000EDE700E000BFAAE7EC2000200000000039
:10A7F000FC20002000000000102100206820002024
:10A80000000000009322F0B5134C85B00021200019
:10A810009200FCF7CDF923002000802640270F4D41
:10A820004D337600FF332930029500930022002338
:10A83000002103970196FF3000F0D6F94035201D26
:10A8400028340023012200210397029501960094E9
:10A8500000F0CAF905B0F0BDEC2300206C23002005
:10A8600010B5054C200000F0F5F920002538FF3820
:10A8700000F0F0F9012010BD1425002070B5084C3F
:10A88000002520003130FF30257000F0F5FC20005D
:10A890000C3000F0F1FC2A23FF33E554657170BDE4
:10A8A000EC230020F8B557464546DE464E46E0B557
:10A8B0004B7980460F00FF2B27D1424B0C789946ED
:10A8C0002A234946FF33CB5C002B1ED14E79002E44
:10A8D0001BD1BB783C190B703B79002B12D098230D
:10A8E0005B004B449A460C234B449B46A518637867
:10A8F000052B05D110E02378E4186378052B0BD0E5
:10A90000A542F8D8E01B80B200E00020F0BCBB46B6
:10A91000B246A946A046F8BDA542F3D9210040465B
:10A92000FFF744FB0028F0D0A3780136F6B2DB092C
:10A93000012B29D0504600F09FFC2A234946A278DB
:10A94000FF33CA54637922791B0213431E4A5B0505
:10A9500094465B0D942163445A4253414A46022077
:10A960004900525C5B00824313434A4653545146AC
:10A970004046083900F0D6F90028C6D02378E418FC
:10A980003B79B342B3D8BDE7584600F075FC5A4650
:10A99000A3780C3A5371637921791B020B430A495E
:10A9A0005B058C465B0D634459424B410220117993
:10A9B0005B0081430B43594600200839137100F0B6
:10A9C0007FF9DBE7EC23002000FEFFFF70B50500F8
:10A9D0002A201F4CFF30205C1E006379884203D080
:10A9E00000208B421DD070BD9A235B00E35A002BE0
:10A9F0000DD1184B002B04D000201749B2B200E053
:10AA000000BF2800154900F08DF90120EBE7200078
:10AA1000962331305B00E158B2B2FF3000F070FB9A
:10AA2000E7E70F4B002B04D031040020090C00E0B5
:10AA300000BF0C4C2800210000F042F90028E4D1AE
:10AA400032002100280000F007F90120CBE7C046C2
:10AA5000EC230020000000006C23002014250020BF
:10AA600000000000F023002000B5030083B000299F
:10AA700010D00020012B07D80A78002A04D00B48F8
:10AA8000C2540120012A01D003B000BD1800FEF716
:10AA9000C1FDF9E7012301A900200B80FEF7BAFDF3
:10AAA0000028F1D00122014B1A70EDE73C22002072
:10AAB000037870B5DB0704000E00DD0F002B17D103
:10AAC00003785B0701D5280070BD012130004942A1
:10AAD0000AF032F82378DB07DD0F002B0AD1237848
:10AAE0005B0708D40422237801251343237002E076
:10AAF0000025E8E70025300009F0EEFFE3E7C04657
:10AB000070B50C0001210600494220000AF014F83B
:10AB100033785B07DD0F002B04DB200009F0DCFF3E
:10AB2000280070BD3378DB0704D4042233789343C4
:10AB30003370F2E70025F0E7437902791B021343F3
:10AB4000C2785B0592075B0D920F022A1DD0032A83
:10AB50000CD00020012A08D102394A425141124A40
:10AB60009446614499424041C0B2704702394A1E3E
:10AB700091410E4A494211408022D2009446002061
:10AB8000614499424041C0B2EFE7022905D000205C
:10AB900040229A424041C0B2E7E7054A9818434232
:10ABA0005841C0B2E1E7C046FF03000040FCFFFF90
:10ABB00000FEFFFF8A1870B5914207D27F264C78BD
:10ABC000052C04D00C7809198A42F8D870BD3400DD
:10ABD0008D782C4064000419ED0963550C7809192F
:10ABE0008A42ECD8F2E7C046F0B5C64600B582B05E
:10ABF000150008AA40CA040017880BAA1288012071
:10AC000090460A00217802408143200011432170C0
:10AC10003A00009331000123083000F0F1F8002ED3
:10AC200001D0002F08D10A9B012063604346638056
:10AC300002B080BCB846F0BD26001C363000F9F7E3
:10AC400035FF0023002D01D0330000266361A6618B
:10AC5000E9E7C04601207047F8B502240B780700E9
:10AC60001C4063425C41144B64421C40134B08007F
:10AC70009C4608300D001600644400F0F7F80028E8
:10AC800007D1002E05D0344203D101242B781C4279
:10AC900001D00020F8BD38006978FFF7A1F900283D
:10ACA000F7D02B781C42F4D10023002238006978B9
:10ACB000FFF7BEF9EEE7C04640FEFFFFFF010000D0
:10ACC000F8B50D000835060028000C0000F0CEF89D
:10ACD000002803D0012723781F4201D00020F8BDAF
:10ACE00030006178FFF77CF90028F7D028006288EF
:10ACF000616800F03DF92378051E0BD01F42EDD1AD
:10AD00000300626830006178FFF792F90028E5D00F
:10AD10002800E4E71F42E1D130006178FFF774F9C1
:10AD2000DCE7C046F8B5CE46474680B58A890500BF
:10AD30000C000B78002A07D101261E423FD00020CC
:10AD4000C0BCB946B046F8BD9B0734D5FE2380266B
:10AD50001B029946B60027000837380000F0A4F817
:10AD60008642ECD80122237890461A42E7D1280087
:10AD70006178FFF735F90028E1D0380000F094F849
:10AD8000864231D84146237862881942D7D14B4652
:10AD90001840061C904200D9161CB6B200226178F9
:10ADA000002E00D0626833002800FFF741F9002828
:10ADB000C5D03000C4E7114B40269946CBE749780F
:10ADC000FFF70EF90028BAD0227863881642B6D170
:10ADD00000226178002B00D062682800FFF728F974
:10ADE0000028ACD06088ABE7424623781A42A6D14F
:10ADF00028006178FFF708F9A1E7C046C0FF00000E
:10AE0000F0B5C64600B5040006A80578802088463F
:10AE100017001E000002824226D8E068002803D0F6
:10AE20000121494209F088FE2069002803D0012150
:10AE3000494209F081FE4346236073045B0CED0335
:10AE40001D430023E0686381A780E58023810028FB
:10AE500001D009F041FE2069002801D009F03CFE34
:10AE6000012080BCB846F0BD0020FAE710B5048987
:10AE700041898288A3B288B28C4207D31B1A9BB245
:10AE8000101C9A4200D9181C80B210BD5100091A3A
:10AE90005B189BB2F4E7C04603894089181A434205
:10AEA0005841C0B27047C04610B5048941898288B4
:10AEB000A3B288B28C4207D31B1A9BB200209A42DD
:10AEC00001D9D21A90B210BD5100091A5B189BB279
:10AED000F4E7C04670B5040000690E00002803D0F6
:10AEE0000121494209F028FE25896089A288A9B27A
:10AEF00083B285422CD3CD1AADB2002D2ED0AA42FA
:10AF000008D2914230D3891A8BB263819A4203D816
:10AF10009B1A9BB29A42FBD9E28821685204520CD8
:10AF200053433000C918FBF749FE63890125591CBA
:10AF300089B2A2888B4213D900215200891A89B2A2
:10AF400020696181002801D009F0C6FD280070BD8C
:10AF50005500ED1A4D19ADB2002DD0D1618989B2DD
:10AF600052009142ECDBE9E789188BB26381CDE7AF
:10AF7000F0B546464F46D646C0B50600006989463C
:10AF80009046002803D00121494209F0D5FD3189BE
:10AF90007289B5888BB294B2914254D31F1BBFB251
:10AFA000002F4AD0BD4205D2AB4251D25B199CB2B0
:10AFB0002F0074814346B8453DD89FB2A54203D8BF
:10AFC000641BA4B2A542FBD9F28831685204520C2A
:10AFD000904662432B1B9BB2891842469F4225D95B
:10AFE00053439BB21A0048469A46FBF7E7FD434697
:10AFF00048467D1B64195C4331685044A2B2FBF79C
:10B00000DDFD7189B588CB199BB26A00994216D9CA
:10B010009B1A9BB230697381002801D009F05CFD56
:10B020003800E0BCBA46B146A846F0BD48467A436F
:10B03000FBF7C4FDE5E73B1CBFE773899BB26A00E1
:10B040009342E7DBE4E76F003F1BDF19BFB2A7E7DE
:10B050005B1B9CB2ACE7C046F8B50400C0680E00AC
:10B06000002803D00121494209F066FD2589208985
:10B070006189A288ADB283B28FB2884229D3DB1B2B
:10B080009BB29A4209D8E779FF0906D1E068002807
:10B0900001D009F021FD3800F8BD95421ED32B00E8
:10B0A0009B1A9BB29342FBD2E28820685204520C56
:10B0B00053433100C018FBF781FD6B1C9BB2A28883
:10B0C0009D4218D9002352009B1A9BB2012723816D
:10B0D000DCE75100C91B5B189BB2D2E72B00E2886A
:10B0E00020685204520C53433100C018FBF766FD30
:10B0F0000135A288ABB252009342E7DBE4E7C046D9
:10B10000F0B557464546DE464E46E0B5140005000C
:10B110000F0083B0002A75D0C068002803D0012139
:10B12000494209F009FD2E89E9796A89AB88B6B2EE
:10B1300092B2C90945D1964200D36DE059008A1AEE
:10B14000B21892B2002189469A4234D29A1A111C3E
:10B1500092B2A24200D9211C8AB29146EA885204D6
:10B16000520C90464A46B21892B292464A46D21AB9
:10B1700092B2934634009E4203D3E41AA4B29C4296
:10B18000FBD24246624328681B1B9BB28018424692
:10B190004B4554D34B4639005A43FBF70FFDAB8860
:10B1A0005B00564501D89A4503DB5246D31A9BB241
:10B1B0009A4653462B81E868002825D009F08CFC7C
:10B1C00022E0E9884904490C88469C4227D29642ED
:10B1D00047D3B11A89B28C465800E11A89B28B461E
:10B1E00061460919814208DBD11889B20E1BB6B23B
:10B1F0008A46B2423BD9361AB6B2A21992B29246E8
:10B20000A146B7E700239946484603B0F0BCBB46C9
:10B21000B246A946A046F0BDB21A92B292E700210A
:10B220008946002BC7D04146E41A4C431600D1187A
:10B23000002289B28A46994693463F199AE75343BA
:10B240009BB21A0039005C440193FBF7B7FC4146FE
:10B2500022004A43019B286892B2F918FBF7AEFC22
:10B260009DE75800811A711889B28C46B5E7A1464E
:10B27000B04200DD7EE7BEE710B50400C0680028DC
:10B2800003D00121494209F057FC2069002803D06E
:10B290000121494209F050FC0023E06863812381C9
:10B2A000002801D009F018FC2069002801D009F01D
:10B2B00013FC012010BDC04670B50400C0680D002D
:10B2C000002803D00121494209F036FC20690028FA
:10B2D00003D00121494209F02FFC7F21E379ED01E0
:10B2E0001940E0682943E171002801D009F0F4FB1E
:10B2F0002069002801D009F0EFFB012070BDC04695
:10B3000010B50A4B0A4AC418240DA40082B000925A
:10B3100008482200E31CF9F747F8844202DC001BCE
:10B3200002B010BD01204042FAE7C0460000E0AF85
:10B330001453011050270020F0B55746DE464E4604
:10B3400045468846E0B583B006000524F8F7F4FFCB
:10B35000434684461C571879364B374AF3181B0D61
:10B360009B009246D75801228240013A002C42DBD2
:10B370002021091A8C423BDC1100A14025000F421C
:10B3800036D14146096889464146897900294DD11F
:10B39000AA4093463A423FD1802189010022884643
:10B3A000002816D06146A44634004E469946030054
:10B3B00001915100705A404500D240195119123183
:10B3C0008900013208519342F3D8019B64469C46A0
:10B3D0004B465A4617435246D7506046F8F7B8FFD7
:10B3E000200003B0F0BCBB46B246A946A046F0BD63
:10B3F00001246442F1E72024241A0DD41100A14055
:10B4000025008B46394205D109E01100A1402500F5
:10B410000F42B6D0013CF8D209246442DDE742462F
:10B420001268914642469279002AB5D014246442AB
:10B43000D3E7C0460000E0AF64230020F0B5DE464D
:10B4400057464E464546E0B51600DC22924685B08A
:10B450001C004B0002935B18DB00C518AA4452463F
:10B46000834628001268CC30009202682B000192BB
:10B470001B4A80209446800263441860002C1DD033
:10B480008023DB0499460123D83598462B00E0271A
:10B4900055469A463F0203912000FAF741FB4A467F
:10B4A000430113432B6033004246C34013405246CE
:10B4B0003B431360631E1C40EED10399029B5B1853
:10B4C000DB005B441A000099DC321160019ACC3336
:10B4D0001A6005B0F0BCBB46B246A946A046F0BD16
:10B4E000CC300000F0B5DE4657464E464546E0B546
:10B4F0001600DC22924685B01C004B0002935B18BC
:10B50000DB00C518AA445246834628001268CC3096
:10B51000009202682B0001921B4A80209446800210
:10B5200063441860002C1CD08023DB04994601235F
:10B53000D83598462B0055469A46144F0391200063
:10B54000FAF7EEFA4A46430113432B6033004246B2
:10B55000C340134052463B431360631E1C40EED170
:10B560000399029B5B18DB005B441A000099DC32F4
:10B570001160019ACC331A6005B0F0BCBB46B246EC
:10B58000A946A046F0BDC046CC30000080E00000D7
:10B59000F0B54E464546DE465746E0B583B089468F
:10B5A0000CA984460D781F2A45D84946490088468B
:10B5B0004944C900461837003400DC373868CC34B9
:10B5C00083462068310001901C4880248246A402F2
:10B5D00051440C6069424D411E216D428D43184912
:10B5E0008A465544052B0CD9A0201F214005D8368A
:10B5F000540104430532053B3C600A403560052B8D
:10B60000F6D852019B06134342464A44D200624494
:10B610001000DC3213600300D8331D605B461360FA
:10B62000019BCC300360002003B0F0BCBB46B246A7
:10B63000A946A046F0BD05204042F5E7CC30000009
:10B640009FE00000F0B501258D400468AC43046024
:10B65000002B2ED04D006C18E400041926001F6842
:10B66000C83637609F68043677605F68DB68DC3413
:10B67000376023606B18184DDB00AC468025C4187A
:10B6800064442D0625602560144C0D1D8C4084609B
:10B6900001242600AE40802508318C401F21AD01D9
:10B6A0004519C0180A40D8302E602C600260002076
:10B6B000F0BD4D006C18E400041926008027C83640
:10B6C0007F023760C0273F03B760F82704367F0248
:10B6D000DC3437602360CDE7D010000001010101A8
:10B6E000484B02009C466244531E9A418023F0B5A9
:10B6F0004E46DE46574645465B029C46E0B5424B09
:10B700001204624485B002901A60404B0E0040491A
:10B710001A6010000B689843FBD10620F9F7CCFFA4
:10B720000223029904008C464A6801901A40039251
:10B730000A1D9046374AF10D62449146136070022B
:10B7400000295AD1A04258D8802464000227A2467A
:10B75000B446B30DB20204E0019E96420AD3220021
:10B760002B000237574505D004000D00A4185D4199
:10B77000002BF1D06646019B80259A46B3463C02D9
:10B78000E41B6D002E00013D002D38D021005046F5
:10B79000FAF7F4F9E41B8345F4D2310079432D0222
:10B7A000029CFF228026A4462761236812026B4078
:10B7B00076016644134033608023039A9B0143441F
:10B7C0001A604D460222072760682A6025681040EB
:10B7D0006F40CF253D40356018600F4884460320F8
:10B7E0006444206001981A60FAF7C8F905B0F0BC0B
:10B7F000BB46B246A946A046F0BD0227BBE73900CA
:10B80000CEE7C0460040FCBF00E0004000F0004032
:10B8100008C000400430000024200000F0B50400FF
:10B820000D0016001F00002838D0002E31D0631CF8
:10B830001ED0731C22D020002900801979418D422E
:10B8400003DD002F10DC0DD0F0BD8D4207D0A942E2
:10B850001ADD002FF8DA802100200906F4E784427F
:10B86000F5D9EEE7002EEFD001200F494042EBE77B
:10B870000D4B9D42DDD120002900E5E70A4B9F4298
:10B88000D9D130003900DFE7A942DDD1A042E0D8AC
:10B89000DAE780231B069F42C9D1F2E780231B060B
:10B8A0009942C2D1E7E7C046FFFFFF7F84B0059B06
:10B8B0000292049A8B4212DC0FD099420BDC08D022
:10B8C000029B069883420AD398428041404204B0CA
:10B8D00070479042F4D90120F9E78242EDD9012066
:10B8E0004042F4E782B0F0B585B00A920B930400B1
:10B8F0000A9E0B9F0C9D002E23D00F9B002B24DB58
:10B900000E980F9901221C4B5242121A8B41BB42D6
:10B9100021DD102268460AA9FBF750F90E9B0F9A09
:10B920000135134321D1102269462000009601976A
:10B930000295FBF743F9200005B0F0BC08BC02B04B
:10B94000184780231B069F42D7D1102220000AA946
:10B95000FBF734F9EFE7BB4201D1B242D9D810224C
:10B9600020000649FBF72AF9E5E70E9A0F9B002510
:10B97000B6185F41D7E7C046FFFFFF7F986101100F
:10B98000416900697047C046034B416900691A6804
:10B990005B68801A99417047C011002000B583B0E0
:10B9A000684600F055F90098019903B000BDC04603
:10B9B00000B583B0684600F04BF900980199034B3D
:10B9C0001A685B68801A994103B000BDC01100205D
:10B9D000014B186859687047C0110020F0B54E46F9
:10B9E0004546DE465746E0B51D001300040016002C
:10B9F00093B02B4300D1C1E0002D00DAABE00492FC
:10BA0000FA2200233000290092000595FAF7DCF8AD
:10BA100080460F00002D00DCC3E006900791002354
:10BA2000300029007A4AFAF7CFF882468946002D7D
:10BA300000DCAAE0534608934B46300009932900E6
:10BA40000023744AFAF7C0F880460F00002D00DC8E
:10BA5000B3E00A900B91E823300029006E4AFAF710
:10BA6000B3F882468946E82D00DCB1E053460C93DA
:10BA70004B4630000D932900684B694AFAF7A4F849
:10BA8000664B834603919D4200DCAAE05B460E9321
:10BA9000039B30000F932900624B634AFAF794F836
:10BAA000604B80460F009D4200DCA5E0062507267E
:10BAB0001090119103239946013B9B46013B9A4606
:10BAC000023EFA224046390000239200FAF77CF841
:10BAD00056499046009220000A00019305211F005C
:10BAE000FCF7FCFB002F0BDC07D003DC56D14346F0
:10BAF000092B53D9D946023403E04346632BF6D9C8
:10BB00000334002D1FDDF30004AAD518484B37007D
:10BB1000984628686968FA2200239200FAF754F8D8
:10BB200020000092019308214246FCF7D7FB043421
:10BB30003B00083D013F002BEBDCF343DB171E40CD
:10BB40000136B600B144484613B0F0BCBB46B2461D
:10BB5000A946A046F0BD02223649FBF72FF8029B0A
:10BB600002269846042301259946013B9B46013B4A
:10BB70009A46039F013476426D42A2E702222E4983
:10BB8000FBF71CF801239946DDE7002D03D12B4B71
:10BB90009E4200D94EE7012502268BE7D1460134AB
:10BBA000AFE7002D04D1FA239B009E4200D334E777
:10BBB000B0462F00012600257CE7002D03D1204B45
:10BBC0009E4200D945E7D0464F460225032671E73D
:10BBD000E82D03D11B4B9E4200D947E703250426DD
:10BBE00068E79D4203D1184B9E4200D94EE7D046EC
:10BBF0004F46042505265DE79D4203D1134B9E4227
:10BC000000D953E7D84605250626039F52E7C046CC
:10BC100040420F0000CA9A3B0010A5D47E8D03005D
:10BC20000080C6A4B3B6E00D000064A73C53011029
:10BC30004453011038530110CC5101103F420F0002
:10BC4000FFC99A3BFF0FA5D4FF7FC6A4FFFF63A7E0
:10BC5000D0B5D6464F4680B582B0040003F076FDDD
:10BC6000824600282AD1174B9946002200234846D5
:10BC700003F0E8FD0B006168020020688B4202DCE3
:10BC800014D1824212D901260027B6185F414846D6
:10BC9000266067600096019703F0EAFD0028E4D073
:10BCA000504602B0C0BCBA46B146D0BD009001912A
:10BCB000484603F0DDFD0028D7D0F1E701235B42C1
:10BCC0009A46EDE7C811002010B503F051FD10BDF4
:10BCD00070B51500FAF712FF041E0DD0002D09D023
:10BCE00008210120FAF70AFF061E09D02B683460EC
:10BCF0002E607360200070BD034802F04BF8EDE742
:10BD0000014802F047F8F1E74C530110010070B50B
:10BD10000120FAF7F3FE051E0CD008210120FAF7E6
:10BD2000EDFE041E0AD0074B28001A6825601C602F
:10BD3000626070BD044802F02DF8EEE7024802F0A0
:10BD400029F8F0E7182200204C53011082B010B5FA
:10BD5000303084B001000692040010226846079338
:10BD6000FAF72CFF06980799089A099BFFF79EFDA2
:10BD7000002804DA1022200006A9FAF71FFF04B0F9
:10BD800010BC08BC02B01847F8B543780500002B7A
:10BD900000D1F8BD01F020F9E96D6A6DAB6D9142FB
:10BDA00001DD11002B6D002906DD002089005918E6
:10BDB00004CB10709942FBD12B6E002B18D02E00B3
:10BDC000603630000024002701F022FC84420FD2AC
:10BDD0002100300001F0F6FB002803D00368002B9F
:10BDE00000D01F603000013401F012FC8442EFD318
:10BDF0000023EB65CDE7C046010082B000B585B0F9
:10BE000006926846102230310793FAF7D7FE099B55
:10BE100006980799089AFFF749FDC317181AC00F2B
:10BE200005B008BC02B01847F0B5DE464E464546A0
:10BE300057468146E0B585B002F010FC4B46986C41
:10BE400001F00CFE10234B44041E98466FD03023A3
:10BE50009A46434B9B46102241466846FAF7AEFE8F
:10BE60000FCCFFF723FD041E61D14B46986C01F007
:10BE7000F9FD83690600002B60D0D86C02F004F94C
:10BE8000002860D0B169F7698869002803DC19E0EF
:10BE90000134844216DA4B69A200D5585346EB5C54
:10BEA000002BF5D1A86D02F0EFF8002805D0012293
:10BEB00029004846524201F00BFAB1690134886901
:10BEC0008442E8DB49230122CA540B7F002B04D0B3
:10BED000CB6A8A6A002B3CDC39D0484601215C30B1
:10BEE00003F0A4FC4A46526D0300B0699A4205DD96
:10BEF0004A460100926D9B0049319950390001F08A
:10BF000031F8380001F050F80021002200233160A0
:10BF10007260B3604B46B161F2613100D86C01F0E0
:10BF200095FD4B46986C01F099FD041E93D105B028
:10BF3000F0BCBB46B246A946A046F0BD0021002297
:10BF400001604260E5E7584601F0B0FE9AE7002A3A
:10BF5000C3D0002000904846F4F7E2F9B069CDE77D
:10BF60005C53011010B5C06C01F07CFD041E01D0C3
:10BF7000200010BD20210120FAF7C0FD041EF7D1DA
:10BF8000014801F007FFF3E74C530110F0B5CE462E
:10BF9000474680B5804689B0C86C0D0002F074F841
:10BFA0008146002839D02E6A6F6A33003B4331D175
:10BFB000AB69002B47DD00246B69A200D158012238
:10BFC0004046524201F084F9AB690134A342F3DCEC
:10BFD000AE6AEF6A33003B4316D04046FFF7D0FC11
:10BFE00036184F41414600231022303168460693EF
:10BFF00004960597FAF7E2FD04980599069A079BBF
:10C00000FFF754FC002821DD484609B0C0BCB94602
:10C01000B046F0BD00239946DFE74346D86C01F0F7
:10C0200021FD041E22D04046A561FFF7A9FC2A6A23
:10C030006B6A12184B412260636000232000A360EA
:10C0400002F004F8E0E700239946C1E74346D86CC4
:10C0500001F008FD011E15D000238B6043460E60E1
:10C060004F60986C8D6101F0F1FCCDE7202101203B
:10C07000FAF744FD0600041ED5D1084801F08AFEF7
:10C08000B561FFDE20310120FAF738FD0400011E02
:10C09000E2D1024801F07EFEA561FFDE4C530110A3
:10C0A00070B50500C06F002825DD00240026AB6FA9
:10C0B000A200D158002906D02800FFF767FF00280A
:10C0C00000D00600E86F01348442F0DB002801DC78
:10C0D000300070BDE86C01F0C5FC011E0DD00022DF
:10C0E000002300208A61CB6188600A604B60E86CA5
:10C0F00001F0ACFCECE70026EAE720310120FAF77A
:10C10000FDFC0400011EEAD1034801F043FE0022B9
:10C11000002322606360FFDE4C5301108423F0B5DE
:10C12000C258050085B0002A17DD00248026842728
:10C1300002E00134944210DAAB59A100C958002939
:10C14000F7D08B6D002BF4D101222800524201F070
:10C15000BFF8EA5901349442EEDB9823EB58002BE8
:10C160000AD080219868695802905B682800019382
:10C170000023009301F090FF05B0F0BDF8B58C23CB
:10C18000C2580500002A17DD002488268C2702E00B
:10C190000134944210DAAB59A100C9580029F7D0F4
:10C1A0008B6D002BF4D101222800524201F090F84F
:10C1B000EA5901349442EEDB9823EB58002B04D06B
:10C1C00088232800E95801F0EFFFF8BD0022002382
:10C1D00010B500248A61CB610A604B608C60C06C32
:10C1E00001F034FC10BDC04682B010B5C06C0292A4
:10C1F000039301F037FC041E0BD01022200002A98B
:10C20000FAF7DCFC00232000A36110BC08BC02B0DC
:10C21000184720210120FAF771FC041EEDD10448D3
:10C2200001F0B8FD102202A90020FAF7C7FCFFDEDA
:10C230004C53011070B50400C0690D00884201D054
:10C2400000F0B2FEE56170BD82B0F0B5D6464F4653
:10C250004646C0B50F0001008CB01593169B149292
:10C2600010311022050004A89946189EFAF7A6FC82
:10C27000102204A96846FAF7A1FC14981599169A99
:10C28000179BFFF713FB002800DC7AE0002E02D09A
:10C29000F3680133F360102214A908A8FAF78EFCA2
:10C2A00030239A46AA44102251466846FAF786FC83
:10C2B000089809990A9A0B9BFFF7F8FA002800DD05
:10C2C0007DE0E86C01F0CEFB041E69D0102214A9B9
:10C2D0002000FAF773FC2100A86CA761E66101F069
:10C2E000B9FB804600281FD04823FB5C012B41D0BE
:10C2F000022B2AD04B461022013314A9200016939A
:10C30000FAF75CFC102214A908A8FAF757FC1022CF
:10C3100051466846FAF752FC089809990A9A0B9B0D
:10C32000FFF7C4FA002828DC2100A86C01F08EFB7E
:10C33000686F431C32D46B670CB0E0BCBA46B146A0
:10C34000A846F0BC08BC02B01847C069864201D0BC
:10C3500000F02AFE4346DE61002200230021A26194
:10C36000E361A160226063602100E86C01F06EFB74
:10C370000020E1E7C369B342EED0300000F014FEC4
:10C38000EAE76B78002B00D180E7104801F08EFCC3
:10C39000300000F009FE01204042CDE70123CAE74A
:10C3A00020210120FAF7AAFB041E8FD1084801F0D2
:10C3B000F1FC102214A90020FAF700FCFFDE05486A
:10C3C00001F074FC300000F0EFFDE4E7C053011011
:10C3D0004C5301101454011082B0F0B5070087B01F
:10C3E0000C920CA9102268460D93FAF7E7FB386906
:10C3F0007969BA69FB69FFF759FA00280ADA380047
:10C40000102210300CA9FAF7D9FB07B0F0BC08BC19
:10C4100002B01847B9690A4B0A4E1C685D6804915E
:10C4200038697969001BA9410C9A0D9B0290039110
:10C430000E99121BAB413000009101F0ABFCE4E718
:10C44000C01100205C540110486810B50C000B6846
:10C4500041609847002263685A6010BDF0B5DE461F
:10C4600057464E464546E0B592460A6A81468B4697
:10C4700085B0002A70D000270024390002E0013482
:10C48000944255D25B465B6AA0001B58002BF6D045
:10C490001B78002BF3D05B46DB6A1B5898465B4643
:10C4A0009B6A1D58002DEADD424600230192039449
:10C4B0001A00029002E00132AA4233DA0198930096
:10C4C000C658002EF7D0B369002BF4DD0024904647
:10C4D0000FE0002903D05246484600F0F9FE29003B
:10C4E0005246484600F0F4FE0021B36901349C42F4
:10C4F00010DA7269A0008558002DF7D08D42F5D072
:10C500000137012FE5D1EA695A45E2D1013429000A
:10C510009C42EEDB5B4642469B6A029801321D5804
:10C52000AA42CBDB5B46039C1A6A01349442A9D32E
:10C530000F1E11D0CB6B002B15DA78683B68476073
:10C54000984700227B6839005A6048465246FFF7F8
:10C5500085FF40230022FA5405B0F0BCBB46B2462A
:10C56000A946A046F0BDFFF719FABA6B0C001100FE
:10C57000FB6B050019430AD17B6C002BE9D078686E
:10C580009847524639004846FFF768FFE1E74946B9
:10C5900008694969FFF742F98C42EDDCCDD185424B
:10C5A000EAD8CAE7F8B505001B480E00FCF72CF9DD
:10C5B0001A48FCF729F91A48FCF726F91948FCF73C
:10C5C00023F91948FCF720F91848FCF71DF9184819
:10C5D000FCF71AF91748FCF717F91748FCF714F994
:10C5E0001648FCF711F91648FCF70EF91548FCF748
:10C5F0000BF91548FCF708F9002D09DD0024134F4D
:10C60000A3003800F1580134FCF786F9A542F7D1B0
:10C610000F48FCF7F9F8F8BDE85401100455011073
:10C62000205501106055011084550110D05501109E
:10C6300020560110345601108056011094560110F6
:10C64000D0560110E05601101C5701102C57011054
:10C6500018570110F0B5DE4657464E464546E0B540
:10C66000012489B0012824DD80460D00BF4B0093D2
:10C67000BF4B0193A600AF59631C9A463B7899467D
:10C680002D2B1ED17B78662B1BD1BB78002B18D1AC
:10C69000D04500DCDCE0AE1976680099300004F08B
:10C6A000F3FB00284ED10122B24B1A700234A04590
:10C6B000E0DC012009B0F0BCBB46B246A946A0466A
:10C6C000F0BD3800AC4904F0DFFB0028E0D04B4659
:10C6D0002D2B40D17B786F2B3DD1BB78002B3AD1ED
:10C6E000A31C434500DBF1E0AE1973689B46B368B9
:10C6F0005846994606F09AFB06000F009F4B9A4653
:10C700001E605F6003000B4304D15B461B78302B37
:10C7100000D0F5E04B461B789B46732B44D14B462B
:10C720005B78652B40D14B469B78632B3CD1944A78
:10C73000002330003900FAF787F853461860596033
:10C740000334B4E73000019904F09EFB002826D1A1
:10C75000884B1870AAE738008A4904F095FB002836
:10C76000BED03800884904F08FFB0028B8D04B4673
:10C770002D2B66D03800854904F086FB00287CD13B
:10C78000D04500DCE5E0AE1976687849300004F069
:10C790007BFB002868D101227D4B1A7086E73100AF
:10C7A0007C4801F00FFA81E7042248467A4904F0F8
:10C7B00091FC002826D1F30E7A011A4373010392EB
:10C7C0000293029A039B921BBB41D10D580208436E
:10C7D000530205900493049A059B92197B41910E94
:10C7E0009801084391010790069106980799801ACD
:10C7F00099410B000200514692197B4103340A60B3
:10C800004B6054E704224846644904F063FC002866
:10C8100002D1FA2292008BE704224846604904F0D4
:10C8200059FC00288CD05B466D2B40D14B465B7881
:10C83000692B3CD14B469B786E2B38D10D23594A3E
:10C8400077E77B786B2B95D1BB78002B98D091E75D
:10C850002B0045469846544801F0B4F9280041465B
:10C86000FFF7A0FE002025E73000414904F00CFB53
:10C87000002826D1464B187018E74B462D2B02D1C5
:10C880007B78772B51D03800484904F0FDFA002816
:10C8900043D1D04500DCA9E0AE19766802343000FF
:10C8A00006F0CEF900284EDD414B1860FFE6042269
:10C8B0004846404904F00EFC002813D13E4A3F4B45
:10C8C00037E731003E4801F07DF9EFE62B004546A1
:10C8D00098463C4801F076F928004146FFF762FE91
:10C8E0000020E7E65B46642B23D14B465B78612B47
:10C8F0001FD14B469B78792B1BD1334A334B18E71A
:10C900002B00454698465946314801F05BF928000E
:10C910004146FFF747FE0020CCE638002D4904F0E1
:10C92000B3FA00286ED15446C1E6BB78002BB0D0D4
:10C93000A9E704224846284904F0CCFB00286ED120
:10C94000264A274BF5E62748310001F03BF9012044
:10C95000AAE72B0045469846234801F033F9280002
:10C960004146FFF71FFE0020A4E6C04650570110C5
:10C97000585701103A30002030570110D0110020D4
:10C9800000CA9A3B805701108C57011010580110B3
:10C990003D30002060570110D0570110D8570110CA
:10C9A000E0570110005847F838570110605801103F
:10C9B00014220020E857011000A0B8304603000000
:10C9C0003C5801109857011000004F91944E000000
:10C9D000B8570110C0580110F0570110000029F994
:10C9E0000F260200945801101C5801102B004546D8
:10C9F0009846114801F0E6F828004146FFF7D2FDBD
:10CA0000002057E62B004546984639000B4801F0B8
:10CA1000D9F828004146FFF7C5FD00204AE62B0063
:10CA2000454698464946064801F0CCF8280041465C
:10CA3000FFF7B8FD00203DE66C580110CC580110FE
:10CA4000F857011010B5F6F735F910BDF0B5DE4610
:10CA500057464E464546E0B5984B91B01A78002AA5
:10CA600006D011B0F0BCBB46B246A946A046F0BD08
:10CA7000013207A81A70F6F717F980460798F7F7FA
:10CA8000EDFB4346002B00DC14E1002400258C4B19
:10CA900099468C4B03938C4B04938C4B0293079BCE
:10CAA0001F191B5D002B00D188E04B461B78002B23
:10CAB0005BD07B78002B38D000F08EFAF96D7A6D60
:10CAC000BB6D914201DD11003B6D002906DD0020A8
:10CAD0008900591804CB10709942FBD13B6E002B92
:10CAE0001FD060239A460023BA449B465346A24671
:10CAF0001C002000002600F08BFD864210D2310081
:10CB0000200000F05FFD002804D00368002B01D056
:10CB10005A461A602000013600F07AFD8642EED3B4
:10CB200054460023FB65079F3F19380001F038FD8C
:10CB300007980019836C002B06D0180000F082FFC4
:10CB400000286BD107980019FEF71EFF02000B1E8C
:10CB50000BDB08A8FEF742FF039808A9FBF7DCFEF1
:10CB6000049A5368002B36DC32D00135B034A84526
:10CB700095D14B461B78002B00D172E700F074F979
:10CB8000534E3568002D37D02F68002F0BD03C68EE
:10CB9000002C08D02068F9F7F3FF20006468F9F74B
:10CBA000EFFF002CF6D13800F9F7EAFF6C68280097
:10CBB000F9F7E6FF002C1FD02500E5E7B9680298D9
:10CBC000013501F073F8B034A84500D067E7D0E72D
:10CBD0001368002BC9D0FEF7EBFE02000B0008A87B
:10CBE000FEF7FCFE01353B4808A9FBF795FEB03483
:10CBF000A84500D053E7BCE7002333604346002537
:10CC000000244646002B00DC2BE70798013440192E
:10CC100000F00CFAB035A642F7D122E7079B1B19AA
:10CC2000986C00F00FFF83462B48594601F03EF800
:10CC3000079B1B19986C00F011FF010022480A683D
:10CC40004B688968066847682448921BBB4100917D
:10CC500001F02CF800239A464B460026A9460027EF
:10CC60002500059316E0079B5B19986C00F0FAFE0F
:10CC70000400C069002801D000F096F95246A66170
:10CC8000E761079B21005B1926606760D86CA26092
:10CC900000F0DCFE079B5B19986C00F0D3FE0028C7
:10CCA000E1D1059B59460E482C004D46994600F0AF
:10CCB000FDFF47E7024B99465BE7C0463430002052
:10CCC00033300020E0590110C0110020F458011049
:10CCD000182200200C5A0110185901105C5901103B
:10CCE000A459011080235B02994207DA030C09045E
:10CCF00019430004D3171043194370470121024818
:10CD000049421043F9E7C0460000FFFF70B5040038
:10CD10000068002806D0A3685B68002B2FD09847D6
:10CD200000232360002000F045FC164D28680028F1
:10CD300018D001F045F880239B00984209D22100C9
:10CD4000286801F06BF8002807D0002000F036FCBE
:10CD500070BD2000F9F714FFF7E721000A4800F042
:10CD6000A5FFF2E7043001F039F828600028E0D18F
:10CD700000F024FC054801F00DF82868D9E7F9F720
:10CD8000FFFECDE72C220020705A0110385A011006
:10CD9000F8B5CE464746804680B500200D00160007
:10CDA00000F008FC194B1868994600280AD001F0D9
:10CDB0001DF9070001F028F9002815DA3800F9F705
:10CDC000DFFE002000F0FAFB14210120F9F796FEA7
:10CDD00004004346A3600023200066602560E360F2
:10CDE000C0BCB946B046F8BD380001F029F94B4641
:10CDF00004001868210001F0D1F8002338002360F6
:10CE0000F9F7BEFE002000F0D9FBE2E72C2200205B
:10CE1000F8B5040000200F00160000F0CBFBE56819
:10CE2000002D02D0EB68012B0CD0002000F0C6FBD7
:10CE3000002200212000FFF7ABFF0123C360076041
:10CE40004660F8BD2868002806D0AB685B68002BF8
:10CE500007D0984700232B60002000F0AFFBE0686C
:10CE6000EDE7F9F78DFEF5E7F0B5C646394C00B5AC
:10CE70002068002811D0384D04E0FFF747FF2068F4
:10CE800000280AD00269C3682260002B55D0013BFC
:10CE9000C360002BF1D0101EF4D1002000F08AFBFB
:10CEA0002E4F3868002828D001F0A0F805002A4B42
:10CEB00028009846002601F0A7F8002815DB280076
:10CEC00001F0BEF80400C068002808D0C368002B39
:10CED00039D0013BC360002B01D1FFF717FFE6609B
:10CEE000280001F091F80028E9DA2800F9F748FE57
:10CEF000386800F067FF00233B60194D2868002860
:10CF000015D001F073F8040004E0200001F098F857
:10CF1000F9F736FE200001F077F80028F5DA200056
:10CF2000F9F72EFE286800F04DFF00232B6000204B
:10CF300000F044FB80BCB846F0BD0100280000F0C2
:10CF4000B5FE20689CE70100404600F0AFFEE660B9
:10CF5000C6E7C04634220020B05A0110302200201B
:10CF60002C22002070B50C00C1680500A1420ED033
:10CF7000002906D0CB68002B10D0013BCB60002BE2
:10CF800006D0002C02D0E3680133E360EC6070BD92
:10CF90000800FFF7BBFE002CF5D1F7E7014800F0D1
:10CFA00085FEEEE7B05A011010B5002806D0C36820
:10CFB000002B08D0013BC360002B01D0002010BD26
:10CFC000FFF7A4FEFAE7034B0100180000F06EFE25
:10CFD000F4E7C046B05A011070B50E4C2068002826
:10CFE00011D00D4D04E0FFF791FE206800280AD013
:10CFF0000269C3682260002B06D0013BC360002B8E
:10D00000F1D0101EF4D170BD0100280000F04EFEDA
:10D010002068EBE734220020B05A01108B69806948
:10D02000C01A4342584170477047C04670B504006B
:10D030004068F9F7A5FDA06FF9F7A2FD8023E0583D
:10D04000F9F79EFD8823E058F9F79AFD9023E05800
:10D05000F9F796FD206DF9F793FDA06DF9F790FDB6
:10D06000A06C00F0D3FC04E0E06C00F0FBFCF9F7EE
:10D0700087FDE06C00F0E6FC0028F5D1E06C00F0E4
:10D08000C5FCA8239825E05800F00CFC6359002B40
:10D0900009D05868F9F774FD6359D868F9F770FD3D
:10D0A0006059F9F76DFD70BD70B5190004000025D9
:10D0B0001000059B049A20616161A5612062616294
:10D0C000A56222646364002B06DA20001022054961
:10D0D0003030F9F773FD70BDFEF7A0FBA563206348
:10D0E0006163F8E7A8610110F0B5DE4600B584B0D1
:10D0F00006000F0015000E9C002900D181E00800F9
:10D1000006F080F9431C18009B46F9F7D9FC5A46F3
:10D110003900706002F0C4FB300010224C49B56049
:10D120003030F9F74BFD0A9B0020F367002B03DD3D
:10D1300050211800F9F7E2FC84230B9AB067002015
:10D14000F250002A03DD60211000F9F7D7FC80239C
:10D150000C9AF0500C330020F250002A03DD6021BD
:10D160001000F9F7CBFC88230D9AF0500C33002007
:10D17000F250002A03DD60211000F9F7BFFC902374
:10D18000F05000237465F365002C3CDC002033650F
:10D190009C23119AB065F250002A05DD042110008D
:10D1A000F9F7ACFCA023F05001232A4C2A4D2200B1
:10D1B0002A4973670A202B0000F014FC22002B0080
:10D1C0002749B0640A2000F00DFCF0642548264B86
:10D1D00002902648264A01902648274900900A20B6
:10D1E00000F036FBA823F0500F9B0024002B14DC2A
:10D1F00098230020F450973B337004B080BCBB46AA
:10D20000F0BD416088E704212000F9F777FC042194
:10D2100030652000F9F772FCBAE714210120F9F714
:10D220006DFC040004210F98F9F768FC0F9B606007
:10D23000A36000232370109B00202361002B01DCDE
:10D24000E060D5E710211800F9F758FCE060CFE75F
:10D25000A86101101DD0001029D00010C9D90010FC
:10D26000A1DA0010BDDA0010B5DA0010A5DA00105E
:10D27000ADDA0010B9DA001075DA0010436A30B583
:10D28000002B19D09A68D36D516D8B4215DB013399
:10D29000D365012303758369002B0DD0C169002973
:10D2A0000ADB1A68002A07DB501C18605868904295
:10D2B00009D8012252421A6030BD0500916D9C00D0
:10D2C00014356550E3E79B689200D150F4E7C046FF
:10D2D00070B50500886D0C0000F0D6FE002803D064
:10D2E0003023E25C002A00D070BD0132E254783372
:10D2F0002100E85800F0EEFA0028F5D0014800F0CF
:10D3000049FDF1E7E45A0110F0B54F464646D646CE
:10D310000223C0B50500A8263027994684B014E042
:10D32000FEF73CFBA26B88461100E36B8246194373
:10D3300024D1636C002B06D060689847002221003E
:10D340002800FFF78BF80023E355A85900F0B4FA42
:10D3500000281DD0A85900F013FB4B46C355C36BE2
:10D360000400002BDCDA210028000022FFF76CF813
:10D37000002221002800FFF771F8E4E728696969B5
:10D38000FEF74CFA8845D4DCEDD18245D1D8EAE7E6
:10D39000280001F04FF9290010226846303110357D
:10D3A000F9F70CFC0FCDFEF781FAC00F04B0E0BC1A
:10D3B000BA46B146A846F0BDF0B504008DB002F003
:10D3C000FBF9A06C00F04AFB102205003A4904A8C2
:10D3D000F9F7F4FB002D4AD01022290004A8F9F730
:10D3E000EDFB2E686F680822684606A9049605972B
:10D3F000F9F7E4FB2000049A059BFEF7FDFC0028EA
:10D4000007D021001022303104A8F9F7D7FB266B92
:10D41000676B2A4B1B78002B31D006A9082268467F
:10D4200004960597F9F7CAFB059B2000049AFEF7BE
:10D43000D3FF2100102230316846F9F7BFFB206985
:10D440006169A269E369FEF731FA002802DB200076
:10D45000FEF794FE2000FEF797FC2000FEF7E4FCA8
:10D4600002F0C8F92000FFF74FFF0DB0F0BD144BDC
:10D470001B78002B0ED00126124F7642B3E7320004
:10D480003B002000FEF720FC0028C6D002F0B2F9D5
:10D490000120EAE72269636908920993A3690822D7
:10D4A000013368460AA90A93F9F788FB2000089A15
:10D4B000099BFEF74BFCDEE7B86101103A30002013
:10D4C0003D300020FFFFFF7F30B587B004000D0026
:10D4D000F5F7C8FB02F02AF92F4B19682F4B186893
:10D4E000FFF7B8F8002854D029002000FFF7B2F861
:10D4F00000284ED02A4805F07DFF002845D1F5F7D9
:10D50000B3FB05A8F5F7D0FBFFF79CFAFEF746FA48
:10D510000B000200234905980CC123490C684D6893
:10D5200000940195FFF7C0FD059801F061F805989A
:10D53000FEF7F4FD0598FEF7B3FD059C10222100CF
:10D54000684630311034F9F739FB0FCCFEF7AEF9ED
:10D55000002802DB0598FEF711FE012305984370B1
:10D56000FFF7D2FE002805D1012200200F4B1A70D0
:10D5700007B030BD0598FFF71FFF0028F4D00598CD
:10D58000FFF71AFF0028F5D1EEE7094800F08EFBFF
:10D59000B5E701204042EBE7802700207C270020F0
:10D5A0004DCA0010C0110020D011002033300020DF
:10D5B000105B011010B502F0FFF810BD10B502F0BD
:10D5C00019F910BDF8B505008E000068331D6F68AD
:10D5D000C318BB4201D91F006B60AB68BB4215D8B2
:10D5E000EC681B1A0134EC605B10994202D35B00BB
:10D5F0009942FCD29C0021003F1AF9F7A1FA0023BE
:10D60000C71904192B6128606F60AC608019F8BDE0
:10D6100009C8181A80107047F0B5DE464E464546D8
:10D620005746436AE0B58E009B5988469B460400E6
:10D63000036985B05846984743462268B1468A46F2
:10D6400001905D00954203D34DE098469B009946BA
:10D65000691C636A0091914215D2E268AE00985944
:10D66000236902929847636A0436039098592369A4
:10D670000F0098470B00020039000398029FB8473B
:10D68000636A012803D0002D30D0AE000095985970
:10D690002369E568984702000B0001985146A847A6
:10D6A00001281CD14946636A9A595A50636A5858EE
:10D6B000A36941469847009B22685D009542C4D308
:10D6C0001F00636A5A469A5139005846A369984721
:10D6D00005B0F0BCBB46B246A946A046F0BD4E46DA
:10D6E0004746636AEEE74746636AEBE74E464746BE
:10D6F000E8E7C046F0B5DE4657464E464546436A23
:10D70000E0B58E009B590400984683B003694046FB
:10D710000D009847B14683468A466F08012D22D9ED
:10D72000434601930EE04246636A29009A583D0041
:10D730009A51636A9859A36998477B08012F21D0B1
:10D740001F00AE00E3689946BB0098464246636AF4
:10D750009858236998475A465346C8470128E2D04B
:10D76000019AB14690464A464146636A40469950FE
:10D77000A3692900984703B0F0BCBB46B246A9464E
:10D78000A046F0BD019B984604239946EBE7C046AE
:10D79000F8B557464E46DE4645460400E0B50F0054
:10D7A000160000284BD0294B9B4638E02368B34233
:10D7B0003DD9636AB200D558002D38D0E3682800FF
:10D7C0009A462369984723698146380088469847D6
:10D7D00002000B0048464146D047012827D0E368A5
:10D7E00028009A462369984723698146380088466D
:10D7F000984702000B0048464146D047002805D113
:10D8000039002800E3699847002811D176003200DA
:10D8100039002000FFF7BCFF051E09D10136002E9C
:10D82000C4DA584600F0B6FA2368B342C1D80025DE
:10D830002800F0BCBB46B246A946A046F8BD002A67
:10D84000F5DA024800F0A6FA0025F1E73C5B01108A
:10D85000F0B5C646050000B52820884617001E0012
:10D86000F9F72EF9041E1BD00135A800F9F728F9A5
:10D870006062002811D0012323604346E360069BC9
:10D88000A560A361079B6560E361089B27616661F2
:10D890002362200080BCB846F0BD2000F9F770F983
:10D8A0000024F6E710B50400406AF9F769F9200092
:10D8B000F9F766F910BDC046002802D000680138AB
:10D8C00070470020FCE7C04610B50122FFF760FF5B
:10D8D00010BDC04670B504000E00002817D00168C6
:10D8E0006368406A994209D3A5684D19A900F9F700
:10D8F00027F900280BD02168606265604B1C23600B
:10D900008B001E502000FFF7F5FE002070BD0120A7
:10D91000FCE7C046F8B5CE464746036804000D0054
:10D9200080B5012B23D043690800984781008846C1
:10D930002368626A013B23609B009B58060053509A
:10D94000E36828009946236998474246636A0700BE
:10D95000985823690D00984702000B0038002900F1
:10D96000C8473100012807D02000FFF755FE0020EE
:10D97000C0BCB946B046F8BD2000FFF7BBFEF6E7D5
:10D9800010B500280ED00368012B0BD0426A013B72
:10D99000546803609B009B5801215360FFF73CFED5
:10D9A000200010BD0024FBE7002805D00368012BF0
:10D9B00002D0436A586870470020FCE70021704796
:10D9C000006970470161704710B5040084B0110010
:10D9D00068461022F9F7F2F80FCCFDF767FF04B0A4
:10D9E00010BDC04630B585B0054D064C0293064BC0
:10D9F0000192009322002B00FFF72AFF05B030BDF3
:10DA0000C1D90010BDD90010C5D90010016870B58A
:10DA100005000124012903D810E001348C420DD205
:10DA20006B6AA200D0580028F7D04369002BF4D0CD
:10DA3000F9F7A6F8296801348C42F1D32800FFF7E2
:10DA400031FF70BD10B5FFF737FF10BD10B5FFF700
:10DA500041FF10BD10B5FFF737FF10BD10B5FFF740
:10DA6000A3FF10BD10B5FFF78BFF10BD10B5FFF77A
:10DA700051FF10BD10B5994207D804D001248B4244
:10DA800005D9604210BD9042F8D90120FAE78B42D7
:10DA900001D00024F5E78242F3D80024F1E7C04624
:10DAA00000207047401A434258417047416900695D
:10DAB0007047C04680697047816170477047C046B3
:10DAC000F0B54F46D6464646C0B51700354A040065
:10DAD00010680D0086B0022800DA022098423ADB76
:10DAE000314B99461A88314B9A423AD005A8F5F73E
:10DAF000DBF8059B20005B68984605F083FC060078
:10DB0000280005F07FFC8246404605F07BFC564429
:10DB1000301806002130F8F7D3FF0A228246244944
:10DB20004046203603F0D6FA00282FD041464B4617
:10DB300050461B881F4A0091029531000194FAF764
:10DB4000CDFB1D4B1B68002B24D039005046984755
:10DB50005046F9F715F806B0E0BCBA46B146A846FB
:10DB6000F0BD200005F04EFC0600280005F04AFC40
:10DB7000361830002130F8F7A3FF310023000F4A98
:10DB8000203100958246FAF7A9FBDAE70A239C4682
:10DB9000E044CBE70A4B3A001B685146986803F013
:10DBA0002DF9D5E7D8110020DC110020FFFF00007F
:10DBB000845B0110905B0110F82F00207C5B01104A
:10DBC000381200200FB4F0B54746CE4680B52F4E30
:10DBD00087B00EAC80CC32882D4B04949A423CD056
:10DBE00005A8F5F761F8059B38005B68984605F0D5
:10DBF00009FC0500404605F005FC27239946281836
:10DC000081442830F8F75CFF0A220500214940468C
:10DC100003F060FA00281CD01F4933880191414667
:10DC2000280000911D4A49460297FAF757FB1C4B02
:10DC30001B68002B21D02100280098472800F8F706
:10DC40009FFF07B0C0BCB946B046F0BC08BC04B0EA
:10DC500018470A239C46E044DEE7380005F0D2FB73
:10DC600006002830F8F72CFF31000B4B0D4A273106
:10DC700000970500FAF732FBD9E70B4B22001B682F
:10DC80002900986803F0BAF8D8E7C046DC110020F4
:10DC9000FFFF0000845B0110A45B0110905B01108A
:10DCA000F82F00207C5B0110381200200FB4F0B573
:10DCB0004746CE4680B52F4E87B00EAC80CC32881A
:10DCC0002D4B04949A423CD005A8F4F7EDFF059B38
:10DCD00038005B68984605F095FB0500404605F066
:10DCE00091FB29239946281881442A30F8F7E8FE49
:10DCF0000A2205002149404603F0ECF900281CD017
:10DD00001F49338801914146280000911D4A494628
:10DD10000297FAF7E3FA1C4B1B68002B21D0210075
:10DD2000280098472800F8F72BFF07B0C0BCB94679
:10DD3000B046F0BC08BC04B018470A239C46E04437
:10DD4000DEE7380005F05EFB06002A30F8F7B8FE83
:10DD500031000B4B0D4A293100970500FAF7BEFA46
:10DD6000D9E70B4B22001B682900986803F046F89E
:10DD7000D8E7C046DC110020FFFF0000845B0110E3
:10DD8000AC5B0110905B0110F82F00207C5B011050
:10DD9000381200200FB400B583B004AA02CA0023D1
:10DDA00005480192FFF78CFE044B1B68986803F04E
:10DDB00069F90120FAF740FBB85B01103812002026
:10DDC0000069704710B5041E04D0C068002801D057
:10DDD000F8F7D6FE2000F8F7D3FE10BD70B5182175
:10DDE00005000120F8F78AFE041E14D0056001200A
:10DDF000A840431E0421A0606360F8F77FFEE06046
:10DE0000002805D00022002322616361200070BD3C
:10DE10002000FFF7D7FF0024F8E7C046F8B5DE463C
:10DE200057464E464546436904009C46E0B50069A6
:10DE3000012924D9CB00CB186668DB00CB18E56834
:10DE400033409A00AA181768002F00D19CE00122E5
:10DE50005242904609E04F4A91464B4433409A0063
:10DE6000AA181768002F00D17DE0B94200D177E0F1
:10DE7000012FF0D14246002AEDDA9846EBE7012364
:10DE80005B429A466044F8F752FDA768051C3800CB
:10DE9000F8F74DFD4049F8F70EFD011C281CF8F776
:10DEA00039FD002806D15046F0BCBB46B246A94613
:10DEB000A046F8BD0120E368042198462368013399
:10DEC0009840451E2360A0606560F8F717FE0023A8
:10DED000E06023616361002F36D0BF0047444646AF
:10DEE000BC46306801282CD9C300C318DB00C31816
:10DEF000E7682B409A00BA181168002928D001223F
:10DF00005242914608E0234A93465B442B409A00D4
:10DF1000BA181168002908D0884212D00129F2D11C
:10DF20004A46002AEFDA9946EDE723690133236177
:10DF30004B46002B0FDB6369013B63614B469B0043
:10DF4000D85104366645CCD14046F8F719FEAAE709
:10DF5000236901332361043610606645C1D1F3E7BC
:10DF600000239A468EE7434601302061002B0DDBEB
:10DF700001235B429946CC446346636143469B0060
:10DF8000595101239A467DE7013020610123116038
:10DF90009A4677E7911300009A99593FCB00CB1826
:10DFA00070B5DB004568CB18C6682B409A00B218E4
:10DFB0001468002C09D114E00B4A944663442B40AA
:10DFC0009A00B2181468002C0BD0A142F4D101239E
:10DFD00013600369013B036143690133436101201D
:10DFE00000E0002070BDC0469113000010B508216C
:10DFF00004000120F8F782FD002803D001235B42D2
:10E000000460436010BDC04602684368116930B5C2
:10E010000133050000290FD0916899420CD00BD92B
:10E02000D46802E00133994206D99A00A258012A25
:10E03000F8D918006B6001E00120404230BDC046B5
:10E040000CC8D2689B0098587047C0460B4A10B560
:10E0500013680400002B0BD01968116008490948A7
:10E060000A685C601A6002680B600132026010BDD1
:10E070000820F8F725FD0300F0E7C046382200200D
:10E08000242200202822002003000120002B01D0A0
:10E090001B7C18407047C046F8B54E46454657466B
:10E0A000DE46E0B51D009823C358070099461B784B
:10E0B0000E0090469A0722D5002920D04246002A19
:10E0C0001DDD30239A462F3B9B46013300249946A1
:10E0D000A300F1588B6D002B0AD052468A5C002AAF
:10E0E00006D15A461B7C1A4202D04A461A4255D1E2
:10E0F0000134A045ECD19823FB5899461B781B07A7
:10E1000020D5002D1ED00A9B002B1BDD0123984635
:10E110000733002430269A46A300E9588B6D002B64
:10E1200009D08A5D002A06D142461B7C1A4202D0E1
:10E1300052461A422CD10A9B0134A342ECD19823B7
:10E14000FB5899460C9B002B19DD9C0004230126EB
:10E15000022508279C460B9A14191368002B0BD034
:10E1600099680B7C1E4207D01D4203D06046AB432A
:10E170000343DBB2BB430B740432A242EDD14A46E7
:10E1800000231370F0BCBB46B246A946A046F8BDBA
:10E19000012238005242FFF79BF8CCE701223800F9
:10E1A0005242FFF795F8A3E7F8B54746CE468046BA
:10E1B0000D00160080B500291FD0002A1DDD0023A8
:10E1C00000240427994602E00134A64215D0A3009A
:10E1D000E9588B6D002BF7D01B7C1F42F4D04B46C7
:10E1E0008B653023CB5C002BEED10122404652429E
:10E1F0000134FFF76DF8A642E9D1C0BCB946B0467C
:10E20000F8BDC046F0B55746DE464E464546E0B539
:10E210008FB0049111000993002700220B1E00DC2F
:10E22000F1E0BC49BC468946BB4998468A46BB4991
:10E230008B465146CA460891814604E06346013345
:10E24000984531D09C46634604999B00CE58002ED9
:10E25000F4D03368002B06D01968002903D0C868B1
:10E26000834200D1DAE0F368002BE7D0327C012A48
:10E2700000D1DDE053461D68002D10D063460593A4
:10E280006C68002C06D0A769002F03D0F268FB6CE5
:10E29000934251D02D68002DF2D1059B9C466346D8
:10E2A000013301229845CDD16746C846002A00D1E6
:10E2B000A9E0012399469B46982300269A461CE034
:10E2C0000822934300222B74E26022742268002A01
:10E2D00003D04946127C11420AD05A461A432A7486
:10E2E0005146424651580A221A400B7813430B708C
:10E2F000731CBE4200D17BE01E00049AB300D458C8
:10E30000002CF5D04A46A5682B7C93432B74E26819
:10E31000002ADBD04046FDF733FBA860E960E568E2
:10E32000A5602B7C5A0701D402221343227C012AC8
:10E33000C6D107321343C5E7327C012A4CD0B268FC
:10E3400093422BD021686268069107929A68DB6835
:10E350001100194300D1D7E006980799801A994116
:10E360004B469B699C464B461A695B6912184B41A8
:10E3700008430A920B930023002801D1634601331E
:10E380000C93E36908220CA968460293F8F716FC7F
:10E39000390048460A9A0B9BFDF756FF2100484674
:10E3A000FDF714FF0023089A29686B602B6013683F
:10E3B000013B13605B461B68002B00D02B605B4663
:10E3C0001D6053461B68AB4224D01A001B68AB4249
:10E3D000FBD10D0011605EE73B7F002BDED03A6A77
:10E3E0007B6A0021484600913900F1F799FFD5E793
:10E3F0004346986C00284ED198234246D3581B7848
:10E40000002B00D093E00FB0F0BCBB46B246A9464B
:10E41000A046F0BD53460D0019603CE7097C012978
:10E4200000D020E773683174F360002B00D105E75A
:10E43000189A002A16DD09991201551862460C0037
:10E44000170003E01034A5420BD0F36822689A420B
:10E45000F8D16068A168E2681034F8F7AFFBA54214
:10E46000F3D1BC461A9B002B00DC03E71F00634678
:10E470000024199D0593A300E958886ACB6A1843C4
:10E4800003D1CA6CF3689A424AD00134A742F2D150
:10E49000059B9C46EEE6FFF7D5FA051EACD004219D
:10E4A000F8F72CFB43469F6C00239B467C6AAD002B
:10E4B00004342D19013399465A4682462E002568A8
:10E4C000002D09D0AB69002B06D0DB6C002B03D0EC
:10E4D00049461B7C194243D00434B442EFD156461E
:10E4E000002A0DD0380000241500474600E0B86C23
:10E4F000A300F1580134FFF7B9FAA542F7D1B846A5
:10E500003000F8F73DFB77E7FDF762FAA7690200F4
:10E510000B0021E72422002028220020382200209E
:10E520000A6A4B6A00904846F1F7FAFEADE7536974
:10E5300012690A920B9343469B690CA901330C9311
:10E540004346082268469C6CF8F738FB40460A9A16
:10E550000B9BFDF749FE01002000FFF777FA52E719
:10E56000531C9B4653469200D5500A4B186800280E
:10E570000CD002681A60084A0849136845600360B5
:10E580000B68106001335A460B60A5E70820F8F7C6
:10E5900097FAF0E7382200202422002028220020C9
:10E5A00070B5104E05003468002C09D02800616851
:10E5B000FDF70CFE20002468F8F7E2FA002CF5D1F4
:10E5C0000023094D094A2C6833601360002C05D0E4
:10E5D00020002468F8F7D4FA002CF9D100232B602E
:10E5E00070BDC046242200203822002028220020AE
:10E5F000982370B5C458002C1BD0A068636800280D
:10E6000013DD03250126800018181A68002A09D096
:10E610001168002902D0097C0E4203D091680A7C5F
:10E620002A430A7404339842EFD102222378134319
:10E63000237070BD982330B5C45885B0002C0AD023
:10E64000C56FE368A26861680295856F01952469CA
:10E650000094FFF7D7FD05B030BDC046982330B514
:10E66000C45885B0002C0ED0A56884220295646839
:10E670008021019494240459083BC358825841587E
:10E680000094FFF709FD05B030BDC04603688B4319
:10E690000360704703680B4303607047C943016020
:10E6A0007047C0460160704703684B400360704785
:10E6B0007047C04603788B43037070470378194353
:10E6C00001707047C94301707047C04601707047C0
:10E6D00003785940017070477047C046014B18607D
:10E6E0007047C0462012002010B500F0B7FF80220E
:10E6F00000210248D200F8F75BFA10BDAC270020D9
:10E7000010B5012809D0002800D010BD80220021BA
:10E71000D2000548F8F74CFAF7E78022FF21D20033
:10E720000148F8F745FAF0E7AC270020F0B5C646F7
:10E7300005000C0000B57F282CDC3F292ADC002ACC
:10E7400028DD002B26DD002827DB002930DB802098
:10E750004021401B091BE710904682423DDC1E0011
:10E760008B4238DCA419013C00F0D2FEE410BC421C
:10E770000ED3FB01EEB25D191B4BED182A00F8B267
:10E7800043463100013700F0F1FE8035BC42F5D23E
:10E7900000F0DEFE80BCB846F0BD121800291EDB7A
:10E7A000002AF7DD402180200025091BE710D3E770
:10E7B000CC18002CEEDD80277B1B9846934200DDB1
:10E7C000904600F0A5FE2300402C00DD4023013BD5
:10E7D0000027DC10CDE70E00C4E78046BFE7002A23
:10E7E000D8DD0025CC18E4E7AC270020F0B557466B
:10E7F0004E464546DE46E0B58DB0059001921000CC
:10E8000007221C00A94B0D0008931B68597B9E7BB7
:10E81000130023400993032302402B408A461343ED
:10E820000100002B00D14FE1099B042B00D122E114
:10E83000052B3AD100230293013309930323099A4C
:10E840000B941A4000230392059A069507950A95A2
:10E85000D3561478002B00DA97E001320592002C91
:10E8600000D1A9E0089B1F68BB687D689C46624692
:10E870003B7B1037002A00D1FAE08D4A994690463A
:10E88000230061460024220049080A43954205D925
:10E890009000C05998420BD000D214000029F2D148
:10E8A000434500D1E4E0824BEBE703230293C5E745
:10E8B0004B465A43AD00AD187B1904935346002BC9
:10E8C00056D0002E54D000239846029B069F032B5F
:10E8D00000D17EE0049BB1469B465E464644330031
:10E8E00000244E46019DB9461F0016E04B467F2B83
:10E8F0000ED83F2D0CD82A409140E8086D4BC0013E
:10E90000029A4844C0186C4B9200D358C9B2984739
:10E910000134E3B20135B34220D2072223001100B3
:10E920009343FB5C21400B4101211942DED04B4651
:10E930007F2BEDD83F2DEBD82A409140E8085D4B66
:10E94000C001039A4844C0185B4B9200D358C9B227
:10E9500001349847E3B20135B342DED301239C462C
:10E96000E04443464F46DBB2B14601375345B4D38A
:10E97000079B53440793069B534406930023059A31
:10E98000D3561478002B00DB67E753781100002B77
:10E9900012D0FC22A401120114403F2213401C4358
:10E9A00080231B011C4253D10231059157E7C378E4
:10E9B0000100002B00D071E00B9C0A9D63B2002B7C
:10E9C00064DB07980DB0F0BCBB46B246A946A04632
:10E9D000F0BD029B099AB94613409B464B467F2BDC
:10E9E00027D8049F0024019D474404E00134E3B28A
:10E9F0000135B3421DD20722230011009343FB5C73
:10EA000021400B4101211942F0D03F2DEED82A4080
:10EA100091405A46E808274BC0014844C018264B8D
:10EA20009200D358C9B201349847E3B20135B342DA
:10EA3000E1D301239C46E0444346DBB2E144534525
:10EA4000CCD3079B53440793069B5344069395E707
:10EA50008B780800002BAFD01849A40113400C405C
:10EA60001C4380235B021C42A1D103300590F6E6D3
:10EA7000134B049322E70123029300230993DDE65D
:10EA80005C4663B2039E099D002B9ADA079B28001F
:10EA90005A1B01993300FFF749FE92E704310591B3
:10EAA0000849A4010C401A401443D8E62012002063
:10EAB000A1250000AC270020E0110020C0FF0100CC
:10EAC000C8610110C0FF1F00099A6C4B9200D35817
:10EAD0006B4A984603015B1999462B1D9B4643469A
:10EAE0000293002391440831059A049107950995F2
:10EAF0000396D3565D461178A3464C46002B55DB52
:10EB0000013205920029BBD0089B1E68B368776864
:10EB100099464A46337B1036002A00D1A2E0984637
:10EB20002B00584A4D4694469946069428000023E7
:10EB3000400802001A43974205D99400A459A14203
:10EB400008D000D913000028F2D1614500D18FE030
:10EB50004C49EBE74346B0464D465A43B9008A1844
:10EB6000069C9044019B3F2B33D82B1F99467F2B4B
:10EB70004CD8434620001968029EB0477F2D47D9E4
:10EB8000039B082B07D9049B3F2B04D84346200046
:10EB900099688030B047079B5444534407935544C9
:10EBA0000023059AD3561178002BA9DA1000527869
:10EBB000002A00D164E7FC2389011B0119403F238F
:10EBC0001A40114380221201114230D102300590C7
:10EBD00098E7039B082BDED9049B3F2BDBD82B1F28
:10EBE0007F2B05D84346200099688030029B9847C8
:10EBF0007F2DD0D843462000D9688430029B9847A7
:10EC0000079B5444534407935544C9E77F2DC2D80A
:10EC10004346201D5968029B9847039B082BBAD98D
:10EC2000049B3F2BB7D84B467F2BDBD9E2E782789A
:10EC30000600002A00D123E7134889011A40014049
:10EC400011438022520211420FD0F2783000002A84
:10EC500000D115E7043005900C48890101401340AC
:10EC600019434FE70A4B98467CE70336059649E778
:10EC7000074B4D469846069C74E7C046001200209C
:10EC8000AC270020A1250000C0FF0100C0FF1F002D
:10EC9000C8610110F0B54546DE4657464E46E0B520
:10ECA00087B0050010A804787F2D5FDC3F295DDC6C
:10ECB000002A5BDD002B59DD002D5EDB002968DBBF
:10ECC00080274026C81081467F1B761A0192BA42DF
:10ECD00000DD01979A46B34200DDB2460323374A6E
:10ECE00023409B009F5853465B18013BDB104B456C
:10ECF00039D34A46D2008A1A90464A46D601304A4B
:10ED00007619B618019A02939446FF2293466644F8
:10ED1000039504910594424608239B1A52469B1A78
:10ED2000D943C9170B405946D9404346DB434246B5
:10ED30005D46DB1713409D40019B0D40EDB2F41A78
:10ED4000200029000134B847B442F9D101239C4680
:10ED5000093BE1449C46029BE04480364B45DAD2B5
:10ED6000039D0499059C64B2002C1BDB07B0F0BC2A
:10ED7000BB46B246A946A046F0BD5219002917DB92
:10ED8000002AF3DD4026C810814680270025761A28
:10ED90009CE75B18002BE9DD80270021402689468F
:10EDA0007F1B93E753462800019AFFF7BFFCDDE77E
:10EDB000002ADBDD00255B18ECE7C046E0110020EF
:10EDC000AC27002070B5002400F0A2FB064D2A00FD
:10EDD000E0B280230021013400F0C8FB8035082C0C
:10EDE000F5D100F0B5FB70BDAC270020F0B557465B
:10EDF0004E464546DE46E0B580272D4BFF00060017
:10EE0000078047808780C78007814781878118787E
:10EE10000122010008318A4089008C467F218B46FF
:10EE20007E398A46013189460231FF25884683B002
:10EE3000204B019059680A42FCD16146C9584C1CCC
:10EE400028D058468CB2090C0840854300905046A3
:10EE5000E9B2054201D03D1B35804846084201D049
:10EE60003D1B75804046084201D03D1BB5800820FF
:10EE7000084201D03D1BF580CD0601D53D1B3581F3
:10EE80008D0601D53D1B7581490601D53C1BB4811A
:10EE9000009DCFE7012101981A6881408A431A60DA
:10EEA00003B0F0BCBB46B246A946A046F0BDC04682
:10EEB000321200200000305030B5644C89B0237805
:10EEC000FF2B00D1B5E0624D002200211020F5F7A4
:10EED000E1F9002200211120F5F7DCF900220021E0
:10EEE0001220F5F7D7F9002200211320F5F7D2F907
:10EEF000002200211420F5F7CDF900220021152071
:10EF0000F5F7C8F9002200211620F5F7C3F9FE2312
:10EF1000DB031A0021784F48FCF790FAFE23DB034D
:10EF20001A0021784B48FCF7DDFA07211020F5F78D
:10EF300097F907211120F5F793F907211220F5F72A
:10EF40008FF907211320F5F78BF907211420F5F726
:10EF500087F907211520F5F783F907211620F5F722
:10EF60007FF920200021F6F739F90023802203934E
:10EF7000F82352025B0200920193C0232D781B03F9
:10EF80001022694604A80293F7F718FE2B000C33F1
:10EF9000DA011B03134304A9102268460593F7F70F
:10EFA0000DFEFA231B032C4A00932C4B217802926E
:10EFB000039328486B462A00FCF744FB2078802402
:10EFC0004200274B1118C900CB1824061C601C6096
:10EFD0000123041DA340234C2360234B234CCB1857
:10EFE0001C601C4BCC18224B9C4661440B68002BC8
:10EFF000FCDB2049D834174B21601118C900CC180C
:10F000001B4B9C4661440B68002BFCDB184B1A49D8
:10F010009C46D83412182160D2000E49624413680D
:10F02000002BFCDB012383400A6813430B6009B00B
:10F0300030BD12490748FCF77FF9054D01212870C2
:10F040000448FCF75DF920703EE7C046321200200C
:10F050003930002000003050000079811000780025
:10F06000D010305000203050D8003050EBA00000BD
:10F07000CC0030504A600000E3A00000388E011040
:10F08000F0B557464E464546DE460A22E0B58FB0FB
:10F0900008920022654B664C0993019202920592F8
:10F0A00006921B78634A0027A04691460494039475
:10F0B0000794012B6ED10AA8FFF798FE1A20F5F7E6
:10F0C000FDF81720F5F7FAF80023099A0AAD137036
:10F0D0004A460AAB9B880AA81381AD894089AC4691
:10F0E000664605043543AB460AAAD2880AA90989AF
:10F0F00015040D43AA465E464D462E605646C2464E
:10F100006E60E04500D9E2465546ADB2A846BA4623
:10F11000674500D2E2465546AFB2079DAC468542F0
:10F1200000D984466546ADB20795069DAC4685423A
:10F1300000D284466046039D80B20690281C8D4212
:10F1400000D9081C059D80B20390281C8D4200D276
:10F15000081C81B204980591011C904200D9111C31
:10F16000029889B20491011C904200D2111C8AB20B
:10F170000292221C9C4200D91A1C019994B20A1CCA
:10F18000994200D21A1C93B20193089B013B089349
:10F19000002B11D01720F5F791F81A20F5F78EF80B
:10F1A000D02380221B06D2045A615A620123099A95
:10F1B0001370FFF781FE7EE71F4A1388434501D293
:10F1C000434613801D4B1988B94200D91F805188CE
:10F1D0000798814200D2508059880698814200D910
:10F1E000588091880398814200D290809988059830
:10F1F000814200D99880D1880498814200D2D08081
:10F20000D9880298814200D9D8801189A14200D2C0
:10F2100014811A8901998A4200D919810FB0F0BC72
:10F22000BB46B246A946A046F0BDC04640300020CD
:10F2300001040000301B0020C02F002028120020F5
:10F2400010B5194C84B02378012B0FD01720F5F797
:10F2500035F81A20F5F732F8D02380221B06D204A5
:10F260005A615A6201232370FFF726FE6846FFF7B2
:10F27000BDFD1A20F5F722F81720F5F71FF8002337
:10F280006A4623709288094B69461A816A465289F8
:10F290008989120411436A46D08812890004024306
:10F2A00006C304B010BDC04640300020301B002013
:10F2B000F0B5D6464F464646C0B55D4C84B023787F
:10F2C000012B0FD01720F4F7F9FF1A20F4F7F6FFFF
:10F2D000D02380221B06D2045A615A620123237074
:10F2E000FFF7EAFD6846FFF781FD1A20F4F7E6FF15
:10F2F0001720F4F7E3FF002323706B466A469F88CC
:10F300004C4B4D4E1F81D2884C4D90466A46128917
:10F3100091466A465289484692466A4694895246C0
:10F320001104424612042143024306C3338829884C
:10F3300000208B4201D2A3423BD9414C20807288ED
:10F3400069880020914201D952452DD96080B28848
:10F35000A98800208A4201D2914520D2A080F2885B
:10F36000E98800208A4201D2904513D2E080338997
:10F37000298900208B4201D2BB4206D9208104B0EA
:10F38000E0BCBA46B146A846F0BDB94245D2FA2023
:10F390008000F3E7884534D9FA208000E6E7894504
:10F3A00023D9FA208000D9E7514512D2FA208000F3
:10F3B000CCE7A14202D2FA208000BEE7E41A600145
:10F3C000001B80000019C000C91AF6F7AFFB80B21D
:10F3D000B3E753469B1A5801C01A8000C018C000FA
:10F3E000891AF6F7A3FB80B2B0E74B469B1A580187
:10F3F000C01A8000C018C000891AF6F797FB80B2C7
:10F40000ACE743469B1A5801C01A8000C018C000E0
:10F41000891AF6F78BFB80B2A8E7FF1A7801C01BA8
:10F420008000C019C000C91AF6F780FB80B2A5E7BA
:10F4300040300020301B002028120020C02F002068
:10F44000CC2F002070B504000A20F4F737FFD02538
:10F4500080232D06DB006B620B20F4F72FFF802347
:10F460001B016B6204210E20F4F7FAFE04210F2029
:10F47000F4F7F6FE00228C219420074B24015A5009
:10F480001A5004301A5005489C3298500C3A9C503F
:10F490008F3A5A5070BDC04600000540FF0F000073
:10F4A00010B58024031C6401A04200D3154B9BB20D
:10F4B000002A0FD0D022120600291ED08021090177
:10F4C0009161114A1B04126853401B0C0F4A1B0424
:10F4D00013600DE0D022120600290AD08021C90055
:10F4E0009161094A126853401B04084A1B0C1360BF
:10F4F00010BD8021C9005161F3E7802109015161EC
:10F50000DFE7C046FF0F0000980005409810054057
:10F510000C4B10B51A880C4B01211A610B4A0220C2
:10F5200012881A60F4F79CFE01210320F4F798FE7C
:10F5300005210020F4F794FED02301221B065A6215
:10F5400010BDC0462E30002000C0034030300020E7
:10F5500010B51F210020F4F783FE1F210320F4F7CC
:10F560007FFE05210220F4F77BFE10BDF0B5C646F4
:10F57000D0271E0001231500102200B53F0682B0DF
:10F58000BB6198460231513BCCB2034301A90B70D9
:10F59000230913434B700F232340084C0322200000
:10F5A0008B7005F0D1FA43463200290020007B61C0
:10F5B00005F0CAFA02B080BCB846F0BD00C00340F6
:10F5C000F0B5A3B08022002102A8F7F7F1FA204B92
:10F5D00001211A881F4B02201A611F4AD026128867
:10F5E00000241A60F4F73CFE01210320F4F738FEF2
:10F5F00005210020F4F734FE01230127360673624B
:10F6000001ADB36150235B422343B7612B701023DC
:10F61000032229006B700F480E3B0134AB70E4B23B
:10F6200005F092FA80220B48776102A905F08CFA66
:10F63000082CE7D11F210020F4F712FE1F21032020
:10F64000F4F70EFE05210220F4F70AFE23B0F0BD08
:10F650002E30002000C0034030300020F0B5C646F8
:10F66000D025022600B52B4C82B02B492000FCF798
:10F6700037F82A4A23692A4F138023682D06012070
:10F6800090463B80F4F71AFE02206E62F4F716FEF5
:10F69000042300216B622348F5F734FD0A20002182
:10F6A000AE61F5F79BFD0A2000216E61F5F796FD2E
:10F6B000FFF786FF1C4B01211A68022000926A4660
:10F6C0009B88938043461B8823613B882360F4F723
:10F6D000C7FD01210320F4F7C3FD05210020F4F745
:10F6E000BFFD012306226B626946AB61200005F075
:10F6F0002BFA1F210020F4F7B3FD1F210320F4F79C
:10F70000AFFD05210220F4F7ABFD02B080BCB84686
:10F71000F0BDC04600C00340002D31012E30002056
:10F7200030300020204E0000C85B011010B5F9F702
:10F7300017F80448F5F7C8F9012200210248F5F747
:10F7400075F910BD082200201C22002010B5041EEF
:10F750000AD0F5F7E5FDFA2200239200F7F774F8D6
:10F7600020606160002010BD01204042FBE7C046E0
:10F77000F8B5050017001C000026002B17DB0D4E06
:10F780000021300005F0C0F92800FDF717FFFA222C
:10F790000023920038002100F6F716FA02000B0051
:10F7A000300005F001FA46422800FDF703FF300063
:10F7B000F8BDC0461C2200200C4810B50168002985
:10F7C00011D00B4A1368002B09D1EFF3108472B6E5
:10F7D0000B68002BFCD0BFF35F8F136844600020E0
:10F7E0000133136010BD0120FCE7C0460822002051
:10F7F000102200200B490A68002A10D00A4803682A
:10F80000002B0CD0013B0360002B01D0002070477F
:10F810004968BFF35F8F136081F31088F6E701201A
:10F82000F5E7C046082200201022002070B5050030
:10F830000C00FFF7C1FF2E6834192C60FFF7DAFFC8
:10F84000300070BDF0B5C646804600B516001F00FA
:10F85000FFF7B2FF43461C685D6836196F411E60B2
:10F860005F60FFF7C7FF2900200080BCB846F0BDED
:10F8700070B504001E001500FFF79EFF2368AB4221
:10F8800004D00024FFF7B6FF200070BD6368B342C8
:10F89000F7D1049A059B226063600124F2E7C04619
:10F8A0000B00034370B506009B070ED1032A0CD949
:10F8B000114D04E0043A043110C6032A05D90C683E
:10F8C0000E4BE318A3432B42F4D03300002406E090
:10F8D0000D5D013A355501330134002D02D0002A67
:10F8E000F6D170BD00219C18002AFAD0197001339E
:10F8F000A342FBD1F5E7C04680808080FFFEFEFE7C
:10F900000022034B1B68983318605A607047C0464A
:10F9100038120020094B10B51C68094A9834206839
:10F920006168084BF6F790FF0122002380185941C7
:10F93000206061604800400810BDC04638120020B9
:10F940002D7F954C2DF45158F0B5DE464E46454678
:10F950005746E0B5C7B08B4691461C000F93050093
:10F96000069004F089FC03681800189303F04AFD20
:10F970001790002D04D06B6B002B01D100F0A0FF7D
:10F980005A460C21515E80225B4692015B6E114209
:10F9900005D10A4359468A81C74A13404B669B04E6
:10F9A00001D501F02EF95B460C229A5E130745D56E
:10F9B0005B461B69002B41D01A2313400A2B4CD005
:10F9C00036AB2993002300242B932A93169300230C
:10F9D000149315940023CA461A931B930C93B74BA8
:10F9E00036AE1193B64B199353461B78002B60D05B
:10F9F000544603E063780134002B3BD0252BF9D12A
:10FA00005346E51A544539D12378002B51D0631C55
:10FA10009A4600231AAAD377012252429146002225
:10FA200063780B9200244F46524601321900203968
:10FA3000582951D81198890041588F46594606983F
:10FA400002F054FF002801D001F0DBF85B460C22E5
:10FA50009A5E1A2313400A2BB2D15B460E229B5E9C
:10FA6000002BADDB23004A465946069801F0D2F937
:10FA70000C9029E05346E51A54451AD0534633609A
:10FA80002B9B75605B192B932A9B01332A93072BC1
:10FA900006DC08360C9B9C46AC4463460C93B3E7EB
:10FAA0005946069829AA03F0EDFD002806D136AE86
:10FAB000F0E72B9B002B01D000F081FF5B469B8978
:10FAC0005B0601D501F09DF80C9847B0F0BCBB4631
:10FAD000B246A946A046F0BD92461293002BE8D04C
:10FAE0002CAD2B7000231AAAD377013307930D9303
:10FAF000002399460A9413930E930A9A84231100C3
:10FB000019402B9C1091134205D10B9B079A9F1A09
:10FB1000002F00DD9DE31AABDB7F002B0FD01AAA6C
:10FB20001F23944663443360012373602A9B01348E
:10FB300001332B942A93072B00DDBCE308360E9B80
:10FB4000002B0CD022AB3360022373602A9B02345B
:10FB500001332B942A93072B00DDC3E30836109B57
:10FB6000802B00D187E24B460D9A9F1A002F00DDB3
:10FB7000BCE20A9BDB0500D522E20D9B35609C466A
:10FB800073602A9B644401332B942A93072B35DC42
:10FB900008360A9B5B0705D50B9B079A9D1A002D1B
:10FBA00000DDABE30B9B079A934200DA13000C9A3B
:10FBB00094469C4463460C93002C00D0F6E200234C
:10FBC00036AE2A9310E7303B0020190083001B1843
:10FBD0005B00C81813780132190030390929F5D9AA
:10FBE0000B9023E7A34614004246641910320133F8
:10FBF000326075602B942A93072BC9DD594606980D
:10FC000029AA03F03FFD002800D057E72B9C36AE11
:10FC1000BFE79246072212930F9BB94607339343DF
:10FC200019000CC90F9111001A00149115920122AC
:10FC30005B005B081D931C91224B52421C981D993E
:10FC4000F6F76DFA002801D000F0AAFC1C981D9967
:10FC500001221C4B5242F6F74DFA002801D000F069
:10FC60009FFC1498159900220023F6F73DFA00280E
:10FC700001D000F07DFE1AABD87F129B472B01DD2F
:10FC800000F063FE104D80239C437D3B07930D9352
:10FC900000230A9499461393B9E00F9908C90B936E
:10FCA000002B01DB00F064FC0B9B0F915B420B937C
:10FCB00004231C431378B8E6FFDFFFFF5C8E0110BE
:10FCC000C08F0110FFFFEF7FD05B01101378551C30
:10FCD0002A2B01D101F081F8190030392A000027C0
:10FCE000092900D9A2E6BB00DB195B005F18137875
:10FCF0000132190030390929F5D9002F00DB95E6CA
:10FD000001277F4292E680231C4313788DE62B2344
:10FD10001AA9CB77137888E601231C43137884E66D
:10FD20001AA9C97F1378002900D07EE620311AA8CD
:10FD3000C1777AE612930F9B924604CB2CAD2A70C2
:10FD40000F93002201231AA9CA7707930D93CFE6D8
:10FD500012931023B94692461C43A30600D4E7E34E
:10FD600007220F9B0733934319000CC9089209938C
:10FD700001230F9100201AAAD0774A46002A09DBF6
:10FD80008022210091430A910899099A0D00154398
:10FD900078D00A9C012B00D18CE0022B00D1E5E148
:10FDA0000723B0469C464B46814636AD07940A93DE
:10FDB000089A099B614658071140D708DC08384368
:10FDC0002E003031013D0200230029702043F1D183
:10FDD00008920993079C0A9A48463700914646467E
:10FDE000E20700D4DDE1302900D1DAE13023023F1F
:10FDF000013D2B703D0036ABDB1B0D930A944B4647
:10FE000007930D9B994500DA07930023139300286D
:10FE100002D0079B013307930A9A0223110019406D
:10FE20000E91134200D168E6079B02330793022329
:10FE30000E9362E612931023B94692461C430F9A22
:10FE4000A30600D45AE3072307329A4301339C46A2
:10FE5000944463460F935368126809930892002BE9
:10FE600000DA5BE31AABD87F4B46002B22DB802302
:10FE700022009A430A92089A099B110019430B1E0B
:10FE800017D101334A46002A00D062E1002B00D08E
:10FE9000E1E201331A0022400D9236AD2342AED08A
:10FEA000302126332CAAD1541AAB6F259C466544C9
:10FEB000A5E70A9C089A099B002B01D000F074FC6E
:10FEC000092A01D900F070FC2722089B2CA93033A5
:10FED0008B5401230D931AAB6F259C460A946544FD
:10FEE0008DE712931023B94692461C43A30600D413
:10FEF0002BE307220F9B0733934319000CC9089289
:10FF000009930F91002335E708231C4313788CE5F0
:10FF1000B946129300230F9F924620CF1AAAD37797
:10FF20004B46002D01D100F002FC002B01DA00F05D
:10FF3000D9FC4A460021280004F040F9421B002861
:10FF400001D100F052FE1AABD87FD343DB170D92DC
:10FF50001A400023079299460F970A94139356E785
:10FF600020231C43137860E50F9B924604CBD849AD
:10FF70000892002209920232144322AA11807822A8
:10FF80000F93D44BB9461A9312920223F2E692468B
:10FF9000A30600D4F4E20F9B0C9A1B681A60D217D8
:10FFA0005A600F9B04330F931EE513786C2B00D11E
:10FFB00082E310210C4338E540231C43137834E5D9
:10FFC000129B652B00DCFAE014981599002200239F
:10FFD000F6F782F8002800D1CAE1BF4B0134336044
:10FFE000012373602A9B2B9401332A93072B01DD95
:10FFF00000F059FC0836239B169A934200DBB1E2CD
:020000041001E9
:10000000189B3360179B9C4673602A9B64440133A2
:100010002B942A93072B00DD42E30836169B5D1EC6
:10002000002D00DCB5E5AD4A2A9B9046102D00DC82
:10003000DAE5102242449146102722005C4604E093
:100040000836103D102D00DCCCE549461032013356
:10005000316077602B922A93072BF1DD21000698FF
:1000600029AA03F00FFB002801D000F027FE2B9AED
:100070002A9B36AEE5E70B9B079A9F1A002F00DC00
:1000800071E5964A2A9B9046102F04DC1BE0103F36
:100090000836102F17DD924A1034326010220133D7
:1000A00072602B942A93072BF1DD5946069829AAF2
:1000B00003F0E8FA002800D000E5103F2B9C2A9BB3
:1000C00036AE102FE7DC4246E419103201333260BD
:1000D00077602B942A93072B01DD00F0F6FB4B464B
:1000E0000D9A08369F1A002F00DC42E52A9B102F3C
:1000F00001DC00F02DFC199A90461022914603E095
:10010000103F0836102F17DD754A103432604A460A
:10011000013372602B942A93072BF1DD5946069820
:1001200029AA03F0AFFA002800D0C7E4103F2B9CA7
:100130002A9B36AE102FE7DC4246E4191032013319
:10014000326077602B942A93072B00DDC9E10836D3
:100150000FE500220A9C012B01D100F015FD022BB6
:1001600001D000F018FC002308920993089A099B1B
:100170000F21A446804607961A9E36AD080010400F
:10018000305C013D1C0728701009044320001F0942
:1001900022003B003843F1D164464046089209935F
:1001A000079E36AB5B1B0D930A9428E659460698CA
:1001B00029AA03F067FA002800D100E57EE40823AD
:1001C00099462A9F169B01340137B144012B00DC6C
:1001D00045E10123356073602B942A97072F00DDDA
:1001E00012E34B46189A01371A60179B4A469C4601
:1001F000644453602B942A97072F00DD12E30823F1
:100200009C46E144169B0022149815995E1E00231B
:10021000F5F762FF002800D03BE14B46013701357E
:10022000A41960C32B942A97072F00DD23E108232C
:100230009C46E1444A4625AB13601B9B01379C4614
:10024000644453602B942A97072F00DDD6E44E4672
:100250009EE4224A2A9B9046102F20DD220044462D
:1002600003E0103F0836102F17DD10211032013344
:10027000346071602B922A93072BF2DD5946069861
:1002800029AA03F0FFF9002801D0FFF717FC103F5F
:100290002B9A2A9B36AE102FE7DCA046140042466C
:1002A000E4190133326077602B942A93072B00DD29
:1002B000C6E208362FE45946069829AA03F0E2F967
:1002C000002801D0FFF7FAFB2B9C36AE37E4C0467E
:1002D00030780000F05B0110CC510110C08F01108C
:1002E000D08F01105946069829AA03F0CBF90028AF
:1002F00001D0FFF7E3FB2B9C36AE30E4A64A2A9BE5
:100300009046102D20DD22001027444603E0103DCA
:100310000836102D16DD10320133346077602B92D1
:100320002A93072BF3DD5946069829AA03F0AAF968
:10033000002801D0FFF7C2FB103D2B9A2A9B36AE56
:10034000102DE8DCA046140042466419013324C68F
:100350002B942A93072B00DC24E45946069829AAFB
:1003600003F090F9002801D0FFF7A8FB2B9C19E4BB
:10037000239A002A00DC70E2139A169B17009A4217
:1003800000DD89E1002F0BDD2A9BE4190133356084
:1003900077602B942A93072B01DD00F0FFFB0836D2
:1003A000FB43DB171F40139BDF1B002F00DDC8E161
:1003B000239B169A934200DAE7E10A9AD20700D506
:1003C000E3E1169A1399D31A571A9F4200DD1F00D2
:1003D000002F0DDD139AE41994462A9A65440132E0
:1003E000356077602B942A92072A00DDE6E3083611
:1003F000FA43D2171740DD1B002D01DCFFF7C9FBC4
:10040000654A2A9B9046102D01DCFFF7EDFB102278
:10041000424491462100320010275E46069C04E0CB
:100420000832103D102D00DCB3E348461031013393
:10043000106057602B912A93072BF1DD31002000CB
:1004400029AA03F01FF9002801D000F055FC2B99D0
:100450002A9B36AAE5E7002336AD0D93CFE40123AE
:100460000A9A134200D0B4E6356073602B942A9741
:10047000072F00DCDEE65946069829AA03F002F9A8
:10048000002801D0FFF71AFB36AB99462B9C2A9F18
:10049000D0E6169B012B00DCCCE6112B01DC00F032
:1004A0007BFC3D4B102598464B4604E00833103E3C
:1004B000102E00DC3BE2394A103401371A605D60CF
:1004C0002B942A97072FF1DD5946069829AA03F0A5
:1004D000D9F8002801D0FFF7F1FA2B9C2A9F36AB00
:1004E000E5E75946069829AA03F0CCF8002801D080
:1004F000FFF7E4FA2B9C36AEFFF73BFB08CA0F92DE
:10050000E20606D4620604D51BB20893DB170993F2
:10051000A5E40893DB17099300D4A3E4089809998C
:10052000002342428B412D2008920993012322E4AB
:100530000F9A08CA0F92E20602D4620600D59BB257
:10054000089300230993013314E40F9A08CA0F9209
:10055000E20602D4620600D59BB2089300230993F9
:10056000FFF708FC0A9BDB0701D4FFF712FB47E506
:1005700013780F91FFF759FAB946924612935EE449
:10058000E30600D52AE1640600D427E10F9B0C9A0C
:100590001B681A8005E5C046C08F0110D08F01107E
:1005A0001498159902000B00F5F7B9FD002800D04A
:1005B000B4E32023129A9A4390464A46E0332343F9
:1005C0000A93159B013200D1F5E24246472A00D139
:1005D00024E2002B00DAE6E1149A159B1E921F9389
:1005E00000230E93129B662B00D00FE34B4607931C
:1005F000032327AA079F049224AA039223AA029204
:100600000197009306981E9A1F9B01F093F9129B85
:100610000500C719662B05D12B78302B00D16EE36E
:10062000239BFF1800221E981F990023F5F754FD05
:10063000002800D0D2E2279BBB4206D230215A1CB0
:1006400027921970279B9F42F9D8239A13925B1B1C
:1006500016934346472B00D105E2129B662B00D030
:1006600009E201234A4623401343139A002A00DC7F
:10067000A2E3002B00D061E3139B07930D93662345
:1006800012930E9B002B00D159E22D231AAAD37787
:1006900000239946FFF7BDFB1F1E00DD74E67FE6D1
:1006A0005946069829AA02F0EDFF002801D0FFF76D
:1006B00005FA2B9C36AEB1E44C3B1C430132137857
:1006C000FFF7B3F9B94692461293CD4B1A93A3069E
:1006D00000D489E007220F9B0733934319000CC90C
:1006E000089209930F910223E20701D4FFF742FB1E
:1006F0000899099A0800104301D1FFF73BFB30210C
:1007000022AA117012991C435170FFF733FBB946AE
:1007100092461293FFF721FB1293BA4BB9469246C9
:100720001A93D4E7B94692461293FFF7DFFB0D9375
:10073000062B00D934E10D9BB34D07930F97FFF7BC
:10074000D7F9B24A2A9B904610229146102F05DC19
:1007500002E10836103F102F00DCFDE0AC4A1034F7
:1007600032604A46013372602B942A93072BF0DDE6
:100770005946069829AA02F085FF002801D0FFF704
:100780009DF92B9C2A9B36AEE4E7189A3260179AA3
:10079000944672602A9A644401322B942A92072A62
:1007A00000DDD2E108360CE6070036AD089809995D
:1007B0000A220023F5F720FA099B3032013D2A7006
:1007C0000991089A0890002BF0D1092AEED836AB8F
:1007D0005B1B38000D930A94FFF711FB0F9B0C9ADB
:1007E0001B681A60FFF7DDFB0F9A08CA0F92E2063A
:1007F00006D4620604D59BB208930023099372E7DE
:100800000893002309936EE75946069829AA02F037
:1008100039FF002801D0FFF751F936AB99462B9CE0
:100820002A9FDEE45946069829AA02F02BFF0028E9
:1008300001D0FFF743F936AB99462B9C2A9FE1E4A0
:100840005946069829AA02F01DFF002801D0FFF79B
:1008500035F92B9C36AEFFF75EF96E4B01343360F1
:10086000012373602A9B2B9401332A93072B00DD0D
:1008700084E00836002A3BD101230A9A1340169AD5
:10088000134301D1FFF785F9189B3360179B1919A2
:1008900073602A9B2B9101332A93072B00DD95E08F
:1008A0003000083034E05946069829AA02F0EAFEE2
:1008B000002801D0FFF702F92B9C36AEFFF79BFB17
:1008C000069802F069FDFFF75BF85946069829AAD9
:1008D00002F0D8FE002801D0FFF7F0F82B9C36AECE
:1008E000FFF741F9280002F08DFD0200FFF72BFB16
:1008F000189B3360179B191973602A9B2B91013346
:100900002A93072B62DC30000830002A00DA86E1E7
:10091000169A01335418056042602B942A93072BD2
:1009200001DDFFF76BF908300600FFF732F9994651
:1009300043464A461033A4190137136056602B947E
:100940002A97072F00DC72E495E5334DFFF79BF9FA
:100950002E4A9046FFF7F0FB4246E419103201336D
:10096000326077602B942A93072B3DDC08361FE515
:100970002D231AAA2D20D377FFF77FF95946069821
:1009800029AA02F07FFE002801D0FFF797F8239AEA
:100990002B9C36AE6EE7002308920993FFF700FA0E
:1009A00006230D93C7E61499159A130080221206A8
:1009B000944663441F932D231E910E9312E65946CD
:1009C000069829AA02F05EFEFFF778F859460698C5
:1009D00029AA02F057FE002801D0FFF76FF8239AEA
:1009E0002B992A9B36A890E75946069829AA02F027
:1009F00049FE002801D0FFF761F82B9C36AED7E402
:100A0000DC5B0110F05B0110045C0110C08F011071
:100A1000D08F0110CC510110D45B01104A46002A3E
:100A200000D140E1002B00DAAAE1149A159B1E9236
:100A30001F9300230E9327AB049324AB039323ABA4
:100A400002934B4601930223069800931E9A1F9B24
:100A500000F070FF0500E30700D5C3E0279B1B1AD9
:100A60001693239B1393139AD31C01DB914579DAD8
:100A7000129B023B1293139925AA4B1E9946484696
:100A80002393129B13702B23002803DA2A3B5B1A53
:100A900099462D2353704B46092B00DCE1E01AAA3E
:100AA0003B239446634407951F004D46A046B1463C
:100AB00028000A21F5F73AF83E003031013F2800BE
:100AC00039700A21F5F732F82C000500632CEFDCB1
:100AD0004446B04643469A1E03001AA930338C465A
:100AE00013703B2363444E46079D9A4200D371E145
:100AF0002E21130061441A781AA80A7084463B22FA
:100B00000133624401319A42F5D1424646AB9B1A09
:100B1000713B1B93169B1B991A008C4662440D92E5
:100B2000012B00DCDCE0179B0D9A9C466244D3430A
:100B3000DB170D921A40002307921393A1E51AAB1D
:100B4000D87F00239946FFF762F95946069829AAEB
:100B500002F098FD002801D0FEF7B0FF239B2B9CEC
:100B600036AE2EE4169B139A934200DDA9E0139A49
:100B7000E40700D5DDE0D3431100DB1719406723FC
:100B800007910D9212937CE5002308920993FFF7D9
:100B90009BF9B3460C001600FFF726F85946069855
:100BA00029AA02F06FFD002801D0FEF787FF2B9CD9
:100BB00036AEFFF7F5FB062291460AE55946069840
:100BC00029AA02F05FFD002801D0FEF777FF239BE2
:100BD000169A2B9CD31A36AEFFF70AFC239B13936D
:100BE0003B0034E54B46C7181CE51AABD87F4B4693
:100BF00007930D9300230F9799460A941393FFF7D9
:100C000006F901235B420C93FEF75EFF4346452B3A
:100C100000D010E74B46013307930223E9E4574223
:100C2000103226DA724A102614009046103403E07F
:100C30000830103F102F1EDD103101330460466074
:100C40002B912A93072BF3DD5946069829AA02F027
:100C500019FD002801D0FEF731FF2B992A9B36A8F9
:100C6000E7E7302393704B463033D37004231B9354
:100C700050E75F4A90464246C9191032013302607C
:100C800047602B912A93072B00DC0AE65946069809
:100C900029AA02F0F7FC002801D0FEF70FFF2B99DC
:100CA0002A9B36A834E6002B5CDB149A159B1E9217
:100CB0001F9300230E9301339946BCE6A346FEF72B
:100CC000FDFE179B169A9C46139B62440D92002BC7
:100CD00042DDD343DB171A40672307921293D0E417
:100CE0000123190021401391234200D01BE7D34375
:100CF000DB171A400792C4E4B346FEF7DFFE00227A
:100D00001E981F990023F5F7E7F9002847D0239B89
:100D10009C46674413937B1B1693A2E4159B002B00
:100D200045DB1AABD87F129B472B3DDC314DFEF7DC
:100D3000AAFF179B9C4662440D92CAE713001799BD
:100D40004B441A008C466244D343DB170D921A4081
:100D500066230792129394E40D9B139A9B1A5A1CD4
:100D60000D92B6E71499159A130080221206944644
:100D700063441F932D230E932C3B99461E915AE6F4
:100D80001499159A130080221206944663441F9307
:100D90002D231E910E934EE6154B9846C8E5012370
:100DA000079A9B1A23933CE4134DFEF76CFF2D2307
:100DB0001AAA2D20D377B6E7002B06D1012307937B
:100DC00065331293653B0D935BE4179B01331A0067
:100DD0004A44B9E702231B939CE60F9980C9002F70
:100DE00001DA01277F4253780F912A00FEF71DFE9A
:100DF000C08F0110D85B01100052011010B5040023
:100E00001300034A10680A002100FEF79DFD10BD83
:100E10003812002070B5060002201A4CA5440C00C0
:100E20008989814368468181616E1991E189C18117
:100E3000E16930000791616A09911AA90091049152
:100E40008021C90002910591002106916946FEF7B3
:100E50007BFD051E0CDA6B469B895B0603D54022A1
:100E6000A3891343A38128008D23DB009D4470BD1B
:100E70006946300000F0F0F80028ECD001256D4202
:100E8000E9E7C04698FBFFFF024670B50A439207A8
:100E90002AD11E4DEE0104C808C9541B94433440A6
:100EA00017D0D0B2D9B2401A2106014310D190B266
:100EB00099B2401A210401430AD110021902000A12
:100EC000090A401A2102014302D1100E190E401ADC
:100ED00070BD9A42DFD010BA19BA884201D90120F8
:100EE00070BD0020C04370BD02780B780130013125
:100EF000002A09D09A4207D102780B7801300131DB
:100F0000002A01D09A42EFD0D01A70BD0101010130
:100F1000F0B5C64600B50C228B5E07000C001A0720
:100F200051D480254A682D011D438D81002A00DCA3
:100F30006CE0A66A002E42D03A68E1699046002231
:100F40003A60DB0467D4002201233800B047020076
:100F5000431C00D16EE00C23E55EA66AE1696D07D3
:100F600006D56368D21A236B002B01D0E36BD21A2B
:100F700000233800B047431C4FD139680C22A35ED0
:100F80001D2962D8324ACA40D2075ED5314A1A407A
:100F9000A2810022626022692260DB0401D500295F
:100FA00046D04346216B3B60002908D023004033E4
:100FB000994202D0380001F059FD0023236300203C
:100FC00080BCB846F0BD0E69002EF8D00D68002236
:100FD000AD1B0E609B0700D14A69A260002D04DCA6
:100FE000EDE736182D1A002DE9DD636A32009846C8
:100FF00038002B00E169C0470028F2DC4022A389B9
:1010000013431BB20120A3814042D9E7CA6B002AD7
:1010100000DD8EE7D3E7226DA1E70C22A35E0D4A27
:101020001A40A2810022626022692260DB04B8D5E6
:101030002065B6E73B68002B00D18CE71D2B01D063
:10104000162BDBD143463B60B9E740221343D9E777
:1010500001004020FFF7FFFF70B504000D000028DD
:1010600002D0436B002B09D00C22AB5E0020002B7A
:1010700003D029002000FFF74BFF70BD02F08CF970
:10108000F2E7C04670B5041E15D00E4B1D68002D4A
:1010900002D06B6B002B0AD00C22A35E0020002B29
:1010A00000D170BD21002800FFF732FFF9E72800CA
:1010B00002F072F9F0E7044A0449054803F0B8F871
:1010C000EFE7C046381200207017002059100110B9
:1010D0004012002030B5002A26D003000B439B07A6
:1010E00024D1032A22D9164D0BE0043A002A1BD042
:1010F000144C1C199C432C4216D104300431032A91
:1011000014D903680C68A342EFD004780D78A54287
:1011100013D1012306E0C45CCD5CAC420DD1013398
:101120009A4201D0002CF6D1002030BD04780D7811
:10113000AC4202D1012AECD1F6E7601BF5E7C046CC
:1011400080808080FFFEFEFE030010B50A00034988
:101150000868190000F00AF810BDC04638120020D7
:10116000014B18687047C0463812002070B50B0C50
:101170000024150C002B28D1002D3CD18BB291B24C
:10118000594300F053F8051E33D00300083B5A685A
:1011900003239A43043A242A12D80300132A0AD9B3
:1011A0000460446008331B2A05D98460C460242A83
:1011B0002AD00300103300221A605A609A6002E0BD
:1011C0000021F5F7F5FC280070BD002D16D1151C87
:1011D00089B292B24A43ADB29BB26B43110C5B1819
:1011E000190C0BD1190492B2114300F01FF8051E1F
:1011F000CBD10025E7E72B1C0D1CE9E7FFF7B0FF7B
:101200000C2300250360DEE703000461183344610A
:10121000D1E7C046030010B50A0003490868190069
:1012200001F010FE10BDC04638120020F0B54E4649
:101230004546DE465746E0B50D000B35060085B045
:10124000162D27D8102900D9DAE001F0A3FF1025C8
:1012500018230221C84FFB181A005C68083A944210
:1012600000D147E103226368A1689343E268CA6042
:1012700091600121E3185A6830000A435A6001F076
:101280008BFF2000083005B0F0BCBB46B246A94633
:10129000A046F0BD07239D4300D5B1E0A94200D987
:1012A000AEE001F077FFFC235B009D4200D296E1A7
:1012B000690A00D1A8E0042900D950E138239846F2
:1012C000A90988443931CB00082252429446AA4FDA
:1012D000FB189C446346DC68A44514D0032399465C
:1012E0000B0061469C4607E0E068002A00DBFBE05B
:1012F000814200D1FCE004004A46636893435A1BD4
:101300000F2AF1DD41463A003C690832944200D18F
:10131000D9E0032063688343581B0F2800DD62E196
:101320003A617A610028A4DA7A68904680229200B5
:10133000934200D3E4E0DA08580901238340404691
:1013400018438046D300DB199A687860E360A26096
:101350009C60D46001208B10984040455CD8434687
:1013600003420AD103239943434640000431034218
:1013700003D1400004310342FBD00323B3469C4613
:101380000E00B8460190F00040440100B246CB6820
:101390000BE064465A681F00A243DB68541B0F2C05
:1013A00000DDEFE0002C00DB09E19942F1D10123DF
:1013B0009946CA44534608319B07E8D1032205E009
:1013C00003680838013E834200D003E23242F7D17D
:1013D0004346019A5B68934342465360019A520028
:1013E00001929A4216D8002A06D113E004229146AF
:1013F000019ACA44520001921342F7D05646C2E7FE
:101400000C23002033603EE780233F22402190469A
:101410009B0059E75E4647460322BC6863689343D6
:101420009A46AB4202D35A1B0F2A4FDC2300534487
:101430000293524B082099461B6810335B190193A5
:1014400001F0E6FC4E4903900B688B46013306D051
:101450008446019B4242013B6344134001933000A8
:10146000019901F0FDFF03008046013300D1D8E06F
:10147000029B834200D9D2E04B4601995A688C46C0
:10148000624403995A60029B10000139434500D021
:10149000E5E043460B4200D0E1E0BB6801219846FD
:1014A000634653440B4341464B604946C96A9142E7
:1014B00001D24946CA624946096B914201D2494666
:1014C0000A634446AFE07B68984643E7012329005E
:1014D0001A431943651961603000BD606A6001F00C
:1014E0005BFE20000830CEE6A268D0608260C0E6D5
:1014F000614608E7DC680231A34200D103E7B1E6A8
:101500005A0A042A00D883E0142A00D908E11000FE
:101510005B3082465C32D200082040428446BA18D2
:101520009444624692680B308146944500D1DFE0D6
:101530000800A2466146844602E09268914204D0C7
:101540004C465068A0439842F7D8D3686146544649
:101550009C466346A260E3609C60D460FAE614296E
:101560006ED9542900D9E4E06E239846290B8844AB
:101570006F31CB00A8E6C046681300205C1D002038
:1015800060130020BA46012051468446491905439C
:1015900050464560856847466046EB605E469D6004
:1015A000534639617961204308374860CF60300085
:1015B0008F609C5001F0F0FD5046083063E6BA465B
:1015C00001205E465244516801435160BA683000C0
:1015D000D3609A6001F0E0FD3800083053E62B003C
:1015E000E908083336E66119884601218C460D4327
:1015F0004146656039617961CA608A60624602432A
:101600004A60E050300001F0C7FD200008303AE6A3
:101610009A091000393238308246D2007CE7BC4249
:1016200014D0BC686368032293435A1BAB4202D3B5
:101630000F2A00DD4AE7300001F0AEFD002022E66F
:101640005B23984688445C31CB003DE64B465868A6
:10165000019B9C464B4660445860039B591E5B4669
:101660001B68013370D04346029A9B1A4A461B18E6
:1016700053600723424640461A400292184240D027
:101680000398013384469B1A019A9844424401927C
:1016900063440A409B1A194030008B4601F0E0FE7B
:1016A000431C77D04346C01A03005B4401934B466A
:1016B0005A6801205A445A6043464146BB60019B28
:1016C00003434B60BC4200D1EFE653460F2B3FD99A
:1016D00007210C3B8B436168014005201943616081
:1016E000E118486088600F2B49D843465B68DCE608
:1016F0005346981001238340404618438046786043
:1017000027E7019B039A43440B40D31A194030004A
:101710008B4601F0A5FE431CC4D100239B46C6E7BF
:10172000542A17D81A0B10006F326E308246D2003E
:10173000F2E6AA235B00994217D8DD3B9846E90BF5
:1017400088447831CB00BFE55B4642461A6090E79B
:10175000486070E7AA204000824226D8DA0B1000C9
:10176000783277308246D200D6E61C4B994226D892
:101770007C239846A90C88447D31CB00A4E5210048
:101780003000083101F072F94B465A68BB68984640
:101790005B688AE6019A029B94464246083B634492
:1017A0009B1A019300239B4681E70C4882420CD888
:1017B0009A0C10007D327C308246D200ACE6FE23CB
:1017C0007E227F2190469B007EE5FE227E209200B5
:1017D0008246A1E643465B6800E6C0465405000029
:1017E000F0B54546DE4657464E46E0B503690D69FD
:1017F00085B080460A000191AB4200DA98E007000C
:10180000013D1432AB001437D618FB1803931B6844
:1018100002929A4633685046013319009946F4F70C
:10182000ADF90400CA4543D3029A002394462A0026
:1018300060461D00B4461E003B00B9469246270094
:101840001C0004C81104090C7943120C7A4389194D
:101850000B0CD218236809049B461B04090C1B0CB3
:101860005B1A5946160C12045B19090C120C8A1AE1
:10187000191452181B0415141B0C1204134308C42A
:101880008445DED2039A3C00136866464F465546AF
:10189000002B0DD11300043B9F4204D306E0043B10
:1018A000013D9F4202D21A68002AF8D043461D61CA
:1018B0004046019902F014FA002826DB00239C46DA
:1018C000230039006446B946AA469C46029820C8BF
:1018D0000A682F0413041B0C3F0CDB1B1B19120C92
:1018E0002C0C121B1C1412191B0414141B0C1204B4
:1018F000134308C18642EAD255464F46AB00FB1857
:101900001A686446002A0CD00134200005B0F0BCEF
:10191000BB46B246A946A046F0BD1A68002A03D1CC
:10192000013D043B9F42F8D3434601341D61ECE77F
:101930000020EBE7F0B54E464546DE46574614001C
:10194000E0B51D00816B9FB0814604940595002988
:1019500009D00123C26B93404A608B6001F0CAFE3C
:1019600000234A4693632E000023002D03DA6E0005
:101970007608059601332B9A13603200D64B1A4035
:101980009A4200D196E1049A059B100019000022AA
:10199000002306900791F4F79FFB002812D0012343
:1019A0002A9A13602C9B002B02D0CC4B2C9A1360EC
:1019B000CB4B039303981FB0F0BCBB46B246A9467D
:1019C000A046F0BD1CAB01931DAB00934846069AA0
:1019D000079B02F0F9FA330D834600D0A6E11D9B68
:1019E0001C9F9846BF4BB8444344202B00DC62E365
:1019F0004022D31A9E40BC4B30004344DC4020437D
:101A0000F4F79AFB46460123B84C013E09190E93A0
:101A10000022B74BF4F7EDFAB64AB74BF4F719FBCF
:101A2000B64AB74BF4F7EEFA040030000D00F4F7B5
:101A300087FBB44AB44BF4F70CFB02000B00200008
:101A40002900F4F7DFFA04000D00F4F791FB0022FF
:101A50008246002320002900F4F746FB00280BD023
:101A60005046F4F76DFB2B002200F4F735FB4342A0
:101A7000584153461B1A9A46BF1B7B1E9846534635
:101A8000162B00D9D0E20698079952469F4BD200F8
:101A90009B181A685B68F4F727FB002800D15AE10D
:101AA00001235B429C460023E244109300230993E8
:101AB0004346002B04DA0123DB1B099300239846DD
:101AC0005346002B00DB4DE15246099B0A929B1ABC
:101AD000099353420C9300239A46289B092B00D963
:101AE00049E1052B00DCC5E2043B00242893032BCD
:101AF00001D100F06DFC01DC00F059FC289B042BA7
:101B000001D000F008FC01230B93299B002B01DC82
:101B100000F05AFC1D001193089301220423172D95
:101B200001DC00F007FC5B001800143011000132EA
:101B3000A842F8D94B46D963484601F0B3FD03905B
:101B4000002801D100F0B5FE4B46039A9A63089B2A
:101B50000E2B00D97CE0002C7AD00A98002801DCFA
:101B600000F019FD0F210200684B0A40D2009B18BB
:101B700006111C685D68C30501D500F00AFC069AD1
:101B8000079B1292139302230D93002E12D0604FE5
:101B9000012333420AD00D9B2000013329000D930D
:101BA0003A687B68F4F755FA04000D0076100837A0
:101BB000002EEDD11298139922002B00F4F72BFA86
:101BC00006000F00109B002B09D0002230003900C6
:101BD000504BF4F789FA002801D000F0FCFB0D9877
:101BE000F4F7AEFA32003B00F4F733FA00224A4B26
:101BF000F4F708FA494A0B00944663441290139193
:101C000013930A9B1A93089B0D93002B01D000F0AD
:101C100009FC002230003900414BF4F7EAF9129E2A
:101C2000139F32003B0004000D00F4F773FA002804
:101C300001D000F0DAFD80200006844639006144BE
:101C40000B00320020002900F4F74EFA00282AD1B8
:101C50001D9B002B00DAFDE00A9A0E2A00DDF9E058
:101C60000A9A2A4BD2009B185C681B68049305945F
:101C7000299B002B00DB8DE0089B002B00DD89E019
:101C8000089B002B0FD1049805990022244BF4F7F0
:101C9000E0F902000B0006980799F4F72BFA0028E8
:101CA00001D100F0A2FD00230024039E0693299B8E
:101CB000DD43E9E21B4B2A9A3603360B13602643B9
:101CC00042D12C9B002B01D100F0E2FD164B039377
:101CD00008332C9A13606DE60000F07FCD5101109F
:101CE000CC5101103204000012040000000010FE6C
:101CF0000000F83F61436F63A787D23FB3C8608B92
:101D0000288AC63FFB799F501344D33F4891011066
:101D1000209101100000F03F00001C400000C0FCBA
:101D2000000014400F2700000C5C0110069C079D6A
:101D300020002A03CA4C120B1443CA4A21009E18E1
:101D400000231C9F0E9363E62C9B002B00D0D8E24F
:101D5000C54B03932EE6002F01DC00F053FC00235B
:101D60001093099353460A9300230C93289BD04465
:101D7000092B00D8B5E60122002301240B92023A78
:101D800028930892299300234A46D363089B002195
:101D90001193D1E6039B01331293049A059B069C91
:101DA000079D20002900F4F736F9F4F7E1F9060061
:101DB000F4F7C6F9049A059BF4F74BF902000B00FF
:101DC00020002900F4F715F93300039A303313701B
:101DD000089B129F012B01D100F01DFC01239846A6
:101DE000531E9A464346B8461F0021E0049A059BBD
:101DF00020002900F4F70FF9F4F7BAF90600F4F718
:101E00009FF9049A059BF4F724F902000B002000C7
:101E10002900F4F7EEF801239C4633005246303394
:101E20000137D355089BE044BB4201D100F0F2FBDF
:101E300000228E4BF4F70DF90022002304000D0060
:101E4000F4F74AF90028D1D047460A9B3E000133F7
:101E50000993BFE00B9A002A00D0EAE00023002497
:101E60000C9E099D0B93002D0DD04346002B0ADDDF
:101E70002B00454500DD6FE2099AED1AD21A09924E
:101E80004246D31A98460C9B002B0CD00B9B002B80
:101E900003D0002E01D000F005FC594648460C9AAC
:101EA00001F038FE83460121484601F02DFD5346DE
:101EB0000690002B00D00DE2289B012B00DC98E05F
:101EC00001231F221100434419401A4200D1AEE001
:101ED00020235B1A042B00DC17E21C235B1A099AEF
:101EE000ED1894469C44624698440992099B002B45
:101EF00005DD59461A00484601F074FE8346434604
:101F0000002B05DD42464846069901F06BFE06901F
:101F1000109B002B00D0C1E1089B002B00DC97E157
:101F20000B9B002B00D0D8E00A9B013309930125BD
:101F3000039B2F005E1E069BA2465D46340098461A
:101F4000089E07E0290000230A22484601F0DCFB36
:101F50000500013741462800FFF742FC3030E055CC
:101F6000BE42EFDC089BAB46070054460125002B20
:101F700000DDEFE1039B9C4600239A4665445946E9
:101F80000122484601F02EFE0699834601F0A8FE84
:101F9000002800DCD3E1039A02E0AA4200D1F3E278
:101FA0002E00013D2B78392BF7D001332B7048469A
:101FB000069901F09FFB002C0CD05346002B05D056
:101FC000A24503D05146484601F094FB2100484603
:101FD00001F090FB5946484601F08CFB0023099A1A
:101FE00033702A9B1A602C9B002B00D1E2E41E6008
:101FF000E0E4049B002B00D062E70499059A1300EB
:10200000120300D05CE71A4900220B4206D0099B5C
:1020100001320133099301239C46E0445346924622
:10202000002B00D14CE760E1012310933EE51C2317
:1020300055E7289A012A00DC96E2089B0C9A5E1E5E
:10204000B24200DA8AE1961B099AD51A002B00DA0F
:1020500090E19C46099AE04415006244099289E1A6
:102060000000F03F01FCFFFF185C0110000024405D
:102070000000F07F289B0124032B00D1A8E100DDA4
:102080003CE5022B01D100F010FC00244B4621005E
:102090004846DC6301F006FB0390A04201D100F04A
:1020A00008FC4B46039A29949A6301230B93023B45
:1020B00011930893CCE520222000D31A98409FE486
:1020C000002321000A22484601F01EFB119B040058
:1020D0000A96002B00DCCEE30893002D05DD2100DD
:1020E0002A00484601F07EFD04005346A046002B1E
:1020F00000D0C1E2089A039B94469A46013B9C4457
:1021000063460993012357465E46C246049A1A4025
:102110000C92069D30002900FFF762FB302203007D
:102120009446210063440B9030009B4601F0D8FD9B
:10213000290080465246484601F0F0FDC36805007C
:10214000002B34D10100300001F0CAFD29000890B5
:10215000484601F0CFFA089B289A134359D10C9BAB
:10216000002B00D145E34346002B00DA4CE35B46ED
:102170003B70099B7D1CBB4200D114E3310000235E
:102180000A22484601F0C0FA002306000A22210074
:102190004846544537D001F0B7FA514604000023B1
:1021A0000A22484601F0B0FA2F008246B1E74546C0
:1021B00001004846D046BA465F46B34601F09AFA57
:1021C000002D06DB0123049A1340289A15432B4364
:1021D00030D159460122484601F004FD0699834654
:1021E00001F07EFD002800DCE7E0392F00D1EFE2AE
:1021F0000B9F313753465E1C1F700A9BA24601336A
:1022000044460993D3E601F07FFA2F00040082468A
:102210007FE74346002B00DA3EE3289A13430C9AEB
:10222000134300D138E3089B002BA0DDD046BA460B
:102230005F46B346392F00D1CAE253465E1C0A9B63
:102240000137013309935346A2461F704446AEE658
:10225000289B022B00DC63E6089B039E002B00D02A
:1022600025E506990522484601F04EFA0100069040
:10227000584601F035FD002800DC18E53123039AAB
:102280000A9D561C137001354846069901F032FA32
:102290006B1C0993002C00D098E69BE658460699E3
:1022A00001F01EFD002800DB36E60A9B59460A2293
:1022B00048465E1E002301F027FA0B9B8346002B45
:1022C00000D0FDE6119B002B00DCC7E20A9A0893C0
:1022D00009922CE601005246484601F01BFC289B5F
:1022E0000690012B4CDD00239A46069A944613690A
:1022F00003339B006344586801F0B2FA20231B1A91
:10230000DFE5D44B03930333E3E4042B00D1EDE585
:102310003C235B1AE3E505232893043B0B930A9ABD
:10232000299B94466344119301331D1E089301DDDC
:10233000FFF7F3FB00214B46D963FFF7FDFB0028B5
:1023400002D1FF0700D526E62E00013D2B78302B69
:10235000FAD02CE61D000DE643468DE50C9B0C964D
:10236000F31A9A44089B00269C46099AE0441500FB
:10237000624409920121484601F0C6FA040072E560
:10238000049B002BAFD10499059A13001203AAD124
:1023900039E6B14B0E401A6A5B6A06980799F3F763
:1023A0003AFE0323129013910D93FFF7EEFB0223E5
:1023B000289300230B93FFF7A8FB002800D019E710
:1023C000FB0700D511E715E7012308932993DAE409
:1023D00000230B93A3E7089B002B00D119E2119C6B
:1023E000002C00DC34E40A9B0022013B3000390061
:1023F0001A939A4BF3F72DFE06000F000D9801304B
:10240000F3F79EFE32003B00F3F723FE0022944BCD
:10241000F3F7F8FD934A0B0094466344129013912E
:102420000D94139339003000F3F7A2FE129B139C16
:102430008D49169317948C460D9C1B91631EDB00EF
:10244000634419685A68149018911992F3F778FE4A
:1024500002000B0030003900F3F7CBFD039E149B04
:1024600004000B98771C3033DEB20D00189A199BCC
:102470001297002800D12EE100207C49F3F7CBFD14
:10248000169A179BF3F7B5FD039B22001E702B00D5
:1024900014901591F3F73EFE002800D0D0E1002300
:1024A00052469A46434618935B461692BB46149E84
:1024B000159F129334E001239C460D9BE2449A45FC
:1024C00000DBC3E1002230003900644BF3F7C1FDAB
:1024D0000022624B06000F0020002900F3F7B9FD2F
:1024E0000D000400F3F744FE8046F3F729FE0200D6
:1024F0000B0020002900F3F77CFD01239C46434696
:102500000D0004005146039A30335354200032002A
:102510003B002900E344F3F7E7FD002800D08CE1FD
:1025200022002B0000205249F3F763FD32003B00EC
:10253000F3F7DAFD0028BED0129B5F469B460122CE
:1025400094461A9B039A6344984602E0BA4200D12B
:1025500039E13E00013F3B78392BF7D00133DBB244
:102560003B704346099335E50E9A002A00D116E1E7
:10257000404A94466344099A984494469C4463466E
:1025800015000C9E0993F5E63123039A1370099BFD
:10259000013309930BE50A9B002B00D10DE106984E
:1025A00007990F225C4222402F4BD2009B181A68D9
:1025B0005B68F3F74EFD241112901391002C00D1AB
:1025C00060E1022206000F000023234D0D9201223C
:1025D00022420BD00D9B3000013339000D932A6845
:1025E0006B68F3F736FD012306000F006410083511
:1025F000002CECD1002B01D0FFF7E4FA129E139FC0
:10260000FFF7E0FA0123DB1B0993002398461093A0
:10261000FFF7A8FB474602000B00F3F7F3FC0A9B09
:102620000400013398460993049A059B0D00F3F7C3
:1026300071FD002809D1049A059B20002900F3F7B9
:102640004BFD002803D0F60701D5039A81E73E0031
:10265000C0E4C046185C0110209101100000244025
:1026600000001C400000C0FC489101100000E03F49
:102670000000F03F330400004846616801F012F8A2
:10268000051E00D11CE1210022690C3102329200AA
:102690000C30F4F793FA01222900484601F0A2FA1F
:1026A000804627E521003200484601F033FA5A46B9
:1026B00001000400484601F057F907005946484612
:1026C00001F018F80C9BBB469B1B0C9301D1FFF744
:1026D000EAFBFFF7E2FB16981799F3F7BAFC0D9B9C
:1026E0000E900F9103991A008C4662440E700B9263
:1026F0003E00012B1BD00022744B20002900F3F771
:10270000A8FC0D000400F3F733FD0700F3F718FDF4
:102710000B00020029002000F3F76BFC30370B9B05
:102720003770013604000D00B342E4D11F000E984B
:102730000F990022664BF3F765FC22002B00F3F79C
:10274000D3FC002800D0FAE60E9A0F9B00206049C7
:10275000F3F74FFC22002B00F3F7DCFC002814D128
:102760001D9B002B01DAFFF779FB0A9B0E2B01DD85
:10277000FFF774FB1B9A0A9B9446DB0063445C687A
:102780001B6804930594FFF708FB3E00013F3B786C
:10279000302BFAD01A9B01330993FFF71BFC362329
:1027A0001C9A9B1AE7E6D0460A9B5F460133A24675
:1027B000B34644460993FFF7E2FB0223069E079FB8
:1027C0000D93FFF7FFF9012294463123E044C7E659
:1027D000534652465D1C392313700A9BA2460133AF
:1027E0004446039A0993FFF7DBFB0023002406937A
:1027F00044E54546D046BA465F46B346392FE7D052
:10280000002D00DDF4E4F5E4D046BA465F46B34659
:10281000F0E40D98F3F794FC32003B00F3F719FC59
:1028200000222C4BF3F7EEFB2B4A0B00944663443B
:10283000129013911393FFF7ECF9129B5F469B469E
:102840001A9B3E0001330993FFF7C4FB169B9A467F
:10285000189B9846129B9B46FFF7FAF9289B022B80
:1028600005DC0A9B0993119B0893FFF760FB119B02
:102870000A960893F0E4119B0893289B022B00DD35
:10288000EAE42AE40223129E139F0D93FFF79AF9BC
:10289000124B0393FFF78EF8089BD046BA465F466B
:1028A000B346002B00DD94E4A4E400230B93FFF770
:1028B0002CF9B02100220A4B0A48FF31F5F7C0FD80
:1028C0000022074B07480849F5F7BAFD00002440ED
:1028D0000000E03F00001C400000C0FC0C5C011048
:1028E0001C5C0110305C0110EF020000314B70B530
:1028F000050018680C00002802D0426B002A4FD057
:102900000C22A35E1A071DD52269002A24D0D907FC
:1029100008D50021A160616900204942A161002A17
:1029200008D070BD0021980700D461690020A16023
:10293000002AF6D11A06F4D540221343A3810120C0
:102940004042EEE7DA062ED55A0714D42269082150
:102950000B43A381002ADAD1A021802089008000C6
:1029600019408142D3D02100280001F08DFC0C22B7
:10297000A35E2269CBE7216B00290AD022004032F6
:10298000914204D0280000F071F80C22A35E0022CE
:102990002263242293430022626022692260D6E7E8
:1029A00000F0FAFCACE709222A6040221343A3811D
:1029B000C5E7C04638120020F0B5C646060000B58F
:1029C00008200D0000F024FA0400300000F0E2FBC3
:1029D000234B210098469B685F6803239F43380080
:1029E0001138401B0019F3F7C9F8451E6543AC4286
:1029F00008DC0021300000F033FD43469B68DB1902
:102A0000984206D0300000F0C7FB002080BCB846DA
:102A1000F0BD3000694200F023FD01300ED00122EC
:102A200043467F1B9B6817430E4A5F601368300064
:102A30005B1B136000F0B0FB0120E7E700213000D2
:102A400000F00EFD43469A68831A0F2BDADD064C20
:102A500004492468001B086001210B435360D1E73F
:102A600068130020601D002060130020F8B5CE46DA
:102A7000474605000C0080B5002957D000F08AFBBE
:102A8000012321009C46083948686246030003245C
:102A90009343CF187A68654EA243B468BC4200D114
:102AA00070E0BC18A14664467A60044221D10868EF
:102AB000091A1B1888688046484640682040340040
:102AC00008348146A04551D04046CC68C460A0601F
:102AD0004846002811D19B185548BA68824200D157
:102AE0007FE0F868D060826001221A434A60CB50D0
:102AF00007E0484640682042EDD062461A434A60EB
:102B00003B6080229200934214D2DA0858090123D4
:102B10008340706803437360D3009B199A68CB604D
:102B20008A609960D160280000F036FBC0BCB946CD
:102B3000B046F8BD5C0A042C3DD89C09200039340D
:102B40003830E40034192268083C0327944203D14A
:102B500040E09268944203D05068B8439842F8D855
:102B6000D468CC608A60A160D160DCE7002858D1CD
:102B7000B868D218FB68C3609860634613434B6023
:102B80008A50D0E79A186346034206D10B68C91AE7
:102B90008868D218CB68C3609860012313434B60E8
:102BA000244BB1601B689342BDD8234B28001968A1
:102BB000FFF702FFB7E7142C07D9542C1AD81C0BC7
:102BC00020006F346E30E400BCE720005C345B30E2
:102BD000E400B7E70123801083407068034373600B
:102BE000BFE7D1609160CA608A6001221A434A60DF
:102BF000CB5098E7AA225200944205D8DC0B200063
:102C000078347730E4009DE70C4A944205D89C0C58
:102C100020007D347C30E40094E7FE247E20A40074
:102C200090E762461A434A603B607CE768130020E5
:102C300070130020641300205C1D00205405000068
:102C400010B50A22002100F0C3F810BD10B50A2308
:102C5000002200F0ADF810BDF0B557464E4645468F
:102C6000DE46E0B582460F0090461E00994683B0CE
:102C7000242B43D8012B41D00B0008204A4D1A00C9
:102C800014780133295D0842F9D11D002D2C00D1A3
:102C900076E02B2C3ED0454B9B4600230193002E23
:102CA00053D1302C00D173E00A2399460A364946A5
:102CB0005846F2F763FF2B008C463D0002002700C8
:102CC00000214C460020E146AC463D00303D092D38
:102CD00007D9113D192D03D93D00613D192D20D88B
:102CE0000A35AE421DDD4F1C05D082422AD327D0C3
:102CF0000121604328181F780133E6E7FEF730FA18
:102D000016230360002003B0F0BCBB46B246A946C0
:102D1000A046F0BD1C78254B951C9B4600230193D3
:102D2000BDE767464A1C21D0019A002A00D04042E4
:102D30004246002AE7D0002933D143461F60E2E72C
:102D4000A945D5DA01214942D5E7102EAFD110238C
:102D50009946302CABD120222B789343582BA6D107
:102D600010236C78994610260235A0E7222251469E
:102D70000A6042465846002AC5D058465F1EDCE726
:102D80001C7880231B069B460123951C019386E734
:102D900020222B789343582BE2D00823082699460B
:102DA00085E78346E9E7C046E18F0110FFFFFF7F1B
:102DB00010B5FFF751FF10BD10B504001300034A12
:102DC00010680A002100FFF747FF10BD38120020ED
:102DD00010B504001300034A10680A002100FFF731
:102DE0003BFF10BD3812002010B5034B01001868DE
:102DF000FEF71CFA10BDC0463812002010B5034B78
:102E000001001868FFF732FE10BDC04638120020DE
:102E1000802310B55B01082801D1180010BDFEF712
:102E20009FF916230360173BF7E7C04610B50A2247
:102E3000002100F01BFC10BD10B50A23002200F099
:102E400005FC10BDF0B557464E46DE464546E0B59A
:102E50000C000600170083B0002900D1ACE000F0A0
:102E600099F908235B429946A1444B465B680322CB
:102E700019003D0091430B35CA468846162D67D888
:102E80001025AF4267D8A8456EDA4946C04841448C
:102E90004A68009080689346884200D1A0E00120F3
:102EA000844610006246904308184068104200D0E3
:102EB00077E05A46032082439346C3445D454EDD86
:102EC0006046184212D14B4648461B68C31A03207D
:102ED0009B465B688343D21842440092954200DCD3
:102EE000CCE0434400939D4200DCCBE0390030004D
:102EF000FEF79CF9071E00D11EE14B4601225B68DC
:102F0000934302004B44083A934200D1E3E0424627
:102F1000043A242A00D9E3E003002100132A09D946
:102F200023680360636843601B2A00D9DCE0030068
:102F3000083108330A681A604A685A608A689A60D9
:102F400030002100FFF792FD300000F025F920E06D
:102F50000432954395D50C230027336019E0D846F9
:102F6000CB688A68D3609A6043465F1B5346012250
:102F700050465B68404413400F2F22D841460B4314
:102F800051464B60436813434360300000F004F93E
:102F90002700380003B0F0BCBB46B246A946A046A5
:102FA000F0BD1A42A2D14B464A461B68D31A0322EF
:102FB0009B465B68934394E71100FEF737F90700DF
:102FC000E7E751462B434919554617436B604F605D
:102FD00043680831134343603000FFF747FDD4E7EF
:102FE00003218A4394462900C44410318C4500DBF8
:102FF00084E0DB0700D579E74B4648461B68C31AD7
:1030000003209B465B688343D2184244019291425D
:1030100000DD66E75B465A46DB6892685F46D36030
:103020009A604246043A0837242A00D999E03B00C6
:10303000132A0AD9594623688B606368CB601B2A20
:1030400000D993E05B460834103322681A60626846
:103050005A60A2689A605B4601225919009B3000B1
:103060009960019B5B1B13434B605B465B6813409D
:103070005A462B43536000F08FF88AE7CB688A6882
:10308000D3609A605B465A46DB6892685F46D360BD
:103090009A604246043A0837242A17D83B00132A7C
:1030A00009D9594623688B606368CB601B2A39D8DD
:1030B0005B460834103322681A6062685A60A2685E
:1030C0009A60009B3C009846DA464DE721003800A4
:1030D00001F098F9F5E703225B689343984443E7CE
:1030E000210001F08FF92BE7A3688360E368C360D8
:1030F000242A26D00300103110331BE74B46591900
:10310000009B0122996063465B1B13434B604B4657
:103110005B68300013404A462B43536000F03CF894
:10312000270036E7A3680B61E3684B61242A10D0BF
:103130005B4610341833BEE7300000F02DF800274E
:1031400027E723691831036103006269183342617C
:10315000F0E623698B615B4662692033CA611834EB
:10316000A9E72100380001F04DF974E7A3680B616D
:10317000E3684B61242A03D05B461034183364E7BC
:1031800023698B615B4662692033CA6118345CE74E
:10319000681300207047C0467047C0460020704743
:1031A00010B5034A0349044801F042F810BDC04677
:1031B00070170020B54401104012002041680B4BED
:1031C00010B50400994201D001F074F9A168084BD0
:1031D000994202D0200001F06DF9E168054B994257
:1031E00002D0200001F066F910BDC046941D0020F9
:1031F000FC1D0020641E002000207047F8B5CE465C
:103200004746344C344B354A2000002580B51A60BF
:103210000423082200215C3025606560A560656696
:1032200025616561A561E360F3F7C2FC2C4B2000CA
:10323000994623622B4B2C4F98466362CC23E55072
:103240002A4B2B4E6367802308220021C430E550AF
:10325000A762E662A566E5662567A567E567E4619E
:10326000F3F7A6FC220084236832E2504A46043376
:10327000E250424620000433E2500433E750043366
:10328000E6503C33E5500433E5500433E550194A29
:103290005C33E550583BE2500433E5502D300433A5
:1032A000E550082204330021FF30E550F3F780FC9D
:1032B0002200EC23D032E2504A460433E250424628
:1032C0000433E2500433E7500433E650C0BCB9463F
:1032D000B046F8BD941D0020901D0020A1310110C2
:1032E00085450110B1450110F145011009000100AB
:1032F0002146011012000200F8B5244B07001B689C
:10330000002B3BD0224E7368B468013B03D51BE011
:103310006834013B18D30C22A55E002DF8D12000A3
:103320001C4B08220021E36065662560A56065608E
:1033300025616561A5615C30F3F73AFC256365633F
:103340006564A5642000F8BD3568002D01D02E000D
:10335000D9E7D62138004900FDF768FF041E10D0D8
:103360000423D0220560250043600C300021A060BA
:103370005200F3F71DFC34602E00C4E7FFF73EFF58
:10338000C0E70C2330603B60DCE7C046901D0020A6
:10339000701700200100FFFF436B10B5002B00D019
:1033A00010BD044B4363044B1B68002BF8D1FFF79F
:1033B00025FFF5E7BD310110901D00207047C04684
:1033C0007047C04610B50020024A034900F030FFA4
:1033D00010BDC046701700209D31011010B50020AF
:1033E000024A034900F024FF10BDC04670170020B8
:1033F000F931011010B5010000230022002001F076
:1034000015F910BD10B583070AD00300032102E0AF
:1034100001330B4205D01A78002AF9D1181A10BDD1
:10342000030019680C4A0D4C8A188A4322420FD1B6
:103430005968094A04338A188A43224208D15968D4
:10344000054A04338A188A432242F1D000E001334E
:103450001A78002AFBD1E1E7FFFEFEFE8080808023
:10346000002370B5064C050008002360F4F794FFB4
:10347000431C00D070BD2368002BFBD02B60F9E704
:10348000CC1E002070B5074C074D641BA41005D05E
:10349000013CA300EB589847002CF9D101F00AFB3E
:1034A00070BDC046004C0110004C0110F0B5DE4666
:1034B0004E4645465746E0B589B00D000591934606
:1034C0001E00082107905F482B001C780135025D23
:1034D0001142F9D12D2C00D184E02B2C4BD00123AB
:1034E0005B420393584B049300230693002E08D1AC
:1034F000302C00D180E00A239A4600230A369946F0
:1035000005E0102E00D182E0F317B24699465246EC
:103510004B4603980499F2F76FFB23000F00804697
:10352000029200200022002113E0B94201D140455F
:103530001ED8804543D052464B46F3F785F9E31732
:1035400000940193009B019C0122C01861412B78DB
:1035500001351C00303C092C04D9113C192C0DD824
:10356000373B1C00A64211DD531CF0D0B942DCD918
:1035700001225242EBE72C789D1CB0E71C00613C15
:10358000192C03D8573B1C00A642EDDC531C1ED05F
:10359000069B002B04D003000C0000215842A141DF
:1035A0005B46002B04D0002A48D15B46059A1A607E
:1035B00009B0F0BCBB46B246A946A046F0BD8F425A
:1035C000B9D1029BA342B6DA01225242BFE72223BD
:1035D000079A13605B46002B2DD06B1E039804994D
:1035E0000593E2E72C789D1C0023039380231B06A0
:1035F00004930123069379E720222B789343582BD9
:1036000011D008239A460023082699467FE7302CDC
:1036100004D010239A460023994678E720222B787D
:103620009343582BF5D110239A4600236C78994682
:10363000102602356BE703980499B9E703900491CB
:10364000CBE7C046E18F0110FFFFFF7F10B5FFF70A
:103650002DFF10BD10B504001300034A10680A00C6
:103660002100FFF723FF10BD3812002010B5040021
:103670001300034A10680A002100FFF717FF10BD6E
:103680003812002010B5140092680023002A05D0DB
:10369000220001F041F800220300A260002218007D
:1036A000626010BD436C70B504000D00002B0AD0A1
:1036B000AA009B18186800280ED002681A60002320
:1036C0000361C36070BD21220421FDF74FFD031E7D
:1036D0006064EDD10020F5E70126AE40721D0121A6
:1036E00020009200FDF742FD0028F3D0456086607F
:1036F000E5E7C046002906D04A68436C92009B1853
:103700001A680A6019607047F0B5C6461F00804607
:10371000002300B50E000D6914310C68013320043C
:10372000000C5043240C5443C019070CE419000446
:10373000270C000C2404241810C19D42EDDC002F3E
:1037400008D0B368AB4209DD2B1D9B00F31801358F
:103750005F603561300080BCB846F0BD716840469E
:103760000131FFF79FFF041E17D0310032690C3181
:10377000023292000C30F3F721FA434672685B6C18
:1037800092009B181A6832601E6026002B1D9B0059
:10379000F31801355F603561DCE70022BA21024B86
:1037A0000248F4F74DFEC0461C5C01105C5C011041
:1037B000F8B54746CE460600180080B50C00083024
:1037C00009211F009046F2F7B1F9092F3BDD0125D1
:1037D00000216D000131A842FBDC3000FFF762FFE1
:1037E000011E32D0089B4361012303614346092B2C
:1037F00016DC092398460A3447450CDD4346E71991
:10380000FF1A23780A223000303BFFF77DFF013496
:103810000100BC42F5D10800C0BCB946B046F8BDB5
:1038200009239946A1444D4644442B780A2230008E
:10383000303BFFF769FF01350100A542F5D1444651
:10384000083C4C44D8E70021C7E70022024B03485C
:10385000D331F4F7F5FDC0461C5C01105C5C01102F
:103860008022030052020020934201D21B04103038
:1038700080225204934201D208301B02802252055A
:10388000934201D204301B018022D205934203D31C
:10389000DB43DB0FC018704799009B0004D4033052
:1038A0001142F8D12020F6E70230F4E70368020065
:1038B000590707D0D9071ED4990720D55B080360A4
:1038C000012070470020190401D11B0C1030FF218A
:1038D000194201D108301B0A190701D104301B0914
:1038E000990701D102309B08D90702D401305B0847
:1038F00003D01360E5E70020E3E72020E1E79B0821
:1039000003600220DDE7C046436C70B504000D0083
:10391000002B0AD05868002815D002685A6000238E
:10392000C36001334561036170BD21220421FDF7AD
:103930001DFC031E6064EDD146210022084B09489E
:10394000FF31F4F77DFD1C2201212000FDF70EFC64
:103950000028F1D00123436001338360DFE7C046D4
:103960001C5C01105C5C0110F0B54E4657464546A4
:10397000DE46E0B50B6916698A469146984685B0E1
:10398000B34204DB330089464646924698464B468E
:1039900059684346F5184B469B68AB4200DA013143
:1039A000FFF780FE071E00D1A9E014239C46844443
:1039B0006346AC00644418000022A34202D204C350
:1039C0009C42FCD814234B449B46434651469B00E3
:1039D00098461431B60088445E44414574D20423AD
:1039E0009A464B4615339E4200D380E05B460193D6
:1039F000434600935346B446A246AB46B9460C0034
:103A0000029306E02D0C31D1009B04340430A34214
:103A100057D925682B04190C002BF3D0019D534670
:103A2000A04600260C0082462F00039308CF0168B1
:103A30001A04120C62431B0C0D0463432D0C521923
:103A40009219090C5B18110C5B1812041E0C120C55
:103A50001B04134308C0BC45E8D850464446039BAA
:103A60009A46029BC65025682D0CCDD00600002238
:103A70000368A046604619001400B446019F3A88C6
:103A8000090C6A43121952181B0411041B0C0B4336
:103A9000336010CF7168240C6C430B041B0CE318CB
:103AA000120C9B181C0C0436B842E8D862468446B7
:103AB00010004446029A04348350009B0430A34211
:103AC000A7D854465D464F46002D03DC06E0013D75
:103AD000002D03D0043C2368002BF8D038003D6152
:103AE00005B0F0BCBB46B246A946A046F0BD4B4669
:103AF000F31A153B9B0801339B009A4676E7B121E8
:103B00000022024B02484900F4F79AFC1C5C0110A9
:103B10005C5C0110F8B5032347461400CE461A003A
:103B200080B50E0007002240234234D1A41023D0D8
:103B30003D6C002D38D0012398460023994643461A
:103B4000234208D1641017D02868002819D0050036
:103B500043462342F6D02A0031003800FFF704FF25
:103B6000002E06D072687B6C92009B181A68326037
:103B70001E6006006410E7D13000C0BCB946B046F4
:103B8000F8BD2A0029003800FFF7EEFE4B462860FA
:103B900005000360DCE70F4B013A9200D258002386
:103BA000FFF7B2FD0600C1E701213800FFF77AFDFB
:103BB000051E07D0084B43610123036100233864CD
:103BC0000360B8E746210022044B0548FF31F4F7B3
:103BD00037FCC046E8900110710200001C5C011027
:103BE0005C5C0110F0B54546DE4657464E46E0B5F2
:103BF0000D002B6954119846A04443465E1CAB68E7
:103C000083461700496883B09E4203DD01315B00A3
:103C10009E42FBDC5846FFF745FD8446002853D002
:103C2000010014310B000191002C0CDDA4002200D6
:103C300000201432624401C39342FCD1019B994697
:103C4000A1444B4601931F222B0011002C69143311
:103C5000A40039408A461C193A422FD00132521A28
:103C600091460027019851461A688A403A4304C099
:103C70004A4680CBD7409C42F5D82A00153204230F
:103C8000944204D3631B153B9B0801339B00019AAC
:103C9000D750002F00D1464663461E615B46604602
:103CA0006A685B6C92009B181A682A601D6003B0FA
:103CB000F0BCBB46B246A946A046F0BD019904CB74
:103CC00004C19C42FBD8E6E7EF210022024B0348E7
:103CD0004900F4F7B5FBC0461C5C01105C5C0110A8
:103CE00002690B6930B50500D01A9A4214D19B00C5
:103CF00014351431EA18CB1801E095420CD2043A7D
:103D0000043B146819688C42F7D000238C425B4155
:103D100002205B421840013830BDC046F0B5454630
:103D200090465746DE464E464346E0B50A691B6953
:103D30000F0083B0D11A9A4200D098E03D0042466D
:103D40009900143514326B18521802E09D4200D3CA
:103D500095E0043B043A1C6811688C42F6D00125BA
:103D60008C4203D343460025B8461F00434659689A
:103D7000FFF798FC8446002800D194E014224244C6
:103D80009146142243463900624492460022C5609F
:103D900038691B69143180004D4608189C004C445A
:103DA000BB4614260700994610000A0000950194AE
:103DB000434602CA9D590B042C041B0C240CE41A24
:103DC00063462418090C2D0C6D1A2114691824045B
:103DD0000814240C09040C439C5104369742E7D87C
:103DE000020038005F4600994B468946390000269C
:103DF000153188427641C01B15388008250083465E
:103E00000427019CF1B2002E36D14846C019574410
:103E1000B8463E009946070084423BD9130020CFA4
:103E20002904090C891809142A0CED1889182D0485
:103E30000A142D0C09040D4320C6BC42EED8013CE7
:103E4000221A9208920042444B461600002D04D1DB
:103E5000043E3268013B002AFAD062461361604694
:103E600003B0F0BCBB46B246A946A046F0BD012552
:103E7000002900DB76E779E7471CBF00C5E7002192
:103E8000FFF710FC8446002813D0012303610023B0
:103E90004361E4E70026002901D15644D6E75A469B
:103EA00096005644D2E70022054B06480649F4F72F
:103EB000C7FA0022024B03480449F4F7C1FAC0468E
:103EC0001C5C01105C5C0110450200003702000020
:103ED0000D4A0E4B94460B4063440022002B02DD3A
:103EE0001900100070475B421915132903DC802369
:103EF0001B030B41F4E7143901221E2902DC802246
:103F00001206CA400023EBE70000C0FC0000F07F6F
:103F1000F8B506004746CE4604691436A4003419A5
:103F2000231F1D6880B528000F009846FFF798FCF6
:103F30002022111A030039600A282EDD07000B3FEA
:103F4000464519D208235B429C46A44463461B683D
:103F5000002F1AD01900D21BD140BD409146194AFA
:103F60000D432A431100BB40664511D24A460C3C22
:103F70002468D44023430BE00B2805D0BD40114BEF
:103F80002B431900002303E000230E4A2A431100AB
:103F90001800C0BCB946B046F8BD2F00153A121A39
:103FA000D7409146074A3A4311000027464503D2BD
:103FB0004A46083C2768D74015339D402B003B43B9
:103FC000E6E7C0460000F03FF0B5012183B01400E1
:103FD0001D00FFF767FB061E4AD02B036F001B0B6B
:103FE0007F0D02D08022520313430193002C16D17F
:103FF00001A8FFF75BFC0124019B20307361346151
:10400000002F24D01D4B35249C46089B67443F1845
:104010001F60241A3000099B1C6003B0F0BD684685
:104020000094FFF743FC019C00281FD020232200AE
:104030001B1A9A40C4401300009A01941343736101
:10404000B461631E9C4101343461002FDAD10C4B02
:104050009C46089B604418600A4BE3189B00F318C9
:104060005869FFF7FDFB6401241AD3E7009BE6E7DC
:104070000022054B05480649F4F7E2F9CDFBFFFFA6
:10408000CEFBFFFFFFFFFF3F1C5C01105C5C0110DB
:104090000F030000F0B5CE46474680B585B0884690
:1040A00002A98146FFF734FF04000D00404603A932
:1040B000FFF72EFF02000B004046494600690969E0
:1040C00000920193091A4901884602980399401AFF
:1040D0000100414400290BDD09054F193D00200076
:1040E0002900F1F798FF05B0C0BCB946B046F0BD55
:1040F00009055B1A0193009A019BF0E710B50400D3
:10410000172809DD002007490022074B013CF1F781
:10411000A0FF002CF8D110BD044BC4001B19186877
:104120005968F8E70000F03F000024404891011072
:104130001300013970B54C11116901341433890031
:10414000A400591804198B420AD2050040CB40C57F
:104150009942FBD88B1A153B9B0801339B00C01872
:10416000844203D9002308C08442FCD870BDC046F5
:1041700010B5040002691434481182420ADA920030
:10418000A31803E0043B1A68002A14D1A342F9D80B
:10419000002010BD8300E3188242F7DD1F221000CB
:1041A00008400A42F2D019680A00C2408240012049
:1041B0009142EED1EAE70120EBE7C04670B5CCB200
:1041C00083070DD0531E002A0FD0032504E00130D1
:1041D000284206D0013B08D30278A242F7D170BD35
:1041E0001300032B03D8002B14D10020F7E7FF2284
:1041F0000A401502AD182A040B4EAD1803E0043B2B
:104200000430032BEFD9026808496A4051189143E2
:104210003142F4D0C31802E001309842E5D0027870
:10422000A242F9D1DBE7C04680808080FFFEFEFE1F
:10423000F8B54746CE46884680B581461700002629
:104240007D68BC68013D0DD4A389012B07D90E22DE
:10425000A35E013303D021004846C04706436834BB
:10426000013DF1D23F68002FEAD13000C0BCB94611
:10427000B046F8BDF0307047004870476C18002019
:10428000004870476C180020F0B5C64600B50C22F7
:104290008B5E05000C0096B09A0709D523004333C6
:1042A000236023610123636116B080BCB846F0BD72
:1042B0000E22895E002928DB6A4600F007FA0028F2
:1042C00021DBF023019F1B021F40264B80269C46CA
:1042D00067447B425F418023DB00984636014146BC
:1042E0002800FCF7A3FF00281BD08022A3892060B0
:1042F000134342461BB2A38120616261002F1FD18C
:104300003343A381D0E70C22A35E00271B0612D5FE
:1043100040239846280041460026FCF787FF0028E6
:10432000E3D10C22A35E9A05BED40322934302225A
:104330001343A381B2E78023DB0098460026CEE733
:1043400028000E23E15E00F0D5F9002802D10C22EE
:10435000A35ED5E70322A3899343012213431BB233
:10436000CEE7C04600E0FFFF70B50C001E000E2334
:10437000C95E150096B0002915DB6A4600F0A6F963
:10438000002810DBF02301991B0219400B4B802001
:104390009C4661444B42594180230001DB0031605F
:1043A0002B6016B070BDA38900211B0602D54023E7
:1043B0000020F4E780230020DB00F0E700E0FFFFAF
:1043C00030B583B0069D034C0095E4256459A047A1
:1043D00003B030BD7C17002082B000290AD0002A2B
:1043E0000BD0002B0BD013780B601078431E984134
:1043F00002B0704701A9002AF3D10020F8E702209B
:104400004042F5E7F0B588420AD98B18984207D2A6
:10441000531E002A03D0CA5CC254013BFBD2F0BD3C
:1044200005000F2A0AD8561E002AF8D00023CC5CBB
:104430001A00EC5401339642F9D1F0E703273E000D
:104440000D430C0003002E402F422DD11500103DCE
:104450002D09AC462F013F1825681D6065685D6019
:10446000A5689D60E5681034DD601D001033BD4215
:10447000F2D165460F230C2401352D014919134053
:104480004519144213D0043B9B0801339B008C59FF
:10449000AC5104369E42FAD103231A40AD19891952
:1044A000561E002AC2D1BAE70500561EBEE71A0002
:1044B000B9E7C04670B506000C1E08D0002802D02F
:1044C000436B002B3BD00C22A35E002B02D10025B6
:1044D000280070BD21003000FCF71AFDE36A0500DA
:1044E000002B04D03000E169984700281DDBA38928
:1044F0001B061FD4216B002908D0230040339942AA
:1045000002D03000FEF7B2FA00232363616C002969
:1045100004D03000FEF7AAFA00236364FEF74EFFD2
:104520000023A381FEF74CFFD2E70125A3896D424A
:104530001B06DFD530002169FEF798FADAE7FEF7AF
:104540002BFFC0E710B5034B01001868FFF7B2FF5F
:1045500010BDC0463812002070B5E025014C6459EA
:10456000A04770BD7C170020002909D0FF2A02D87F
:1045700001200A7070478A23036001204042F9E756
:104580000020F7E770B50C000E25495F00F05EFAD9
:10459000002803DB236D1B18236570BDA389024A25
:1045A0001340A381F9E7C046FFEFFFFF00207047EB
:1045B000F8B50C001F000C23C95E05001600CB05E2
:1045C0000AD40A4B320019402800A1810E23E15E73
:1045D0003B0000F067F8F8BD0E23E15E00220223E5
:1045E00000F048FA0C23E15EEBE7C046FFEFFFFF67
:1045F00070B50C000E25495F00F03CFA431C07D053
:104600008023A2895B0113431BB22065A38170BD87
:10461000A389024A13401BB2F8E7C046FFEFFFFF31
:1046200010B50E23C95E00F0FFF910BDF0B5C64607
:104630001A4C00B52568002D2AD06C681F2C2ADC86
:10464000002808D10020631C0234A4006B60615173
:1046500080BCB846F0BD8827A600AE19F2510137DC
:10466000FF37BC460122AC446746A2403F689046F3
:1046700017436246176084277F00F3510228E1D177
:10468000280042468D30FF30036813430360D9E7AA
:10469000034D2560D1E701204042D9E7602000208A
:1046A000D01E002070B50400080011001A0000237D
:1046B000054D2B60F3F79CFE431C00D070BD2B68AA
:1046C000002BFBD02360F9E7CC1E0020002370B53F
:1046D000074D0400080011002B60F3F7A3FE431CF4
:1046E00000D070BD2B68002BFBD02360F9E7C046DB
:1046F000CC1E0020002370B5064C05000800236086
:10470000F3F794FE431C00D070BD2368002BFBD050
:104710002B60F9E7CC1E0020F0B54E46DE4657462A
:104720004546E0B5936883B00C0091460090002B9D
:104730005FD00C23CA5E130763D50B69002B60D0D2
:104740004B461F68930723D5636A00269A46B34BEE
:1047500000259846E169002D16D02B00454500D96B
:10476000AE4B32000098D047002859DD4B464A46F0
:104770009B6836181B1A2D1A9360002B39D0636A78
:10478000E1699A46002DE8D13E687D680837E2E786
:10479000D30762D50023B84600209A4600261F00A2
:1047A000002E45D000284CD03B00B3469E4200D995
:1047B0009B4620682269A5686369904203D9ED1879
:1047C000AB4500DDFEE05B4500DDEEE0656A52468C
:1047D000E1690098A847051E22DD01207F1B19D042
:1047E0004B464A469B68AA445B1B761B9360002B92
:1047F000D6D1002003B0F0BCBB46B246A946A046C5
:10480000F0BD21000098FEF771F800280DD10C23AF
:10481000E25E95E721000098FCF71EFC0028DFD03F
:104820000C22A35E40221343A38101204042E1E712
:104830000822434694465E68E044002EF8D01B6888
:104840009A4632000A215046FFF7B8FC002800D1F2
:10485000DBE053460130C71AA6E7002380219A46C1
:1048600089008B46564655462068A368844698467C
:10487000002D5CD059460A425DD09A46AB4200D921
:1048800090E09023DB001A4232D02169431A60691C
:10489000019343001B18D80FC3185810019B824680
:1048A00001335B19834201D99A461800520500D49E
:1048B00097E001000098FCF7B9FC8046031E00D188
:1048C000A6E0019A2169F2F779F9A389544A1340C5
:1048D00080221343A38143462361019B1A00424473
:1048E000944622605246A846AA46D31A6261A36043
:1048F000524631006046FFF785FD4246A846002536
:10490000A36820689B1A5044A36020604B4642462F
:104910009B6846449B1A4A46936000D169E70C2382
:10492000E25E2068A36884469846002DA2D13E68C6
:104930007D6808379AE7226982421BD362699046F4
:10494000AA4217D8802328001B069D4200D3354871
:104950004146F1F7EBF84346626A43439046E1690A
:1049600032000098C047002800DC59E780464346E3
:10497000ED1ACBE79846AB4200D9A8464246310033
:10498000FFF740FD4246A36820689B1A4044A3609D
:104990002060002BEBD121000098FCF75DFB002884
:1049A000E5D03DE7A846AA46A2E75A465146FFF79A
:1049B00029FD5A46A3685D469B1AA36023685B44A1
:1049C00023600AE751462A00FFF71CFD23682100F7
:1049D0005B1900982360FCF73FFB002800D1FCE640
:1049E0001EE702000098FEF72DFA8046002800D04E
:1049F00071E7009D21692800FEF738F88022A3891D
:104A00009343743A1BB22A600CE7731C1F00CCE678
:104A1000009A0C3313600C22A35E03E700FCFF7FB7
:104A20007FFBFFFFFFFFFF7F002370B5064C0500F3
:104A300008002360F3F7EEFC431C00D070BD236830
:104A4000002BFBD02B60F9E7CC1E002070B50400D2
:104A5000080011001A000023054D2B60F3F7B6FC87
:104A6000431C00D070BD2B68002BFBD02360F9E7FE
:104A7000CC1E002070B50400080011001A000023AD
:104A8000054D2B60F3F7CAFC431C00D070BD2B68AA
:104A9000002BFBD02360F9E7CC1E0020034B10B5A0
:104AA000002B02D00248FEF7A5FC10BD000000005C
:104AB00085340110F8B5C04601B40248844601BCF3
:104AC000604700BFC50C002001B40248844601BC09
:104AD000604700BFF903002001B40248844601BCCE
:104AE000604700BF1D03002001B40248844601BC9A
:104AF000604700BF5910002001B40248844601BC41
:104B0000604700BFED0C002001B40248844601BCA0
:104B1000604700BF2901002001B40248844601BC5F
:104B2000604700BF5910002001B40248844601BC10
:104B3000604700BFB101002001B40248844601BCB7
:104B4000604700BF8D02002001B40248844601BCCA
:104B5000604700BF0D10002001B40248844601BC2C
:104B6000604700BFF101002001B40248844601BC47
:104B7000604700BF7D0D002001B40248844601BC9F
:104B8000604700BF2D0D002001B40248844601BCDF
:104B9000604700BF6901002001B40248844601BC9F
:104BA000604700BFC904002001B40248844601BC2C
:104BB000604700BFC1000020015900102D590010AE
:104BC000115B0010A16B0010E9610010BD690010BD
:104BD000395A001049590010695900107D590010C8
:104BE0005D4A001085590010254E0010C95800106C
:104BF0009D4400109D4A0110D5900010FD02001048
:104C00006C665F7363686564756C652829206361F1
:104C10006C6C65642061667465722073746F7020BB
:104C20007461672E000000007363686564756C65CD
:104C30002063616C6C656420776974682061206E04
:104C4000656761746976652065787472615F646513
:104C50006C617920256C6C642E205265706C6163E8
:104C6000696E672077697468207A65726F2E00001C
:104C700052616E646F6D20736565643A2025752CF2
:104C80002053656C65637465642073706F743A209B
:104C900025640A003F00000043414C494252415400
:104CA000494E470043414C49420000003D3D3D20F4
:104CB0005041524B494E4720474152414745203DC4
:104CC0003D3D0000524541445900000057414954C0
:104CD000000000005265616479202D2077616974BD
:104CE000696E6720666F7220746172676574000078
:104CF0005475726E20636F6D706C657465202D3E07
:104D000020464F4C4C4F575F494E5F434F525249DC
:104D1000444F525F325F3500494E20322D3500003E
:104D2000434F5252323500005475726E20696E74D2
:104D30006F2073706F7420636F6D706C6574652085
:104D40002D3E205041524B5F464F52574152440036
:104D50005041524B494E47005041524B0000000019
:104D6000416C7265616479207061726B65642E209C
:104D700045786974206E6F7420696D706C656D651F
:104D80006E7465642E0000005461726765743A2089
:104D900053706F742025640A00000000474F2D3EB9
:104DA00025640000544F205331000000544F20323E
:104DB0002D350000544F20362D390000534B4950FB
:104DC0003A2564004C656674207472696767657281
:104DD0002025642028736B697070696E6720657880
:104DE0006974290A000000003D3D3D205041524BAE
:104DF000454420494E2053504F542031203D3D3DE5
:104E0000000000005041524B45442031000000009A
:104E1000444F4E4500000000434E543A25640000C4
:104E20004C656674207472696767657220636F757C
:104E30006E743D25640A0000536B697070696E677B
:104E40002065786974000000436F756E742032200D
:104E50002D3E205455524E5F4C4546542028696ED5
:104E6000746F20636F727269646F7220322D3529FE
:104E7000000000005455524E2D3E322D35000000EA
:104E80005455524E5F4C0000434E543A25642F3621
:104E900000000000436F756E74202564202D3E20B5
:104EA0005455524E5F4C4546545F365F390A0000F8
:104EB0005475726E20636F6D706C65746520286325
:104EC0006F756E74203629202D3E20464F4C4C4F76
:104ED000575F494E5F434F525249444F525F365FCE
:104EE00039000000494E20362D390000434F525200
:104EF000363900005475726E20636F6D706C657486
:104F0000652028636F756E7420256429202D3E204E
:104F1000636F6E74696E756520666F6C6C6F776910
:104F20006E670A004C3A256420543A25640000005C
:104F30004C6566742073656E736F723A20636F758B
:104F40006E743D25642C207461726765743D256420
:104F50000A0000005475726E696E67204C45465415
:104F600020696E746F2073706F742025640A0000CE
:104F7000523A256420543A2564000000526967685B
:104F8000742073656E736F723A20636F756E743D33
:104F900025642C207461726765743D25640A0000E5
:104FA0005475726E696E6720524947485420696E85
:104FB000746F2073706F742025640A005455524E2C
:104FC0005F5200003D3D3D205041524B4544204939
:104FD0004E2053504F54202564203D3D3D0A000093
:104FE0005041524B4544202564000000574149542C
:104FF000494E4700464F4C4C4F575F544F5F5350FC
:105000004F545F3100000000464F4C4C4F575F54E7
:105010004F5F434F525249444F525F325F35000059
:10502000464F4C4C4F575F544F5F434F5252494489
:105030004F525F365F3900005455524E5F4C454623
:10504000545F365F390000005455524E5F4C454660
:1050500054000000464F4C4C4F575F494E5F434F42
:10506000525249444F525F325F350000464F4C4C1C
:105070004F575F494E5F434F525249444F525F363C
:105080005F3900005455524E5F4C4546545F494EBF
:10509000544F5F53504F54005455524E5F5249473E
:1050A00048545F494E544F5F53504F540000000026
:1050B0005041524B5F464F5257415244000000004E
:1050C0005041524B4544000072616E646F6D5F6DDC
:1050D00061696E0072616E646F6D0000636F6E7463
:1050E000726F6C6C65720000646973700000000080
:1050F0006D6F746F72730000636F6E74726F6C5FAC
:105100006C65667400000000636F6E74726F6C5F94
:105110007269676874000000656E636F6465720091
:105120006C696E65000000000A2A2A2A2050414E50
:105130004943202A2A2A0A004E6F207370696E6C38
:105140006F636B732061726520617661696C616267
:105150006C6500004E6F2075736572204952517363
:105160002061726520617661696C61626C65000026
:10517000486172647761726520616C61726D20258F
:105180006420616C726561647920636C61696D652E
:10519000640000004861726420617373657274007A
:1051A0004F7574206F66206D656D6F727900000019
:1051B00052656C6561736500626F6F74325F773240
:1051C0003571303830000000322E322E30000000B1
:1051D000706F6C6F6C755F3370695F323034305F45
:1051E000726F626F740000004465632031382032B2
:1051F00030323500666E692B00000000666E690073
:105200006E616E00666E692D000000002C206675D0
:105210006E6374696F6E3A200000000061737365FD
:105220007274696F6E2022257322206661696C6535
:10523000643A2066696C6520222573222C206C69F3
:105240006E65202564257325730A0000554152546C
:1052500020737464696E0000554152542073746465
:105260006F7574005541525420737464696E202F19
:10527000207374646F7574005553422073746469AD
:105280006E202F207374646F757400005261737008
:105290006265727279205069000000005069636F86
:1052A00000000000426F617264204344430000002C
:1052B0005265736574000000556E68616E646C65BC
:1052C000642049525120307825780A0065702025E5
:1052D0003032582077617320616C72656164792087
:1052E000617661696C61626C6500000043616E27E4
:1052F0007420636F6E74696E7565207866657220C0
:105300006F6E20696E616374697665206570202513
:10531000303258004E6F2050494F207374617465CD
:10532000206D616368696E657320617265206176C6
:1053300061696C61626C65002D000000256C6C6415
:10534000000000002C2530336C6C64004F75742015
:105350006F66206D656D6F72792100004173737502
:105360006D7074696F6E2076696F6C617465642E00
:1053700020546865726520697320616E20657665CA
:105380006E74206F6E20746865206576656E74207B
:105390007175657565207468617420697320617327
:1053A000736F63696174656420746F20616E206936
:1053B0006E616374697665206D6F64652E00000010
:1053C0005F6C665F7363686564756C655F61745F6D
:1053D00074616728293A2072657175657374656414
:1053E00020746F207363686564756C6520616E203E
:1053F0006576656E742061742074686520637572CB
:1054000072656E74206F72207061737420746167AE
:105410002E0000005F6C665F7363686564756C6581
:105420005F61745F7461673A206576656E7420749D
:10543000696D6520697320706173742074686520DC
:1054400074696D656F75742E20446973636172644D
:10545000696E67206576656E742E00005F6C665F0E
:10546000616476616E63655F74616728293A2041E3
:105470007474656D7074656420746F206D6F7665EB
:105480002028656C617073656429207461672074DD
:105490006F2028256C6C642C202564292C207768CB
:1054A000696368206973206561726C696572207434
:1054B00068616E206F7220657175616C20746F2059
:1054C0007468652028656C61707365642920637554
:1054D0007272656E74207461672C2028256C6C6470
:1054E0002C202564292E00000A436F6D6D616E64C7
:1054F0002D6C696E6520617267756D656E74733AA7
:10550000200A000020202D662C202D2D666173744A
:10551000205B74727565207C2066616C73655D002C
:105520002020205768657468657220746F20776149
:10553000697420666F7220706879736963616C208A
:1055400074696D6520746F206D61746368206C6F81
:10555000676963616C2074696D652E0A0000000044
:1055600020202D6F2C202D2D74696D656F75742092
:105570003C6475726174696F6E3E203C756E69742F
:10558000733E000020202053746F702061667465A4
:10559000722074686520737065636966696564204C
:1055A000616D6F756E74206F66206C6F67696361E3
:1055B0006C2074696D652C20776865726520756E46
:1055C00069747320617265206F6E65206F660000DC
:1055D0002020206E7365632C20757365632C206D0D
:1055E0007365632C207365632C206D696E7574651B
:1055F0002C20686F75722C206461792C207765658A
:105600006B2C206F722074686520706C7572616CF1
:1056100073206F662074686F73652E0A00000000A7
:1056200020202D6B2C202D2D6B656570616C6976AB
:10563000650000002020205768657468657220634B
:105640006F6E74696E756520657865637574696FD2
:105650006E206576656E207768656E207468657269
:105660006520617265206E6F206576656E747320AB
:10567000746F2070726F636573732E0A00000000F0
:1056800020202D772C202D2D776F726B6572732063
:105690003C6E3E002020204578656375746564206B
:1056A000696E203C6E3E2074687265616473206987
:1056B0006620706F737369626C6520286F707469FF
:1056C0006F6E616C2066656174757265292E0A00C3
:1056D00020202D692C202D2D6964203C6E3E000079
:1056E000202020546865204944206F662074686536
:1056F0002066656465726174696F6E207468617498
:1057000020746869732072656163746F72207769B1
:105710006C6C206A6F696E2E0A000000436F6D6D1D
:10572000616E6420676976656E3A0000257320001B
:105730002D2D6661737400002D2D66617374206ECB
:1057400065656473206120626F6F6C65616E2E0009
:10575000747275650000000066616C73650000007E
:10576000496E76616C69642076616C756520666F40
:1057700072202D2D666173743A202573000000009D
:105780002D2D74696D656F75740000002D74696D41
:10579000656F7574000000002D2D74696D656F755F
:1057A00074206E656564732074696D6520616E6434
:1057B00020756E6974732E00496E76616C69642081
:1057C00074696D652076616C75653A2025730000FB
:1057D0006D73656300000000757365630000000071
:1057E0006E73656300000000686F75720000000052
:1057F0007765656B00000000496E76616C69642016
:1058000074696D6520756E6974733A2025730000A4
:105810002D2D6B656570616C697665002D2D6B654E
:105820006570616C697665206E65656473206120C2
:10583000626F6F6C65616E2E00000000496E7661CC
:105840006C69642076616C756520666F72202D2D01
:105850006B656570616C6976653A202573000000A0
:105860002D2D776F726B6572730000002D2D776F91
:10587000726B657273206E6565647320616E20695A
:105880006E746567657220617267756D656E742EE2
:1058900073000000496E76616C69642076616C75F6
:1058A0006520666F72202D2D776F726B6572733A6B
:1058B0002025732E205573696E6720312E0000005D
:1058C0002D2D726F732D617267730000556E7265B6
:1058D000636F676E697A656420636F6D6D616E6476
:1058E0002D6C696E6520617267756D656E743A2006
:1058F000257300002D2D2D2D20456E762025752039
:10590000776173206E6576657220696E697469616E
:105910006C697A65640000002D2D2D2D205468657A
:1059200072652061726520257A7520756E70726FC0
:10593000636573736564206675747572652065763A
:10594000656E7473206F6E20746865206576656E71
:10595000742071756575652E000000002D2D2D2DAC
:105960002054686520666972737420667574757258
:1059700065206576656E74206861732074696D6555
:105980007374616D702028256C6C642C202564294B
:10599000206166746572207374617274207461672B
:1059A0002E0000002D2D2D2D20436C656172656445
:1059B00020257A7520756E70726F636573736564E8
:1059C000206576656E74732066726F6D20746865ED
:1059D000206576656E742071756575652E00000012
:1059E0002D2D2D2D20456C6170736564206C6F67C3
:1059F0006963616C2074696D652028696E206E731F
:105A00006563293A2025730A000000002D2D2D2DF5
:105A100020456C6170736564207068797369636197
:105A20006C2074696D652028696E206E736563292A
:105A30003A2025730A0000004F7574206F66206DB0
:105A4000656D6F72793A206661696C656420746F68
:105A5000207365747570205F6C665F746F6B656E24
:105A60005F72656379636C696E675F62696E00007F
:105A700050757474696E6720746F6B656E20257045
:105A8000206F6E207468652072656379636C696E3F
:105A9000672062696E2C20627574206974206973B6
:105AA00020616C726561647920746865726521009B
:105AB000546F6B656E206265696E672066726565FE
:105AC0006420746861742068617320616C72656120
:105AD0006479206265656E2066726565643A20258A
:105AE00070000000436F756C64206E6F7420696EE7
:105AF00073657274207265616374696F6E20696E7C
:105B0000746F207265616374696F6E5F710000006D
:105B10004661696C656420746F207265676973748F
:105B20006572207465726D696E6174696F6E20664E
:105B3000756E6374696F6E210000000066696E64A3
:105B40005F657175616C5F73616D655F7072696FC0
:105B50007269747928292063616C6C6564207769A7
:105B600074682061206E6567617469766520706F66
:105B70007320696E6465782E00000000257325731C
:105B80000A00000066656465726174655F5F00000D
:105B900046656420256420282573293A202573252D
:105BA000730A00004552524F523A20005741524E5C
:105BB000494E473A20000000464154414C2045528E
:105BC000524F523A20000000A1C881FFA6AF00004A
:105BD000494E4600696E66004E414E003031323308
:105BE00034353637383941424344454600000000D9
:105BF0003031323334353637383961626364656643
:105C000000000000286E756C6C290000496E666902
:105C10006E697479000000004E614E0042616C6C48
:105C20006F632073756363656564656400000000DD
:105C30002E2E2F2E2E2F2E2E2F2E2E2F2E2E2F2E7F
:105C40002E2F6E65776C69622F6C6962632F737497
:105C5000646C69622F64746F612E63002E2E2F2E88
:105C60002E2F2E2E2F2E2E2F2E2E2F2E2E2F6E65D8
:105C7000776C69622F6C6962632F7374646C6962FC
:105C80002F6D707265632E6300000000504F534902
:105C9000580000009C5C0110180000000F000E006E
:105CA00015000F0015000F000F000E000E000F0072
:105CB0000F0015000F0015008F00C2A00080C26009
:105CC0000240E6A0A6A04AA097004AA0000000005B
:105CD000FFFFFFFFFFFFFF7F06005250D3F075422A
:105CE000B051011006005250E182887FB851011076
:105CF00006005250ABB36053C85101100600525019
:105D0000BBFF3CB6D051011006005250861C030266
:105D1000D4500110060052505422A29DE8510110A7
:105D200005005250DE65F46874AA0110EC7700108B
:105D30009C7700109C770010E47700109C7700108F
:105D40009C7700109C7700109C7700109C770010C7
:105D50009C7700109C770010DC7700109C77001077
:105D6000D47700109C7700109C770010CC7700103F
:105D7000A07A0010027800109A7A001002780010C1
:105D8000847A001002780010027800100278001067
:105D900002780010027800100278001002780010DB
:105DA000F4770010027800100278001002780010DA
:105DB0000278001002780010F4770010287B0010A1
:105DC000567700105677001056770010567700105F
:105DD000567700105677001056770010567700104F
:105DE000567700105677001056770010567700103F
:105DF000567700105677001056770010567700102F
:105E0000567700105677001056770010567700101E
:105E1000567700105677001056770010567700100E
:105E200056770010567700105677001056770010FE
:105E3000567700105677001056770010B47A00108D
:105E4000F47A0010B47A00105677001056770010DC
:105E500056770010567700105677001056770010CE
:105E600056770010567700105677001056770010BE
:105E700056770010567700105677001056770010AE
:105E80005677001056770010C87C00105677001027
:105E9000567700105677001056770010567700108E
:105EA000567700105677001056770010567700107E
:105EB000C87C00103A7B0010C87C0010B47A001037
:105EC000F47A0010B47A0010000000000000F03FE7
:105ED00000000000000024400000000000005940C5
:105EE0000000000000408F40000000000088C34018
:105EF00000000000006AF8400000000080842E418D
:105F000000000000D01263410000000084D79741D8
:105F10000000000065CDCD410D0A00000600525082
:105F200053B4F4A164520110080052501200000052
:105F30000800525092100000000000001D8B00105D
:105F400000000000218B00102D8B0010598B0010D9
:105F5000558B0010000000000A000000000003063E
:105F6000A6000800020002009C001400030057492C
:105F70004E55534200000000000000000000800069
:105F800004000100280044006500760069006300F9
:105F9000650049006E0074006500720066006100D3
:105FA00063006500470055004900440000004E00B2
:105FB0007B00620063003700330039003800630063
:105FC00031002D0037003300630064002D003400E1
:105FD0006300620037002D0039003800620038008D
:105FE0002D00390031003300610038006600630085
:105FF000610037006200660036007D00000000008E
:10600000050F2100011C100500DF60DDD88945C7A0
:106010004C9CD2659D9E648A9F00000306A60001E9
:10602000000000000600525053B4F4A17852011051
:10603000000000008C5201109C5201101C30002006
:10604000A4520110B0520110090254000301008053
:106050007D080B0002020200000904000001020298
:106060000004052400200105240100010424020687
:10607000052406000107058103080010090401003A
:10608000020A000000070502024000000705820224
:106090004000000904020000FF0001051201100287
:1060A000EF0201408A2E0A000001010203010000F4
:1060B0003C970010A4980010F49800107C980010F1
:1060C0008E9800106C980010DC97001088970010D4
:1060D0007C9700105E9C0010449C0010149A0010E5
:1060E0007E9C0010149A00102C9C0010189C00102C
:1060F000149A0010049C00100A9B0010149A0010BF
:10610000EA9E0010DC9E0010D09E0010149A001031
:10611000149A0010BA9E0010DC9E0010149A001011
:10612000149A0010149A0010149A0010149A001077
:10613000149A0010149A0010709E00104E0E002049
:106140004E0E0020980E0020B80E0020FC0E0020FD
:106150000E0F0020440E00200000000085A4001057
:10616000F5A4001029A5001075A500101DA60010AB
:1061700005A70010000000000000000005A80010A6
:1061800061A800107DA80010A5A80010BD8B00100C
:10619000CDA9001000000000FFFFFFFFFFFFFF7F01
:1061A000FFFFFFFF00000000FFFFFFFFFFFFFF7F7B
:1061B000FFFFFFFF00000000FFFFFFFFFFFFFF7F6B
:1061C000FFFFFFFF000000003333CCCC3333CCCCD7
:1061D0003333CCCC3333CCCCA810000062010000A8
:1061E0000002000008080800200000002100000054
:1061F0002200000023000000240000002500000011
:1062000026000000270000002800000029000000F0
:106210002A0000002B0000002C0000002D000000D0
:106220002E0000002F0000003000000031000000B0
:106230003200000033000000340000003500000090
:106240003600000037000000380000003900000070
:106250003A0000003B0000003C0000003D00000050
:106260003E0000003F000000400000004100000030
:106270004200000043000000440000004500000010
:1062800046000000470000004800000049000000F0
:106290004A0000004B0000004C0000004D000000D0
:1062A0004E0000004F0000005000000051000000B0
:1062B0005200000053000000540000005500000090
:1062C0005600000057000000580000005900000070
:1062D0005A0000005B0000005C0000005D00000050
:1062E0005E0000005F000000600000006100000030
:1062F0006200000063000000640000006500000010
:1063000066000000670000006800000069000000EF
:106310006A0000006B0000006C0000006D000000CF
:106320006E0000006F0000007000000071000000AF
:10633000720000007300000074000000750000008F
:10634000760000007700000078000000790000006F
:106350007A0000007B0000007C0000007D0000004F
:106360007E000000A0000000A1000000A2000000CC
:10637000A3000000A4000000A5000000A60000008B
:10638000A7000000A8000000A9000000AA0000006B
:10639000AB000000AC000000AD000000AE0000004B
:1063A000AF000000B0000000B1000000B20000002B
:1063B000B3000000B4000000B5000000B60000000B
:1063C000B7000000B8000000B9000000BA000000EB
:1063D000BB000000BC000000BD000000BE000000CB
:1063E000BF000000C0000000C1000000C2000000AB
:1063F000C3000000C4000000C5000000C60000008B
:10640000C7000000C8000000C9000000CA0000006A
:10641000CB000000CC000000CD000000CE0000004A
:10642000CF000000D0000000D1000000D20000002A
:10643000D3000000D4000000D5000000D60000000A
:10644000D7000000D8000000D9000000DA000000EA
:10645000DB000000DC000000DD000000DE000000CA
:10646000DF000000E0000000E1000000E2000000AA
:10647000E3000000E4000000E5000000E60000008A
:10648000E7000000E8000000E9000000EA0000006A
:10649000EB000000EC000000ED000000EE0000004A
:1064A000EF000000F0000000F1000000F20000002A
:1064B000F3000000F4000000F5000000F60000000A
:1064C000F7000000F8000000F9000000FA000000EA
:1064D000FB000000FC000000FD000000FE000000CA
:1064E00000010000010100000201000003010000A2
:1064F0000401000005010000060100000701000082
:1065000008010000090100000A0100000B01000061
:106510000C0100000D0100000E0100000F01000041
:106520001001000011010000120100001301000021
:106530001401000015010000160100001701000001
:1065400018010000190100001A0100001B010000E1
:106550001C0100001D0100001E0100001F010000C1
:1065600020010000210100002201000023010000A1
:106570002401000025010000260100002701000081
:1065800028010000290100002A0100002B01000061
:106590002C0100002D0100002E0100002F01000041
:1065A0003001000031010000320100003301000021
:1065B0003401000035010000360100003701000001
:1065C00038010000390100003A0100003B010000E1
:1065D0003C0100003D0100003E0100003F010000C1
:1065E00040010000410100004201000043010000A1
:1065F0004401000045010000460100004701000081
:1066000048010000490100004A0100004B01000060
:106610004C0100004D0100004E0100004F01000040
:106620005001000051010000520100005301000020
:106630005401000055010000560100005701000000
:1066400058010000590100005A0100005B010000E0
:106650005C0100005D0100005E0100005F010000C0
:1066600060010000610100006201000063010000A0
:106670006401000065010000660100006701000080
:1066800068010000690100006A0100006B01000060
:106690006C0100006D0100006E0100006F01000040
:1066A0007001000071010000720100007301000020
:1066B0007401000075010000760100007701000000
:1066C00078010000790100007A0100007B010000E0
:1066D0007C0100007D0100007E01000094030000A9
:1066E00098030000A9030000B8030000BC030000E9
:1066F000C00300002620000090210000912100002E
:106700009221000093210000122200001A220000B2
:106710001E2200006422000065220000A025000067
:10672000A1250000B2250000B3250000B625000019
:10673000B7250000BC250000BD250000C0250000D5
:10674000C1250000CB250000CF2500000626000053
:106750001026000011260000392600003A2600000D
:106760003B26000061260000652600006C26000024
:1067700000000000000000000000005F5F0000005B
:106780000007070000070700147F7F147F7F1400B5
:1067900000242E6B6B3A1200466630180C666200BD
:1067A000307A4F5D377A480000000407030000008C
:1067B00000001C3E63410000000041633E1C0000DD
:1067C000082A3E1C1C3E2A080008083E3E08080015
:1067D000000080E0600000000008080808080800C9
:1067E0000000006060000000406030180C060301EB
:1067F000003E7F49457F3E000040427F7F40400091
:10680000006273594D47420000226349497F3600B8
:10681000181C16137F7F100000276745457D39003F
:10682000003C7E4B4979300000010171790F07006F
:1068300000367F49497F360000064F49693F1E00F8
:106840000000006666000000000080E666000000B0
:1068500000081C36634100000014141414141400C2
:10686000004163361C08000000020351590F060066
:106870003E7F415D5D5F1E00007C7E13137E7C00C9
:10688000007F7F49497F3600003E7F4141632200FF
:10689000007F7F41633E1C00007F7F4949494100E2
:1068A000007F7F0909090100003E7F41497B7A0092
:1068B000007F7F08087F7F000041417F7F414100CA
:1068C00000206040407F3F007F7F081C366341000E
:1068D000007F7F40404040007F7F060C067F7F00A6
:1068E0007F7F060C187F7F00003E7F41417F3E0086
:1068F000007F7F09090F0600003E7F41217F5E0077
:10690000007F7F09197F660000266F49497B3200AE
:106910000001017F7F010100003F7F40407F3F0079
:10692000001F3F60603F1F007F7F3018307F7F0077
:106930004163361C1C3663410103067C7C0603015F
:10694000006171594D47430000007F7F41410000C5
:106950000103060C18306040000041417F7F0000B9
:10696000080C0603060C08008080808080808080F0
:10697000000000010306040000207454547C7800D9
:10698000007F7F44447C380000387C44444400004D
:1069900000387C44447F7F0000387C54545C1800ED
:1069A00000047E7F050500000098BCA4A4FC7C00C8
:1069B000007F7F04047C78000000047D7D4040005F
:1069C00000808080FD7D0000007F7F10386C4400D7
:1069D0000000017F7F4040007C7C08380C7C780000
:1069E000007C7C04047C780000387C44447C3800C3
:1069F00000FCFC24243C180000183C2424FCFC006F
:106A0000007C7C04040C080000485C54547424008E
:106A100000043F7F44444400003C7C40407C7C00B8
:106A2000001C3C60603C1C001C7C6030607C1C00D6
:106A3000446C3810386C4400001CBCA0A0FC7C00E6
:106A4000004464745C4C44000008083E77414100F7
:106A50000000007F7F000000004141773E080800F1
:106A60000203010302030100000000000000000017
:106A70000000007D7D000000183C247E7E24240060
:106A8000487E7F494362200000151F0A0A1F150037
:106A90000103167C7C1603010000007777000000DC
:106AA000001ABFA5A5FD580000010100000101006A
:106AB0007E8199BDA5A5817E00262F292F2F280034
:106AC000081C3622081C362200020202020E0E00AA
:106AD00000000808080800007E81BD9595A9817E08
:106AE0000001010101010100000207050507020084
:106AF0000044445F5F44440000191D171200000069
:106B0000001111151F0A0000000004060301000017
:106B100080FC7C20203C1C0000060F7F7F017F0052
:106B2000000000080800000000000080C000000015
:106B300000021F1F0000000000262F292F26000042
:106B400022361C0822361C08426F30186C56FA4058
:106B5000426F3018CCEEBA9051753E186C56FA4020
:106B60000030784D4560200000797D15147C780058
:106B700000787C14157D790000727A29297A7200D8
:106B80000273792B2A7B710000797D14147D7900C2
:106B90000070782B2B7870007C7E0B097F7F494139
:106BA000003E7FC1C16322007C7D555554444400A2
:106BB0007C7C545455454500787A5A59494A4A00D4
:106BC0007C7D5554544545000045457D7C4444003A
:106BD0000044447C7D454500004A4A79794A4A0090
:106BE0000045457C7C454500087F7F49633E1C008D
:106BF0007A7B1133227B7900387D4545447C38000F
:106C0000387C4444457D3900307A4A49497A32001B
:106C1000327B494B4A7B3100387D4544447D390005
:106C200022361C081C362200007E7F594D7F3F0013
:106C30003C7D4141407C3C003C7C4040417D3D00EE
:106C4000387A4241417A3A003C7D4140407D3D00E6
:106C5000000C1C70711D0D007F7F1414141C0800A3
:106C6000007E7F01497F360000217555547C7800F5
:106C700000207454557D790020725A49497A7A006F
:106C80002273594B4A7B790000217554547D790059
:106C90002070584B4B7878002074547C3C545C58DE
:106CA00000387CC4C444000000397D55545C180091
:106CB00000387C54555D190000327A59595A120037
:106CC00000397D54545D19000001457D7C40000071
:106CD0000000447C7D41010000024A7979420200B3
:106CE0000001457C7C41010030784A4A7F3F020028
:106CF000027B790B0A7B710000397D45447C3800AA
:106D000000387C44457D390000327A49497A3200A6
:106D10000233794B4A7B310000397D44447D390090
:106D20000008086B6B080800B87C64544C7C3A007F
:106D3000003D7D41407C7C00003C7C40417D7D00ED
:106D4000003A7A41417A7A00003D7D40407D7D00E5
:106D5000001CBCA0A1FD7D0000FFFF24243C180006
:106D600000797D15157D790000217555557D7900D7
:106D700001737A2A2A7B710021735A4A4A7B79006F
:106D8000007C7E1393FEFC0000207454D4FCF800B9
:106D9000387C44444545450000387C444545010065
:106DA000307A4A49494A4A0000327A49494A02003F
:106DB000387C44454544440000387C454544000047
:106DC0003079494A4A4949000031794A4A49010023
:106DD0000079794A4A793100387C447F7F0003008A
:106DE000087F7F49633E1C000030784A4A7F7F025B
:106DF0007C7D55555545450000397D55555D19003B
:106E0000797B5A5A4A4B490001337A5A5A5B11002E
:106E10007C7C54555544440000387C55555C180022
:106E2000007F7F49C9C9C10000387C54D4DC980078
:106E30007879595A4A4949000031795A5A5911000A
:106E400000327A49496A6A000092BAA9A9FA7A001E
:106E500001337A4A4A6B69000193BAAAAAFB790006
:106E600000387C45557474000098BCA5A5FC7C00D6
:106E700000BEFFC1497B7A000090B8ABAAF8780049
:106E8000007A7A11117A7A007F7F080A09797200F4
:106E9000027F7F0A0A7F7F02007F7F0A0A787000E4
:106EA000024B497B7A4B49000203497B7A4301003C
:106EB0000045457D7D4545000001457D7D41010042
:106EC000014B4A7A7A4B490001034A7A7A4301001E
:106ED0000041417FFFC1C1000000047DFDC0C00032
:106EE0000044447D7D4444000000447C7C4000001C
:106EF0007F7F0020407F3F00007D7D0080FD7D0082
:106F000040424241417A3A0000828281F97A02008D
:106F10007F7F089CF6634100007F7F90F86C4400FF
:106F2000007C7C10386C4400007C7C404141410076
:106F30000000447C7D414100007F7FC0C040400094
:106F40000080C1FF7F400000007F7F40424341003E
:106F5000417F7F4002030100007F7F40484840009E
:106F60000000447C7D41410010187F7F4C4440006C
:106F70000011197F7F4C44007C7C1830617D7D00BE
:106F8000007C7C04057D79007F7F068CD87F7F00A4
:106F9000007C7C84C47C7800787911322279790075
:106FA0000079790A0A7971000C007C7C047C7800F5
:106FB0007F7F0181C17F3E00007C7C0484FC7800DF
:106FC000387D4545457D390000397D45457D390091
:106FD000317B4A4A4A7B310001337A4A4A7B31008D
:106FE000327B49484A7B3100023379484A7B310081
:106FF0003E7F41417F7F4900387C44783C545800B3
:10700000007C7C14157D6900007C7C04050D090062
:107010007F7F89C9197F660000FCFC84040C08008E
:107020000079792A2A7951000079790A0A19110020
:10703000484C54545575250000485C54557525003E
:10704000484E565555762600004A5E555576260020
:1070500000266FC9C97B320000485CD4D474240078
:107060005059597A6A6929000051597A7A69290078
:10707000000181FFFF0101000084BFFF44440000C4
:107080000005057E7E050500083E7E484A03010096
:107090000001097F7F09010000143F7F5444000074
:1070A0003A7B4143427B3900023B7943427B790082
:1070B0003C7D4141417D3D00003D7D41417D7D0064
:1070C000397B4242427B3900013B7A42427B790064
:1070D0003878404343783800003878434378780064
:1070E0003A7B4140427B3900023B7940427B790048
:1070F000003F7F40C0FFBF00003C7C40C0FCFC0064
:10710000787A2231217A7A00187A6231617A1A000B
:10711000000A1A71711A0A00001ABAA1A1FA7A00BB
:10712000000D1D70701D0D00446474545D4D4500CC
:10713000004464745D4D4500446474555D4C4400E6
:10714000004464755D4C44000049696A5A5949001D
:107150000049696A5A594900787C4643467C780060
:107160003E7F4949497F3E005E7F6101617F5E004D
:10717000003E7F49497F3E00FCFC40403C7C400093
:10718000047C7C04047C7C046000006000006000DF
:1071900000183C7E18181818000406FFFF060400AB
:1071A000181818187E3C1800002060FFFF602000AF
:1071B000000808080808080018306030180C06039A
:1071C000183C241C38243C180040444E5B514000BD
:1071D0000040515B4E444000007E7E7E7E7E7E00FD
:1071E000007E7E42427E7E00C0F0FCFFFFFCF0C0CD
:1071F000E0F89C87879CF8E0FFFF7E7E3C3C1818F7
:107200007F7F2236141C0808030F3FFFFF3F0F0348
:10721000071F39E1E1391F0718183C3C7E7EFFFF4C
:1072200008081C1436227F7F003C664242663C0000
:10723000003C7E7E7E7E3C00482834163428480080
:107240007F41414141417F007F4149514D437F0092
:107250007E81A59191A5817E7E8195B1B195817E3A
:107260007EFFEBCFCFEBFF7E0E1F3362331F0E008E
:107270000E1F3F7E3F1F0E00C0FF7F0505657F3F4D
:10728000B81B00006201000000020000100810009E
:107290002000000021000000220000002300000068
:1072A0002400000025000000260000002700000048
:1072B00028000000290000002A0000002B00000028
:1072C0002C0000002D0000002E0000002F00000008
:1072D00030000000310000003200000033000000E8
:1072E00034000000350000003600000037000000C8
:1072F00038000000390000003A0000003B000000A8
:107300003C0000003D0000003E0000003F00000087
:107310004000000041000000420000004300000067
:107320004400000045000000460000004700000047
:1073300048000000490000004A0000004B00000027
:107340004C0000004D0000004E0000004F00000007
:1073500050000000510000005200000053000000E7
:1073600054000000550000005600000057000000C7
:1073700058000000590000005A0000005B000000A7
:107380005C0000005D0000005E0000005F00000087
:107390006000000061000000620000006300000067
:1073A0006400000065000000660000006700000047
:1073B00068000000690000006A0000006B00000027
:1073C0006C0000006D0000006E0000006F00000007
:1073D00070000000710000007200000073000000E7
:1073E00074000000750000007600000077000000C7
:1073F00078000000790000007A0000007B000000A7
:107400007C0000007D0000007E000000A000000065
:10741000A1000000A2000000A3000000A4000000E2
:10742000A5000000A6000000A7000000A8000000C2
:10743000A9000000AA000000AB000000AC000000A2
:10744000AD000000AE000000AF000000B000000082
:10745000B1000000B2000000B3000000B400000062
:10746000B5000000B6000000B7000000B800000042
:10747000B9000000BA000000BB000000BC00000022
:10748000BD000000BE000000BF000000C000000002
:10749000C1000000C2000000C3000000C4000000E2
:1074A000C5000000C6000000C7000000C8000000C2
:1074B000C9000000CA000000CB000000CC000000A2
:1074C000CD000000CE000000CF000000D000000082
:1074D000D1000000D2000000D3000000D400000062
:1074E000D5000000D6000000D7000000D800000042
:1074F000D9000000DA000000DB000000DC00000022
:10750000DD000000DE000000DF000000E000000001
:10751000E1000000E2000000E3000000E4000000E1
:10752000E5000000E6000000E7000000E8000000C1
:10753000E9000000EA000000EB000000EC000000A1
:10754000ED000000EE000000EF000000F000000081
:10755000F1000000F2000000F3000000F400000061
:10756000F5000000F6000000F7000000F800000041
:10757000F9000000FA000000FB000000FC00000021
:10758000FD000000FE0000000001000001010000FD
:1075900002010000030100000401000005010000D9
:1075A00006010000070100000801000009010000B9
:1075B0000A0100000B0100000C0100000D01000099
:1075C0000E0100000F010000100100001101000079
:1075D0001201000013010000140100001501000059
:1075E0001601000017010000180100001901000039
:1075F0001A0100001B0100001C0100001D01000019
:107600001E0100001F0100002001000021010000F8
:1076100022010000230100002401000025010000D8
:1076200026010000270100002801000029010000B8
:107630002A0100002B0100002C0100002D01000098
:107640002E0100002F010000300100003101000078
:107650003201000033010000340100003501000058
:107660003601000037010000380100003901000038
:107670003A0100003B0100003C0100003D01000018
:107680003E0100003F0100004001000041010000F8
:1076900042010000430100004401000045010000D8
:1076A00046010000470100004801000049010000B8
:1076B0004A0100004B0100004C0100004D01000098
:1076C0004E0100004F010000500100005101000078
:1076D0005201000053010000540100005501000058
:1076E0005601000057010000580100005901000038
:1076F0005A0100005B0100005C0100005D01000018
:107700005E0100005F0100006001000061010000F7
:1077100062010000630100006401000065010000D7
:1077200066010000670100006801000069010000B7
:107730006A0100006B0100006C0100006D01000097
:107740006E0100006F010000700100007101000077
:107750007201000073010000740100007501000057
:107760007601000077010000780100007901000037
:107770007A0100007B0100007C0100007D01000017
:107780007E0100009403000098030000A90300009C
:10779000B8030000BC030000C00300002620000066
:1077A000902100009121000092210000932100000F
:1077B000122200001A2200001E2200006422000093
:1077C00065220000A0250000A1250000B2250000D0
:1077D000B3250000B6250000B7250000BC25000039
:1077E000BD250000C0250000C1250000CB250000FC
:1077F000CF250000062600001026000011260000FC
:10780000392600003A2600003B26000061260000D1
:10781000652600006C26000000000000000000004B
:107820000000000000000000000000FEFE0000005C
:107830000000001919000000000E0E00000E0E00DE
:10784000000000000000000020FCFC20FCFC2000E8
:10785000021F1F021F1F0200003078CE8E1810007A
:1078600000040C38390F0600383800C0F03C0C001A
:10787000303C0F03001C1C000098FCE4BC18800086
:107880000F1F10110F1F11000000101E0E0000002E
:1078900000000000000000000000F0FC0E020000EC
:1078A0000000071F382000000000020EFCF000005E
:1078B000000020381F07000080B0F0C0C0F0B0808A
:1078C0000006070101070600008080F0F0808000BC
:1078D000000000070700000000000000000000009A
:1078E0000040643C1C00000000808080808080009C
:1078F0000000000000000000000000000000000088
:107900000000001C1C000000000000C0F03C0F0341
:10791000303C0F0300000000F0F80C844CF8F0003D
:10792000070F1910180F0700001018FCFC000000CA
:107930000010101F1F10100000181C0484FC780099
:10794000001C1E131110100000181C8484FC780009
:10795000000C1C10101F0F00C0E03018FCFC0000D1
:10796000010101011F1F0100007C7C4444C484000C
:10797000000C1C10101F0F0000F0F84C44C48000D5
:10798000000F1F10101F0F0000040404C4FC3C0073
:107990000000001F1F0000000078FCC484FC780079
:1079A000000F1F10111F0F000078FC8484FCF800EA
:1079B00000001010180F0700000000383800000009
:1079C0000000001C1C00000000000038380000000F
:1079D0000040643C1C0000000080C06030180800BB
:1079E00000000103060C08000020202020202000B9
:1079F00000020202020202000008183060C080008B
:107A000000080C0603010000000C0EC2E23E1C0040
:107A10000000001919000000F8FC04C4C4FCF800C0
:107A20000F1F10131313010000F0F88C8CF8F000F6
:107A3000001F1F00001F1F0000FCFC84C47C3800D6
:107A4000001F1F10111F0E0000F8FC04041C18007A
:107A5000000F1F10101C0C0000FCFC040CF8F000C0
:107A6000001F1F10180F070000FCFC848484040012
:107A7000001F1F101010100000FCFC4444440400C0
:107A8000001F1F000000000000F8FC04849C980008
:107A9000000F1F10101F1F0000FCFC8080FCFC006A
:107AA000001F1F00001F1F00000404FCFC04040052
:107AB0000010101F1F1010000000000000FCFC0050
:107AC000000C1C10101F0F00FCFC80C0703C0C0050
:107AD0001F1F0001071E180000FCFC000000000032
:107AE000001F1F1010101000FCFC38E038FCFC00D8
:107AF0001F1F0000001F1F00FCFCF0C080FCFC00EA
:107B00001F1F0001071F1F0000F8FC0404FCF80001
:107B1000000F1F10101F0F0000FCFC8484FC780075
:107B2000001F1F000000000000F8FC0404FCF80027
:107B3000000F1F10307F4F0000FCFC8484FC780095
:107B4000001F1F00011F1E0000387CC4841C180089
:107B5000000C1C10111F0E00000404FCFC040400A7
:107B60000000001F1F00000000FCFC0000FCFC00E7
:107B7000000F1F10101F0F0000FCFC0000FCFC0099
:107B80000001071E1E070100FCFC008000FCFC0039
:107B90001F1F0E030E1F1F000C1C30E0E0301C0CDA
:107BA000181C060303061C180C3C70C0C0703C0C6B
:107BB0000000001F1F00000000040484E47C1C007F
:107BC000001C1F13101010000000FEFE0202000037
:107BD00000003F3F20200000030F3CF0C0000000E9
:107BE00000000000030F3C3000000202FEFE000017
:107BF000000020203F3F000060781C061C786000D9
:107C00000000000000000000000000000000000074
:107C10008080808080808080000000060E18100028
:107C200000000000000000000000404040C0800054
:107C3000000E1F11111F1F0000FCFC4040C08000FF
:107C4000001F1F10101F0F000080C04040C08000A8
:107C5000000F1F10101808000080C04040FCFC00FE
:107C6000000F1F10101F1F000080C04040C0800088
:107C7000000F1F12121303000040F8FC444444009C
:107C800000001F1F000000000080C04040C0C00076
:107C9000008F9F9090FF7F0000FCFC4040C0800060
:107CA000001F1F00001F1F00004040CCCC00000040
:107CB0000000001F1F10100000000000CCCC0000CE
:107CC00000808080FF7F000000FCFC0000C0C0003E
:107CD000001F1F02071D1800000404FCFC00000028
:107CE0000000001F1F101000C0C08080C0C08000B6
:107CF0001F1F000F001F1F0000C0C04040C08000B9
:107D0000001F1F00001F1F000080C04040C08000F7
:107D1000000F1F10101F0F0000C0C04040C08000A7
:107D200000FFFF10101F0F000080C04040C0C000C7
:107D3000000F1F1010FFFF0000C0C04040C08000B7
:107D4000001F1F00000101000080C04040404000B3
:107D500000111312121E0C000040F8F840404000C1
:107D600000000F1F1010100000C0C00000C0C000B5
:107D7000000F1F10101F1F0000C0C00000C0C00077
:107D800000070F18180F0700C0C0000000C0C00097
:107D9000071F180F181F0700C0C0000000C0C00058
:107DA000181D0702071D180000C0C00000C0C00059
:107DB000000F9F9090FF7F000040404040C0C000F7
:107DC00000181C1613111000808080FC7E02020037
:107DD0000000001F3F202000000000FFFF00000007
:107DE0000000003F3F00000002027EFC8080800017
:107DF00020203F1F000000000C06020E080C0600A9
:107E00000000000000000000000000000000000072
:107E10000000000000000000000000E6E600000096
:107E20000000001F1F00000000E0F01E1E302000B8
:107E30000001031E1E03010080F8FC841C180000D2
:107E4000101F1F10101C0C000074FC8888FC7400AC
:107E500000010100000101000C3C70C0C0703C0C2E
:107E60000005051F1F0505000000003F3F00000042
:107E70000000003F3F00000000CCFE3262C68400DC
:107E800000103123263F1900000303000003030004
:107E90000000000000000000F008C4E4242408F002
:107EA00007081113121208070060F29292FEFC00FC
:107EB000000202020202020080C0602080C0602036
:107EC00000010302000103024040404040C0C000E6
:107ED0000000000000070700000080808080000094
:107EE0000000000000000000F008E4A4A44408F032
:107EF0000708131010130807000101010101010018
:107F00000000000000000000000C1E12121E0C00F9
:107F10000000000000000000008080F0F080800081
:107F2000001010171710100000C4E6B29E8C00005D
:107F300000000000000000000044D692FE6C00002B
:107F400000000000000000000000303C0F030000B3
:107F5000000000000000000000C0C00000C0C00021
:107F600080FF7F10101F0F000078FCFCFC04FC0059
:107F70000000001F1F001F000000008080000000A4
:107F800000000000000000000000000000000000F1
:107F900000000080A0E040000004FEFE00000000A1
:107FA00000000000000000000070F88888F87000F1
:107FB00000020202020202002060C0802060C08035
:107FC0000203010002030100043E00C0F03C0C006B
:107FD000303C0F0330287C20043E00C0F03C0C00F5
:107FE000303C0F0364544800222A1CC0F03C0C00B3
:107FF000303C0F0330287C200000C0E62600000043
:10800000000F1F10101C0C0000E0F11B1AF0E00024
:10801000001F1F01011F1F0000E0F01A1BF1E0000C
:10802000001F1F01011F1F0000E2F21919F2E200F8
:10803000001F1F01011F1F0002E3F11B1AF3E100E3
:10804000001F1F01011F1F0000E3F31818F3E300D6
:10805000001F1F01011F1F0000C2E73535E7C200E6
:10806000001F1F01011F1F00F0F89C9CFCFC8404F2
:108070001F1F00001F1F101000F8FC04041C180034
:10808000000F1F90B0FC4C0000F8F98B8A880800A4
:10809000001F1F101010100000F8F88A8B890800CC
:1080A000001F1F101010100000FAFA89898A0A00B8
:1080B000001F1F101010100000FBFB88888B0B00A6
:1080C000001F1F1010101000000809FBFA0808001C
:1080D0000010101F1F101000000808FAFB0908000C
:1080E0000010101F1F101000000A0AF9F90A0A00F8
:1080F0000010101F1F101000000B0BF8F80B0B00E6
:108100000010101F1F10100080FCFC840CF8F00001
:10811000001F1F10180F0700FAFB61C382FBF90054
:108120001F1F0000011F1F0000F0F90B0AF8F000EC
:10813000000F1F10101F0F0000F0F80A0BF9F000DD
:10814000000F1F10101F0F0000F2FA0909FAF200C9
:10815000000F1F10101F0F0002F3F90B0AFBF100B4
:10816000000F1F10101F0F0000F3FB0808FBF300A7
:10817000000F1F10101F0F003060C080C060300063
:10818000060301000103060000F8FC84F4FCFC0077
:10819000001F1F17101F0F0000F8F90302F8F80066
:1081A000000F1F10101F0F0000F8F80203F9F8006D
:1081B000000F1F10101F0F0000FAFA0101FAFA0059
:1081C000000F1F10101F0F0000FBFB0000FBFB0047
:1081D000000F1F10101F0F000078F88283F978003D
:1081E0000000001F1F000000FCFC101010F0E00059
:1081F0001F1F040404070300F8FC0444FCB800003B
:108200001F1F0000101F0F000000444C48C08000DA
:10821000000E1F11111F1F00000040484CC48000B9
:10822000000E1F11111F1F0000084C4646CC88008D
:10823000000E1F11111F1F00080C444C48CC840075
:10824000000E1F11111F1F00000C4C4040CC8C0071
:10825000000E1F11111F1F0000085C5454DC880021
:10826000000E1F11111F1F00004040C0C040C08001
:108270000C1E121F0F1213130080C04040C080005C
:10828000000F1F90B0F848000080C44C48C0800028
:10829000000F1F12121303000080C0484CC480005E
:1082A000000F1F12121303000088CC4646CC880032
:1082B000000F1F1212130300008CCC4040CC8C0026
:1082C000000F1F1212130300000044CCC80000006E
:1082D0000000101F1F100000000040C8CC04000068
:1082E0000000101F1F10000000084CC6C60C08003C
:1082F0000000101F1F100000000C4CC0C00C0C0030
:108300000000101F1F1000000080D25E4CFEF20023
:10831000000F1F10101F0F0008CCC44C48CC840065
:10832000001F1F00001F1F000080C44C48C08000B9
:10833000000F1F10101F0F000080C0484CC48000A9
:10834000000F1F10101F0F000088CC4646CC88007D
:10835000000F1F10101F0F00088CC44C48CC840065
:10836000000F1F10101F0F00008CCC4040CC8C0061
:10837000000F1F10101F0F00008080B0B080800021
:1083800000000006060000000080C04040C08040A1
:10839000100F1F16131F0F0000C0C40C08C0C00030
:1083A000000F1F10101F1F0000C0C0080CC4C00029
:1083B000000F1F10101F1F0000C8CC0606CCC800FD
:1083C000000F1F10101F1F0000CCCC0000CCCC00F1
:1083D000000F1F10101F1F0000C0C0080CC4C000F9
:1083E000000F9F9090FF7F0000F8F84040C0800091
:1083F00000FFFF10101F0F0000F1F98D8DF9F10043
:10840000001F1F00001F1F000008484848C88800C0
:10841000000E1F11111F1F0000E1F31A1AF3E100F3
:10842000001F1F01011F1F0000044C4848CC84009E
:10843000000E1F11111F1F0000F0F88C8CF8F000C7
:10844000001F1F40E0BF9F000000404040C0800070
:10845000000E1F51F1BF9F0000F0F80A0B393000E9
:10846000000F1F10101C0C000080C0484CC480007E
:10847000000F1F101018080000F2FA09093A320024
:10848000000F1F10101C0C000088CC4646CC880042
:10849000000F1F101018080000F0F80B0B38300008
:1084A000000F1F10101C0C000080C04C4CC080003E
:1084B000000F1F101018080000F1F90A0A393100E6
:1084C000000F1F10101C0C000082C64C4CC682000E
:1084D000000F1F101018080000F9F90A1AF1E10046
:1084E000001F1F10180F070080C040FCFC001C007C
:1084F0000F1F101F1F00000080FCFC840CF8F00010
:10850000001F1F10180F07000080C04848FCFC081F
:10851000000F1F10101F1F0000FDFD858585050041
:10852000001F1F10101010000088C84848C888009D
:10853000000F1F121213030000F9FB8A8A8B090037
:10854000001F1F10101010000084CC4848CC84007D
:10855000000F1F121213030000F8F88B8B8808001D
:10856000001F1F10101010000080C04C4CC0800075
:10857000000F1F121213030000FCFC84848404000B
:10858000001F1F50F0B090000080C04040C080002D
:10859000000F1F52F2B3830000F9F98A8A8909009B
:1085A000001F1F10101010000082C64C4CC6820025
:1085B000000F1F121213030000F2FA09093A3200E9
:1085C000000F1F10111F1F000088CC4646CCC800AA
:1085D000008F9F9090FF7F0000F1FB0A0A3B310063
:1085E000000F1F10111F1F000084CC4848CCC4008E
:1085F000008F9F9090FF7F0000F0F80B0B38300049
:10860000000F1F10111F1F000080C04C4CC0C00085
:10861000008F9F9090FF7F0000F8FC04043C38001E
:10862000000F9FD0511F1F0000C0E02C2EE2E00081
:10863000000F9F9090FF7F0000FAFA8181FAFA0004
:10864000001F1F00001F1F0000F4F60303060400B4
:10865000001F1F01011F1E0020FCFCA0A0FCFC202D
:10866000001F1F00001F1F0000FEFE1414F0E0009A
:10867000001F1F00001F1F00020B09FBFA0B09005F
:108680000010101F1F101000080C44CCC80C040070
:108690000000101F1F100000000505FDFD0505006E
:1086A0000010101F1F101000000848C8C80808005C
:1086B0000000101F1F10000000090BFAFA0B090040
:1086C0000010101F1F10100000044CC8C80C04003C
:1086D0000000101F1F100000000404FCFC04040034
:1086E0000010105FFFB09000004040CCCC000000B4
:1086F0000000005FFFB09000000808FBFB080800C6
:108700000010101F1F101000000040C0C00000002B
:108710000000101F1F100000FCFC000000FCFC000B
:108720001F1F0008101F0F0000CCCC0000CCCC0095
:10873000001F5F40407F3F000002020101FAFA0083
:10874000000C1C10101F0F0000080C06C6CC0800FF
:1087500000808080FF7F0000FCFC80C0703C0C002B
:108760001F1F0081A7FE580000FCFC0000C0C000D5
:10877000001F1F82A7FD580000C0C00000C0C0003D
:10878000001F1F02071D180000F8F8020301000077
:10879000001F1F1010101000000808FAFB01000055
:1087A0000000001F1F10100000FCFC000000000073
:1087B000001F1F90B0F05000000404FCFC000000FB
:1087C000001090DF5F10100000FCFC00002C1C006B
:1087D000001F1F10101010000404FCFC002C1C00D3
:1087E00010101F1F1010000000FCFC000060600053
:1087F000001F1F1010101000000808FAFB010000F5
:108800000000001F1F1010000080FCFCC060000072
:1088100003011F1F10101000000484FCFCC0600046
:108820000003011F1F101000F8F860C283F9F80060
:108830001F1F0000011F1F0000C0C0484CC4800063
:10884000001F1F00001F1F00FCFCF0C080FCFC008C
:108850001F1F0081A7FF5F0000C0C04040C0800014
:10886000001F1F80A0FF5F00F8F961C282F9F900C4
:108870001F1F0000011F1F0000C2C64C4CC6820013
:10888000001F1F00001F1F005C3CE0E020E0C00054
:1088900000001F1F001F1F00F8F8080808F8F0006C
:1088A0001F1F808080FF7F0000C0C04040C080004C
:1088B000001F9F8080FF7F0000F9FD0505FDF90086
:1088C000000F1F10101F0F000088C84848C88800FC
:1088D000000F1F10101F0F0000F1FB0A0AFBF10030
:1088E000000F1F10101F0F000084CC4848CC8400DC
:1088F000000F1F10101F0F0002F3F9080AFBF10010
:10890000000F1F10101F0F00088CC44048CC8400BB
:10891000000F1F10101F0F00F8FC0404FCFC840063
:108920000F1F10101F1F100080C040C0C040C0802B
:108930000F1F101F0F12131300F8F88A8BF9700025
:10894000001F1F00011F1E0000C0C0484CC4800053
:10895000001F1F000001010000FCFC8484FC780063
:10896000001F9FC0411F1E0000C0C00080C0C0008B
:10897000009FDF410000000000F9F98A8AF97100C8
:10898000001F1F00011F1E0000C2C64C4CC6820003
:10899000001F1F0000010100003078CA8B39300031
:1089A000000C1C10111F0E000080C0484C444000F9
:1089B00000111312121E0C0000327AC9893A3200DB
:1089C000000C1C10111F0E000088CC46464C4800BD
:1089D00000111312121E0C0000387CC4841C1800F5
:1089E000000C1C90B1FF4E000080C0404040400091
:1089F00000111392B2FE4C00003179CA8A3931005D
:108A0000000C1C10111F0E000082C64C4C46420088
:108A100000111312121E0C00000404FCFC040400DC
:108A2000000080BFFF4000000020FCFC2020200050
:108A300000008FBFF0501000000909FAFA09090080
:108A40000000001F1F00000020FCFC202000583800
:108A5000000F1F1010000000000484FCFC840400C0
:108A60000000001F1F00000000A0FCFCA0A02000D0
:108A700000000F1F1010100002FBF90302FBF900A9
:108A8000000F1F10101F0F0008CCC40C08CCC4002E
:108A9000000F1F10101F1F0000FDFD0101FDFD0054
:108AA000000F1F10101F0F0000C8C80808C8C8001A
:108AB000000F1F10101F1F0000F9FB0202FBF9003E
:108AC000000F1F10101F0F0000C4CC0808CCC400FA
:108AD000000F1F10101F1F0000F2F70505F7F2002E
:108AE000000F1F10101F0F0000C8DC1414DCC8009A
:108AF000000F1F10101F1F0002FBF90002FBF900FE
:108B0000000F1F10101F0F0008CCC40008CCC400B9
:108B1000000F1F10101F1F0000FCFC0000FCFC00D9
:108B2000000F1F50F0BF8F0000C0C00000C0C00089
:108B3000000F1F50F0BF9F00F8FA028101FAFA00FF
:108B40001F1F0E030E1F1F00C0C80C0606CCC80056
:108B5000071F180F181F0700007AFA8181FA7A00A0
:108B60000000001F1F00000000C8CC0606CCC80093
:108B7000000F9F9090FF7F00007BFB8080FB7B00BD
:108B80000000001F1F0000000008088ACB79380091
:108B9000001E1F1110101000004040484CC4C000BF
:108BA00000181C16131110000008088BCB78380031
:108BB000001E1F11101010000040404C4CC0C0009F
:108BC00000181C16131110000009098ACA7939000F
:108BD000001E1F11101010000042464C4CC6C2006F
:108BE00000181C1613111000E0F0180C18F0E0002B
:108BF0001F1F1010101F1F00F8FC848484FCF80055
:108C00000F1F1010101F0F00F8FC040404FCF800E4
:108C1000131F1E001E1F130000F8FC8484FCF800C4
:108C2000000F1F10101F0F00C0C00000C0C00000C8
:108C30007F7F10100F1F100040C0C04040C0C040D8
:108C4000001F1F00001F1F000000000000000000A8
:108C500018000018000018000080C0E080808080AC
:108C60000001030701010101000406FFFF060400E3
:108C7000000000FFFF00000080808080E0C08000D6
:108C80000101010107030100000000FFFF000000D7
:108C9000002060FFFF6020000080808080808000D6
:108CA00000000000000000000000000000F8FE06C8
:108CB00003070C181F070000C0E020E0C020E0C040
:108CC00001030201030203010080C06030100000B4
:108CD00000101113161410000000103060C0800046
:108CE000001014161311100000FCFCFCFCFCFC002E
:108CF000003F3F3F3F3F3F0000FCFC0C0CFCFC00F2
:108D0000003F3F30303F3F000000F0FFFFF0000029
:108D1000F0FFFFFFFFFFFFF000C0F03F3FF0C0009B
:108D2000FCFFC3C0C0C3FFFCFFFEFCF8F0E0C08046
:108D3000FF7F3F1F0F070301FFFE0C183060C0804C
:108D40007F3F180C060301000FFFFFFFFFFFFF0F1F
:108D500000000FFFFF0F00003FFFC30303C3FF3FEF
:108D600000030FFCFC0F030080C0E0F0F8FCFEFFE6
:108D70000103070F1F3F7FFF80C06030180CFEFF0C
:108D8000000103060C183F7F00F03C0C0C3CF00087
:108D9000000F3C30303C0F0000F0FCFCFCFCF0000D
:108DA000000F3F3F3F3F0F00C0C0303C30C0C0000D
:108DB000300C0F030F0C3000F01010101010F000EA
:108DC0000704040404040700F0109010D030F000F1
:108DD0000704040504040700F8042404042404F828
:108DE0000F1012111112100FF8042404042404F8B7
:108DF0000F1011131311100FF8FCDCFCFCDCFCF855
:108E00000F1F1E1C1C1E1F0FF0F8181018F8F00082
:108E10000003070C07030000F0F8F8F0F8F8F00082
:108E20000003070F0703000000F8F8282828F8F8C7
:108E30001C1F0F00000E0F07408E01100DFF0000D9
:108E400087600740E2A046A0A700C3A0090022A0B7
:108E5000F04047A08100404042A0000020FD0010EB
:108E6000D8FA0010D8FA001018FD0010D8FA001037
:108E7000D8FA0010D8FA0010D8FA0010D8FA00106A
:108E8000D8FA00109AFC00100EFD0010D8FA00105D
:108E9000B0FC0010CCFC0010D8FA001006FD001049
:108EA000C6FB0010C6FB0010C6FB0010C6FB00107E
:108EB000C6FB0010C6FB0010C6FB0010C6FB00106E
:108EC000C6FB0010D8FA0010D8FA0010D8FA00102B
:108ED000D8FA0010D8FA0010D8FA0010D8FA00100A
:108EE000D8FA0010D8FA0010D8FA001034FE00109A
:108EF00012FC0010D8FA001012FC0010D8FA001072
:108F0000D8FA0010D8FA0010D8FA001008FF0010A4
:108F1000D8FA0010D8FA0010E2FE0010D8FA0010BB
:108F2000D8FA0010D8FA0010D8FA0010D8FA0010B9
:108F300050FD0010D8FA0010D8FA0010C406011035
:108F4000D8FA0010D8FA0010D8FA0010D8FA001099
:108F5000D8FA0010D8FA0010D8FA0010D8FA001089
:108F6000D8FA0010D8FA001034FD0010780501106E
:108F700012FC001012FC001012FC0010B8FF0010D0
:108F800078050110D8FA0010D8FA0010AAFF0010D6
:108F9000D8FA00108EFF00102407011068FF00109F
:108FA00060FF0010D8FA001010FF0010D8FA00106F
:108FB0000E070110D8FA0010D8FA00101807011097
:108FC00020202020202020202020202020202020A1
:108FD0003030303030303030303030303030303091
:108FE0000020202020202020202028282828282079
:108FF0002020202020202020202020202020202071
:1090000020881010101010101010101010101010D8
:1090100010040404040404040404041010101010C8
:109020001010414141414141010101010101010192
:1090300001010101010101010101010110101010E4
:109040001010424242424242020202020202020264
:1090500002020202020202020202020210101010B8
:1090600020000000000000000000000000000000E0
:1090700000000000000000000000000000000000F0
:1090800000000000000000000000000000000000E0
:1090900000000000000000000000000000000000D0
:1090A00000000000000000000000000000000000C0
:1090B00000000000000000000000000000000000B0
:1090C00000000000000000000000000000000000A0
:1090D0000000000000000000000000000000000090
:1090E0000000000000000000050000001900000062
:1090F0007D00000000000000BC89D897B2D29C3CE3
:1091000033A7A8D523F649393DA7F444FD0FA5326E
:109110009D978CCF08BA5B25436FAC642806C80ABC
:109120000080E03779C34143176E05B5B5B8934663
:10913000F5F93FE9034F384D321D30F94877825A2F
:109140003CBF737FDD4F1575000000000000F03F4D
:109150000000000000002440000000000000594012
:109160000000000000408F40000000000088C34065
:1091700000000000006AF8400000000080842E41DA
:1091800000000000D01263410000000084D7974126
:109190000000000065CDCD41000000205FA002422C
:1091A000000000E876483742000000A2941A6D42A1
:1091B000000040E59C30A2420000901EC4BCD64294
:1091C00000003426F56B0C430080E03779C341433F
:1091D00000A0D8855734764300C84E676DC1AB43B5
:1091E000003D9160E458E143408CB5781DAF1544D3
:1091F00050EFE2D6E41A4B4492D54D06CFF08044AE
:10920000F64AE1C7022DB544B49DD9794378EA44C2
:10921000D85C0110E45C0110F05C0110FC5C0110F2
:10922000085D0110145D0110205D0110305F011018
:0C923000285F01101C5F01102460011079
:10923C00F8B54746CE4680B51F0000230400904683
:10924C0099460CE02368BFF35F8F4A461A608CF393
:10925C0010884046390000F0D3FF00281AD1266848
:10926C00EFF3108C72B63568002DFCD0BFF35F8F16
:10927C000423E55E002DE5DD013DA5802368BFF3E9
:10928C005F8F00221A608CF310880120C0BCB94695
:10929C00B046F8BD0020F9E70268EFF3108C72B607
:1092AC001368002BFCD0BFF35F8F0422835E818098
:1092BC008B4208DA0368BFF35F8F00221A608CF3CD
:1092CC00108840BF70470368BFF35F8F00221A609D
:1092DC008CF31088F6E7C046D02330B500251B066A
:1092EC0000245D5706E00368BFF35F8F1C6081F3B9
:1092FC00108820BF0268EFF3108172B61368002B40
:10930C00FCD0BFF35F8F03797F2BECD90571036819
:10931C00BFF35F8F00221A6081F3108830BDC04606
:10932C0003000068EFF3108C72B60268002AFCD0C0
:10933C00BFF35F8F04229A56002A04DB002900D069
:10934C000A60002004E0D0220120120612681A7173
:10935C001B68BFF35F8F00221A608CF31088704774
:10936C00F0B5C646150000B504001E000268EFF308
:10937C00108172B61368002BFCD0BFF35F8F0423EF
:10938C00E356002B2DDB2268BFF35F8F00201060AB
:10939C0081F31088D0221206127852B290469A426B
:1093AC0003D1002080BCB846F0BD00270BE0236839
:1093BC00BFF35F8F1F6081F310882800310000F02D
:1093CC001FFF0028EDD12268EFF3108172B61368ED
:1093DC00002BFCD0BFF35F8F23797F2BE7D943465B
:1093EC0002E0D0231B061B6823712368BFF35F8F39
:1093FC0000221A6081F310880120D3E7F0B5C6462D
:10940C0000B50D00040000F01BFFFA2206000F004F
:10941C00002328000021920000F002FF8023361860
:10942C004F411B069F4202D30126174F7642D02391
:10943C001B061B68002598460BE02368BFF35F8F63
:10944C001D6081F310883000390000F0D9FE00282F
:10945C0018D12268EFF3108172B61368002BFCD080
:10946C00BFF35F8F23797F2BE7D9434623712368A2
:10947C00BFF35F8F00221A6081F31088012080BC3B
:10948C00B846F0BD0020FAE7FFFFFF7F0268EFF35C
:10949C00108172B61368002BFCD0BFF35F8FFF23D3
:1094AC0003710368BFF35F8F00221A6081F3108889
:1094BC0040BF704710B5084C2378002B0AD180238D
:1094CC00064807495B051A68C25004338B42FAD12F
:1094DC000123237010BDC046383000203826001000
:1094EC000001001010B5014B984710BD3926002023
:1094FC00064B5A6802609A684260DA6882601A69A0
:10950C00C2605A6902619B69436170470000024066
:10951C000268064B5A6042689A608268DA60C268D8
:10952C001A6102695A6142699A61704700000240EF
:10953C00034B1A68C0239B009343024A1360704785
:10954C000C8001400C900140054B1A6880239B0055
:10955C005340C02292001340024A13607047C04629
:10956C000C8001400C9001401423F0B5D6464F46B8
:10957C0046469A46C0B581461888043386B098464C
:10958C000E001B8829491400984753460700188879
:10959C00434627491B88984753460500188843467D
:1095AC0024491B8898478046FFF784FF6846FFF7DD
:1095BC009FFFB847A847FFF7C7FF221E20D0C02146
:1095CC0008270220490511E0002C14D0131B0D2B89
:1095DC0024D9002D0AD02300002A05D00B6E013AA5
:1095EC003370130001362343002B09D03D008B6AE6
:1095FC001D401842E8D1002DEDD123001343F5D1C5
:10960C00FFF796FFC047FFF76DFF6846FFF780FF37
:10961C0006B0E0BCBA46B146A846F0BD4B461B7836
:10962C00013C0B6601239C46E144E4E749460000FB
:10963C0045580000464300000022154B10B59A60B7
:10964C00DA601A615A619A61DA611A625A629A6234
:10965C00DA621A635A639A63DA631A645A649A6414
:10966C00DA641A655A659A65DA651A665A669A66F4
:10967C00DA661A675A679A67DA67F0329200002145
:10968C00044800F0C5FD044B044A1A6010BDC046E6
:10969C0000001050FC2B0020DC2F0020800110500B
:1096AC00F0B54E464546DE465746E0B5214B002404
:1096BC009E6D012585B0002E22D01F4B9A460123AA
:1096CC0099461E4B984601E0202C19D02A00230005
:1096DC0001342F003240E4B26D00002AF4D052461F
:1096EC0097654A465B085B0022409B185B0143442C
:1096FC0018009B4600F030FC002808D1BE43E3D193
:10970C0005B0F0BCBB46B246A946A046F0BD5B46D0
:10971C00E0219A78DB8A01A883600023C9000180CC
:10972C0001210271437100F037FC584600F0B0FB88
:10973C00E4E7C0460000115000301150BC2B002053
:10974C009823F0B5C646C64A00B5D55880232E00DE
:10975C009B02102484B01E401D4273D0C14BC24CDE
:10976C009A6AC24B00261A603B23E35C022B00D1A1
:10977C00F4E07B23E35C022B00D10CE1BB23E35C24
:10978C00022B00D1FBE0FB23E35C022B00D135E183
:10979C003C23FF33E35C022B00D122E17C23FF331B
:1097AC00E35C022B00D10FE1BC23FF33E35C022B03
:1097BC0000D1FCE0FC23FF33E35C022B00D1A6E1DB
:1097CC00AB4BE35C022B00D196E1AA4BE35C022B82
:1097DC0000D185E1A84BE35C022B00D174E1A74BCF
:1097EC00E35C022B00D163E1A54BE35C022B00D1BF
:1097FC002AE1A44BE35C022B00D10BE1A24BE35C0E
:10980C00022B00D18FE1A14BE35C022B00D1A6E12E
:10981C00002E08D19E4B1B78002B04D180219D4A31
:10982C0090338902D150C0228D4B01A89B6C9200C1
:10983C005B055B0D012180260280436000F0ACFBD0
:10984C00954CB602EB0600D57CE080235B021D42F2
:10985C0032D01E43012302249846834FBB7E002B3B
:10986C0014D000F0BDFC012800D96FE0C02200210B
:10987C003800920100F012FB380000F009FB00F0F8
:10988C00AFFC012802D9834B5C661C664346FB7017
:10989C002037012C01D00124E0E7C02301A8DB0014
:1098AC007E4A038002AB12CA12C3012100F074FB82
:1098BC008022784B92021A6580235B011D420ED1E7
:1098CC008023DB011D4221D180231B021D422CD1A0
:1098DC00AE4200D0C0E104B080BCB846F0BD00245C
:1098EC001E435F4B1C60FFF7A7FE80236A465B009C
:1098FC0093801472012101A800F04EFB8022654B6D
:10990C0012031A658023DB011D42DDD01E43802328
:10991C0001A8DB000380012100F03EFB10225D4B0F
:10992C001A6580231B021D42D2D01E43A02301A81E
:10993C00DB000380012100F02FFB8022554B12012C
:10994C001A65C5E7FFF7ACFE26007EE7544B444A88
:10995C001C66536E2340A342FBD187E73833E65C89
:10996C00002E00D105E70233E25C002A00D100E7AB
:10997C00200000222030E25400F0B8FAF9E6B833A7
:10998C00E75C002F00D1FEE60233E25C002A00D037
:10999C0022E13E00F7E67833E75C002F00D1EDE6DC
:1099AC000233E25C002A00D00EE13E00E6E6B93359
:1099BC00FF33E75C002F00D1FCE60233E25C002AA7
:1099CC0000D0F8E03E00F5E67933FF33E75C002F7A
:1099DC0000D1E9E60233E25C002A00D0E2E03E006E
:1099EC00E2E63933FF33E75C002F00D1D6E60233D1
:1099FC00E25C002A00D0CCE03E00CFE6F833E75C16
:109A0C00002F00D1C4E60233E25C002A00D0B8E09B
:109A1C003E00BDE6234BE75C002F00D1EEE602339F
:109A2C00E25C002A00D010E1174BE35C022B00D162
:109A3C008BE0164BE35C022B00D0F4E61A4BE35C94
:109A4C00002B00D090E0EEE6184BE75C002F00D125
:109A5C00CFE60233E25C002A00D0EEE03E00C8E61E
:109A6C000000115000400540BC2B0020B02B002002
:109A7C003B0200007B020000BB020000FB02000066
:109A8C003B0300007B030000BB030000FB03000052
:109A9C003630002000301150100002000000105031
:109AAC00002011507A030000FA0300003A03000072
:109ABC006C4BE75C002F00D196E60233E25C002A87
:109ACC0000D0B2E03E008FE6674BE75C002F00D180
:109ADC0085E60233E25C002A00D09EE03E007EE682
:109AEC00624BE75C002F00D174E60233E25C002A83
:109AFC0000D08AE03E006DE65D4BE75C002F00D1A4
:109B0C0063E60233E25C002A77D13E005DE6F9336E
:109B1C00FF33E75C002F00D152E60233E25C002AEF
:109B2C0062D13E004CE6534BE35C002B00D16AE65D
:109B3C00EF239B00E25C002A00D17AE70022E2547A
:109B4C001C3BE01800F0D2F973E74A4BE35C002BA6
:109B5C00EED1494BE35C022B00D064E63E00474B50
:109B6C00E35C002B00D153E6FF239B00E25C002A50
:109B7C0000D158E60022E2541C3BE01800F0B6F984
:109B8C0051E620000022E030E2543E0000F0AEF935
:109B9C00FEE5200000222130FF30E2543E0000F0B0
:109BAC00A5F9FBE5200000226130FF30E2543E00B5
:109BBC0000F09CF9F8E520000022A130FF30E254BF
:109BCC003E0000F093F9F5E5200000226030E254ED
:109BDC003E0000F08BF9D1E520000022A030E254C9
:109BEC003E0000F083F9CEE520000022E130FF308A
:109BFC00E2543E0000F07AF9E2E50022E2541C3B0C
:109C0C00E01800F073F93E00DFE50022E2541C3B43
:109C1C00E01800F06BF93E00DCE50022E2541C3B3E
:109C2C00E01800F063F93E00D9E50022E2541C3B39
:109C3C00E01800F05BF93E00D6E50022E2541C3B34
:109C4C00E01800F053F93E00D3E50022E2541C3B2F
:109C5C00E01800F04BF9E7E631000948694000F0E4
:109C6C00C7FAC046FA020000BA0200007A020000ED
:109C7C003A020000BA030000FB030000FA030000E4
:109C8C00B8520110F0B5D6464F464646C0B5020054
:109C9C00838A008B8A46041C984200D91C1CD578F8
:109CAC0080262800471EB841A4B2F6002643400384
:109CBC003043012675401B1BD57055789BB293829F
:109CCC00002D37D15146D6688D01611E7619884614
:109CDC001569002C29D006293AD933002B439B0750
:109CEC0036D16B1CF31A022B32D9231F9B0801337C
:109CFC009C4600270023E9580137F1500433BC453A
:109D0C00F9D8634641469B00ED18F618CF1A9C42D1
:109D1C0009D02B783370002F05D06B787370012F1E
:109D2C0001D0AB78B3701569938A2D191561802217
:109D3C0012021043002B02D18023DB01184353463F
:109D4C00002B00D00004E0BCBA46B146A846F0BDDA
:109D5C000023EF5CF75401339C42FAD11569938AC6
:109D6C00E3E7C0468368F0B51B680500002900D006
:109D7C001B0C9B05980D6B78002B08D1EB8AC31834
:109D8C00EB822B8B834201D90023AB82F0BDEB68B5
:109D9C008901461EB4462A695C18002827D0062E75
:109DAC002BD901315B18D31A022B26D9130023436C
:109DBC009B0722D100230021061FB6080136E75865
:109DCC000131D75004338E42F9D86346B600A4193A
:109DDC0092199F1BB04209D023781370002F05D025
:109DEC0063785370012F01D0A37893702A69EB8AA2
:109DFC001218C318EB822A61C3E70023E15CD1542B
:109E0C0001339842FAD12A69F1E7C04610B5040033
:109E1C00836800211B68FFF7A5FF63681B685B0064
:109E2C0002D5238B834200D010BD01212000FFF707
:109E3C0099FFF9E7084A0300126C0020920703D43B
:109E4C009A78D209012A00D07047D87E0238434252
:109E5C005841C0B2F8E7C0460000115010B5FFF7EA
:109E6C00E9FF00280CD00749074B8C46074A9B6A30
:109E7C00126863449B1A0020C6229A424041C0B229
:109E8C0010BDC046E0FCFFFF00400540B02B002099
:109E9C0000238376436103617047C04610B5836825
:109EAC00002901D01C682140002A12D08024E40033
:109EBC00114322420DD01A6822420CD1084A0A40A2
:109ECC001A60084A126C920703D40C23033BFDD290
:109EDC008368196010BD8178034800F089F9C04689
:109EEC00FFFBFFFF00001150CC520110436870B50E
:109EFC00002180251E680400FFF7C4FE134B6D0182
:109F0C001B6C05439B070FD5A3785B060FD0104B3A
:109F1C001E4080239B0533436268002113602000A0
:109F2C002A00FFF7BBFF70BDA378DB09EFD0A38A33
:109F3C00002BECD001212000FFF7A4FEA023054A42
:109F4C00DB05324005431343E6E7C04600001150E1
:109F5C00FFFFFFAFFFFFFFDF70B5857E0400002D14
:109F6C0014D0FFF753FFA38A002B01D1280070BD3A
:109F7C002000FFF773FF002803D00123002523776F
:109F8C00F4E72000FFF7B2FF0025EFE781780148E6
:109F9C0000F02EF9EC520110F0B5CE46474680B5D4
:109FAC00437805000E0085B0062B08D86C4A9B0040
:109FBC00D3589F466B4A13780133DBB213706A4B4C
:109FCC001C686269EFF3108172B61368002BFCD029
:109FDC00BFF35F8FA1612000290000F029F96269AD
:109FEC00A369BFF35F8F0021116083F310880028F1
:109FFC0004D105B0C0BCB946B046F0BD320069789A
:10A00C00287800F0E5F8F4E70121584B1A788A43D8
:10A01C001A701A7801318A431A7000225A701A7811
:10A02C0002318A431A70CAE75149524F8946524944
:10A03C000024002388463A7812E043461B686101ED
:10A04C005B18002B06D0DB69002B03D069682878DD
:10A05C0098473A780134E4B2511C2300A14217DB33
:10A06C00A242EAD89B1A5B014B44ECE73F4B1A78AF
:10A07C00D207BED504211A780A431A709FE73B4BCE
:10A08C001A78D207B5D504211A788A431A7096E744
:10A09C00364F3B785B072BD504223B78002193434A
:10A0AC003B706B460632981D00F0B2F82B7801AC71
:10A0BC002370052363702C4B1B6898465A69EFF389
:10A0CC00108172B61368002BFCD0BFF35F8F434630
:10A0DC0040469961210000F0ABF843465A699B69F0
:10A0EC00BFF35F8F0021116083F31088002831D1FA
:10A0FC00FB78DB0700D47CE76B460A220021981D15
:10A10C0000F086F82B7801AC2370032363706B6826
:10A11C006360154B1D686A69EFF3108172B61368A2
:10A12C00002BFCD0BFF35F8FA9612800210000F049
:10A13C007FF86A69AB69BFF35F8F0021116083F30D
:10A14C001088002800D154E732006178207800F0A4
:10A15C003FF84EE732006178207800F039F8C7E715
:10A16C003C61011037300020A02200204822002042
:10A17C0058610110323000206420002030B50400FA
:10A18C00101E0AD00A000D180221E3681942FCD0F7
:10A19C0013780132A3609542F7D1E3685B0704D5CD
:10A1AC000421A368E3681942FBD11021E36819422A
:10A1BC00FCD1E3685B0704D50421A368E36819426A
:10A1CC00FBD10123236230BD7047C0460000000064
:10A1DC0001B40248844601BC604700BFD59500100D
:10A1EC0001B40248844601BC604700BFFD42001028
:10A1FC0001B40248844601BC604700BF094300100B
:10A20C0001B40248844601BC604700BF05520010EF
:10A21C0001B40248844601BC604700BFB16B00101A
:10A22C0001B40248844601BC604700BF4968001075
:10A23C0001B40248844601BC604700BF59B000100D
:10A24C0001B40248844601BC604700BF2153001092
:10A25C0010000000000000000000010000000000E1
:10A26C0000000000000002000000000000000000E0
:10A27C000000030000000000000000000000FF00D0
:10A28C000000000001B5486801318E460047704659
:10A29C0009380149884701BD4D49001000000000F4
:10A2AC0000000000000000000000000000000000A2
:10A2BC00F818002000000000000000000000000062
:10A2CC00503300004C330000543300005233000074
:10A2DC004D5300004D430000533400004334000044
:10A2EC0031890010358A00107D890010498A0010D0
:10A2FC000000000000010000918D0010418D001045
:10A30C00B18C0010298C001000000000000100002E
:10A31C00A422002010000C0000000000000000002F
:10A32C00000000000000000000000000FF00000022
:10A33C000000000000000080000000000000008011
:10A34C00FFFFFFFFFFFFFFFFFFFFFFFFFFFF00000F
:10A35C00B5E60010BDE60010D1E60010D9E60010FD
:10A36C00C5E60010CDE60010D9E60010D9E60010C5
:10A37C008DE6001095E60010A9E60010B1E600107D
:10A38C009DE60010A5E60010B1E60010B1E6001045
:10A39C00D861011000000000010401040104010453
:10A3AC000104FF000000000040120020000000002B
:10A3BC0000000000941D0020FC1D0020641E0020E5
:10A3CC000000000000000000000000000000000081
:10A3DC000000000000000000000000000000000071
:10A3EC000000000000000000000000000000000061
:10A3FC000000000000000000000000000000000051
:10A40C000000000000000000000000000000000040
:10A41C000000000000000000000000000000000030
:10A42C000000000000000000000000000000000020
:10A43C000000000000000000000000000000000010
:10A44C0000000000000000000100000000000000FF
:10A45C000E33CDAB34126DE6ECDE05000B000000C4
:10A46C0000000000000000000000000000000000E0
:10A47C0000000000000000000000000000000000D0
:10A48C0000000000000000000000000000000000C0
:10A49C0000000000000000000000000000000000B0
:10A4AC0000000000000000000000000000000000A0
:10A4BC000000000000000000000000000000000090
:10A4CC000000000000000000000000000000000080
:10A4DC00FFFFFFFF00000200000000000000000072
:10A4EC0068130020681300207013002070130020E4
:10A4FC007813002078130020801300208013002094
:10A50C008813002088130020901300209013002043
:10A51C009813002098130020A0130020A0130020F3
:10A52C00A8130020A8130020B0130020B0130020A3
:10A53C00B8130020B8130020C0130020C013002053
:10A54C00C8130020C8130020D0130020D013002003
:10A55C00D8130020D8130020E0130020E0130020B3
:10A56C00E8130020E8130020F0130020F013002063
:10A57C00F8130020F8130020001400200014002011
:10A58C0008140020081400201014002010140020BF
:10A59C00181400201814002020140020201400206F
:10A5AC00281400202814002030140020301400201F
:10A5BC0038140020381400204014002040140020CF
:10A5CC00481400204814002050140020501400207F
:10A5DC00581400205814002060140020601400202F
:10A5EC0068140020681400207014002070140020DF
:10A5FC00781400207814002080140020801400208F
:10A60C00881400208814002090140020901400203E
:10A61C009814002098140020A0140020A0140020EE
:10A62C00A8140020A8140020B0140020B01400209E
:10A63C00B8140020B8140020C0140020C01400204E
:10A64C00C8140020C8140020D0140020D0140020FE
:10A65C00D8140020D8140020E0140020E0140020AE
:10A66C00E8140020E8140020F0140020F01400205E
:10A67C00F8140020F814002000150020001500200C
:10A68C0008150020081500201015002010150020BA
:10A69C00181500201815002020150020201500206A
:10A6AC00281500202815002030150020301500201A
:10A6BC0038150020381500204015002040150020CA
:10A6CC00481500204815002050150020501500207A
:10A6DC00581500205815002060150020601500202A
:10A6EC0068150020681500207015002070150020DA
:10A6FC00781500207815002080150020801500208A
:10A70C008815002088150020901500209015002039
:10A71C009815002098150020A0150020A0150020E9
:10A72C00A8150020A8150020B0150020B015002099
:10A73C00B8150020B8150020C0150020C015002049
:10A74C00C8150020C8150020D0150020D0150020F9
:10A75C00D8150020D8150020E0150020E0150020A9
:10A76C00E8150020E8150020F0150020F015002059
:10A77C00F8150020F8150020001600200016002007
:10A78C0008160020081600201016002010160020B5
:10A79C001816002018160020201600202016002065
:10A7AC002816002028160020301600203016002015
:10A7BC0038160020381600204016002040160020C5
:10A7CC004816002048160020501600205016002075
:10A7DC005816002058160020601600206016002025
:10A7EC0068160020681600207016002070160020D5
:10A7FC007816002078160020801600208016002085
:10A80C008816002088160020901600209016002034
:10A81C009816002098160020A0160020A0160020E4
:10A82C00A8160020A8160020B0160020B016002094
:10A83C00B8160020B8160020C0160020C016002044
:10A84C00C8160020C8160020D0160020D0160020F4
:10A85C00D8160020D8160020E0160020E0160020A4
:10A86C00E8160020E8160020F0160020F016002054
:10A87C00F8160020F8160020001700200017002002
:10A88C0008170020081700201017002010170020B0
:10A89C001817002018170020201700202017002060
:10A8AC002817002028170020301700203017002010
:10A8BC0038170020381700204017002040170020C0
:10A8CC004817002048170020501700205017002070
:10A8DC005817002058170020601700206017002020
:10A8EC000000000003000000941D00204300000045
:10A8FC00000000000000000000000000000000004C
:10A90C0000000000000000000000000043000000F8
:10A91C00000000000000000000000000000000002B
:10A92C0000000000000000000000000043000000D8
:10A93C00000000000000000000000000000000000B
:10A94C0000000000000000000000000043000000B8
:10A95C0000000000000000000000000000000000EB
:10A96C000000000000000000000000004300000098
:10A97C0000000000000000000000000000000000CB
:10A98C000000000000000000000000004300000078
:10A99C0000000000000000000000000000000000AB
:10A9AC000000000000000000000000004300000058
:10A9BC00000000000000000000000000000000008B
:10A9CC0000000000000000000000000069450110BC
:10A9DC00D943011000000000E08F0110BC58011099
:10A9EC00E44D0110E44D0110E44D0110E44D011053
:10A9FC00E44D0110E44D0110E44D0110E44D011043
:10AA0C00E44D0110FFFFFFFFFFFFFFFFFFFFFFFF04
:10AA1C00FFFF0000010041534349490000000000C2
:10AA2C00000000000000000000000000000000001A
:10AA3C0000000000000041534349490000000000A1
:10AA4C0000000000000000000000000000000000FA
:10AA5C0000000000000000000000000000000000EA
:08AA6C000000000000000000E2
:04000005100001E9FD
:00000001FF
